solid auto-kdk-case
facet normal 0 0 1
outer loop
vertex 70.35985565185547 44.727230072021484 7.199999809265137
vertex 68.91546630859375 45.48530578613281 7.199999809265137
vertex 66.9609375 40.169898986816406 7.199999809265137
endloop
endfacet
facet normal 0 0 -1
outer loop
vertex -73.25537872314453 -45.427581787109375 -5.699999809265137
vertex -73.84486389160156 -43.71939468383789 -5.699999809265137
vertex -72.0091552734375 -44.95979309082031 -5.699999809265137
endloop
endfacet
facet normal 0 0 1
outer loop
vertex 67.14213562011719 40.0522575378418 7.199999809265137
vertex 67.55219268798828 39.642208099365234 7.199999809265137
vertex 70.35985565185547 44.727230072021484 7.199999809265137
endloop
endfacet
facet normal 0 0 -1
outer loop
vertex -73.25537872314453 -45.427581787109375 -5.699999809265137
vertex -69.50899505615234 -47.47624969482422 -5.699999809265137
vertex -70.49623107910156 -48.37781524658203 -5.699999809265137
endloop
endfacet
facet normal 0.7071067811865476 0.7071067811865476 0
outer loop
vertex -66.78997039794922 -37.699947357177734 2.5
vertex -67.20001983642578 -37.28989791870117 2.5
vertex -66.78997039794922 -37.699947357177734 6.199999809265137
endloop
endfacet
facet normal 0 0 1
outer loop
vertex -70.15941619873047 -47.8927116394043 7.199999809265137
vertex -68.05989074707031 -48.76789855957031 7.199999809265137
vertex -66.87679290771484 -38.192352294921875 7.199999809265137
endloop
endfacet
facet normal 0 0 -1
outer loop
vertex -68.17540740966797 -49.34524917602539 -5.699999809265137
vertex -70.49623107910156 -48.37781524658203 -5.699999809265137
vertex -68.30264282226562 -47.98841857910156 -5.699999809265137
endloop
endfacet
facet normal 0 0 -1
outer loop
vertex -68.30264282226562 -47.98841857910156 -5.699999809265137
vertex -68.24468231201172 -47.99995040893555 -5.699999809265137
vertex -68.17540740966797 -49.34524917602539 -5.699999809265137
endloop
endfacet
facet normal 0 0 -1
outer loop
vertex -72.0091552734375 -44.95979309082031 -5.699999809265137
vertex -73.84486389160156 -43.71939468383789 -5.699999809265137
vertex -72.48848724365234 -43.80257034301758 -5.699999809265137
endloop
endfacet
facet normal 0 0 -1
outer loop
vertex -72.48848724365234 -43.80257034301758 -5.699999809265137
vertex -73.84486389160156 -43.71939468383789 -5.699999809265137
vertex -72.50001525878906 -43.74460983276367 -5.699999809265137
endloop
endfacet
facet normal 0 0 1
outer loop
vertex 70.35985565185547 44.727230072021484 7.199999809265137
vertex 66.9609375 40.169898986816406 7.199999809265137
vertex 67.14213562011719 40.0522575378418 7.199999809265137
endloop
endfacet
facet normal 0 0 1
outer loop
vertex 68.91546630859375 45.48530578613281 7.199999809265137
vertex 66.78993225097656 40.200050354003906 7.199999809265137
vertex 66.87675476074219 40.19245529174805 7.199999809265137
endloop
endfacet
facet normal 0 0 1
outer loop
vertex 66.87675476074219 40.19245529174805 7.199999809265137
vertex 66.9609375 40.169898986816406 7.199999809265137
vertex 68.91546630859375 45.48530578613281 7.199999809265137
endloop
endfacet
facet normal 0 0 1
outer loop
vertex 72.81439971923828 41.8507194519043 7.199999809265137
vertex 67.6923828125 39.37682342529297 7.199999809265137
vertex 73.26982116699219 40.42360305786133 7.199999809265137
endloop
endfacet
facet normal 0 0 1
outer loop
vertex 67.55219268798828 39.642208099365234 7.199999809265137
vertex 67.66983032226562 39.46100997924805 7.199999809265137
vertex 72.81439971923828 41.8507194519043 7.199999809265137
endloop
endfacet
facet normal 0 0 1
outer loop
vertex 67.6923828125 39.37682342529297 7.199999809265137
vertex 72.81439971923828 41.8507194519043 7.199999809265137
vertex 67.66983032226562 39.46100997924805 7.199999809265137
endloop
endfacet
facet normal 0 0 1
outer loop
vertex 67.6923828125 39.37682342529297 7.199999809265137
vertex 67.69998168945312 39.290000915527344 7.199999809265137
vertex 73.26982116699219 40.42360305786133 7.199999809265137
endloop
endfacet
facet normal -0.7071067811865476 -0.7071067811865476 0
outer loop
vertex 67.19998168945312 39.290000915527344 2.5
vertex 67.19998168945312 39.290000915527344 6.199999809265137
vertex 66.78993225097656 39.700050354003906 6.199999809265137
endloop
endfacet
facet normal -0.7071067811865476 -0.7071067811865476 0
outer loop
vertex 67.19998168945312 39.290000915527344 2.5
vertex 66.78993225097656 39.700050354003906 6.199999809265137
vertex 66.78993225097656 39.700050354003906 2.5
endloop
endfacet
facet normal 0.7606963847367951 0.6491078571765787 0
outer loop
vertex 74.02822875976562 43.096580505371094 4.199999809265137
vertex 71.46057891845703 46.10563659667969 -3.700000047683716
vertex 71.46057891845703 46.10563659667969 4.199999809265137
endloop
endfacet
facet normal 0.7606967173235155 0.6491074674144702 0
outer loop
vertex 74.35841369628906 42.709632873535156 4.199999809265137
vertex 74.02822875976562 43.096580505371094 -3.700000047683716
vertex 74.02822875976562 43.096580505371094 4.199999809265137
endloop
endfacet
facet normal 0.9526678693137515 0.30401304376160737 0
outer loop
vertex 74.57880401611328 42.01900863647461 4.199999809265137
vertex 74.35841369628906 42.709632873535156 -3.700000047683716
vertex 74.35841369628906 42.709632873535156 4.199999809265137
endloop
endfacet
facet normal 0.9526672713039879 0.3040149177033612 1.805044535384063e-7
outer loop
vertex 75.00352478027344 40.68809509277344 4.199999809265137
vertex 74.35841369628906 42.709632873535156 -3.700000047683716
vertex 74.57880401611328 42.01900863647461 4.199999809265137
endloop
endfacet
facet normal 0.4647239841379902 0.8854555994328075 2.2951915879939223e-8
outer loop
vertex 71.46057891845703 46.10563659667969 4.199999809265137
vertex 69.34406280517578 47.21647262573242 -3.700000047683716
vertex 69.84404754638672 46.95405960083008 4.199999809265137
endloop
endfacet
facet normal 0.46472426846802894 0.8854554502045009 0
outer loop
vertex 69.34406280517578 47.21647262573242 4.199999809265137
vertex 69.84404754638672 46.95405960083008 4.199999809265137
vertex 69.34406280517578 47.21647262573242 -3.700000047683716
endloop
endfacet
facet normal 0 0 1
outer loop
vertex 67.69998168945312 39.290000915527344 7.199999809265137
vertex 72.7384262084961 -46.372379302978516 7.199999809265137
vertex 73.26982116699219 40.42360305786133 7.199999809265137
endloop
endfacet
facet normal -1 0 0
outer loop
vertex 67.19998168945312 39.290000915527344 2.5
vertex 67.19998168945312 -37.28989791870117 2.5
vertex 67.19998168945312 39.290000915527344 6.199999809265137
endloop
endfacet
facet normal 0.9999812593561929 -0.0061221676228793796 0
outer loop
vertex 74.46803283691406 -46.77796936035156 4.199999809265137
vertex 75.00352478027344 40.68809509277344 -3.700000047683716
vertex 75.00352478027344 40.68809509277344 4.199999809265137
endloop
endfacet
facet normal 0 0 1
outer loop
vertex 68.91546630859375 45.48530578613281 7.199999809265137
vertex -67.96942138671875 45.7679557800293 7.199999809265137
vertex 66.78993225097656 40.200050354003906 7.199999809265137
endloop
endfacet
facet normal 0 -1 0
outer loop
vertex 66.78993225097656 39.700050354003906 2.5
vertex 66.78993225097656 39.700050354003906 6.199999809265137
vertex -66.78997039794922 39.700050354003906 6.199999809265137
endloop
endfacet
facet normal -0.7303643505368256 -0.6830577687611211 0
outer loop
vertex -74.26669311523438 -46.036712646484375 -3.700000047683716
vertex -71.16986083984375 -49.3480224609375 -3.700000047683716
vertex -74.26669311523438 -46.036712646484375 4.199999809265137
endloop
endfacet
facet normal -0.9452943535493279 -0.32621861557513554 0
outer loop
vertex -74.99992370605469 -43.91200637817383 -3.700000047683716
vertex -74.26669311523438 -46.036712646484375 -3.700000047683716
vertex -74.99992370605469 -43.91200637817383 4.199999809265137
endloop
endfacet
facet normal -0.3847585077982737 -0.9230172753945863 0
outer loop
vertex -71.16986083984375 -49.3480224609375 4.199999809265137
vertex -71.16986083984375 -49.3480224609375 -3.700000047683716
vertex -68.40644073486328 -50.49995040893555 -3.700000047683716
endloop
endfacet
facet normal 0.4647239841379903 0.8854555994328077 0
outer loop
vertex 71.46057891845703 46.10563659667969 -3.700000047683716
vertex 69.84404754638672 46.95405960083008 -3.700000047683716
vertex 71.46057891845703 46.10563659667969 4.199999809265137
endloop
endfacet
facet normal 0.7606963847367951 0.6491078571765787 0
outer loop
vertex 71.46057891845703 46.10563659667969 -3.700000047683716
vertex 74.02822875976562 43.096580505371094 4.199999809265137
vertex 74.02822875976562 43.096580505371094 -3.700000047683716
endloop
endfacet
facet normal 0.7606967173235155 0.6491074674144702 0
outer loop
vertex 74.35841369628906 42.709632873535156 4.199999809265137
vertex 74.35841369628906 42.709632873535156 -3.700000047683716
vertex 74.02822875976562 43.096580505371094 -3.700000047683716
endloop
endfacet
facet normal 0.9526681709329334 0.304012098593003 -6.143434977602288e-7
outer loop
vertex 75.00352478027344 40.68809509277344 4.199999809265137
vertex 74.5809555053711 42.012264251708984 -3.700000047683716
vertex 74.35841369628906 42.709632873535156 -3.700000047683716
endloop
endfacet
facet normal 0.46472426846802767 0.8854554502044985 -7.420723625723745e-8
outer loop
vertex 69.84404754638672 46.95405960083008 -3.700000047683716
vertex 69.34406280517578 47.21647262573242 -3.700000047683716
vertex 71.46057891845703 46.10563659667969 4.199999809265137
endloop
endfacet
facet normal 0.9526671094103887 0.3040154250159926 0
outer loop
vertex 75.00352478027344 40.68809509277344 -3.700000047683716
vertex 74.5809555053711 42.012264251708984 -3.700000047683716
vertex 75.00352478027344 40.68809509277344 4.199999809265137
endloop
endfacet
facet normal 0 0 -1
outer loop
vertex 73.84771728515625 40.51176834106445 -5.699999809265137
vertex 72.0700454711914 41.70021057128906 -5.699999809265137
vertex 73.32907104492188 42.13702392578125 -5.699999809265137
endloop
endfacet
facet normal 0 0 -1
outer loop
vertex 73.32907104492188 42.13702392578125 -5.699999809265137
vertex 72.04082489013672 41.74773025512695 -5.699999809265137
vertex 70.72676086425781 45.18669891357422 -5.699999809265137
endloop
endfacet
facet normal 0 0 -1
outer loop
vertex 69.72177124023438 44.30372619628906 -5.699999809265137
vertex 70.72676086425781 45.18669891357422 -5.699999809265137
vertex 72.04082489013672 41.74773025512695 -5.699999809265137
endloop
endfacet
facet normal 0 0 -1
outer loop
vertex 72.04082489013672 41.74773025512695 -5.699999809265137
vertex 73.32907104492188 42.13702392578125 -5.699999809265137
vertex 72.0700454711914 41.70021057128906 -5.699999809265137
endloop
endfacet
facet normal 0 0 -1
outer loop
vertex 70.72676086425781 45.18669891357422 -5.699999809265137
vertex 69.67093658447266 44.3404541015625 -5.699999809265137
vertex 69.05833435058594 46.06235885620117 -5.699999809265137
endloop
endfacet
facet normal 0 0 -1
outer loop
vertex 69.67093658447266 44.3404541015625 -5.699999809265137
vertex 70.72676086425781 45.18669891357422 -5.699999809265137
vertex 69.72177124023438 44.30372619628906 -5.699999809265137
endloop
endfacet
facet normal 0 0 -1
outer loop
vertex 69.05833435058594 46.06235885620117 -5.699999809265137
vertex 68.45431518554688 44.879940032958984 -5.699999809265137
vertex 68.39295959472656 44.8929557800293 -5.699999809265137
endloop
endfacet
facet normal 0 0 -1
outer loop
vertex 69.67093658447266 44.3404541015625 -5.699999809265137
vertex 68.45431518554688 44.879940032958984 -5.699999809265137
vertex 69.05833435058594 46.06235885620117 -5.699999809265137
endloop
endfacet
facet normal 0 0 -1
outer loop
vertex 73.84771728515625 40.51176834106445 -5.699999809265137
vertex 72.49278259277344 40.59722137451172 -5.699999809265137
vertex 72.0700454711914 41.70021057128906 -5.699999809265137
endloop
endfacet
facet normal 0 0 -1
outer loop
vertex 73.84771728515625 40.51176834106445 -5.699999809265137
vertex 72.50279998779297 40.54233932495117 -5.699999809265137
vertex 72.49278259277344 40.59722137451172 -5.699999809265137
endloop
endfacet
facet normal 0 0 -1
outer loop
vertex 73.3149642944336 -46.50757598876953 -5.699999809265137
vertex 72.50279998779297 40.54233932495117 -5.699999809265137
vertex 73.84771728515625 40.51176834106445 -5.699999809265137
endloop
endfacet
facet normal 0.0020648828373259717 0.9999978681271615 0
outer loop
vertex 69.34406280517578 47.21647262573242 -3.700000047683716
vertex -29.28002166748047 47.42012023925781 -3.700000047683716
vertex 69.34406280517578 47.21647262573242 4.199999809265137
endloop
endfacet
facet normal 0 0 -1
outer loop
vertex -68.09201049804688 45.000545501708984 -5.699999809265137
vertex 69.05833435058594 46.06235885620117 -5.699999809265137
vertex 68.39295959472656 44.8929557800293 -5.699999809265137
endloop
endfacet
facet normal -1 0 0
outer loop
vertex 67.19998168945312 -37.28989791870117 2.5
vertex 67.19998168945312 -37.28989791870117 6.199999809265137
vertex 67.19998168945312 39.290000915527344 6.199999809265137
endloop
endfacet
facet normal 0 0 1
outer loop
vertex 67.69998168945312 -37.28989791870117 7.199999809265137
vertex 72.7384262084961 -46.372379302978516 7.199999809265137
vertex 67.69998168945312 39.290000915527344 7.199999809265137
endloop
endfacet
facet normal -0.7071067811865476 0.7071067811865476 0
outer loop
vertex 67.19998168945312 -37.28989791870117 6.199999809265137
vertex 66.78993225097656 -37.699947357177734 2.5
vertex 66.78993225097656 -37.699947357177734 6.199999809265137
endloop
endfacet
facet normal 0 0 -1
outer loop
vertex -72.50001525878906 -43.74460983276367 -5.699999809265137
vertex -73.84486389160156 -43.71939468383789 -5.699999809265137
vertex -72.50001525878906 40.59400177001953 -5.699999809265137
endloop
endfacet
facet normal 0 0 1
outer loop
vertex 66.9609375 -38.169795989990234 7.199999809265137
vertex 72.61573028564453 -46.62345886230469 7.199999809265137
vertex 72.7384262084961 -46.372379302978516 7.199999809265137
endloop
endfacet
facet normal 0 0 1
outer loop
vertex 67.6923828125 -37.37672424316406 7.199999809265137
vertex 72.7384262084961 -46.372379302978516 7.199999809265137
vertex 67.69998168945312 -37.28989791870117 7.199999809265137
endloop
endfacet
facet normal 0 0 1
outer loop
vertex 67.66983032226562 -37.460906982421875 7.199999809265137
vertex 72.7384262084961 -46.372379302978516 7.199999809265137
vertex 67.6923828125 -37.37672424316406 7.199999809265137
endloop
endfacet
facet normal 0 0 1
outer loop
vertex 67.55219268798828 -37.64210510253906 7.199999809265137
vertex 72.7384262084961 -46.372379302978516 7.199999809265137
vertex 67.66983032226562 -37.460906982421875 7.199999809265137
endloop
endfacet
facet normal 0 0 1
outer loop
vertex 67.14213562011719 -38.05215835571289 7.199999809265137
vertex 72.7384262084961 -46.372379302978516 7.199999809265137
vertex 67.55219268798828 -37.64210510253906 7.199999809265137
endloop
endfacet
facet normal 0 0 1
outer loop
vertex 72.7384262084961 -46.372379302978516 7.199999809265137
vertex 67.14213562011719 -38.05215835571289 7.199999809265137
vertex 66.9609375 -38.169795989990234 7.199999809265137
endloop
endfacet
facet normal 0 0 1
outer loop
vertex 66.87675476074219 -38.192352294921875 7.199999809265137
vertex 70.13664245605469 -48.76789855957031 7.199999809265137
vertex 66.9609375 -38.169795989990234 7.199999809265137
endloop
endfacet
facet normal 0 0 1
outer loop
vertex 66.78993225097656 -38.199947357177734 7.199999809265137
vertex 70.13664245605469 -48.76789855957031 7.199999809265137
vertex 66.87675476074219 -38.192352294921875 7.199999809265137
endloop
endfacet
facet normal 0 0 1
outer loop
vertex 66.9609375 -38.169795989990234 7.199999809265137
vertex 70.42681121826172 -48.666709899902344 7.199999809265137
vertex 72.61573028564453 -46.62345886230469 7.199999809265137
endloop
endfacet
facet normal 0 0 1
outer loop
vertex 70.13664245605469 -48.76789855957031 7.199999809265137
vertex 70.42681121826172 -48.666709899902344 7.199999809265137
vertex 66.9609375 -38.169795989990234 7.199999809265137
endloop
endfacet
facet normal 0 0 1
outer loop
vertex 66.78993225097656 -38.199947357177734 7.199999809265137
vertex 30.749980926513672 -42.49995040893555 7.199999809265137
vertex 70.13664245605469 -48.76789855957031 7.199999809265137
endloop
endfacet
facet normal 0 0 1
outer loop
vertex 66.78993225097656 -38.199947357177734 7.199999809265137
vertex 30.2869930267334 -41.80704116821289 7.199999809265137
vertex 30.416658401489258 -41.876346588134766 7.199999809265137
endloop
endfacet
facet normal 0 0 1
outer loop
vertex 30.416658401489258 -41.876346588134766 7.199999809265137
vertex 30.530311584472656 -41.96961975097656 7.199999809265137
vertex 66.78993225097656 -38.199947357177734 7.199999809265137
endloop
endfacet
facet normal 0 0 1
outer loop
vertex 30.530311584472656 -41.96961975097656 7.199999809265137
vertex 30.62358283996582 -42.08327102661133 7.199999809265137
vertex 66.78993225097656 -38.199947357177734 7.199999809265137
endloop
endfacet
facet normal 0 0 1
outer loop
vertex 30.62358283996582 -42.08327102661133 7.199999809265137
vertex 30.692890167236328 -42.21293640136719 7.199999809265137
vertex 66.78993225097656 -38.199947357177734 7.199999809265137
endloop
endfacet
facet normal 0 0 -1
outer loop
vertex -68.17540740966797 -49.34524917602539 -5.699999809265137
vertex -68.24468231201172 -47.99995040893555 -5.699999809265137
vertex 30.499980926513672 -49.34524917602539 -5.699999809265137
endloop
endfacet
facet normal 0 0 1
outer loop
vertex 30.692890167236328 -42.21293640136719 7.199999809265137
vertex 30.735570907592773 -42.35363006591797 7.199999809265137
vertex 66.78993225097656 -38.199947357177734 7.199999809265137
endloop
endfacet
facet normal 0 0 1
outer loop
vertex 66.78993225097656 -38.199947357177734 7.199999809265137
vertex 30.146299362182617 -41.76435852050781 7.199999809265137
vertex 30.2869930267334 -41.80704116821289 7.199999809265137
endloop
endfacet
facet normal 0 0 1
outer loop
vertex 66.78993225097656 -38.199947357177734 7.199999809265137
vertex 29.999980926513672 -41.74995040893555 7.199999809265137
vertex 30.146299362182617 -41.76435852050781 7.199999809265137
endloop
endfacet
facet normal 0 0 1
outer loop
vertex 30.735570907592773 -42.35363006591797 7.199999809265137
vertex 30.749980926513672 -42.49995040893555 7.199999809265137
vertex 66.78993225097656 -38.199947357177734 7.199999809265137
endloop
endfacet
facet normal 0 0 -1
outer loop
vertex 30.499980926513672 -49.34524917602539 -5.699999809265137
vertex -68.24468231201172 -47.99995040893555 -5.699999809265137
vertex 30.499980926513672 -47.99995040893555 -5.699999809265137
endloop
endfacet
facet normal 0 0 1
outer loop
vertex 30.749980926513672 -42.49995040893555 7.199999809265137
vertex 30.735570907592773 -42.64626693725586 7.199999809265137
vertex 70.13664245605469 -48.76789855957031 7.199999809265137
endloop
endfacet
facet normal 0 0 1
outer loop
vertex 30.735570907592773 -42.64626693725586 7.199999809265137
vertex 30.692890167236328 -42.78696060180664 7.199999809265137
vertex 70.13664245605469 -48.76789855957031 7.199999809265137
endloop
endfacet
facet normal 0 0 1
outer loop
vertex 30.692890167236328 -42.78696060180664 7.199999809265137
vertex 30.62358283996582 -42.9166259765625 7.199999809265137
vertex 70.13664245605469 -48.76789855957031 7.199999809265137
endloop
endfacet
facet normal 0 0 1
outer loop
vertex 30.62358283996582 -42.9166259765625 7.199999809265137
vertex 30.530311584472656 -43.03028106689453 7.199999809265137
vertex 70.13664245605469 -48.76789855957031 7.199999809265137
endloop
endfacet
facet normal 0 -1 0
outer loop
vertex -68.40644073486328 -50.49995040893555 4.199999809265137
vertex -68.40644073486328 -50.49995040893555 -3.700000047683716
vertex 31.222688674926758 -50.49995040893555 -3.700000047683716
endloop
endfacet
facet normal 0 0 1
outer loop
vertex 30.530311584472656 -43.03028106689453 7.199999809265137
vertex 30.416658401489258 -43.12355041503906 7.199999809265137
vertex 70.13664245605469 -48.76789855957031 7.199999809265137
endloop
endfacet
facet normal 0 -1 0
outer loop
vertex -68.40644073486328 -50.49995040893555 4.199999809265137
vertex 31.222688674926758 -50.49995040893555 -3.700000047683716
vertex 31.42595672607422 -50.49995040893555 -3.564180612564087
endloop
endfacet
facet normal 0 -1 0
outer loop
vertex -68.40644073486328 -50.49995040893555 4.199999809265137
vertex 31.42595672607422 -50.49995040893555 -3.564180612564087
vertex 31.999980926513672 -50.49995040893555 -3.450000047683716
endloop
endfacet
facet normal 0 0 1
outer loop
vertex 30.416658401489258 -43.12355041503906 7.199999809265137
vertex 30.2869930267334 -43.1928596496582 7.199999809265137
vertex 70.13664245605469 -48.76789855957031 7.199999809265137
endloop
endfacet
facet normal 0 0 1
outer loop
vertex 30.2869930267334 -43.1928596496582 7.199999809265137
vertex 30.146299362182617 -43.235538482666016 7.199999809265137
vertex 70.13664245605469 -48.76789855957031 7.199999809265137
endloop
endfacet
facet normal 0 0 1
outer loop
vertex 30.146299362182617 -43.235538482666016 7.199999809265137
vertex 29.999980926513672 -43.24995040893555 7.199999809265137
vertex 70.13664245605469 -48.76789855957031 7.199999809265137
endloop
endfacet
facet normal -0.7071067811865476 0.7071067811865476 0
outer loop
vertex 67.19998168945312 -37.28989791870117 2.5
vertex 66.78993225097656 -37.699947357177734 2.5
vertex 67.19998168945312 -37.28989791870117 6.199999809265137
endloop
endfacet
facet normal 0.8984553286356296 -0.43906494103519905 0
outer loop
vertex 74.03145599365234 -47.67133331298828 4.199999809265137
vertex 74.46803283691406 -46.77796936035156 -3.700000047683716
vertex 74.46803283691406 -46.77796936035156 4.199999809265137
endloop
endfacet
facet normal 0.6823638807131407 -0.7310126772485567 0
outer loop
vertex 71.96733093261719 -49.59809112548828 4.199999809265137
vertex 74.03145599365234 -47.67133331298828 -3.700000047683716
vertex 74.03145599365234 -47.67133331298828 4.199999809265137
endloop
endfacet
facet normal 0.6823663789199818 -0.7310103452880402 0.0000012214854008379784
outer loop
vertex 71.34184265136719 -50.18195724487305 4.199999809265137
vertex 74.03145599365234 -47.67133331298828 -3.700000047683716
vertex 71.96733093261719 -49.59809112548828 4.199999809265137
endloop
endfacet
facet normal 0.32928534282600963 -0.9442304607456579 0
outer loop
vertex 70.42999267578125 -50.49995040893555 4.199999809265137
vertex 71.34184265136719 -50.18195724487305 -3.700000047683716
vertex 71.34184265136719 -50.18195724487305 4.199999809265137
endloop
endfacet
facet normal -0.7303643505368256 -0.6830577687611211 0
outer loop
vertex -74.26669311523438 -46.036712646484375 4.199999809265137
vertex -71.16986083984375 -49.3480224609375 -3.700000047683716
vertex -71.16986083984375 -49.3480224609375 4.199999809265137
endloop
endfacet
facet normal -0.9452943535493279 -0.32621861557513554 0
outer loop
vertex -74.99992370605469 -43.91200637817383 4.199999809265137
vertex -74.26669311523438 -46.036712646484375 -3.700000047683716
vertex -74.26669311523438 -46.036712646484375 4.199999809265137
endloop
endfacet
facet normal -0.3847585077982737 -0.9230172753945863 0
outer loop
vertex -71.16986083984375 -49.3480224609375 4.199999809265137
vertex -68.40644073486328 -50.49995040893555 -3.700000047683716
vertex -68.40644073486328 -50.49995040893555 4.199999809265137
endloop
endfacet
facet normal -0.6840433572889347 0.7294413515480277 -8.183702777701873e-7
outer loop
vertex -72.82083129882812 44.48303985595703 -3.700000047683716
vertex -73.85295104980469 43.51515579223633 -3.700000047683716
vertex -70.3846435546875 46.767616271972656 4.199999809265137
endloop
endfacet
facet normal 0 0 1
outer loop
vertex -67.66986846923828 39.46100997924805 7.199999809265137
vertex -73.11248779296875 41.08806610107422 7.199999809265137
vertex -67.69242095947266 39.37682342529297 7.199999809265137
endloop
endfacet
facet normal 0 0 1
outer loop
vertex -73.26734161376953 -43.62308883666992 7.199999809265137
vertex -72.74971771240234 -45.123016357421875 7.199999809265137
vertex -66.96097564697266 -38.169795989990234 7.199999809265137
endloop
endfacet
facet normal -0.6840447693251137 0.7294400273901565 0
outer loop
vertex -70.3846435546875 46.767616271972656 -3.700000047683716
vertex -72.82083129882812 44.48303985595703 -3.700000047683716
vertex -70.3846435546875 46.767616271972656 4.199999809265137
endloop
endfacet
facet normal 0 0 -1
outer loop
vertex -68.15003967285156 44.989036560058594 -5.699999809265137
vertex -68.06553649902344 46.34550857543945 -5.699999809265137
vertex -68.09201049804688 45.000545501708984 -5.699999809265137
endloop
endfacet
facet normal 0 0 -1
outer loop
vertex -68.15003967285156 44.989036560058594 -5.699999809265137
vertex -69.7749252319336 45.75639724731445 -5.699999809265137
vertex -68.06553649902344 46.34550857543945 -5.699999809265137
endloop
endfacet
facet normal 0 0 -1
outer loop
vertex -69.30863952636719 44.50966262817383 -5.699999809265137
vertex -69.7749252319336 45.75639724731445 -5.699999809265137
vertex -68.15003967285156 44.989036560058594 -5.699999809265137
endloop
endfacet
facet normal 0 0 -1
outer loop
vertex -69.35783386230469 44.476810455322266 -5.699999809265137
vertex -69.7749252319336 45.75639724731445 -5.699999809265137
vertex -69.30863952636719 44.50966262817383 -5.699999809265137
endloop
endfacet
facet normal -0.3258267163794399 0.9454295060411394 4.4624636741581786e-7
outer loop
vertex -68.48250579833984 47.42315673828125 -3.700000047683716
vertex -70.3846435546875 46.767616271972656 -3.700000047683716
vertex -68.48206329345703 47.42330551147461 4.199999809265137
endloop
endfacet
facet normal -0.3258160973936638 0.9454331656331728 0
outer loop
vertex -68.25776672363281 47.500606536865234 -3.700000047683716
vertex -68.48250579833984 47.42315673828125 -3.700000047683716
vertex -68.25776672363281 47.500606536865234 4.199999809265137
endloop
endfacet
facet normal 0 0 -1
outer loop
vertex -71.976318359375 41.85831832885742 -5.699999809265137
vertex -69.7749252319336 45.75639724731445 -5.699999809265137
vertex -69.35783386230469 44.476810455322266 -5.699999809265137
endloop
endfacet
facet normal 0 0 -1
outer loop
vertex -71.976318359375 41.85831832885742 -5.699999809265137
vertex -72.9087905883789 42.81755447387695 -5.699999809265137
vertex -69.7749252319336 45.75639724731445 -5.699999809265137
endloop
endfacet
facet normal 0 0 -1
outer loop
vertex -72.0091552734375 41.80918502807617 -5.699999809265137
vertex -72.9087905883789 42.81755447387695 -5.699999809265137
vertex -71.976318359375 41.85831832885742 -5.699999809265137
endloop
endfacet
facet normal 0 0 -1
outer loop
vertex -72.0091552734375 41.80918502807617 -5.699999809265137
vertex -73.6895980834961 41.2222785949707 -5.699999809265137
vertex -72.9087905883789 42.81755447387695 -5.699999809265137
endloop
endfacet
facet normal 0 0 -1
outer loop
vertex -72.48848724365234 40.65196228027344 -5.699999809265137
vertex -73.6895980834961 41.2222785949707 -5.699999809265137
vertex -72.0091552734375 41.80918502807617 -5.699999809265137
endloop
endfacet
facet normal 0 0 -1
outer loop
vertex -72.50001525878906 40.59400177001953 -5.699999809265137
vertex -73.6895980834961 41.2222785949707 -5.699999809265137
vertex -72.48848724365234 40.65196228027344 -5.699999809265137
endloop
endfacet
facet normal 0 0 -1
outer loop
vertex -68.06553649902344 46.34550857543945 -5.699999809265137
vertex 69.05833435058594 46.06235885620117 -5.699999809265137
vertex -68.09201049804688 45.000545501708984 -5.699999809265137
endloop
endfacet
facet normal 0.0020649251488991083 0.9999978680396525 -5.282225392118994e-7
outer loop
vertex -29.28002166748047 47.42012023925781 -3.700000047683716
vertex -68.25776672363281 47.500606536865234 -3.700000047683716
vertex 69.34406280517578 47.21647262573242 4.199999809265137
endloop
endfacet
facet normal 1 0 0
outer loop
vertex -67.20001983642578 -37.28989791870117 6.199999809265137
vertex -67.20001983642578 39.290000915527344 2.5
vertex -67.20001983642578 39.290000915527344 6.199999809265137
endloop
endfacet
facet normal 0 0 1
outer loop
vertex -73.11248779296875 41.08806610107422 7.199999809265137
vertex -73.26734161376953 -43.62308883666992 7.199999809265137
vertex -67.70001983642578 39.290000915527344 7.199999809265137
endloop
endfacet
facet normal -0.8981884990843759 0.4396105323039431 0
outer loop
vertex -73.85295104980469 43.51515579223633 4.199999809265137
vertex -74.84380340576172 41.490699768066406 -3.700000047683716
vertex -74.84380340576172 41.490699768066406 4.199999809265137
endloop
endfacet
facet normal -0.999998329123284 0.0018280455793503812 0
outer loop
vertex -74.84380340576172 41.490699768066406 -3.700000047683716
vertex -74.99992370605469 -43.91200637817383 -3.700000047683716
vertex -74.84380340576172 41.490699768066406 4.199999809265137
endloop
endfacet
facet normal -0.6840447917870953 0.7294400063260512 0
outer loop
vertex -73.85295104980469 43.51515579223633 4.199999809265137
vertex -72.82083129882812 44.4830436706543 4.199999809265137
vertex -73.85295104980469 43.51515579223633 -3.700000047683716
endloop
endfacet
facet normal -0.6840441615840069 0.7294405973092044 -1.5474057052953943e-7
outer loop
vertex -70.3846435546875 46.767616271972656 4.199999809265137
vertex -73.85295104980469 43.51515579223633 -3.700000047683716
vertex -72.82083129882812 44.4830436706543 4.199999809265137
endloop
endfacet
facet normal -0.3258250601615189 0.9454300768278648 0
outer loop
vertex -68.48206329345703 47.42330551147461 4.199999809265137
vertex -70.3846435546875 46.767616271972656 -3.700000047683716
vertex -70.3846435546875 46.767616271972656 4.199999809265137
endloop
endfacet
facet normal 0 0 -1
outer loop
vertex -72.50001525878906 40.59400177001953 -5.699999809265137
vertex -73.84486389160156 -43.71939468383789 -5.699999809265137
vertex -73.6895980834961 41.2222785949707 -5.699999809265137
endloop
endfacet
facet normal -0.3258301252417332 0.9454283312259883 4.4645943314261753e-7
outer loop
vertex -68.25776672363281 47.500606536865234 4.199999809265137
vertex -68.48250579833984 47.42315673828125 -3.700000047683716
vertex -68.48206329345703 47.42330551147461 4.199999809265137
endloop
endfacet
facet normal -0.8981884990843759 0.4396105323039431 0
outer loop
vertex -73.85295104980469 43.51515579223633 -3.700000047683716
vertex -74.84380340576172 41.490699768066406 -3.700000047683716
vertex -73.85295104980469 43.51515579223633 4.199999809265137
endloop
endfacet
facet normal 0 0 -1
outer loop
vertex -70.49623107910156 -48.37781524658203 -5.699999809265137
vertex -69.4598617553711 -47.50908279418945 -5.699999809265137
vertex -68.30264282226562 -47.98841857910156 -5.699999809265137
endloop
endfacet
facet normal 0 0 1
outer loop
vertex -66.78997039794922 -38.199947357177734 7.199999809265137
vertex 29.853662490844727 -41.76435852050781 7.199999809265137
vertex 29.999980926513672 -41.74995040893555 7.199999809265137
endloop
endfacet
facet normal 0 0 1
outer loop
vertex -66.78997039794922 -38.199947357177734 7.199999809265137
vertex 29.712968826293945 -41.80704116821289 7.199999809265137
vertex 29.853662490844727 -41.76435852050781 7.199999809265137
endloop
endfacet
facet normal 0 0 1
outer loop
vertex -66.78997039794922 -38.199947357177734 7.199999809265137
vertex 29.583303451538086 -41.876346588134766 7.199999809265137
vertex 29.712968826293945 -41.80704116821289 7.199999809265137
endloop
endfacet
facet normal 0 0 1
outer loop
vertex -66.78997039794922 -38.199947357177734 7.199999809265137
vertex 29.469650268554688 -41.96961975097656 7.199999809265137
vertex 29.583303451538086 -41.876346588134766 7.199999809265137
endloop
endfacet
facet normal 0 0 1
outer loop
vertex -66.78997039794922 -38.199947357177734 7.199999809265137
vertex 29.376379013061523 -42.08327102661133 7.199999809265137
vertex 29.469650268554688 -41.96961975097656 7.199999809265137
endloop
endfacet
facet normal 0 0 1
outer loop
vertex -66.78997039794922 -38.199947357177734 7.199999809265137
vertex 29.307071685791016 -42.21293640136719 7.199999809265137
vertex 29.376379013061523 -42.08327102661133 7.199999809265137
endloop
endfacet
facet normal 0 0 1
outer loop
vertex -66.78997039794922 -38.199947357177734 7.199999809265137
vertex 29.264392852783203 -42.35363006591797 7.199999809265137
vertex 29.307071685791016 -42.21293640136719 7.199999809265137
endloop
endfacet
facet normal 0 0 1
outer loop
vertex -66.78997039794922 -38.199947357177734 7.199999809265137
vertex 29.249980926513672 -42.49995040893555 7.199999809265137
vertex 29.264392852783203 -42.35363006591797 7.199999809265137
endloop
endfacet
facet normal 0 0 1
outer loop
vertex -66.78997039794922 -38.199947357177734 7.199999809265137
vertex 29.264392852783203 -42.64626693725586 7.199999809265137
vertex 29.249980926513672 -42.49995040893555 7.199999809265137
endloop
endfacet
facet normal 0 0 1
outer loop
vertex -66.78997039794922 -38.199947357177734 7.199999809265137
vertex 29.307071685791016 -42.78696060180664 7.199999809265137
vertex 29.264392852783203 -42.64626693725586 7.199999809265137
endloop
endfacet
facet normal 0 0 1
outer loop
vertex -66.78997039794922 -38.199947357177734 7.199999809265137
vertex 29.376379013061523 -42.9166259765625 7.199999809265137
vertex 29.307071685791016 -42.78696060180664 7.199999809265137
endloop
endfacet
facet normal 0 0 1
outer loop
vertex 29.853662490844727 -43.235538482666016 7.199999809265137
vertex -66.78997039794922 -38.199947357177734 7.199999809265137
vertex 29.999980926513672 -43.24995040893555 7.199999809265137
endloop
endfacet
facet normal 0 0 1
outer loop
vertex 29.469650268554688 -43.03028106689453 7.199999809265137
vertex -66.78997039794922 -38.199947357177734 7.199999809265137
vertex 29.583303451538086 -43.12355041503906 7.199999809265137
endloop
endfacet
facet normal 0 0 1
outer loop
vertex 29.712968826293945 -43.1928596496582 7.199999809265137
vertex -66.78997039794922 -38.199947357177734 7.199999809265137
vertex 29.853662490844727 -43.235538482666016 7.199999809265137
endloop
endfacet
facet normal 0 0 1
outer loop
vertex -66.78997039794922 -38.199947357177734 7.199999809265137
vertex 29.712968826293945 -43.1928596496582 7.199999809265137
vertex 29.583303451538086 -43.12355041503906 7.199999809265137
endloop
endfacet
facet normal 0 0 1
outer loop
vertex -66.78997039794922 -38.199947357177734 7.199999809265137
vertex 29.469650268554688 -43.03028106689453 7.199999809265137
vertex 29.376379013061523 -42.9166259765625 7.199999809265137
endloop
endfacet
facet normal 0.7071067811865476 -0.7071067811865476 0
outer loop
vertex -66.78997039794922 39.700050354003906 2.5
vertex -67.20001983642578 39.290000915527344 6.199999809265137
vertex -67.20001983642578 39.290000915527344 2.5
endloop
endfacet
facet normal 0 1 0
outer loop
vertex 66.78993225097656 -37.699947357177734 6.199999809265137
vertex -66.78997039794922 -37.699947357177734 2.5
vertex -66.78997039794922 -37.699947357177734 6.199999809265137
endloop
endfacet
facet normal 0 0 1
outer loop
vertex -66.78997039794922 -38.199947357177734 7.199999809265137
vertex -68.05989074707031 -48.76789855957031 7.199999809265137
vertex 70.13664245605469 -48.76789855957031 7.199999809265137
endloop
endfacet
facet normal 0.002064863458039457 0.9999978681671775 0
outer loop
vertex -68.25776672363281 47.500606536865234 4.199999809265137
vertex -29.236366271972656 47.4200325012207 4.199999809265137
vertex -68.25776672363281 47.500606536865234 -3.700000047683716
endloop
endfacet
facet normal 0 0 1
outer loop
vertex -72.74971771240234 -45.123016357421875 7.199999809265137
vertex -70.15941619873047 -47.8927116394043 7.199999809265137
vertex -66.96097564697266 -38.169795989990234 7.199999809265137
endloop
endfacet
facet normal 0 0 1
outer loop
vertex -70.15941619873047 -47.8927116394043 7.199999809265137
vertex -66.87679290771484 -38.192352294921875 7.199999809265137
vertex -66.96097564697266 -38.169795989990234 7.199999809265137
endloop
endfacet
facet normal 0 0 1
outer loop
vertex -66.87679290771484 -38.192352294921875 7.199999809265137
vertex -68.05989074707031 -48.76789855957031 7.199999809265137
vertex -66.78997039794922 -38.199947357177734 7.199999809265137
endloop
endfacet
facet normal 0 0 1
outer loop
vertex -73.26734161376953 -43.62308883666992 7.199999809265137
vertex -66.96097564697266 -38.169795989990234 7.199999809265137
vertex -67.14217376708984 -38.05215835571289 7.199999809265137
endloop
endfacet
facet normal 0 0 1
outer loop
vertex -73.26734161376953 -43.62308883666992 7.199999809265137
vertex -67.55357360839844 -37.64345169067383 7.199999809265137
vertex -67.66986846923828 -37.460906982421875 7.199999809265137
endloop
endfacet
facet normal 0 0 1
outer loop
vertex -73.26734161376953 -43.62308883666992 7.199999809265137
vertex -67.66986846923828 -37.460906982421875 7.199999809265137
vertex -67.69242095947266 -37.37672424316406 7.199999809265137
endloop
endfacet
facet normal 0 0 1
outer loop
vertex -73.26734161376953 -43.62308883666992 7.199999809265137
vertex -67.69242095947266 -37.37672424316406 7.199999809265137
vertex -67.70001983642578 -37.28989791870117 7.199999809265137
endloop
endfacet
facet normal 0 0 1
outer loop
vertex -67.55357360839844 -37.64345169067383 7.199999809265137
vertex -73.26734161376953 -43.62308883666992 7.199999809265137
vertex -67.14217376708984 -38.05215835571289 7.199999809265137
endloop
endfacet
facet normal 0.7071067811865476 0.7071067811865476 0
outer loop
vertex -66.78997039794922 -37.699947357177734 6.199999809265137
vertex -67.20001983642578 -37.28989791870117 2.5
vertex -67.20001983642578 -37.28989791870117 6.199999809265137
endloop
endfacet
facet normal 0.7071067811865476 -0.7071067811865476 0
outer loop
vertex -67.20001983642578 39.290000915527344 6.199999809265137
vertex -66.78997039794922 39.700050354003906 2.5
vertex -66.78997039794922 39.700050354003906 6.199999809265137
endloop
endfacet
facet normal 0 0 1
outer loop
vertex -67.66986846923828 39.46100997924805 7.199999809265137
vertex -72.43671417236328 42.46875762939453 7.199999809265137
vertex -73.11248779296875 41.08806610107422 7.199999809265137
endloop
endfacet
facet normal 0 0 1
outer loop
vertex -73.11248779296875 41.08806610107422 7.199999809265137
vertex -67.70001983642578 39.290000915527344 7.199999809265137
vertex -67.69242095947266 39.37682342529297 7.199999809265137
endloop
endfacet
facet normal 0 0 1
outer loop
vertex 29.999980926513672 -41.74995040893555 7.199999809265137
vertex 66.78993225097656 -38.199947357177734 7.199999809265137
vertex -66.78997039794922 -38.199947357177734 7.199999809265137
endloop
endfacet
facet normal 0 0 1
outer loop
vertex 29.999980926513672 -43.24995040893555 7.199999809265137
vertex -66.78997039794922 -38.199947357177734 7.199999809265137
vertex 70.13664245605469 -48.76789855957031 7.199999809265137
endloop
endfacet
facet normal 0 1 0
outer loop
vertex 66.78993225097656 -37.699947357177734 2.5
vertex -60.48210906982422 -37.699947357177734 2.5
vertex 66.78993225097656 -37.699947357177734 6.199999809265137
endloop
endfacet
facet normal 0 -1 0
outer loop
vertex -68.40644073486328 -50.49995040893555 4.199999809265137
vertex 70.42999267578125 -50.49995040893555 -3.700000047683716
vertex 70.42999267578125 -50.49995040893555 4.199999809265137
endloop
endfacet
facet normal 0.9999812593561929 -0.0061221676228793796 0
outer loop
vertex 74.46803283691406 -46.77796936035156 4.199999809265137
vertex 74.46803283691406 -46.77796936035156 -3.700000047683716
vertex 75.00352478027344 40.68809509277344 -3.700000047683716
endloop
endfacet
facet normal 0 0 -1
outer loop
vertex 73.3149642944336 -46.50757598876953 -5.699999809265137
vertex 72.08360290527344 -46.01378631591797 -5.699999809265137
vertex 72.50279998779297 40.54233932495117 -5.699999809265137
endloop
endfacet
facet normal 0.8984553286356296 -0.43906494103519905 0
outer loop
vertex 74.46803283691406 -46.77796936035156 -3.700000047683716
vertex 74.03145599365234 -47.67133331298828 4.199999809265137
vertex 74.03145599365234 -47.67133331298828 -3.700000047683716
endloop
endfacet
facet normal 0.6823644616907614 -0.7310121349344876 0
outer loop
vertex 71.34184265136719 -50.18195724487305 4.199999809265137
vertex 71.34184265136719 -50.18195724487305 -3.700000047683716
vertex 74.03145599365234 -47.67133331298828 -3.700000047683716
endloop
endfacet
facet normal 0.32928534282600963 -0.9442304607456579 0
outer loop
vertex 71.34184265136719 -50.18195724487305 -3.700000047683716
vertex 70.42999267578125 -50.49995040893555 4.199999809265137
vertex 70.42999267578125 -50.49995040893555 -3.700000047683716
endloop
endfacet
facet normal -0.999998329123284 0.0018280455793503812 0
outer loop
vertex -74.99992370605469 -43.91200637817383 -3.700000047683716
vertex -74.99992370605469 -43.91200637817383 4.199999809265137
vertex -74.84380340576172 41.490699768066406 4.199999809265137
endloop
endfacet
facet normal 0 0 -1
outer loop
vertex 73.08763885498047 -46.97275161743164 -5.699999809265137
vertex 72.08360290527344 -46.01378631591797 -5.699999809265137
vertex 73.3149642944336 -46.50757598876953 -5.699999809265137
endloop
endfacet
facet normal 0 0 -1
outer loop
vertex 73.08763885498047 -46.97275161743164 -5.699999809265137
vertex 72.03768157958984 -46.12353515625 -5.699999809265137
vertex 72.08360290527344 -46.01378631591797 -5.699999809265137
endloop
endfacet
facet normal 0 0 -1
outer loop
vertex 73.08763885498047 -46.97275161743164 -5.699999809265137
vertex 70.73181915283203 -49.171791076660156 -5.699999809265137
vertex 72.03768157958984 -46.12353515625 -5.699999809265137
endloop
endfacet
facet normal 0 0 -1
outer loop
vertex 70.73181915283203 -49.171791076660156 -5.699999809265137
vertex 70.19776916503906 -47.95455551147461 -5.699999809265137
vertex 72.03768157958984 -46.12353515625 -5.699999809265137
endloop
endfacet
facet normal 0 0 -1
outer loop
vertex 70.73181915283203 -49.171791076660156 -5.699999809265137
vertex 70.08780670166016 -47.99995040893555 -5.699999809265137
vertex 70.19776916503906 -47.95455551147461 -5.699999809265137
endloop
endfacet
facet normal 0 0 -1
outer loop
vertex 70.23442840576172 -49.34524917602539 -5.699999809265137
vertex 70.08780670166016 -47.99995040893555 -5.699999809265137
vertex 70.73181915283203 -49.171791076660156 -5.699999809265137
endloop
endfacet
facet normal 0 0 -1
outer loop
vertex 70.23442840576172 -49.34524917602539 -5.699999809265137
vertex 45.49998092651367 -49.34524917602539 -5.699999809265137
vertex 70.08780670166016 -47.99995040893555 -5.699999809265137
endloop
endfacet
facet normal 0 -1 0
outer loop
vertex 70.42999267578125 -50.49995040893555 -3.700000047683716
vertex 43.99998092651367 -50.49995040893555 -3.450000047683716
vertex 44.574005126953125 -50.49995040893555 -3.564180612564087
endloop
endfacet
facet normal 0 -1 0
outer loop
vertex 44.574005126953125 -50.49995040893555 -3.564180612564087
vertex 44.77727508544922 -50.49995040893555 -3.700000047683716
vertex 70.42999267578125 -50.49995040893555 -3.700000047683716
endloop
endfacet
facet normal 0 0 -1
outer loop
vertex -70.49623107910156 -48.37781524658203 -5.699999809265137
vertex -69.50899505615234 -47.47624969482422 -5.699999809265137
vertex -69.4598617553711 -47.50908279418945 -5.699999809265137
endloop
endfacet
facet normal 0 0 -1
outer loop
vertex -71.976318359375 -45.00892639160156 -5.699999809265137
vertex -73.25537872314453 -45.427581787109375 -5.699999809265137
vertex -72.0091552734375 -44.95979309082031 -5.699999809265137
endloop
endfacet
facet normal 0 0 -1
outer loop
vertex -71.976318359375 -45.00892639160156 -5.699999809265137
vertex -69.50899505615234 -47.47624969482422 -5.699999809265137
vertex -73.25537872314453 -45.427581787109375 -5.699999809265137
endloop
endfacet
facet normal 0 0 1
outer loop
vertex 70.35985565185547 44.727230072021484 7.199999809265137
vertex 67.55219268798828 39.642208099365234 7.199999809265137
vertex 72.81439971923828 41.8507194519043 7.199999809265137
endloop
endfacet
facet normal 1 0 0
outer loop
vertex -67.20001983642578 -37.28989791870117 6.199999809265137
vertex -67.20001983642578 -37.28989791870117 2.5
vertex -67.20001983642578 39.290000915527344 2.5
endloop
endfacet
facet normal 0 0 -1
outer loop
vertex 45.49998092651367 -49.34524917602539 -5.699999809265137
vertex 45.49998092651367 -47.99995040893555 -5.699999809265137
vertex 70.08780670166016 -47.99995040893555 -5.699999809265137
endloop
endfacet
facet normal 0 -1 0
outer loop
vertex 43.99998092651367 -50.49995040893555 -3.450000047683716
vertex 70.42999267578125 -50.49995040893555 -3.700000047683716
vertex -68.40644073486328 -50.49995040893555 4.199999809265137
endloop
endfacet
facet normal 0 -1 0
outer loop
vertex -68.40644073486328 -50.49995040893555 4.199999809265137
vertex 31.999980926513672 -50.49995040893555 -3.450000047683716
vertex 43.99998092651367 -50.49995040893555 -3.450000047683716
endloop
endfacet
facet normal 0 0 1
outer loop
vertex -67.96942138671875 45.7679557800293 7.199999809265137
vertex -66.78997039794922 40.200050354003906 7.199999809265137
vertex 66.78993225097656 40.200050354003906 7.199999809265137
endloop
endfacet
facet normal 0.0020649072378752407 0.9999978680767535 -2.1624782539010655e-7
outer loop
vertex 69.34406280517578 47.21647262573242 4.199999809265137
vertex -68.25776672363281 47.500606536865234 -3.700000047683716
vertex -29.236366271972656 47.4200325012207 4.199999809265137
endloop
endfacet
facet normal 0 -1 0
outer loop
vertex -66.78997039794922 39.700050354003906 6.199999809265137
vertex -66.78997039794922 39.700050354003906 2.5
vertex 66.78993225097656 39.700050354003906 2.5
endloop
endfacet
facet normal 0 0 1
outer loop
vertex -73.26734161376953 -43.62308883666992 7.199999809265137
vertex -67.70001983642578 -37.28989791870117 7.199999809265137
vertex -67.70001983642578 39.290000915527344 7.199999809265137
endloop
endfacet
facet normal 0 0 1
outer loop
vertex -67.96942138671875 45.7679557800293 7.199999809265137
vertex -66.87679290771484 40.19245529174805 7.199999809265137
vertex -66.78997039794922 40.200050354003906 7.199999809265137
endloop
endfacet
facet normal 0 0 1
outer loop
vertex -69.47006225585938 45.25078582763672 7.199999809265137
vertex -66.96097564697266 40.169898986816406 7.199999809265137
vertex -66.87679290771484 40.19245529174805 7.199999809265137
endloop
endfacet
facet normal 0 0 1
outer loop
vertex -69.47006225585938 45.25078582763672 7.199999809265137
vertex -67.14352416992188 40.05360412597656 7.199999809265137
vertex -66.96097564697266 40.169898986816406 7.199999809265137
endloop
endfacet
facet normal 0 1 0
outer loop
vertex -60.48210906982422 -37.699947357177734 2.5
vertex -66.78997039794922 -37.699947357177734 2.5
vertex 66.78993225097656 -37.699947357177734 6.199999809265137
endloop
endfacet
facet normal 0 0 1
outer loop
vertex -67.96942138671875 45.7679557800293 7.199999809265137
vertex -69.47006225585938 45.25078582763672 7.199999809265137
vertex -66.87679290771484 40.19245529174805 7.199999809265137
endloop
endfacet
facet normal 0 0 1
outer loop
vertex -72.43671417236328 42.46875762939453 7.199999809265137
vertex -67.14352416992188 40.05360412597656 7.199999809265137
vertex -69.47006225585938 45.25078582763672 7.199999809265137
endloop
endfacet
facet normal 0 0 1
outer loop
vertex -72.43671417236328 42.46875762939453 7.199999809265137
vertex -67.5522232055664 39.642208099365234 7.199999809265137
vertex -67.14352416992188 40.05360412597656 7.199999809265137
endloop
endfacet
facet normal 0 0 1
outer loop
vertex -72.43671417236328 42.46875762939453 7.199999809265137
vertex -67.66986846923828 39.46100997924805 7.199999809265137
vertex -67.5522232055664 39.642208099365234 7.199999809265137
endloop
endfacet
facet normal 0.471405454157962 0.881916604781952 0
outer loop
vertex 29.712968826293945 -43.1928596496582 7.199999809265137
vertex 29.583303451538086 -43.12355041503906 2.5
vertex 29.583303451538086 -43.12355041503906 7.199999809265137
endloop
endfacet
facet normal 0.7730206815986687 0.6343808208172199 0
outer loop
vertex 29.469650268554688 -43.03028106689453 7.199999809265137
vertex 29.376379013061523 -42.9166259765625 2.5
vertex 29.376379013061523 -42.9166259765625 7.199999809265137
endloop
endfacet
facet normal 0.7730206815986687 0.6343808208172199 0
outer loop
vertex 29.469650268554688 -43.03028106689453 2.5
vertex 29.376379013061523 -42.9166259765625 2.5
vertex 29.469650268554688 -43.03028106689453 7.199999809265137
endloop
endfacet
facet normal 0.8819219980712054 0.47139536412452404 0
outer loop
vertex 29.376379013061523 -42.9166259765625 2.5
vertex 29.307071685791016 -42.78696060180664 2.5
vertex 29.376379013061523 -42.9166259765625 7.199999809265137
endloop
endfacet
facet normal 0.471405454157962 0.881916604781952 0
outer loop
vertex 29.712968826293945 -43.1928596496582 2.5
vertex 29.583303451538086 -43.12355041503906 2.5
vertex 29.712968826293945 -43.1928596496582 7.199999809265137
endloop
endfacet
facet normal 0.29028390780238306 0.9569405691426075 0
outer loop
vertex 29.853662490844727 -43.235538482666016 2.5
vertex 29.712968826293945 -43.1928596496582 2.5
vertex 29.853662490844727 -43.235538482666016 7.199999809265137
endloop
endfacet
facet normal 0.09802265187027401 0.9951841838174074 0
outer loop
vertex 29.999980926513672 -43.24995040893555 2.5
vertex 29.853662490844727 -43.235538482666016 2.5
vertex 29.999980926513672 -43.24995040893555 7.199999809265137
endloop
endfacet
facet normal -0.09802265187027401 0.9951841838174074 0
outer loop
vertex 29.999980926513672 -43.24995040893555 2.5
vertex 30.146299362182617 -43.235538482666016 7.199999809265137
vertex 30.146299362182617 -43.235538482666016 2.5
endloop
endfacet
facet normal -0.29028390780238306 0.9569405691426075 0
outer loop
vertex 30.146299362182617 -43.235538482666016 2.5
vertex 30.2869930267334 -43.1928596496582 7.199999809265137
vertex 30.2869930267334 -43.1928596496582 2.5
endloop
endfacet
facet normal -0.471405454157962 0.881916604781952 0
outer loop
vertex 30.2869930267334 -43.1928596496582 2.5
vertex 30.416658401489258 -43.12355041503906 7.199999809265137
vertex 30.416658401489258 -43.12355041503906 2.5
endloop
endfacet
facet normal 0.9569405691426075 0.29028390780238306 0
outer loop
vertex 29.307071685791016 -42.78696060180664 2.5
vertex 29.264392852783203 -42.64626693725586 2.5
vertex 29.307071685791016 -42.78696060180664 7.199999809265137
endloop
endfacet
facet normal 0.9951840591663966 0.09802391739312354 0
outer loop
vertex 29.264392852783203 -42.64626693725586 2.5
vertex 29.249980926513672 -42.49995040893555 2.5
vertex 29.264392852783203 -42.64626693725586 7.199999809265137
endloop
endfacet
facet normal 0.9951843084635901 -0.0980213863799422 0
outer loop
vertex 29.249980926513672 -42.49995040893555 2.5
vertex 29.264392852783203 -42.35363006591797 2.5
vertex 29.249980926513672 -42.49995040893555 7.199999809265137
endloop
endfacet
facet normal 0.9569405691426075 -0.29028390780238306 0
outer loop
vertex 29.264392852783203 -42.35363006591797 2.5
vertex 29.307071685791016 -42.21293640136719 2.5
vertex 29.264392852783203 -42.35363006591797 7.199999809265137
endloop
endfacet
facet normal 0.8819219980712054 -0.47139536412452404 0
outer loop
vertex 29.307071685791016 -42.21293640136719 2.5
vertex 29.376379013061523 -42.08327102661133 2.5
vertex 29.307071685791016 -42.21293640136719 7.199999809265137
endloop
endfacet
facet normal 0.7730102397966485 -0.6343935443945878 0
outer loop
vertex 29.376379013061523 -42.08327102661133 2.5
vertex 29.469650268554688 -41.96961975097656 2.5
vertex 29.376379013061523 -42.08327102661133 7.199999809265137
endloop
endfacet
facet normal 0.6343949344546085 -0.773009099000997 0
outer loop
vertex 29.469650268554688 -41.96961975097656 2.5
vertex 29.583303451538086 -41.876346588134766 2.5
vertex 29.469650268554688 -41.96961975097656 7.199999809265137
endloop
endfacet
facet normal 0.4713852739059721 -0.8819273913109807 0
outer loop
vertex 29.583303451538086 -41.876346588134766 2.5
vertex 29.712968826293945 -41.80704116821289 2.5
vertex 29.583303451538086 -41.876346588134766 7.199999809265137
endloop
endfacet
facet normal 0.2903076672057179 -0.9569333615051647 0
outer loop
vertex 29.712968826293945 -41.80704116821289 2.5
vertex 29.853662490844727 -41.76435852050781 2.5
vertex 29.712968826293945 -41.80704116821289 7.199999809265137
endloop
endfacet
facet normal 0.09799695542310742 -0.995186714505274 0
outer loop
vertex 29.853662490844727 -41.76435852050781 2.5
vertex 29.999980926513672 -41.74995040893555 2.5
vertex 29.853662490844727 -41.76435852050781 7.199999809265137
endloop
endfacet
facet normal -0.09799695542310742 -0.995186714505274 0
outer loop
vertex 29.999980926513672 -41.74995040893555 2.5
vertex 30.146299362182617 -41.76435852050781 2.5
vertex 29.999980926513672 -41.74995040893555 7.199999809265137
endloop
endfacet
facet normal -0.6343949344546085 -0.773009099000997 0
outer loop
vertex 30.416658401489258 -41.876346588134766 2.5
vertex 30.530311584472656 -41.96961975097656 2.5
vertex 30.416658401489258 -41.876346588134766 7.199999809265137
endloop
endfacet
facet normal -0.2903076672057179 -0.9569333615051647 0
outer loop
vertex 30.146299362182617 -41.76435852050781 2.5
vertex 30.2869930267334 -41.80704116821289 2.5
vertex 30.146299362182617 -41.76435852050781 7.199999809265137
endloop
endfacet
facet normal -0.4713852739059721 -0.8819273913109807 0
outer loop
vertex 30.2869930267334 -41.80704116821289 2.5
vertex 30.416658401489258 -41.876346588134766 2.5
vertex 30.2869930267334 -41.80704116821289 7.199999809265137
endloop
endfacet
facet normal -0.6343794304811786 0.7730218225783638 0
outer loop
vertex 30.416658401489258 -43.12355041503906 2.5
vertex 30.530311584472656 -43.03028106689453 7.199999809265137
vertex 30.530311584472656 -43.03028106689453 2.5
endloop
endfacet
facet normal -0.7730206815986687 0.6343808208172199 0
outer loop
vertex 30.530311584472656 -43.03028106689453 2.5
vertex 30.62358283996582 -42.9166259765625 7.199999809265137
vertex 30.62358283996582 -42.9166259765625 2.5
endloop
endfacet
facet normal -0.8819219980712054 0.47139536412452404 0
outer loop
vertex 30.62358283996582 -42.9166259765625 2.5
vertex 30.692890167236328 -42.78696060180664 7.199999809265137
vertex 30.692890167236328 -42.78696060180664 2.5
endloop
endfacet
facet normal -0.9569369653840532 0.2902957875711588 0
outer loop
vertex 30.692890167236328 -42.78696060180664 2.5
vertex 30.735570907592773 -42.64626693725586 7.199999809265137
vertex 30.735570907592773 -42.64626693725586 2.5
endloop
endfacet
facet normal -0.9951853246241752 0.0980110690313855 0
outer loop
vertex 30.735570907592773 -42.64626693725586 2.5
vertex 30.749980926513672 -42.49995040893555 7.199999809265137
vertex 30.749980926513672 -42.49995040893555 2.5
endloop
endfacet
facet normal -0.8819219980712054 -0.47139536412452404 0
outer loop
vertex 30.692890167236328 -42.21293640136719 2.5
vertex 30.62358283996582 -42.08327102661133 7.199999809265137
vertex 30.62358283996582 -42.08327102661133 2.5
endloop
endfacet
facet normal -0.7730102397966485 -0.6343935443945878 0
outer loop
vertex 30.62358283996582 -42.08327102661133 2.5
vertex 30.530311584472656 -41.96961975097656 7.199999809265137
vertex 30.530311584472656 -41.96961975097656 2.5
endloop
endfacet
facet normal 0.6343794304811786 0.7730218225783638 0
outer loop
vertex 29.469650268554688 -43.03028106689453 7.199999809265137
vertex 29.583303451538086 -43.12355041503906 7.199999809265137
vertex 29.469650268554688 -43.03028106689453 2.5
endloop
endfacet
facet normal 0.29028390780238306 0.9569405691426075 0
outer loop
vertex 29.712968826293945 -43.1928596496582 7.199999809265137
vertex 29.853662490844727 -43.235538482666016 7.199999809265137
vertex 29.712968826293945 -43.1928596496582 2.5
endloop
endfacet
facet normal 0.09802265187027401 0.9951841838174074 0
outer loop
vertex 29.999980926513672 -43.24995040893555 7.199999809265137
vertex 29.853662490844727 -43.235538482666016 2.5
vertex 29.853662490844727 -43.235538482666016 7.199999809265137
endloop
endfacet
facet normal -0.09802265187027401 0.9951841838174074 0
outer loop
vertex 30.146299362182617 -43.235538482666016 7.199999809265137
vertex 29.999980926513672 -43.24995040893555 2.5
vertex 29.999980926513672 -43.24995040893555 7.199999809265137
endloop
endfacet
facet normal -0.29028390780238306 0.9569405691426075 0
outer loop
vertex 30.2869930267334 -43.1928596496582 7.199999809265137
vertex 30.146299362182617 -43.235538482666016 2.5
vertex 30.146299362182617 -43.235538482666016 7.199999809265137
endloop
endfacet
facet normal -0.471405454157962 0.881916604781952 0
outer loop
vertex 30.416658401489258 -43.12355041503906 7.199999809265137
vertex 30.2869930267334 -43.1928596496582 2.5
vertex 30.2869930267334 -43.1928596496582 7.199999809265137
endloop
endfacet
facet normal -0.6343794304811786 0.7730218225783638 0
outer loop
vertex 30.530311584472656 -43.03028106689453 7.199999809265137
vertex 30.416658401489258 -43.12355041503906 2.5
vertex 30.416658401489258 -43.12355041503906 7.199999809265137
endloop
endfacet
facet normal 0.9569405691426075 0.29028390780238306 0
outer loop
vertex 29.307071685791016 -42.78696060180664 7.199999809265137
vertex 29.264392852783203 -42.64626693725586 2.5
vertex 29.264392852783203 -42.64626693725586 7.199999809265137
endloop
endfacet
facet normal 0.9951840591663966 0.09802391739312354 0
outer loop
vertex 29.249980926513672 -42.49995040893555 7.199999809265137
vertex 29.264392852783203 -42.64626693725586 7.199999809265137
vertex 29.249980926513672 -42.49995040893555 2.5
endloop
endfacet
facet normal 0.9951843084635901 -0.0980213863799422 0
outer loop
vertex 29.264392852783203 -42.35363006591797 7.199999809265137
vertex 29.249980926513672 -42.49995040893555 7.199999809265137
vertex 29.264392852783203 -42.35363006591797 2.5
endloop
endfacet
facet normal 0.9569405691426075 -0.29028390780238306 0
outer loop
vertex 29.307071685791016 -42.21293640136719 7.199999809265137
vertex 29.264392852783203 -42.35363006591797 7.199999809265137
vertex 29.307071685791016 -42.21293640136719 2.5
endloop
endfacet
facet normal 0.8819219980712054 0.47139536412452404 0
outer loop
vertex 29.307071685791016 -42.78696060180664 7.199999809265137
vertex 29.376379013061523 -42.9166259765625 7.199999809265137
vertex 29.307071685791016 -42.78696060180664 2.5
endloop
endfacet
facet normal 0.8819219980712054 -0.47139536412452404 0
outer loop
vertex 29.376379013061523 -42.08327102661133 7.199999809265137
vertex 29.307071685791016 -42.21293640136719 7.199999809265137
vertex 29.376379013061523 -42.08327102661133 2.5
endloop
endfacet
facet normal 0.7730102397966485 -0.6343935443945878 0
outer loop
vertex 29.469650268554688 -41.96961975097656 7.199999809265137
vertex 29.376379013061523 -42.08327102661133 7.199999809265137
vertex 29.469650268554688 -41.96961975097656 2.5
endloop
endfacet
facet normal 0.6343949344546085 -0.773009099000997 0
outer loop
vertex 29.583303451538086 -41.876346588134766 7.199999809265137
vertex 29.469650268554688 -41.96961975097656 7.199999809265137
vertex 29.583303451538086 -41.876346588134766 2.5
endloop
endfacet
facet normal 0.4713852739059721 -0.8819273913109807 0
outer loop
vertex 29.712968826293945 -41.80704116821289 7.199999809265137
vertex 29.583303451538086 -41.876346588134766 7.199999809265137
vertex 29.712968826293945 -41.80704116821289 2.5
endloop
endfacet
facet normal 0.2903076672057179 -0.9569333615051647 0
outer loop
vertex 29.853662490844727 -41.76435852050781 7.199999809265137
vertex 29.712968826293945 -41.80704116821289 7.199999809265137
vertex 29.853662490844727 -41.76435852050781 2.5
endloop
endfacet
facet normal 0.09799695542310742 -0.995186714505274 0
outer loop
vertex 29.999980926513672 -41.74995040893555 7.199999809265137
vertex 29.853662490844727 -41.76435852050781 7.199999809265137
vertex 29.999980926513672 -41.74995040893555 2.5
endloop
endfacet
facet normal -0.09799695542310742 -0.995186714505274 0
outer loop
vertex 29.999980926513672 -41.74995040893555 7.199999809265137
vertex 30.146299362182617 -41.76435852050781 2.5
vertex 30.146299362182617 -41.76435852050781 7.199999809265137
endloop
endfacet
facet normal -0.2903076672057179 -0.9569333615051647 0
outer loop
vertex 30.146299362182617 -41.76435852050781 7.199999809265137
vertex 30.2869930267334 -41.80704116821289 2.5
vertex 30.2869930267334 -41.80704116821289 7.199999809265137
endloop
endfacet
facet normal -0.4713852739059721 -0.8819273913109807 0
outer loop
vertex 30.2869930267334 -41.80704116821289 7.199999809265137
vertex 30.416658401489258 -41.876346588134766 2.5
vertex 30.416658401489258 -41.876346588134766 7.199999809265137
endloop
endfacet
facet normal -0.7730206815986687 0.6343808208172199 0
outer loop
vertex 30.62358283996582 -42.9166259765625 7.199999809265137
vertex 30.530311584472656 -43.03028106689453 2.5
vertex 30.530311584472656 -43.03028106689453 7.199999809265137
endloop
endfacet
facet normal -0.8819219980712054 0.47139536412452404 0
outer loop
vertex 30.692890167236328 -42.78696060180664 7.199999809265137
vertex 30.62358283996582 -42.9166259765625 2.5
vertex 30.62358283996582 -42.9166259765625 7.199999809265137
endloop
endfacet
facet normal -0.9569369653840532 0.2902957875711588 0
outer loop
vertex 30.735570907592773 -42.64626693725586 7.199999809265137
vertex 30.692890167236328 -42.78696060180664 2.5
vertex 30.692890167236328 -42.78696060180664 7.199999809265137
endloop
endfacet
facet normal -0.9951853246241752 0.0980110690313855 0
outer loop
vertex 30.749980926513672 -42.49995040893555 7.199999809265137
vertex 30.735570907592773 -42.64626693725586 2.5
vertex 30.735570907592773 -42.64626693725586 7.199999809265137
endloop
endfacet
facet normal -0.9951855738563372 -0.09800853834351785 0
outer loop
vertex 30.735570907592773 -42.35363006591797 7.199999809265137
vertex 30.749980926513672 -42.49995040893555 2.5
vertex 30.749980926513672 -42.49995040893555 7.199999809265137
endloop
endfacet
facet normal -0.9569369653840532 -0.2902957875711588 0
outer loop
vertex 30.692890167236328 -42.21293640136719 7.199999809265137
vertex 30.735570907592773 -42.35363006591797 2.5
vertex 30.735570907592773 -42.35363006591797 7.199999809265137
endloop
endfacet
facet normal -0.8819219980712054 -0.47139536412452404 0
outer loop
vertex 30.62358283996582 -42.08327102661133 7.199999809265137
vertex 30.692890167236328 -42.21293640136719 2.5
vertex 30.692890167236328 -42.21293640136719 7.199999809265137
endloop
endfacet
facet normal -0.7730102397966485 -0.6343935443945878 0
outer loop
vertex 30.530311584472656 -41.96961975097656 7.199999809265137
vertex 30.62358283996582 -42.08327102661133 2.5
vertex 30.62358283996582 -42.08327102661133 7.199999809265137
endloop
endfacet
facet normal -0.6343949344546085 -0.773009099000997 0
outer loop
vertex 30.416658401489258 -41.876346588134766 7.199999809265137
vertex 30.530311584472656 -41.96961975097656 2.5
vertex 30.530311584472656 -41.96961975097656 7.199999809265137
endloop
endfacet
facet normal -0.9951855738563372 -0.09800853834351785 0
outer loop
vertex 30.749980926513672 -42.49995040893555 2.5
vertex 30.735570907592773 -42.35363006591797 7.199999809265137
vertex 30.735570907592773 -42.35363006591797 2.5
endloop
endfacet
facet normal -0.9569369653840532 -0.2902957875711588 0
outer loop
vertex 30.735570907592773 -42.35363006591797 2.5
vertex 30.692890167236328 -42.21293640136719 7.199999809265137
vertex 30.692890167236328 -42.21293640136719 2.5
endloop
endfacet
facet normal 0.6343794304811786 0.7730218225783638 0
outer loop
vertex 29.583303451538086 -43.12355041503906 2.5
vertex 29.469650268554688 -43.03028106689453 2.5
vertex 29.583303451538086 -43.12355041503906 7.199999809265137
endloop
endfacet
facet normal 0 1 0
outer loop
vertex 70.08780670166016 -47.99995040893555 -5.699999809265137
vertex 45.49998092651367 -47.99995040893555 -4.949999809265137
vertex 45.385799407958984 -47.99995040893555 -4.375974655151367
endloop
endfacet
facet normal 1 0 0
outer loop
vertex -72.50001525878906 18.804615020751953 -1
vertex -72.50001525878906 -43.74460983276367 -5.699999809265137
vertex -72.50001525878906 21.564453125 -1
endloop
endfacet
facet normal 0.9807886708125039 -0.1950732765035795 0
outer loop
vertex -72.50001525878906 40.59400177001953 -5.699999809265137
vertex -72.48848724365234 40.65196228027344 -5.699999809265137
vertex -72.48848724365234 40.65196228027344 0
endloop
endfacet
facet normal 0.8314141711471243 0.5556531976113701 0
outer loop
vertex -71.976318359375 -45.00892639160156 -5.699999809265137
vertex -72.0091552734375 -44.95979309082031 -5.699999809265137
vertex -72.0091552734375 -44.95979309082031 0
endloop
endfacet
facet normal 0.7071067811865476 0.7071067811865476 0
outer loop
vertex -69.50899505615234 -47.47624969482422 -5.699999809265137
vertex -71.976318359375 -45.00892639160156 -5.699999809265137
vertex -71.976318359375 -45.00892639160156 0
endloop
endfacet
facet normal 0.5556085745080036 0.8314439920603097 0
outer loop
vertex -69.4598617553711 -47.50908279418945 -5.699999809265137
vertex -69.50899505615234 -47.47624969482422 -5.699999809265137
vertex -69.50899505615234 -47.47624969482422 0
endloop
endfacet
facet normal -0.9225010043715706 0.38599468511035684 0
outer loop
vertex 72.08360290527344 -46.01378631591797 0
vertex 72.08360290527344 -46.01378631591797 -5.699999809265137
vertex 72.03768157958984 -46.12353515625 0
endloop
endfacet
facet normal 0.9238810529457075 -0.3826797616910655 0
outer loop
vertex -72.48848724365234 40.65196228027344 -5.699999809265137
vertex -72.0091552734375 41.80918502807617 -5.699999809265137
vertex -72.0091552734375 41.80918502807617 0
endloop
endfacet
facet normal 0.8314141711471243 -0.5556531976113701 0
outer loop
vertex -72.0091552734375 41.80918502807617 -5.699999809265137
vertex -71.976318359375 41.85831832885742 -5.699999809265137
vertex -71.976318359375 41.85831832885742 0
endloop
endfacet
facet normal 0.7071078113215028 -0.7071057510500915 0
outer loop
vertex -71.976318359375 41.85831832885742 -5.699999809265137
vertex -69.35783386230469 44.476810455322266 -5.699999809265137
vertex -69.35783386230469 44.476810455322266 0
endloop
endfacet
facet normal 0.5553548070089399 -0.8316135150008465 0
outer loop
vertex -69.35783386230469 44.476810455322266 -5.699999809265137
vertex -69.30863952636719 44.50966262817383 -5.699999809265137
vertex -69.30863952636719 44.50966262817383 0
endloop
endfacet
facet normal 0.3823199942809117 -0.9240299897584728 0
outer loop
vertex -69.30863952636719 44.50966262817383 -5.699999809265137
vertex -68.15003967285156 44.989036560058594 -5.699999809265137
vertex -68.15003967285156 44.989036560058594 0
endloop
endfacet
facet normal 0.19454104268835323 -0.9808943789775372 0
outer loop
vertex -68.15003967285156 44.989036560058594 -5.699999809265137
vertex -68.09201049804688 45.000545501708984 -5.699999809265137
vertex -68.09201049804688 45.000545501708984 0
endloop
endfacet
facet normal -0.0007885841999078558 -0.9999996890674314 0
outer loop
vertex -68.09201049804688 45.000545501708984 0
vertex -68.09201049804688 45.000545501708984 -5.699999809265137
vertex -61.014896392822266 44.994964599609375 -2.8499999046325684
endloop
endfacet
facet normal -0.0007883708573866528 -0.9999996892355071 -5.297720542410774e-7
outer loop
vertex -61.014896392822266 44.994964599609375 -2.8499999046325684
vertex -68.09201049804688 45.000545501708984 -5.699999809265137
vertex -57.41489791870117 44.99212646484375 -2.8499999046325684
endloop
endfacet
facet normal -0.7053918949170933 0.7088175185372273 0
outer loop
vertex 72.03768157958984 -46.12353515625 0
vertex 72.03768157958984 -46.12353515625 -5.699999809265137
vertex 70.19776916503906 -47.95455551147461 0
endloop
endfacet
facet normal 0.3826834379426456 0.9238795302009875 0
outer loop
vertex -68.30264282226562 -47.98841857910156 -5.699999809265137
vertex -69.4598617553711 -47.50908279418945 -5.699999809265137
vertex -69.4598617553711 -47.50908279418945 0
endloop
endfacet
facet normal -0.9999881223617672 0.004873924023567902 0
outer loop
vertex 72.08389282226562 -45.95430374145508 -1
vertex 72.08360290527344 -46.01378631591797 -5.699999809265137
vertex 72.08360290527344 -46.01378631591797 0
endloop
endfacet
facet normal 0.19513536998294492 0.9807763187300249 0
outer loop
vertex -68.24468231201172 -47.99995040893555 -5.699999809265137
vertex -68.30264282226562 -47.98841857910156 -5.699999809265137
vertex -68.30264282226562 -47.98841857910156 0
endloop
endfacet
facet normal 0 1 0
outer loop
vertex -68.24468231201172 -47.99995040893555 -5.699999809265137
vertex -68.24468231201172 -47.99995040893555 0
vertex -63.21513366699219 -47.99995040893555 -1.9500000476837158
endloop
endfacet
facet normal 0.9238810529457075 0.3826797616910655 0
outer loop
vertex -72.0091552734375 -44.95979309082031 -5.699999809265137
vertex -72.48848724365234 -43.80257034301758 -5.699999809265137
vertex -72.48848724365234 -43.80257034301758 0
endloop
endfacet
facet normal 1 0 0
outer loop
vertex -72.50001525878906 40.564453125 -1
vertex -72.50001525878906 40.59400177001953 -5.699999809265137
vertex -72.50001525878906 40.564453125 0
endloop
endfacet
facet normal 0.9914340507630054 -0.13060652578054935 -0.0006770607011689105
outer loop
vertex -72.50001525878906 40.564453125 0
vertex -72.50001525878906 40.59400177001953 -5.699999809265137
vertex -72.48848724365234 40.65196228027344 0
endloop
endfacet
facet normal 0.9238810529457075 -0.3826797616910655 0
outer loop
vertex -72.48848724365234 40.65196228027344 0
vertex -72.48848724365234 40.65196228027344 -5.699999809265137
vertex -72.0091552734375 41.80918502807617 0
endloop
endfacet
facet normal 0.8314141711471243 -0.5556531976113701 0
outer loop
vertex -72.0091552734375 41.80918502807617 0
vertex -72.0091552734375 41.80918502807617 -5.699999809265137
vertex -71.976318359375 41.85831832885742 0
endloop
endfacet
facet normal 0.7071078113215028 -0.7071057510500915 0
outer loop
vertex -71.976318359375 41.85831832885742 0
vertex -71.976318359375 41.85831832885742 -5.699999809265137
vertex -69.35783386230469 44.476810455322266 0
endloop
endfacet
facet normal 0.5553548070089399 -0.8316135150008465 0
outer loop
vertex -69.35783386230469 44.476810455322266 0
vertex -69.35783386230469 44.476810455322266 -5.699999809265137
vertex -69.30863952636719 44.50966262817383 0
endloop
endfacet
facet normal 0.3823199942809117 -0.9240299897584728 0
outer loop
vertex -69.30863952636719 44.50966262817383 0
vertex -69.30863952636719 44.50966262817383 -5.699999809265137
vertex -68.15003967285156 44.989036560058594 0
endloop
endfacet
facet normal 0.19454104268835323 -0.9808943789775372 0
outer loop
vertex -68.15003967285156 44.989036560058594 0
vertex -68.15003967285156 44.989036560058594 -5.699999809265137
vertex -68.09201049804688 45.000545501708984 0
endloop
endfacet
facet normal 0.9807881693180572 0.1950731767591924 -0.0010112540782054487
outer loop
vertex -72.48848724365234 -43.80257034301758 -5.699999809265137
vertex -72.50001525878906 -43.74460983276367 -5.699999809265137
vertex -72.50001525878906 -43.71506118774414 0
endloop
endfacet
facet normal 1 0 0
outer loop
vertex -72.50001525878906 -43.74460983276367 -5.699999809265137
vertex -72.50001525878906 -24.715063095092773 -1
vertex -72.50001525878906 -43.71506118774414 -1
endloop
endfacet
facet normal -0.38158507279816867 0.9243337234016815 0
outer loop
vertex 70.19776916503906 -47.95455551147461 0
vertex 70.19776916503906 -47.95455551147461 -5.699999809265137
vertex 70.08780670166016 -47.99995040893555 0
endloop
endfacet
facet normal 0 1 0
outer loop
vertex 70.08780670166016 -47.99995040893555 0
vertex 65.0283203125 -47.99995040893555 -0.44999998807907104
vertex 65.0283203125 -47.99995040893555 0
endloop
endfacet
facet normal -0.9999881223617672 0.004873924023567903 0
outer loop
vertex 72.08389282226562 -45.95430374145508 0
vertex 72.08389282226562 -45.95430374145508 -1
vertex 72.08360290527344 -46.01378631591797 0
endloop
endfacet
facet normal -0.9999882725590028 0.004843009819429235 5.917872877138925e-7
outer loop
vertex 72.50279998779297 40.54233932495117 -5.699999809265137
vertex 72.08360290527344 -46.01378631591797 -5.699999809265137
vertex 72.17591094970703 -26.954526901245117 -1
endloop
endfacet
facet normal -0.9999882761424467 0.004842259168084699 -0.000010188592888747837
outer loop
vertex 72.50279998779297 40.54233932495117 -5.699999809265137
vertex 72.17591094970703 -26.954526901245117 -1
vertex 72.19281005859375 -23.464645385742188 -1
endloop
endfacet
facet normal -0.9999882761943495 0.004842259168336029 0
outer loop
vertex 72.19281005859375 -23.464645385742188 -1
vertex 72.17591094970703 -26.954526901245117 -1
vertex 72.19281005859375 -23.464645385742188 4.1892383451735775e-16
endloop
endfacet
facet normal -0.9999882761943495 0.004842259168336029 0
outer loop
vertex 72.19281005859375 -23.464645385742188 4.1892383451735775e-16
vertex 72.17591094970703 -26.954526901245117 -1
vertex 72.17591094970703 -26.954526901245117 0
endloop
endfacet
facet normal -0.9999882723188616 0.004843059424119626 3.9062752863094794e-7
outer loop
vertex 72.08360290527344 -46.01378631591797 -5.699999809265137
vertex 72.08389282226562 -45.95430374145508 -1
vertex 72.17591094970703 -26.954526901245117 -1
endloop
endfacet
facet normal 0 1 0
outer loop
vertex 70.08780670166016 -47.99995040893555 0
vertex 70.08780670166016 -47.99995040893555 -5.699999809265137
vertex 65.0283203125 -47.99995040893555 -1.9500000476837158
endloop
endfacet
facet normal -0.0007885841999078558 -0.9999996890674314 0
outer loop
vertex -68.09201049804688 45.000545501708984 0
vertex -61.014896392822266 44.994964599609375 -2.8499999046325684
vertex -61.014896392822266 44.994964599609375 -1.0499999523162842
endloop
endfacet
facet normal -0.9225010043715706 0.38599468511035684 0
outer loop
vertex 72.08360290527344 -46.01378631591797 -5.699999809265137
vertex 72.03768157958984 -46.12353515625 -5.699999809265137
vertex 72.03768157958984 -46.12353515625 0
endloop
endfacet
facet normal -0.7053918949170933 0.7088175185372273 0
outer loop
vertex 72.03768157958984 -46.12353515625 -5.699999809265137
vertex 70.19776916503906 -47.95455551147461 -5.699999809265137
vertex 70.19776916503906 -47.95455551147461 0
endloop
endfacet
facet normal -0.38158507279816867 0.9243337234016815 0
outer loop
vertex 70.19776916503906 -47.95455551147461 -5.699999809265137
vertex 70.08780670166016 -47.99995040893555 -5.699999809265137
vertex 70.08780670166016 -47.99995040893555 0
endloop
endfacet
facet normal 0 1 0
outer loop
vertex 57.028316497802734 -47.99995040893555 -1.9500000476837158
vertex 65.0283203125 -47.99995040893555 -1.9500000476837158
vertex 70.08780670166016 -47.99995040893555 -5.699999809265137
endloop
endfacet
facet normal 0 1 0
outer loop
vertex 70.08780670166016 -47.99995040893555 -5.699999809265137
vertex 45.385799407958984 -47.99995040893555 -4.375974655151367
vertex 57.028316497802734 -47.99995040893555 -1.9500000476837158
endloop
endfacet
facet normal -0.9999882656039124 0.004844445734989042 0
outer loop
vertex 72.28482818603516 -4.464868068695068 -1
vertex 72.3017349243164 -0.9749869108200073 2.5135429541645873e-15
vertex 72.3017349243164 -0.9749869108200073 -1
endloop
endfacet
facet normal -0.9999882656039124 0.004844445734989042 0
outer loop
vertex 72.3017349243164 -0.9749869108200073 2.5135429541645873e-15
vertex 72.28482818603516 -4.464868068695068 -1
vertex 72.28482818603516 -4.464868068695068 0
endloop
endfacet
facet normal -0.9999882742617695 0.004842657916824958 -0.0000018079275625259466
outer loop
vertex 72.50279998779297 40.54233932495117 -5.699999809265137
vertex 72.3017349243164 -0.9749869108200073 -1
vertex 72.39374542236328 18.024789810180664 -1
endloop
endfacet
facet normal 1 0 0
outer loop
vertex -72.50001525878906 21.564453125 -1
vertex -72.50001525878906 40.59400177001953 -5.699999809265137
vertex -72.50001525878906 40.564453125 -1
endloop
endfacet
facet normal -0.00078824835023452 -0.9999996893317321 -9.887276714305247e-7
outer loop
vertex -57.41489791870117 44.99212646484375 -2.8499999046325684
vertex -68.09201049804688 45.000545501708984 -5.699999809265137
vertex 68.39295959472656 44.8929557800293 0
endloop
endfacet
facet normal 0 1 0
outer loop
vertex 44.574005126953125 -47.99995040893555 -3.564180612564087
vertex 43.99998092651367 -47.99995040893555 -3.450000047683716
vertex 57.028316497802734 -47.99995040893555 -1.9500000476837158
endloop
endfacet
facet normal -0.0007882896422820862 -0.9999996892977008 0.0000019853517218249938
outer loop
vertex -68.09201049804688 45.000545501708984 0
vertex -61.014896392822266 44.994964599609375 -1.0499999523162842
vertex 68.39295959472656 44.8929557800293 0
endloop
endfacet
facet normal -0.0007882707484544923 -0.9999996893145653 0
outer loop
vertex -57.41489791870117 44.99212646484375 -1.0499999523162842
vertex -57.41489791870117 44.99212646484375 -2.8499999046325684
vertex 68.39295959472656 44.8929557800293 0
endloop
endfacet
facet normal 0 1 0
outer loop
vertex 57.028316497802734 -47.99995040893555 -1.9500000476837158
vertex 45.06064224243164 -47.99995040893555 -3.8893399238586426
vertex 44.574005126953125 -47.99995040893555 -3.564180612564087
endloop
endfacet
facet normal -0.0007883708573300503 -0.9999996891637102 0.000011994760651795032
outer loop
vertex 68.39295959472656 44.8929557800293 0
vertex -61.014896392822266 44.994964599609375 -1.0499999523162842
vertex -57.41489791870117 44.99212646484375 -1.0499999523162842
endloop
endfacet
facet normal 0 1 0
outer loop
vertex 45.385799407958984 -47.99995040893555 -4.375974655151367
vertex 45.06064224243164 -47.99995040893555 -3.8893399238586426
vertex 57.028316497802734 -47.99995040893555 -1.9500000476837158
endloop
endfacet
facet normal 0 1 0
outer loop
vertex 57.028316497802734 -47.99995040893555 -0.44999998807907104
vertex -55.21513366699219 -47.99995040893555 -0.44999998807907104
vertex 57.028316497802734 -47.99995040893555 0
endloop
endfacet
facet normal 0 1 0
outer loop
vertex 57.028316497802734 -47.99995040893555 -1.9500000476837158
vertex -55.21513366699219 -47.99995040893555 -0.44999998807907104
vertex 57.028316497802734 -47.99995040893555 -0.44999998807907104
endloop
endfacet
facet normal 0 1 0
outer loop
vertex 43.99998092651367 -47.99995040893555 -3.450000047683716
vertex -55.21513366699219 -47.99995040893555 -0.44999998807907104
vertex 57.028316497802734 -47.99995040893555 -1.9500000476837158
endloop
endfacet
facet normal 0 1 0
outer loop
vertex 70.08780670166016 -47.99995040893555 -5.699999809265137
vertex 45.49998092651367 -47.99995040893555 -5.699999809265137
vertex 45.49998092651367 -47.99995040893555 -4.949999809265137
endloop
endfacet
facet normal 0 1 0
outer loop
vertex 31.999980926513672 -47.99995040893555 -3.450000047683716
vertex -55.21513366699219 -47.99995040893555 -0.44999998807907104
vertex 43.99998092651367 -47.99995040893555 -3.450000047683716
endloop
endfacet
facet normal -0.9999882656063174 0.004844445238562979 0
outer loop
vertex 72.39374542236328 18.024789810180664 -1
vertex 72.39374542236328 18.024789810180664 0
vertex 72.41065216064453 21.514671325683594 -1
endloop
endfacet
facet normal 0 1 0
outer loop
vertex -55.21513366699219 -47.99995040893555 -0.44999998807907104
vertex -55.21513366699219 -47.99995040893555 0
vertex 57.028316497802734 -47.99995040893555 0
endloop
endfacet
facet normal 0 1 0
outer loop
vertex -55.21513366699219 -47.99995040893555 -0.44999998807907104
vertex 30.61416244506836 -47.99995040893555 -4.375974655151367
vertex -55.21513366699219 -47.99995040893555 -1.9500000476837158
endloop
endfacet
facet normal 0 1 0
outer loop
vertex 30.499980926513672 -47.99995040893555 -5.699999809265137
vertex -63.21513366699219 -47.99995040893555 -1.9500000476837158
vertex 30.499980926513672 -47.99995040893555 -4.949999809265137
endloop
endfacet
facet normal 1 0 0
outer loop
vertex -72.50001525878906 -24.715063095092773 -1
vertex -72.50001525878906 -43.74460983276367 -5.699999809265137
vertex -72.50001525878906 -21.955223083496094 -1
endloop
endfacet
facet normal 0.7071067811865476 0.7071067811865476 0
outer loop
vertex -69.50899505615234 -47.47624969482422 0
vertex -69.50899505615234 -47.47624969482422 -5.699999809265137
vertex -71.976318359375 -45.00892639160156 0
endloop
endfacet
facet normal 0.9238810529457075 0.3826797616910655 0
outer loop
vertex -72.0091552734375 -44.95979309082031 0
vertex -72.0091552734375 -44.95979309082031 -5.699999809265137
vertex -72.48848724365234 -43.80257034301758 0
endloop
endfacet
facet normal 0.8314141711471243 0.5556531976113701 0
outer loop
vertex -71.976318359375 -45.00892639160156 0
vertex -71.976318359375 -45.00892639160156 -5.699999809265137
vertex -72.0091552734375 -44.95979309082031 0
endloop
endfacet
facet normal 0.5556085745080036 0.8314439920603097 0
outer loop
vertex -69.4598617553711 -47.50908279418945 0
vertex -69.4598617553711 -47.50908279418945 -5.699999809265137
vertex -69.50899505615234 -47.47624969482422 0
endloop
endfacet
facet normal 0.3826834379426456 0.9238795302009875 0
outer loop
vertex -68.30264282226562 -47.98841857910156 0
vertex -68.30264282226562 -47.98841857910156 -5.699999809265137
vertex -69.4598617553711 -47.50908279418945 0
endloop
endfacet
facet normal 0.19513536998294492 0.9807763187300249 0
outer loop
vertex -68.24468231201172 -47.99995040893555 0
vertex -68.24468231201172 -47.99995040893555 -5.699999809265137
vertex -68.30264282226562 -47.98841857910156 0
endloop
endfacet
facet normal 0 1 0
outer loop
vertex -63.21513366699219 -47.99995040893555 -1.9500000476837158
vertex -55.21513366699219 -47.99995040893555 -1.9500000476837158
vertex 30.499980926513672 -47.99995040893555 -4.949999809265137
endloop
endfacet
facet normal 0 1 0
outer loop
vertex -68.24468231201172 -47.99995040893555 -5.699999809265137
vertex -63.21513366699219 -47.99995040893555 -1.9500000476837158
vertex 30.499980926513672 -47.99995040893555 -5.699999809265137
endloop
endfacet
facet normal 0 1 0
outer loop
vertex 31.42595672607422 -47.99995040893555 -3.564180612564087
vertex -55.21513366699219 -47.99995040893555 -0.44999998807907104
vertex 31.999980926513672 -47.99995040893555 -3.450000047683716
endloop
endfacet
facet normal 0 1 0
outer loop
vertex 30.939321517944336 -47.99995040893555 -3.8893399238586426
vertex -55.21513366699219 -47.99995040893555 -0.44999998807907104
vertex 31.42595672607422 -47.99995040893555 -3.564180612564087
endloop
endfacet
facet normal -0.0007883708573867609 -0.9999996892356442 -7.990465617842956e-8
outer loop
vertex 68.39295959472656 44.8929557800293 0
vertex 59.228553771972656 44.90018081665039 -1.0499999523162842
vertex 62.82855224609375 44.897342681884766 -1.0499999523162842
endloop
endfacet
facet normal 1 0 0
outer loop
vertex -72.50001525878906 -43.71506118774414 0
vertex -72.50001525878906 -43.74460983276367 -5.699999809265137
vertex -72.50001525878906 -43.71506118774414 -1
endloop
endfacet
facet normal 0.9914342780053166 0.1306065557163063 0
outer loop
vertex -72.48848724365234 -43.80257034301758 0
vertex -72.48848724365234 -43.80257034301758 -5.699999809265137
vertex -72.50001525878906 -43.71506118774414 0
endloop
endfacet
facet normal 0 1 0
outer loop
vertex 30.61416244506836 -47.99995040893555 -4.375974655151367
vertex -55.21513366699219 -47.99995040893555 -0.44999998807907104
vertex 30.939321517944336 -47.99995040893555 -3.8893399238586426
endloop
endfacet
facet normal 1 0 0
outer loop
vertex -72.50001525878906 18.804615020751953 0
vertex -72.50001525878906 21.564453125 -1
vertex -72.50001525878906 21.564453125 0
endloop
endfacet
facet normal 0 1 0
outer loop
vertex 30.499980926513672 -47.99995040893555 -4.949999809265137
vertex -55.21513366699219 -47.99995040893555 -1.9500000476837158
vertex 30.61416244506836 -47.99995040893555 -4.375974655151367
endloop
endfacet
facet normal -0.740600101404616 -0.6719460467920563 0
outer loop
vertex 69.72177124023438 44.30372619628906 0
vertex 69.72177124023438 44.30372619628906 -5.699999809265137
vertex 72.04082489013672 41.74773025512695 0
endloop
endfacet
facet normal 1 0 0
outer loop
vertex -72.50001525878906 -2.95522403717041 0
vertex -72.50001525878906 -2.95522403717041 -1
vertex -72.50001525878906 -0.19538506865501404 -1
endloop
endfacet
facet normal -0.8518367066562714 -0.5238074314029895 0
outer loop
vertex 72.04082489013672 41.74773025512695 0
vertex 72.04082489013672 41.74773025512695 -5.699999809265137
vertex 72.0700454711914 41.70021057128906 0
endloop
endfacet
facet normal -0.4053636157811353 -0.9141555332659996 0
outer loop
vertex 68.45431518554688 44.879940032958984 0
vertex 68.45431518554688 44.879940032958984 -5.699999809265137
vertex 69.67093658447266 44.3404541015625 0
endloop
endfacet
facet normal -0.20751831775084803 -0.9782311320939742 0
outer loop
vertex 68.39295959472656 44.8929557800293 0
vertex 68.39295959472656 44.8929557800293 -5.699999809265137
vertex 68.45431518554688 44.879940032958984 0
endloop
endfacet
facet normal -0.585637119994208 -0.8105733549068151 0
outer loop
vertex 69.67093658447266 44.3404541015625 0
vertex 69.67093658447266 44.3404541015625 -5.699999809265137
vertex 69.72177124023438 44.30372619628906 0
endloop
endfacet
facet normal -0.9337674507683588 -0.3578803541486466 0
outer loop
vertex 72.0700454711914 41.70021057128906 0
vertex 72.0700454711914 41.70021057128906 -5.699999809265137
vertex 72.49278259277344 40.59722137451172 0
endloop
endfacet
facet normal -0.9929403591192926 -0.11861468388041323 0
outer loop
vertex 72.49278259277344 40.59722137451172 0
vertex 72.49278259277344 40.59722137451172 -5.699999809265137
vertex 72.50267028808594 40.51445007324219 0
endloop
endfacet
facet normal -0.9999891864765549 0.004650476315169316 0
outer loop
vertex 72.50267028808594 40.51445007324219 0
vertex 72.50279998779297 40.54233932495117 -5.699999809265137
vertex 72.50267028808594 40.51445007324219 -1
endloop
endfacet
facet normal -0.0007883859353326744 -0.9999996892237601 0
outer loop
vertex 62.82855224609375 44.897342681884766 -1.0499999523162842
vertex 62.82855224609375 44.897342681884766 -2.8499999046325684
vertex 68.39295959472656 44.8929557800293 0
endloop
endfacet
facet normal -0.0007883859353326744 -0.9999996892237603 0
outer loop
vertex 62.82855224609375 44.897342681884766 -2.8499999046325684
vertex 68.39295959472656 44.8929557800293 -5.699999809265137
vertex 68.39295959472656 44.8929557800293 0
endloop
endfacet
facet normal 1 0 0
outer loop
vertex -72.50001525878906 -24.715063095092773 0
vertex -72.50001525878906 -21.955223083496094 -1
vertex -72.50001525878906 -21.955223083496094 0
endloop
endfacet
facet normal -0.8518367066562714 -0.5238074314029895 0
outer loop
vertex 72.04082489013672 41.74773025512695 -5.699999809265137
vertex 72.0700454711914 41.70021057128906 -5.699999809265137
vertex 72.0700454711914 41.70021057128906 0
endloop
endfacet
facet normal -0.740600101404616 -0.6719460467920563 0
outer loop
vertex 69.72177124023438 44.30372619628906 -5.699999809265137
vertex 72.04082489013672 41.74773025512695 -5.699999809265137
vertex 72.04082489013672 41.74773025512695 0
endloop
endfacet
facet normal 1 0 0
outer loop
vertex -72.50001525878906 -24.715063095092773 0
vertex -72.50001525878906 -24.715063095092773 -1
vertex -72.50001525878906 -21.955223083496094 -1
endloop
endfacet
facet normal -0.4053636157811353 -0.9141555332659996 0
outer loop
vertex 68.45431518554688 44.879940032958984 -5.699999809265137
vertex 69.67093658447266 44.3404541015625 -5.699999809265137
vertex 69.67093658447266 44.3404541015625 0
endloop
endfacet
facet normal -0.20751831775084803 -0.9782311320939742 0
outer loop
vertex 68.39295959472656 44.8929557800293 -5.699999809265137
vertex 68.45431518554688 44.879940032958984 -5.699999809265137
vertex 68.45431518554688 44.879940032958984 0
endloop
endfacet
facet normal -0.585637119994208 -0.8105733549068151 0
outer loop
vertex 69.67093658447266 44.3404541015625 -5.699999809265137
vertex 69.72177124023438 44.30372619628906 -5.699999809265137
vertex 69.72177124023438 44.30372619628906 0
endloop
endfacet
facet normal -0.9337674507683588 -0.3578803541486466 0
outer loop
vertex 72.0700454711914 41.70021057128906 -5.699999809265137
vertex 72.49278259277344 40.59722137451172 -5.699999809265137
vertex 72.49278259277344 40.59722137451172 0
endloop
endfacet
facet normal -0.9837467475487014 -0.17955925203745673 -0.0009009412304457035
outer loop
vertex 72.49278259277344 40.59722137451172 -5.699999809265137
vertex 72.50279998779297 40.54233932495117 -5.699999809265137
vertex 72.50267028808594 40.51445007324219 0
endloop
endfacet
facet normal -0.0007883708573867631 -0.999999689235647 2.9438557187607e-8
outer loop
vertex 59.228553771972656 44.90018081665039 -2.8499999046325684
vertex 68.39295959472656 44.8929557800293 -5.699999809265137
vertex 62.82855224609375 44.897342681884766 -2.8499999046325684
endloop
endfacet
facet normal 1 0 0
outer loop
vertex -72.50001525878906 -0.19538506865501404 -1
vertex -72.50001525878906 -43.74460983276367 -5.699999809265137
vertex -72.50001525878906 18.804615020751953 -1
endloop
endfacet
facet normal 1 0 0
outer loop
vertex -72.50001525878906 -2.95522403717041 -1
vertex -72.50001525878906 -43.74460983276367 -5.699999809265137
vertex -72.50001525878906 -0.19538506865501404 -1
endloop
endfacet
facet normal 1 0 0
outer loop
vertex -72.50001525878906 18.804615020751953 0
vertex -72.50001525878906 18.804615020751953 -1
vertex -72.50001525878906 21.564453125 -1
endloop
endfacet
facet normal 1 0 0
outer loop
vertex -72.50001525878906 -21.955223083496094 -1
vertex -72.50001525878906 -43.74460983276367 -5.699999809265137
vertex -72.50001525878906 -2.95522403717041 -1
endloop
endfacet
facet normal -0.9999882656063174 0.004844445238562979 0
outer loop
vertex 72.41065216064453 21.514671325683594 0
vertex 72.41065216064453 21.514671325683594 -1
vertex 72.39374542236328 18.024789810180664 0
endloop
endfacet
facet normal 0 1 0
outer loop
vertex 70.08780670166016 -47.99995040893555 0
vertex 65.0283203125 -47.99995040893555 -1.9500000476837158
vertex 65.0283203125 -47.99995040893555 -0.44999998807907104
endloop
endfacet
facet normal 1 0 0
outer loop
vertex -72.50001525878906 -0.19538506865501404 0
vertex -72.50001525878906 -2.95522403717041 0
vertex -72.50001525878906 -0.19538506865501404 -1
endloop
endfacet
facet normal -0.000788283137537122 -0.9999996893047993 0
outer loop
vertex -68.09201049804688 45.000545501708984 -5.699999809265137
vertex 59.228553771972656 44.90018081665039 -2.8499999046325684
vertex 59.228553771972656 44.90018081665039 -1.0499999523162842
endloop
endfacet
facet normal -0.0007882896422836065 -0.9999996892996295 2.905924699755171e-7
outer loop
vertex 59.228553771972656 44.90018081665039 -2.8499999046325684
vertex -68.09201049804688 45.000545501708984 -5.699999809265137
vertex 68.39295959472656 44.8929557800293 -5.699999809265137
endloop
endfacet
facet normal 0 1 0
outer loop
vertex -63.21513366699219 -47.99995040893555 -0.44999998807907104
vertex -63.21513366699219 -47.99995040893555 -1.9500000476837158
vertex -68.24468231201172 -47.99995040893555 0
endloop
endfacet
facet normal 0 1 0
outer loop
vertex -63.21513366699219 -47.99995040893555 -0.44999998807907104
vertex -68.24468231201172 -47.99995040893555 0
vertex -63.21513366699219 -47.99995040893555 0
endloop
endfacet
facet normal -0.0007882378078420556 -0.9999996893397608 -0.00000124116258935157
outer loop
vertex 68.39295959472656 44.8929557800293 0
vertex -68.09201049804688 45.000545501708984 -5.699999809265137
vertex 59.228553771972656 44.90018081665039 -1.0499999523162842
endloop
endfacet
facet normal 1 0 0
outer loop
vertex -72.50001525878906 -43.74460983276367 -5.699999809265137
vertex -72.50001525878906 40.59400177001953 -5.699999809265137
vertex -72.50001525878906 21.564453125 -1
endloop
endfacet
facet normal -0.9999882723192758 0.004843059302575434 7.082971831456938e-7
outer loop
vertex 72.50279998779297 40.54233932495117 -5.699999809265137
vertex 72.19281005859375 -23.464645385742188 -1
vertex 72.28482818603516 -4.464868068695068 -1
endloop
endfacet
facet normal -0.9999882723206396 0.004843058937943482 0.0000011427880904359684
outer loop
vertex 72.50279998779297 40.54233932495117 -5.699999809265137
vertex 72.41065216064453 21.514671325683594 -1
vertex 72.50267028808594 40.51445007324219 -1
endloop
endfacet
facet normal -0.9999882655835007 0.004844445238452443 0.000006755274838291932
outer loop
vertex 72.50279998779297 40.54233932495117 -5.699999809265137
vertex 72.39374542236328 18.024789810180664 -1
vertex 72.41065216064453 21.514671325683594 -1
endloop
endfacet
facet normal -0.9999882655061222 0.004844445734515297 0.000013985088132567773
outer loop
vertex 72.50279998779297 40.54233932495117 -5.699999809265137
vertex 72.28482818603516 -4.464868068695068 -1
vertex 72.3017349243164 -0.9749869108200073 -1
endloop
endfacet
facet normal 0 0.894427190999916 0.447213595499958
outer loop
vertex 66.78993225097656 -37.699947357177734 6.199999809265137
vertex -66.78997039794922 -37.699947357177734 6.199999809265137
vertex -66.78997039794922 -38.199947357177734 7.199999809265137
endloop
endfacet
facet normal 0 0.894427190999916 0.447213595499958
outer loop
vertex 66.78993225097656 -37.699947357177734 6.199999809265137
vertex -66.78997039794922 -38.199947357177734 7.199999809265137
vertex 66.78993225097656 -38.199947357177734 7.199999809265137
endloop
endfacet
facet normal -0.4895222559310033 0.7540147596057675 0.43798367919921183
outer loop
vertex 67.14213562011719 -38.05215835571289 7.199999809265137
vertex 66.78993225097656 -37.699947357177734 6.199999809265137
vertex 66.9609375 -38.169795989990234 7.199999809265137
endloop
endfacet
facet normal -0.0780043261152452 0.8917018896951184 0.4458509448475592
outer loop
vertex 66.87675476074219 -38.192352294921875 7.199999809265137
vertex 66.78993225097656 -37.699947357177734 6.199999809265137
vertex 66.78993225097656 -38.199947357177734 7.199999809265137
endloop
endfacet
facet normal -0.23166700686320424 0.8646080682322325 0.4458511929767278
outer loop
vertex 66.9609375 -38.169795989990234 7.199999809265137
vertex 66.78993225097656 -37.699947357177734 6.199999809265137
vertex 66.87675476074219 -38.192352294921875 7.199999809265137
endloop
endfacet
facet normal -0.6329367974285491 0.6329367974285491 0.44584977393936553
outer loop
vertex 67.19998168945312 -37.28989791870117 6.199999809265137
vertex 66.78993225097656 -37.699947357177734 6.199999809265137
vertex 67.14213562011719 -38.05215835571289 7.199999809265137
endloop
endfacet
facet normal -0.6329331720100386 0.6329390601438893 0.44585170843396005
outer loop
vertex 67.55219268798828 -37.64210510253906 7.199999809265137
vertex 67.19998168945312 -37.28989791870117 6.199999809265137
vertex 67.14213562011719 -38.05215835571289 7.199999809265137
endloop
endfacet
facet normal -0.8916994025120991 0.0780398580819868 0.44584970125604956
outer loop
vertex 67.69998168945312 -37.28989791870117 7.199999809265137
vertex 67.19998168945312 -37.28989791870117 6.199999809265137
vertex 67.6923828125 -37.37672424316406 7.199999809265137
endloop
endfacet
facet normal -0.8646181574773113 0.23163053049691248 0.44585057934498434
outer loop
vertex 67.6923828125 -37.37672424316406 7.199999809265137
vertex 67.19998168945312 -37.28989791870117 6.199999809265137
vertex 67.66983032226562 -37.460906982421875 7.199999809265137
endloop
endfacet
facet normal -0.7540141429103983 0.48952185555938654 0.43798518835777156
outer loop
vertex 67.19998168945312 -37.28989791870117 6.199999809265137
vertex 67.55219268798828 -37.64210510253906 7.199999809265137
vertex 67.66983032226562 -37.460906982421875 7.199999809265137
endloop
endfacet
facet normal -0.8944271909999159 0 0.4472135954999579
outer loop
vertex 67.19998168945312 39.290000915527344 6.199999809265137
vertex 67.69998168945312 -37.28989791870117 7.199999809265137
vertex 67.69998168945312 39.290000915527344 7.199999809265137
endloop
endfacet
facet normal -0.8944271909999159 0 0.4472135954999579
outer loop
vertex 67.19998168945312 39.290000915527344 6.199999809265137
vertex 67.19998168945312 -37.28989791870117 6.199999809265137
vertex 67.69998168945312 -37.28989791870117 7.199999809265137
endloop
endfacet
facet normal -0.7540141429103983 -0.48952185555938654 0.43798518835777156
outer loop
vertex 67.55219268798828 39.642208099365234 7.199999809265137
vertex 67.19998168945312 39.290000915527344 6.199999809265137
vertex 67.66983032226562 39.46100997924805 7.199999809265137
endloop
endfacet
facet normal -0.8646209513488825 -0.231620783197 0.44585022516509043
outer loop
vertex 67.66983032226562 39.46100997924805 7.199999809265137
vertex 67.19998168945312 39.290000915527344 6.199999809265137
vertex 67.6923828125 39.37682342529297 7.199999809265137
endloop
endfacet
facet normal -0.8916991639021621 -0.07804326601463563 0.44584958195108104
outer loop
vertex 67.6923828125 39.37682342529297 7.199999809265137
vertex 67.19998168945312 39.290000915527344 6.199999809265137
vertex 67.69998168945312 39.290000915527344 7.199999809265137
endloop
endfacet
facet normal -0.6329361160792807 -0.6329361160792807 0.4458517084468227
outer loop
vertex 67.19998168945312 39.290000915527344 6.199999809265137
vertex 67.55219268798828 39.642208099365234 7.199999809265137
vertex 66.78993225097656 39.700050354003906 6.199999809265137
endloop
endfacet
facet normal -0.6329315905741295 -0.6329433669219614 0.4458478394281998
outer loop
vertex 67.14213562011719 40.0522575378418 7.199999809265137
vertex 66.78993225097656 39.700050354003906 6.199999809265137
vertex 67.55219268798828 39.642208099365234 7.199999809265137
endloop
endfacet
facet normal -0.0780043261152452 -0.8917018896951184 0.4458509448475592
outer loop
vertex 66.78993225097656 40.200050354003906 7.199999809265137
vertex 66.78993225097656 39.700050354003906 6.199999809265137
vertex 66.87675476074219 40.19245529174805 7.199999809265137
endloop
endfacet
facet normal -0.23166700686320424 -0.8646080682322325 0.4458511929767278
outer loop
vertex 66.87675476074219 40.19245529174805 7.199999809265137
vertex 66.78993225097656 39.700050354003906 6.199999809265137
vertex 66.9609375 40.169898986816406 7.199999809265137
endloop
endfacet
facet normal -0.4895337438573029 -0.7540080039307983 0.43798246955026143
outer loop
vertex 66.9609375 40.169898986816406 7.199999809265137
vertex 66.78993225097656 39.700050354003906 6.199999809265137
vertex 67.14213562011719 40.0522575378418 7.199999809265137
endloop
endfacet
facet normal 0 -0.894427190999916 0.447213595499958
outer loop
vertex 66.78993225097656 40.200050354003906 7.199999809265137
vertex -66.78997039794922 39.700050354003906 6.199999809265137
vertex 66.78993225097656 39.700050354003906 6.199999809265137
endloop
endfacet
facet normal 0 -0.894427190999916 0.447213595499958
outer loop
vertex -66.78997039794922 40.200050354003906 7.199999809265137
vertex -66.78997039794922 39.700050354003906 6.199999809265137
vertex 66.78993225097656 40.200050354003906 7.199999809265137
endloop
endfacet
facet normal 0.23166700686320424 -0.8646080682322325 0.4458511929767278
outer loop
vertex -66.96097564697266 40.169898986816406 7.199999809265137
vertex -66.78997039794922 39.700050354003906 6.199999809265137
vertex -66.87679290771484 40.19245529174805 7.199999809265137
endloop
endfacet
facet normal 0.0780043261152452 -0.8917018896951184 0.4458509448475592
outer loop
vertex -66.87679290771484 40.19245529174805 7.199999809265137
vertex -66.78997039794922 39.700050354003906 6.199999809265137
vertex -66.78997039794922 40.200050354003906 7.199999809265137
endloop
endfacet
facet normal 0.4828385837195014 -0.7579137172903306 0.4386726561057787
outer loop
vertex -67.14352416992188 40.05360412597656 7.199999809265137
vertex -66.78997039794922 39.700050354003906 6.199999809265137
vertex -66.96097564697266 40.169898986816406 7.199999809265137
endloop
endfacet
facet normal 0.6350162282615365 -0.6308532492325514 0.4458459013798652
outer loop
vertex -67.5522232055664 39.642208099365234 7.199999809265137
vertex -67.20001983642578 39.290000915527344 6.199999809265137
vertex -67.14352416992188 40.05360412597656 7.199999809265137
endloop
endfacet
facet normal 0.6324553955872105 -0.6324553955872105 0.44721398142863344
outer loop
vertex -66.78997039794922 39.700050354003906 6.199999809265137
vertex -67.14352416992188 40.05360412597656 7.199999809265137
vertex -67.20001983642578 39.290000915527344 6.199999809265137
endloop
endfacet
facet normal 0.8646209513488825 -0.231620783197 0.44585022516509043
outer loop
vertex -67.69242095947266 39.37682342529297 7.199999809265137
vertex -67.20001983642578 39.290000915527344 6.199999809265137
vertex -67.66986846923828 39.46100997924805 7.199999809265137
endloop
endfacet
facet normal 0.7540006315320097 -0.48954483108309854 0.4379827690779068
outer loop
vertex -67.66986846923828 39.46100997924805 7.199999809265137
vertex -67.20001983642578 39.290000915527344 6.199999809265137
vertex -67.5522232055664 39.642208099365234 7.199999809265137
endloop
endfacet
facet normal 0.8916991639021621 -0.07804326601463563 0.44584958195108104
outer loop
vertex -67.70001983642578 39.290000915527344 7.199999809265137
vertex -67.20001983642578 39.290000915527344 6.199999809265137
vertex -67.69242095947266 39.37682342529297 7.199999809265137
endloop
endfacet
facet normal 0.8944271909999159 0 0.4472135954999579
outer loop
vertex -67.70001983642578 -37.28989791870117 7.199999809265137
vertex -67.20001983642578 -37.28989791870117 6.199999809265137
vertex -67.70001983642578 39.290000915527344 7.199999809265137
endloop
endfacet
facet normal 0.8944271909999159 0 0.4472135954999579
outer loop
vertex -67.70001983642578 39.290000915527344 7.199999809265137
vertex -67.20001983642578 -37.28989791870117 6.199999809265137
vertex -67.20001983642578 39.290000915527344 6.199999809265137
endloop
endfacet
facet normal 0.7579088387794918 0.4828455657750107 0.43867339982193143
outer loop
vertex -67.66986846923828 -37.460906982421875 7.199999809265137
vertex -67.55357360839844 -37.64345169067383 7.199999809265137
vertex -67.20001983642578 -37.28989791870117 6.199999809265137
endloop
endfacet
facet normal 0.8916994025120991 0.0780398580819868 0.44584970125604956
outer loop
vertex -67.70001983642578 -37.28989791870117 7.199999809265137
vertex -67.69242095947266 -37.37672424316406 7.199999809265137
vertex -67.20001983642578 -37.28989791870117 6.199999809265137
endloop
endfacet
facet normal 0.8646181574773113 0.23163053049691248 0.44585057934498434
outer loop
vertex -67.66986846923828 -37.460906982421875 7.199999809265137
vertex -67.20001983642578 -37.28989791870117 6.199999809265137
vertex -67.69242095947266 -37.37672424316406 7.199999809265137
endloop
endfacet
facet normal 0.6308555443602067 0.6350125726812662 0.4458478604711551
outer loop
vertex -67.14217376708984 -38.05215835571289 7.199999809265137
vertex -66.78997039794922 -37.699947357177734 6.199999809265137
vertex -67.55357360839844 -37.64345169067383 7.199999809265137
endloop
endfacet
facet normal 0.6324553955872105 0.6324553955872105 0.44721398142863344
outer loop
vertex -66.78997039794922 -37.699947357177734 6.199999809265137
vertex -67.20001983642578 -37.28989791870117 6.199999809265137
vertex -67.55357360839844 -37.64345169067383 7.199999809265137
endloop
endfacet
facet normal 0.4895222559310033 0.7540147596057675 0.43798367919921183
outer loop
vertex -66.96097564697266 -38.169795989990234 7.199999809265137
vertex -66.78997039794922 -37.699947357177734 6.199999809265137
vertex -67.14217376708984 -38.05215835571289 7.199999809265137
endloop
endfacet
facet normal 0.23166700686320424 0.8646080682322325 0.4458511929767278
outer loop
vertex -66.87679290771484 -38.192352294921875 7.199999809265137
vertex -66.78997039794922 -37.699947357177734 6.199999809265137
vertex -66.96097564697266 -38.169795989990234 7.199999809265137
endloop
endfacet
facet normal 0.0780043261152452 0.8917018896951184 0.4458509448475592
outer loop
vertex -66.78997039794922 -38.199947357177734 7.199999809265137
vertex -66.78997039794922 -37.699947357177734 6.199999809265137
vertex -66.87679290771484 -38.192352294921875 7.199999809265137
endloop
endfacet
facet normal 0 -0.8660252735598842 0.5000002255554769
outer loop
vertex 70.13664245605469 -48.76789855957031 7.199999809265137
vertex -68.40644073486328 -50.49995040893555 4.199999809265137
vertex 70.42999267578125 -50.49995040893555 4.199999809265137
endloop
endfacet
facet normal 0 -0.8660252735598842 0.5000002255554769
outer loop
vertex -68.05989074707031 -48.76789855957031 7.199999809265137
vertex -68.40644073486328 -50.49995040893555 4.199999809265137
vertex 70.13664245605469 -48.76789855957031 7.199999809265137
endloop
endfacet
facet normal 0.28516954070866773 -0.8177277631098501 0.49999963849123763
outer loop
vertex 71.34184265136719 -50.18195724487305 4.199999809265137
vertex 70.42681121826172 -48.666709899902344 7.199999809265137
vertex 70.42999267578125 -50.49995040893555 4.199999809265137
endloop
endfacet
facet normal 0.2851615752729477 -0.8177297890640142 0.5000008680644202
outer loop
vertex 70.13664245605469 -48.76789855957031 7.199999809265137
vertex 70.42999267578125 -50.49995040893555 4.199999809265137
vertex 70.42681121826172 -48.666709899902344 7.199999809265137
endloop
endfacet
facet normal 0.5909445586846601 -0.6330756597170241 0.49999973763477834
outer loop
vertex 71.96733093261719 -49.59809112548828 4.199999809265137
vertex 74.03145599365234 -47.67133331298828 4.199999809265137
vertex 72.61573028564453 -46.62345886230469 7.199999809265137
endloop
endfacet
facet normal 0.5909474520340456 -0.6330744220461554 0.49999788508092274
outer loop
vertex 71.96733093261719 -49.59809112548828 4.199999809265137
vertex 72.61573028564453 -46.62345886230469 7.199999809265137
vertex 71.34184265136719 -50.18195724487305 4.199999809265137
endloop
endfacet
facet normal 0.5909452619107944 -0.6330750983476471 0.49999961727715325
outer loop
vertex 70.42681121826172 -48.666709899902344 7.199999809265137
vertex 71.34184265136719 -50.18195724487305 4.199999809265137
vertex 72.61573028564453 -46.62345886230469 7.199999809265137
endloop
endfacet
facet normal 0.7780850901823507 -0.380241369106321 0.5000000936560649
outer loop
vertex 72.61573028564453 -46.62345886230469 7.199999809265137
vertex 74.03145599365234 -47.67133331298828 4.199999809265137
vertex 74.46803283691406 -46.77796936035156 4.199999809265137
endloop
endfacet
facet normal 0.7780888233492937 -0.38023137565454784 0.5000018839432123
outer loop
vertex 72.61573028564453 -46.62345886230469 7.199999809265137
vertex 74.46803283691406 -46.77796936035156 4.199999809265137
vertex 72.7384262084961 -46.372379302978516 7.199999809265137
endloop
endfacet
facet normal 0.8660083583415281 -0.005302002041119749 0.5000014120549734
outer loop
vertex 72.7384262084961 -46.372379302978516 7.199999809265137
vertex 74.46803283691406 -46.77796936035156 4.199999809265137
vertex 73.26982116699219 40.42360305786133 7.199999809265137
endloop
endfacet
facet normal 0.866009042611039 -0.0053019518837858085 0.5000002274220818
outer loop
vertex 73.26982116699219 40.42360305786133 7.199999809265137
vertex 74.46803283691406 -46.77796936035156 4.199999809265137
vertex 75.00352478027344 40.68809509277344 4.199999809265137
endloop
endfacet
facet normal 0.825034268747913 0.2632829208676498 0.5000005589706827
outer loop
vertex 72.81439971923828 41.8507194519043 7.199999809265137
vertex 74.57880401611328 42.01900863647461 4.199999809265137
vertex 74.35841369628906 42.709632873535156 4.199999809265137
endloop
endfacet
facet normal 0.8250338389504576 0.2632845718607417 0.5000003988066174
outer loop
vertex 72.81439971923828 41.8507194519043 7.199999809265137
vertex 75.00352478027344 40.68809509277344 4.199999809265137
vertex 74.57880401611328 42.01900863647461 4.199999809265137
endloop
endfacet
facet normal 0.8250338238169154 0.26328483090590005 0.5000002873728082
outer loop
vertex 73.26982116699219 40.42360305786133 7.199999809265137
vertex 75.00352478027344 40.68809509277344 4.199999809265137
vertex 72.81439971923828 41.8507194519043 7.199999809265137
endloop
endfacet
facet normal 0.658782402547478 0.5621439016187657 0.4999999799666037
outer loop
vertex 74.02822875976562 43.096580505371094 4.199999809265137
vertex 71.46057891845703 46.10563659667969 4.199999809265137
vertex 70.35985565185547 44.727230072021484 7.199999809265137
endloop
endfacet
facet normal 0.6587824276935853 0.5621433397555696 0.5000005785302655
outer loop
vertex 74.35841369628906 42.709632873535156 4.199999809265137
vertex 74.02822875976562 43.096580505371094 4.199999809265137
vertex 72.81439971923828 41.8507194519043 7.199999809265137
endloop
endfacet
facet normal 0.6587825664828549 0.562143184505204 0.500000570212286
outer loop
vertex 72.81439971923828 41.8507194519043 7.199999809265137
vertex 74.02822875976562 43.096580505371094 4.199999809265137
vertex 70.35985565185547 44.727230072021484 7.199999809265137
endloop
endfacet
facet normal 0.40246281395770667 0.7668270975031735 0.49999988591609007
outer loop
vertex 70.35985565185547 44.727230072021484 7.199999809265137
vertex 71.46057891845703 46.10563659667969 4.199999809265137
vertex 68.91546630859375 45.48530578613281 7.199999809265137
endloop
endfacet
facet normal 0.40246280771337195 0.7668271034348851 0.49999988184511956
outer loop
vertex 71.46057891845703 46.10563659667969 4.199999809265137
vertex 69.84404754638672 46.95405960083008 4.199999809265137
vertex 68.91546630859375 45.48530578613281 7.199999809265137
endloop
endfacet
facet normal 0.4024630513454223 0.7668269692359617 0.4999998915541097
outer loop
vertex 69.84404754638672 46.95405960083008 4.199999809265137
vertex 69.34406280517578 47.21647262573242 4.199999809265137
vertex 68.91546630859375 45.48530578613281 7.199999809265137
endloop
endfacet
facet normal 0.0017882298876001324 0.8660238904062826 0.4999994234791038
outer loop
vertex 69.34406280517578 47.21647262573242 4.199999809265137
vertex -67.96942138671875 45.7679557800293 7.199999809265137
vertex 68.91546630859375 45.48530578613281 7.199999809265137
endloop
endfacet
facet normal 0.0017882614643659153 0.8660232378137332 0.5000005536872465
outer loop
vertex -29.236366271972656 47.4200325012207 4.199999809265137
vertex -67.96942138671875 45.7679557800293 7.199999809265137
vertex 69.34406280517578 47.21647262573242 4.199999809265137
endloop
endfacet
facet normal 0.001788223987572003 0.8660234498388035 0.5000001865842327
outer loop
vertex -29.236366271972656 47.4200325012207 4.199999809265137
vertex -68.25776672363281 47.500606536865234 4.199999809265137
vertex -67.96942138671875 45.7679557800293 7.199999809265137
endloop
endfacet
facet normal -0.28217278651187905 0.8187664849917077 0.4999999616064437
outer loop
vertex -68.48206329345703 47.42330551147461 4.199999809265137
vertex -70.3846435546875 46.767616271972656 4.199999809265137
vertex -69.47006225585938 45.25078582763672 7.199999809265137
endloop
endfacet
facet normal -0.28217753127654616 0.8187660128305547 0.49999805707245487
outer loop
vertex -68.25776672363281 47.500606536865234 4.199999809265137
vertex -68.48206329345703 47.42330551147461 4.199999809265137
vertex -69.47006225585938 45.25078582763672 7.199999809265137
endloop
endfacet
facet normal -0.2821736521009563 0.8187662732113518 0.4999998199115701
outer loop
vertex -68.25776672363281 47.500606536865234 4.199999809265137
vertex -69.47006225585938 45.25078582763672 7.199999809265137
vertex -67.96942138671875 45.7679557800293 7.199999809265137
endloop
endfacet
facet normal -0.5923992550012392 0.6317136972750308 0.5000009273482273
outer loop
vertex -70.3846435546875 46.767616271972656 4.199999809265137
vertex -72.82083129882812 44.4830436706543 4.199999809265137
vertex -72.43671417236328 42.46875762939453 7.199999809265137
endloop
endfacet
facet normal -0.5923998818609755 0.6317132719383625 0.5000007220275096
outer loop
vertex -72.82083129882812 44.4830436706543 4.199999809265137
vertex -73.85295104980469 43.51515579223633 4.199999809265137
vertex -72.43671417236328 42.46875762939453 7.199999809265137
endloop
endfacet
facet normal -0.5924000972548297 0.6317135408507272 0.5000001270782889
outer loop
vertex -69.47006225585938 45.25078582763672 7.199999809265137
vertex -70.3846435546875 46.767616271972656 4.199999809265137
vertex -72.43671417236328 42.46875762939453 7.199999809265137
endloop
endfacet
facet normal -0.7778541738200155 0.38071394563218275 0.49999977587190625
outer loop
vertex -73.85295104980469 43.51515579223633 4.199999809265137
vertex -74.84380340576172 41.490699768066406 4.199999809265137
vertex -73.11248779296875 41.08806610107422 7.199999809265137
endloop
endfacet
facet normal -0.7778520451227948 0.38071638888628806 0.5000012271301646
outer loop
vertex -72.43671417236328 42.46875762939453 7.199999809265137
vertex -73.85295104980469 43.51515579223633 4.199999809265137
vertex -73.11248779296875 41.08806610107422 7.199999809265137
endloop
endfacet
facet normal -0.8660242150170612 0.0015831109692690081 0.4999995527635418
outer loop
vertex -74.84380340576172 41.490699768066406 4.199999809265137
vertex -73.26734161376953 -43.62308883666992 7.199999809265137
vertex -73.11248779296875 41.08806610107422 7.199999809265137
endloop
endfacet
facet normal -0.8660239273439723 0.0015831338572143046 0.5000000509549098
outer loop
vertex -73.26734161376953 -43.62308883666992 7.199999809265137
vertex -74.84380340576172 41.490699768066406 4.199999809265137
vertex -74.99992370605469 -43.91200637817383 4.199999809265137
endloop
endfacet
facet normal -0.8186485607623043 -0.28251502556468794 0.4999997942919493
outer loop
vertex -74.99992370605469 -43.91200637817383 4.199999809265137
vertex -72.74971771240234 -45.123016357421875 7.199999809265137
vertex -73.26734161376953 -43.62308883666992 7.199999809265137
endloop
endfacet
facet normal -0.8186486626557881 -0.28251351800767055 0.5000004792745893
outer loop
vertex -74.99992370605469 -43.91200637817383 4.199999809265137
vertex -74.26669311523438 -46.036712646484375 4.199999809265137
vertex -72.74971771240234 -45.123016357421875 7.199999809265137
endloop
endfacet
facet normal -0.6325136685795083 -0.5915456201257483 0.500000238370079
outer loop
vertex -72.74971771240234 -45.123016357421875 7.199999809265137
vertex -74.26669311523438 -46.036712646484375 4.199999809265137
vertex -70.15941619873047 -47.8927116394043 7.199999809265137
endloop
endfacet
facet normal -0.632513780390065 -0.5915450983147563 0.5000007142759438
outer loop
vertex -74.26669311523438 -46.036712646484375 4.199999809265137
vertex -71.16986083984375 -49.3480224609375 4.199999809265137
vertex -70.15941619873047 -47.8927116394043 7.199999809265137
endloop
endfacet
facet normal -0.33321129187733634 -0.799355625589472 0.50000081880323
outer loop
vertex -70.15941619873047 -47.8927116394043 7.199999809265137
vertex -71.16986083984375 -49.3480224609375 4.199999809265137
vertex -68.05989074707031 -48.76789855957031 7.199999809265137
endloop
endfacet
facet normal -0.3332105926602326 -0.7993562900787484 0.5000002224505068
outer loop
vertex -71.16986083984375 -49.3480224609375 4.199999809265137
vertex -68.40644073486328 -50.49995040893555 4.199999809265137
vertex -68.05989074707031 -48.76789855957031 7.199999809265137
endloop
endfacet
facet normal 3.149021792438499e-8 -0.8660252464169677 -0.5000002725683552
outer loop
vertex 70.42999267578125 -50.49995040893555 -3.700000047683716
vertex 45.49998092651367 -49.778263092041016 -4.949999809265137
vertex 70.23442840576172 -49.34524917602539 -5.699999809265137
endloop
endfacet
facet normal -9.947438067409442e-9 -0.8660256042730434 -0.49999965274338937
outer loop
vertex 45.385799407958984 -50.109676361083984 -4.375974655151367
vertex 45.49998092651367 -49.778263092041016 -4.949999809265137
vertex 70.42999267578125 -50.49995040893555 -3.700000047683716
endloop
endfacet
facet normal 0 -0.8660247967225231 -0.5000010514606071
outer loop
vertex 45.49998092651367 -49.778263092041016 -4.949999809265137
vertex 45.49998092651367 -49.34524917602539 -5.699999809265137
vertex 70.23442840576172 -49.34524917602539 -5.699999809265137
endloop
endfacet
facet normal 0 -0.8660207473378033 -0.5000080651154265
outer loop
vertex 44.77727508544922 -50.49995040893555 -3.700000047683716
vertex 45.06064224243164 -50.39063262939453 -3.8893399238586426
vertex 70.42999267578125 -50.49995040893555 -3.700000047683716
endloop
endfacet
facet normal -1.1190560900542652e-7 -0.8660272399510845 -0.49999681965257947
outer loop
vertex 45.06064224243164 -50.39063262939453 -3.8893399238586426
vertex 45.385799407958984 -50.109676361083984 -4.375974655151367
vertex 70.42999267578125 -50.49995040893555 -3.700000047683716
endloop
endfacet
facet normal 1.981247665711369e-8 -0.8660252487413171 -0.5000002685424674
outer loop
vertex -68.40644073486328 -50.49995040893555 -3.700000047683716
vertex -68.17540740966797 -49.34524917602539 -5.699999809265137
vertex 30.939321517944336 -50.39063262939453 -3.8893399238586426
endloop
endfacet
facet normal 0 -0.8660247967225231 -0.5000010514606071
outer loop
vertex -68.17540740966797 -49.34524917602539 -5.699999809265137
vertex 30.499980926513672 -49.34524917602539 -5.699999809265137
vertex 30.499980926513672 -49.778263092041016 -4.949999809265137
endloop
endfacet
facet normal 0 -0.8660207473378033 -0.5000080651154266
outer loop
vertex 30.939321517944336 -50.39063262939453 -3.8893399238586426
vertex 31.222688674926758 -50.49995040893555 -3.700000047683716
vertex -68.40644073486328 -50.49995040893555 -3.700000047683716
endloop
endfacet
facet normal -6.637078553827102e-8 -0.8660272915313794 -0.49999673031212805
outer loop
vertex 30.939321517944336 -50.39063262939453 -3.8893399238586426
vertex -68.17540740966797 -49.34524917602539 -5.699999809265137
vertex 30.61416244506836 -50.109676361083984 -4.375974655151367
endloop
endfacet
facet normal -1.4211473692043678e-8 -0.8660256063539025 -0.4999996491392321
outer loop
vertex -68.17540740966797 -49.34524917602539 -5.699999809265137
vertex 30.499980926513672 -49.778263092041016 -4.949999809265137
vertex 30.61416244506836 -50.109676361083984 -4.375974655151367
endloop
endfacet
facet normal 0.28517094257360037 -0.8177270977169318 -0.49999992717112246
outer loop
vertex 70.42999267578125 -50.49995040893555 -3.700000047683716
vertex 70.23442840576172 -49.34524917602539 -5.699999809265137
vertex 70.73181915283203 -49.171791076660156 -5.699999809265137
endloop
endfacet
facet normal 0.28516940637764676 -0.8177273779137136 -0.500000345076464
outer loop
vertex 70.42999267578125 -50.49995040893555 -3.700000047683716
vertex 70.73181915283203 -49.171791076660156 -5.699999809265137
vertex 71.34184265136719 -50.18195724487305 -3.700000047683716
endloop
endfacet
facet normal 0.5909445562832069 -0.6330758744355379 -0.49999946860664046
outer loop
vertex 70.73181915283203 -49.171791076660156 -5.699999809265137
vertex 73.08763885498047 -46.97275161743164 -5.699999809265137
vertex 74.03145599365234 -47.67133331298828 -3.700000047683716
endloop
endfacet
facet normal 0.5909447431694388 -0.6330748486845658 -0.5000005464831218
outer loop
vertex 71.34184265136719 -50.18195724487305 -3.700000047683716
vertex 70.73181915283203 -49.171791076660156 -5.699999809265137
vertex 74.03145599365234 -47.67133331298828 -3.700000047683716
endloop
endfacet
facet normal 0.7780851610450278 -0.3802414037361085 -0.49999995704632516
outer loop
vertex 74.03145599365234 -47.67133331298828 -3.700000047683716
vertex 73.08763885498047 -46.97275161743164 -5.699999809265137
vertex 74.46803283691406 -46.77796936035156 -3.700000047683716
endloop
endfacet
facet normal 0.7780854288226862 -0.3802404965795619 -0.5000002302146916
outer loop
vertex 73.08763885498047 -46.97275161743164 -5.699999809265137
vertex 73.3149642944336 -46.50757598876953 -5.699999809265137
vertex 74.46803283691406 -46.77796936035156 -3.700000047683716
endloop
endfacet
facet normal 0.8660080603640722 -0.0053019060037976995 -0.500001929173463
outer loop
vertex 75.00352478027344 40.68809509277344 -3.700000047683716
vertex 73.3149642944336 -46.50757598876953 -5.699999809265137
vertex 73.84771728515625 40.51176834106445 -5.699999809265137
endloop
endfacet
facet normal 0.8660088127830274 -0.005301950476713828 -0.5000006255028824
outer loop
vertex 74.46803283691406 -46.77796936035156 -3.700000047683716
vertex 73.3149642944336 -46.50757598876953 -5.699999809265137
vertex 75.00352478027344 40.68809509277344 -3.700000047683716
endloop
endfacet
facet normal 0.8250346187483375 0.2632821306624903 -0.5000003975404467
outer loop
vertex 74.5809555053711 42.012264251708984 -3.700000047683716
vertex 73.84771728515625 40.51176834106445 -5.699999809265137
vertex 74.35841369628906 42.709632873535156 -3.700000047683716
endloop
endfacet
facet normal 0.8250344744028507 0.2632822998650668 -0.5000005466242743
outer loop
vertex 73.32907104492188 42.13702392578125 -5.699999809265137
vertex 74.35841369628906 42.709632873535156 -3.700000047683716
vertex 73.84771728515625 40.51176834106445 -5.699999809265137
endloop
endfacet
facet normal 0.8250329469064432 0.26328477127880995 -0.5000017657284168
outer loop
vertex 75.00352478027344 40.68809509277344 -3.700000047683716
vertex 73.84771728515625 40.51176834106445 -5.699999809265137
vertex 74.5809555053711 42.012264251708984 -3.700000047683716
endloop
endfacet
facet normal 0.6587820998541569 0.5621436433283138 -0.5000006691768693
outer loop
vertex 74.02822875976562 43.096580505371094 -3.700000047683716
vertex 73.32907104492188 42.13702392578125 -5.699999809265137
vertex 71.46057891845703 46.10563659667969 -3.700000047683716
endloop
endfacet
facet normal 0.658782408060291 0.5621433230023516 -0.5000006232337696
outer loop
vertex 74.35841369628906 42.709632873535156 -3.700000047683716
vertex 73.32907104492188 42.13702392578125 -5.699999809265137
vertex 74.02822875976562 43.096580505371094 -3.700000047683716
endloop
endfacet
facet normal 0.6587821143975392 0.5621436415349892 -0.5000006520312642
outer loop
vertex 73.32907104492188 42.13702392578125 -5.699999809265137
vertex 70.72676086425781 45.18669891357422 -5.699999809265137
vertex 71.46057891845703 46.10563659667969 -3.700000047683716
endloop
endfacet
facet normal 0.4024626918306695 0.7668268826393349 -0.5000003137459529
outer loop
vertex 71.46057891845703 46.10563659667969 -3.700000047683716
vertex 70.72676086425781 45.18669891357422 -5.699999809265137
vertex 69.84404754638672 46.95405960083008 -3.700000047683716
endloop
endfacet
facet normal 0.4024629461179703 0.7668267687424063 -0.5000002837420435
outer loop
vertex 69.84404754638672 46.95405960083008 -3.700000047683716
vertex 69.05833435058594 46.06235885620117 -5.699999809265137
vertex 69.34406280517578 47.21647262573242 -3.700000047683716
endloop
endfacet
facet normal 0.4024627797371272 0.766826869418154 -0.5000002632645487
outer loop
vertex 70.72676086425781 45.18669891357422 -5.699999809265137
vertex 69.05833435058594 46.06235885620117 -5.699999809265137
vertex 69.84404754638672 46.95405960083008 -3.700000047683716
endloop
endfacet
facet normal 0.00178824234182112 0.866024210764237 -0.4999988685582271
outer loop
vertex -68.06553649902344 46.34550857543945 -5.699999809265137
vertex -29.28002166748047 47.42012023925781 -3.700000047683716
vertex 69.34406280517578 47.21647262573242 -3.700000047683716
endloop
endfacet
facet normal 0.0017882683529033946 0.8660233862411554 -0.5000002965796124
outer loop
vertex 69.05833435058594 46.06235885620117 -5.699999809265137
vertex -68.06553649902344 46.34550857543945 -5.699999809265137
vertex 69.34406280517578 47.21647262573242 -3.700000047683716
endloop
endfacet
facet normal 0.0017882783494017178 0.8660239030051937 -0.49999940148383754
outer loop
vertex -68.06553649902344 46.34550857543945 -5.699999809265137
vertex -68.25776672363281 47.500606536865234 -3.700000047683716
vertex -29.28002166748047 47.42012023925781 -3.700000047683716
endloop
endfacet
facet normal -0.28216506476345804 0.81876927673124 -0.49999974770797223
outer loop
vertex -68.48250579833984 47.42315673828125 -3.700000047683716
vertex -68.25776672363281 47.500606536865234 -3.700000047683716
vertex -68.06553649902344 46.34550857543945 -5.699999809265137
endloop
endfacet
facet normal -0.28217373847984684 0.8187664813979632 -0.4999994302511812
outer loop
vertex -68.06553649902344 46.34550857543945 -5.699999809265137
vertex -69.7749252319336 45.75639724731445 -5.699999809265137
vertex -70.3846435546875 46.767616271972656 -3.700000047683716
endloop
endfacet
facet normal -0.28217423150534815 0.8187660216265596 -0.4999999049041731
outer loop
vertex -70.3846435546875 46.767616271972656 -3.700000047683716
vertex -68.48250579833984 47.42315673828125 -3.700000047683716
vertex -68.06553649902344 46.34550857543945 -5.699999809265137
endloop
endfacet
facet normal -0.5924004218089467 0.6317138867045111 -0.49999930558477995
outer loop
vertex -72.82083129882812 44.48303985595703 -3.700000047683716
vertex -70.3846435546875 46.767616271972656 -3.700000047683716
vertex -69.7749252319336 45.75639724731445 -5.699999809265137
endloop
endfacet
facet normal -0.5924001371702947 0.6317120071244667 -0.5000020175313235
outer loop
vertex -69.7749252319336 45.75639724731445 -5.699999809265137
vertex -72.9087905883789 42.81755447387695 -5.699999809265137
vertex -73.85295104980469 43.51515579223633 -3.700000047683716
endloop
endfacet
facet normal -0.5923999668371407 0.6317158523098794 -0.49999736122479405
outer loop
vertex -69.7749252319336 45.75639724731445 -5.699999809265137
vertex -73.85295104980469 43.51515579223633 -3.700000047683716
vertex -72.82083129882812 44.48303985595703 -3.700000047683716
endloop
endfacet
facet normal -0.7778529538461763 0.38071334852662037 -0.5000021284418962
outer loop
vertex -73.85295104980469 43.51515579223633 -3.700000047683716
vertex -72.9087905883789 42.81755447387695 -5.699999809265137
vertex -74.84380340576172 41.490699768066406 -3.700000047683716
endloop
endfacet
facet normal -0.7778527006972266 0.3807198659694856 -0.4999975596682525
outer loop
vertex -72.9087905883789 42.81755447387695 -5.699999809265137
vertex -73.6895980834961 41.2222785949707 -5.699999809265137
vertex -74.84380340576172 41.490699768066406 -3.700000047683716
endloop
endfacet
facet normal -0.8660251490179999 0.001583016785654552 -0.49999793532194464
outer loop
vertex -73.6895980834961 41.2222785949707 -5.699999809265137
vertex -73.84486389160156 -43.71939468383789 -5.699999809265137
vertex -74.84380340576172 41.490699768066406 -3.700000047683716
endloop
endfacet
facet normal -0.8660229478626102 0.0015831320666747388 -0.5000017474651607
outer loop
vertex -74.99992370605469 -43.91200637817383 -3.700000047683716
vertex -74.84380340576172 41.490699768066406 -3.700000047683716
vertex -73.84486389160156 -43.71939468383789 -5.699999809265137
endloop
endfacet
facet normal -0.8186500443740864 -0.28251124153260687 -0.49999950325376447
outer loop
vertex -73.84486389160156 -43.71939468383789 -5.699999809265137
vertex -73.25537872314453 -45.427581787109375 -5.699999809265137
vertex -74.26669311523438 -46.036712646484375 -3.700000047683716
endloop
endfacet
facet normal -0.8186481017934751 -0.2825133244555494 -0.5000015069327426
outer loop
vertex -73.84486389160156 -43.71939468383789 -5.699999809265137
vertex -74.26669311523438 -46.036712646484375 -3.700000047683716
vertex -74.99992370605469 -43.91200637817383 -3.700000047683716
endloop
endfacet
facet normal -0.632513761539629 -0.5915450806852858 -0.500000758979452
outer loop
vertex -74.26669311523438 -46.036712646484375 -3.700000047683716
vertex -70.49623107910156 -48.37781524658203 -5.699999809265137
vertex -71.16986083984375 -49.3480224609375 -3.700000047683716
endloop
endfacet
facet normal -0.6325137578228104 -0.5915460144749087 -0.4999996589236019
outer loop
vertex -73.25537872314453 -45.427581787109375 -5.699999809265137
vertex -70.49623107910156 -48.37781524658203 -5.699999809265137
vertex -74.26669311523438 -46.036712646484375 -3.700000047683716
endloop
endfacet
facet normal -0.33321109477994504 -0.7993560822578666 -0.5000002200728569
outer loop
vertex -70.49623107910156 -48.37781524658203 -5.699999809265137
vertex -68.17540740966797 -49.34524917602539 -5.699999809265137
vertex -68.40644073486328 -50.49995040893555 -3.700000047683716
endloop
endfacet
facet normal -0.3332104689062565 -0.7993559931988731 -0.5000007795477084
outer loop
vertex -71.16986083984375 -49.3480224609375 -3.700000047683716
vertex -70.49623107910156 -48.37781524658203 -5.699999809265137
vertex -68.40644073486328 -50.49995040893555 -3.700000047683716
endloop
endfacet
facet normal -1 0 0
outer loop
vertex 65.0283203125 -47.99995040893555 -1.9500000476837158
vertex 65.0283203125 -48.49995040893555 -0.44999998807907104
vertex 65.0283203125 -47.99995040893555 -0.44999998807907104
endloop
endfacet
facet normal 0 1 0
outer loop
vertex 65.0283203125 -48.49995040893555 -0.44999998807907104
vertex 65.0283203125 -48.49995040893555 -1.9500000476837158
vertex 57.028316497802734 -48.49995040893555 -0.44999998807907104
endloop
endfacet
facet normal -1 0 0
outer loop
vertex 65.0283203125 -47.99995040893555 -1.9500000476837158
vertex 65.0283203125 -48.49995040893555 -1.9500000476837158
vertex 65.0283203125 -48.49995040893555 -0.44999998807907104
endloop
endfacet
facet normal 1 0 0
outer loop
vertex 57.028316497802734 -48.49995040893555 -0.44999998807907104
vertex 57.028316497802734 -48.49995040893555 -1.9500000476837158
vertex 57.028316497802734 -47.99995040893555 -0.44999998807907104
endloop
endfacet
facet normal 0 1 0
outer loop
vertex 65.0283203125 -48.49995040893555 -1.9500000476837158
vertex 57.028316497802734 -48.49995040893555 -1.9500000476837158
vertex 57.028316497802734 -48.49995040893555 -0.44999998807907104
endloop
endfacet
facet normal 1 0 0
outer loop
vertex 57.028316497802734 -47.99995040893555 -1.9500000476837158
vertex 57.028316497802734 -47.99995040893555 -0.44999998807907104
vertex 57.028316497802734 -48.49995040893555 -1.9500000476837158
endloop
endfacet
facet normal 0 0 1
outer loop
vertex 65.0283203125 -47.99995040893555 -1.9500000476837158
vertex 57.028316497802734 -48.49995040893555 -1.9500000476837158
vertex 65.0283203125 -48.49995040893555 -1.9500000476837158
endloop
endfacet
facet normal 0 0 1
outer loop
vertex 65.0283203125 -47.99995040893555 -1.9500000476837158
vertex 57.028316497802734 -47.99995040893555 -1.9500000476837158
vertex 57.028316497802734 -48.49995040893555 -1.9500000476837158
endloop
endfacet
facet normal 0 0 1
outer loop
vertex -55.21513366699219 -47.99995040893555 -1.9500000476837158
vertex -63.21513366699219 -48.49995040893555 -1.9500000476837158
vertex -55.21513366699219 -48.49995040893555 -1.9500000476837158
endloop
endfacet
facet normal -1 0 0
outer loop
vertex -55.21513366699219 -47.99995040893555 -1.9500000476837158
vertex -55.21513366699219 -48.49995040893555 -1.9500000476837158
vertex -55.21513366699219 -48.49995040893555 -0.44999998807907104
endloop
endfacet
facet normal 0 1 0
outer loop
vertex -55.21513366699219 -48.49995040893555 -1.9500000476837158
vertex -63.21513366699219 -48.49995040893555 -1.9500000476837158
vertex -63.21513366699219 -48.49995040893555 -0.44999998807907104
endloop
endfacet
facet normal 1 0 0
outer loop
vertex -63.21513366699219 -48.49995040893555 -1.9500000476837158
vertex -63.21513366699219 -47.99995040893555 -0.44999998807907104
vertex -63.21513366699219 -48.49995040893555 -0.44999998807907104
endloop
endfacet
facet normal -1 0 0
outer loop
vertex -55.21513366699219 -47.99995040893555 -1.9500000476837158
vertex -55.21513366699219 -48.49995040893555 -0.44999998807907104
vertex -55.21513366699219 -47.99995040893555 -0.44999998807907104
endloop
endfacet
facet normal 1 0 0
outer loop
vertex -63.21513366699219 -47.99995040893555 -1.9500000476837158
vertex -63.21513366699219 -47.99995040893555 -0.44999998807907104
vertex -63.21513366699219 -48.49995040893555 -1.9500000476837158
endloop
endfacet
facet normal 0 0 1
outer loop
vertex -63.21513366699219 -48.49995040893555 -1.9500000476837158
vertex -55.21513366699219 -47.99995040893555 -1.9500000476837158
vertex -63.21513366699219 -47.99995040893555 -1.9500000476837158
endloop
endfacet
facet normal 0 1 0
outer loop
vertex -55.21513366699219 -48.49995040893555 -1.9500000476837158
vertex -63.21513366699219 -48.49995040893555 -0.44999998807907104
vertex -55.21513366699219 -48.49995040893555 -0.44999998807907104
endloop
endfacet
facet normal 0.9999996874118766 -0.0007906808136035563 0
outer loop
vertex -61.014896392822266 44.994964599609375 -1.0499999523162842
vertex -61.0140266418457 46.094966888427734 -2.8499999046325684
vertex -61.0140266418457 46.094966888427734 -1.0499999523162842
endloop
endfacet
facet normal -0.0007883708573867635 -0.9999996892356474 0
outer loop
vertex -61.0140266418457 46.094966888427734 -1.0499999523162842
vertex -61.0140266418457 46.094966888427734 -2.8499999046325684
vertex -57.41402816772461 46.09212875366211 -1.0499999523162842
endloop
endfacet
facet normal -0.9999996874118766 0.0007906808136035563 0
outer loop
vertex -57.41402816772461 46.09212875366211 -1.0499999523162842
vertex -57.41489791870117 44.99212646484375 -2.8499999046325684
vertex -57.41489791870117 44.99212646484375 -1.0499999523162842
endloop
endfacet
facet normal 0 0 -1
outer loop
vertex -61.014896392822266 44.994964599609375 -1.0499999523162842
vertex -61.0140266418457 46.094966888427734 -1.0499999523162842
vertex -57.41489791870117 44.99212646484375 -1.0499999523162842
endloop
endfacet
facet normal -0.9999996874118766 0.0007906808136035563 0
outer loop
vertex -57.41402816772461 46.09212875366211 -2.8499999046325684
vertex -57.41489791870117 44.99212646484375 -2.8499999046325684
vertex -57.41402816772461 46.09212875366211 -1.0499999523162842
endloop
endfacet
facet normal 0 0 1
outer loop
vertex -57.41402816772461 46.09212875366211 -2.8499999046325684
vertex -61.014896392822266 44.994964599609375 -2.8499999046325684
vertex -57.41489791870117 44.99212646484375 -2.8499999046325684
endloop
endfacet
facet normal 0 0 1
outer loop
vertex -61.014896392822266 44.994964599609375 -2.8499999046325684
vertex -57.41402816772461 46.09212875366211 -2.8499999046325684
vertex -61.0140266418457 46.094966888427734 -2.8499999046325684
endloop
endfacet
facet normal -0.0007883708573867635 -0.9999996892356474 0
outer loop
vertex -61.0140266418457 46.094966888427734 -2.8499999046325684
vertex -57.41402816772461 46.09212875366211 -2.8499999046325684
vertex -57.41402816772461 46.09212875366211 -1.0499999523162842
endloop
endfacet
facet normal 0 0 -1
outer loop
vertex -57.41402816772461 46.09212875366211 -1.0499999523162842
vertex -57.41489791870117 44.99212646484375 -1.0499999523162842
vertex -61.0140266418457 46.094966888427734 -1.0499999523162842
endloop
endfacet
facet normal 0.9999996874118766 -0.0007906808136035563 0
outer loop
vertex -61.014896392822266 44.994964599609375 -2.8499999046325684
vertex -61.0140266418457 46.094966888427734 -2.8499999046325684
vertex -61.014896392822266 44.994964599609375 -1.0499999523162842
endloop
endfacet
facet normal 0 0 1
outer loop
vertex 59.228553771972656 44.90018081665039 -2.8499999046325684
vertex 62.82942199707031 45.99734115600586 -2.8499999046325684
vertex 59.22942352294922 46.000179290771484 -2.8499999046325684
endloop
endfacet
facet normal 0 0 1
outer loop
vertex 62.82942199707031 45.99734115600586 -2.8499999046325684
vertex 59.228553771972656 44.90018081665039 -2.8499999046325684
vertex 62.82855224609375 44.897342681884766 -2.8499999046325684
endloop
endfacet
facet normal 0.9999996874097086 -0.0007906835556128616 0
outer loop
vertex 59.228553771972656 44.90018081665039 -1.0499999523162842
vertex 59.22942352294922 46.000179290771484 -2.8499999046325684
vertex 59.22942352294922 46.000179290771484 -1.0499999523162842
endloop
endfacet
facet normal -0.0007883708573867635 -0.9999996892356474 0
outer loop
vertex 59.22942352294922 46.000179290771484 -1.0499999523162842
vertex 59.22942352294922 46.000179290771484 -2.8499999046325684
vertex 62.82942199707031 45.99734115600586 -1.0499999523162842
endloop
endfacet
facet normal 0 0 -1
outer loop
vertex 59.228553771972656 44.90018081665039 -1.0499999523162842
vertex 59.22942352294922 46.000179290771484 -1.0499999523162842
vertex 62.82855224609375 44.897342681884766 -1.0499999523162842
endloop
endfacet
facet normal -0.9999996874097086 0.0007906835556128616 0
outer loop
vertex 62.82942199707031 45.99734115600586 -1.0499999523162842
vertex 62.82855224609375 44.897342681884766 -2.8499999046325684
vertex 62.82855224609375 44.897342681884766 -1.0499999523162842
endloop
endfacet
facet normal 0 0 -1
outer loop
vertex 62.82855224609375 44.897342681884766 -1.0499999523162842
vertex 59.22942352294922 46.000179290771484 -1.0499999523162842
vertex 62.82942199707031 45.99734115600586 -1.0499999523162842
endloop
endfacet
facet normal -0.9999996874097086 0.0007906835556128616 0
outer loop
vertex 62.82942199707031 45.99734115600586 -2.8499999046325684
vertex 62.82855224609375 44.897342681884766 -2.8499999046325684
vertex 62.82942199707031 45.99734115600586 -1.0499999523162842
endloop
endfacet
facet normal 0.9999996874097086 -0.0007906835556128616 0
outer loop
vertex 59.228553771972656 44.90018081665039 -1.0499999523162842
vertex 59.228553771972656 44.90018081665039 -2.8499999046325684
vertex 59.22942352294922 46.000179290771484 -2.8499999046325684
endloop
endfacet
facet normal -0.0007883708573867635 -0.9999996892356474 0
outer loop
vertex 59.22942352294922 46.000179290771484 -2.8499999046325684
vertex 62.82942199707031 45.99734115600586 -2.8499999046325684
vertex 62.82942199707031 45.99734115600586 -1.0499999523162842
endloop
endfacet
facet normal 1 0 0
outer loop
vertex 30.499980926513672 -49.34524917602539 -5.699999809265137
vertex 30.499980926513672 -47.99995040893555 -5.699999809265137
vertex 30.499980926513672 -47.99995040893555 -4.949999809265137
endloop
endfacet
facet normal -0.980785013558684 0 -0.1950916635294606
outer loop
vertex 45.49998092651367 -47.99995040893555 -4.949999809265137
vertex 45.49998092651367 -49.778263092041016 -4.949999809265137
vertex 45.385799407958984 -47.99995040893555 -4.375974655151367
endloop
endfacet
facet normal -0.9807850135586839 0 -0.1950916635294606
outer loop
vertex 45.385799407958984 -50.109676361083984 -4.375974655151367
vertex 45.385799407958984 -47.99995040893555 -4.375974655151367
vertex 45.49998092651367 -49.778263092041016 -4.949999809265137
endloop
endfacet
facet normal -1 0 0
outer loop
vertex 45.49998092651367 -47.99995040893555 -4.949999809265137
vertex 45.49998092651367 -49.34524917602539 -5.699999809265137
vertex 45.49998092651367 -49.778263092041016 -4.949999809265137
endloop
endfacet
facet normal -1 0 0
outer loop
vertex 45.49998092651367 -49.34524917602539 -5.699999809265137
vertex 45.49998092651367 -47.99995040893555 -4.949999809265137
vertex 45.49998092651367 -47.99995040893555 -5.699999809265137
endloop
endfacet
facet normal -0.831471006472263 0 -0.5555681464915011
outer loop
vertex 45.385799407958984 -47.99995040893555 -4.375974655151367
vertex 45.385799407958984 -50.109676361083984 -4.375974655151367
vertex 45.06064224243164 -47.99995040893555 -3.8893399238586426
endloop
endfacet
facet normal -0.8314710064722629 0 -0.5555681464915011
outer loop
vertex 45.06064224243164 -47.99995040893555 -3.8893399238586426
vertex 45.385799407958984 -50.109676361083984 -4.375974655151367
vertex 45.06064224243164 -50.39063262939453 -3.8893399238586426
endloop
endfacet
facet normal -0.555570223264923 0 -0.8314696188204134
outer loop
vertex 45.06064224243164 -47.99995040893555 -3.8893399238586426
vertex 45.06064224243164 -50.39063262939453 -3.8893399238586426
vertex 44.77727508544922 -50.49995040893555 -3.700000047683716
endloop
endfacet
facet normal -0.5555687993756089 -2.3344937296023547e-7 -0.8314705702310153
outer loop
vertex 45.06064224243164 -47.99995040893555 -3.8893399238586426
vertex 44.77727508544922 -50.49995040893555 -3.700000047683716
vertex 44.574005126953125 -47.99995040893555 -3.564180612564087
endloop
endfacet
facet normal -0.19509040787318935 0 -0.9807852633251952
outer loop
vertex 43.99998092651367 -47.99995040893555 -3.450000047683716
vertex 44.574005126953125 -50.49995040893555 -3.564180612564087
vertex 43.99998092651367 -50.49995040893555 -3.450000047683716
endloop
endfacet
facet normal -0.19509040787318935 0 -0.9807852633251952
outer loop
vertex 44.574005126953125 -50.49995040893555 -3.564180612564087
vertex 43.99998092651367 -47.99995040893555 -3.450000047683716
vertex 44.574005126953125 -47.99995040893555 -3.564180612564087
endloop
endfacet
facet normal -0.5555668144038974 0 -0.8314718965383648
outer loop
vertex 44.574005126953125 -47.99995040893555 -3.564180612564087
vertex 44.77727508544922 -50.49995040893555 -3.700000047683716
vertex 44.574005126953125 -50.49995040893555 -3.564180612564087
endloop
endfacet
facet normal 0.19509040787318935 0 -0.9807852633251952
outer loop
vertex 31.999980926513672 -50.49995040893555 -3.450000047683716
vertex 31.42595672607422 -50.49995040893555 -3.564180612564087
vertex 31.42595672607422 -47.99995040893555 -3.564180612564087
endloop
endfacet
facet normal 0.5555704184514964 0 -0.8314694884008849
outer loop
vertex 31.42595672607422 -50.49995040893555 -3.564180612564087
vertex 31.222688674926758 -50.49995040893555 -3.700000047683716
vertex 31.42595672607422 -47.99995040893555 -3.564180612564087
endloop
endfacet
facet normal 0.5555703047945763 1.3366950619164114e-8 -0.8314695643440362
outer loop
vertex 31.222688674926758 -50.49995040893555 -3.700000047683716
vertex 30.939321517944336 -47.99995040893555 -3.8893399238586426
vertex 31.42595672607422 -47.99995040893555 -3.564180612564087
endloop
endfacet
facet normal 0.8314695010489663 0 -0.5555703995223136
outer loop
vertex 30.939321517944336 -50.39063262939453 -3.8893399238586426
vertex 30.61416244506836 -47.99995040893555 -4.375974655151367
vertex 30.939321517944336 -47.99995040893555 -3.8893399238586426
endloop
endfacet
facet normal 0.19509040787318935 0 -0.9807852633251952
outer loop
vertex 31.999980926513672 -50.49995040893555 -3.450000047683716
vertex 31.42595672607422 -47.99995040893555 -3.564180612564087
vertex 31.999980926513672 -47.99995040893555 -3.450000047683716
endloop
endfacet
facet normal 0.555570223264923 0 -0.8314696188204134
outer loop
vertex 31.222688674926758 -50.49995040893555 -3.700000047683716
vertex 30.939321517944336 -50.39063262939453 -3.8893399238586426
vertex 30.939321517944336 -47.99995040893555 -3.8893399238586426
endloop
endfacet
facet normal 0.8314695010489662 0 -0.5555703995223135
outer loop
vertex 30.939321517944336 -50.39063262939453 -3.8893399238586426
vertex 30.61416244506836 -50.109676361083984 -4.375974655151367
vertex 30.61416244506836 -47.99995040893555 -4.375974655151367
endloop
endfacet
facet normal 1 0 0
outer loop
vertex 30.499980926513672 -49.778263092041016 -4.949999809265137
vertex 30.499980926513672 -49.34524917602539 -5.699999809265137
vertex 30.499980926513672 -47.99995040893555 -4.949999809265137
endloop
endfacet
facet normal 0 0 -1
outer loop
vertex 43.99998092651367 -50.49995040893555 -3.450000047683716
vertex 31.999980926513672 -47.99995040893555 -3.450000047683716
vertex 43.99998092651367 -47.99995040893555 -3.450000047683716
endloop
endfacet
facet normal 0 0 -1
outer loop
vertex 31.999980926513672 -47.99995040893555 -3.450000047683716
vertex 43.99998092651367 -50.49995040893555 -3.450000047683716
vertex 31.999980926513672 -50.49995040893555 -3.450000047683716
endloop
endfacet
facet normal 0.9807850135586839 0 -0.1950916635294606
outer loop
vertex 30.61416244506836 -50.109676361083984 -4.375974655151367
vertex 30.499980926513672 -47.99995040893555 -4.949999809265137
vertex 30.61416244506836 -47.99995040893555 -4.375974655151367
endloop
endfacet
facet normal 0.980785013558684 0 -0.1950916635294606
outer loop
vertex 30.61416244506836 -50.109676361083984 -4.375974655151367
vertex 30.499980926513672 -49.778263092041016 -4.949999809265137
vertex 30.499980926513672 -47.99995040893555 -4.949999809265137
endloop
endfacet
facet normal -0.0048430080008401025 -0.9999882725679855 0
outer loop
vertex 69.87593841552734 -26.943387985229492 3.5
vertex 69.87593841552734 -26.943387985229492 2.5
vertex 72.17591094970703 -26.954526901245117 2.5
endloop
endfacet
facet normal 0.0048430080008401025 0.9999882725679855 0
outer loop
vertex 72.08389282226562 -45.95430374145508 2.5
vertex 69.78392028808594 -45.94316482543945 2.5
vertex 69.78392028808594 -45.94316482543945 3.5
endloop
endfacet
facet normal -0.004842762970255152 -0.9999882737544958 5.635768318572564e-7
outer loop
vertex 72.87590026855469 -26.957916259765625 3.5
vertex 69.87593841552734 -26.943387985229492 3.5
vertex 72.17591094970703 -26.954526901245117 2.5
endloop
endfacet
facet normal 0 0 1
outer loop
vertex 72.17591094970703 -26.954526901245117 -1
vertex 72.08389282226562 -45.95430374145508 -1
vertex 72.78388977050781 -45.95769500732422 -1
endloop
endfacet
facet normal 0 0 -1
outer loop
vertex 72.87590026855469 -26.957916259765625 3.5
vertex 69.78392028808594 -45.94316482543945 3.5
vertex 69.87593841552734 -26.943387985229492 3.5
endloop
endfacet
facet normal 0.999988272318938 -0.004843059424119996 0
outer loop
vertex 69.87593841552734 -26.943387985229492 2.5
vertex 69.87593841552734 -26.943387985229492 3.5
vertex 69.78392028808594 -45.94316482543945 3.5
endloop
endfacet
facet normal -0.0048419578670882354 -0.9999882776532999 0
outer loop
vertex 72.17591094970703 -26.954526901245117 0
vertex 72.87590026855469 -26.957916259765625 3.5
vertex 72.17591094970703 -26.954526901245117 2.5
endloop
endfacet
facet normal -0.0048419578670882354 -0.9999882776533 0
outer loop
vertex 72.17591094970703 -26.954526901245117 -1
vertex 72.87590026855469 -26.957916259765625 -1
vertex 72.17591094970703 -26.954526901245117 0
endloop
endfacet
facet normal 0 0 1
outer loop
vertex 72.17591094970703 -26.954526901245117 -1
vertex 72.78388977050781 -45.95769500732422 -1
vertex 72.87590026855469 -26.957916259765625 -1
endloop
endfacet
facet normal -0.9999882742659052 0.004842657400316509 0
outer loop
vertex 72.78388977050781 -45.95769500732422 -1
vertex 72.78388977050781 -45.95769500732422 3.5
vertex 72.87590026855469 -26.957916259765625 -1
endloop
endfacet
facet normal 0.004844629794709327 0.9999882647122176 0
outer loop
vertex 72.78388977050781 -45.95769500732422 -1
vertex 72.08389282226562 -45.95430374145508 0
vertex 72.08389282226562 -45.95430374145508 2.5
endloop
endfacet
facet normal 0.004844629794709327 0.9999882647122176 0
outer loop
vertex 72.78388977050781 -45.95769500732422 -1
vertex 72.08389282226562 -45.95430374145508 -1
vertex 72.08389282226562 -45.95430374145508 0
endloop
endfacet
facet normal -0.0048419578670882354 -0.9999882776532999 0
outer loop
vertex 72.17591094970703 -26.954526901245117 0
vertex 72.87590026855469 -26.957916259765625 -1
vertex 72.87590026855469 -26.957916259765625 3.5
endloop
endfacet
facet normal -0.9999882742659052 0.004842657400316509 0
outer loop
vertex 72.87590026855469 -26.957916259765625 -1
vertex 72.78388977050781 -45.95769500732422 3.5
vertex 72.87590026855469 -26.957916259765625 3.5
endloop
endfacet
facet normal 0 0 -1
outer loop
vertex 72.78388977050781 -45.95769500732422 3.5
vertex 69.78392028808594 -45.94316482543945 3.5
vertex 72.87590026855469 -26.957916259765625 3.5
endloop
endfacet
facet normal 0.999988272318938 -0.004843059424119996 0
outer loop
vertex 69.78392028808594 -45.94316482543945 3.5
vertex 69.78392028808594 -45.94316482543945 2.5
vertex 69.87593841552734 -26.943387985229492 2.5
endloop
endfacet
facet normal 0.004843386421610894 0.999988270734819 8.703777986720001e-7
outer loop
vertex 72.78388977050781 -45.95769500732422 3.5
vertex 72.08389282226562 -45.95430374145508 2.5
vertex 69.78392028808594 -45.94316482543945 3.5
endloop
endfacet
facet normal 0.004844629794709327 0.9999882647122176 0
outer loop
vertex 72.78388977050781 -45.95769500732422 3.5
vertex 72.78388977050781 -45.95769500732422 -1
vertex 72.08389282226562 -45.95430374145508 2.5
endloop
endfacet
facet normal -0.00484468259655008 -0.9999882644564079 0
outer loop
vertex 72.50267028808594 40.51445007324219 0
vertex 73.2026596069336 40.51105880737305 -1
vertex 73.2026596069336 40.51105880737305 3.5
endloop
endfacet
facet normal 0 0 -1
outer loop
vertex 73.2026596069336 40.51105880737305 3.5
vertex 70.11067962646484 21.52581024169922 3.5
vertex 70.20269775390625 40.52558898925781 3.5
endloop
endfacet
facet normal 0.9999882723212925 -0.004843058937946645 0
outer loop
vertex 70.20269775390625 40.52558898925781 2.5
vertex 70.20269775390625 40.52558898925781 3.5
vertex 70.11067962646484 21.52581024169922 3.5
endloop
endfacet
facet normal 0 0 -1
outer loop
vertex 73.11064147949219 21.511281967163086 3.5
vertex 70.11067962646484 21.52581024169922 3.5
vertex 73.2026596069336 40.51105880737305 3.5
endloop
endfacet
facet normal 0.9999882723212925 -0.004843058937946645 0
outer loop
vertex 70.11067962646484 21.52581024169922 3.5
vertex 70.11067962646484 21.52581024169922 2.5
vertex 70.20269775390625 40.52558898925781 2.5
endloop
endfacet
facet normal -0.9999882723189379 0.0048430594241199955 0
outer loop
vertex 73.2026596069336 40.51105880737305 -1
vertex 73.11064147949219 21.511281967163086 3.5
vertex 73.2026596069336 40.51105880737305 3.5
endloop
endfacet
facet normal -0.060524884336194594 -0.9981045486883456 0.011137695620007212
outer loop
vertex 72.50279998779297 40.54233932495117 2.5
vertex 72.50267028808594 40.51445007324219 0
vertex 73.2026596069336 40.51105880737305 3.5
endloop
endfacet
facet normal 0.0048430080008401025 0.9999882725679855 0
outer loop
vertex 72.41065216064453 21.514671325683594 2.5
vertex 70.11067962646484 21.52581024169922 2.5
vertex 70.11067962646484 21.52581024169922 3.5
endloop
endfacet
facet normal 0 0 1
outer loop
vertex 72.50267028808594 40.51445007324219 -1
vertex 72.41065216064453 21.514671325683594 -1
vertex 73.11064147949219 21.511281967163086 -1
endloop
endfacet
facet normal 0.0048419578670882354 0.9999882776532999 0
outer loop
vertex 73.11064147949219 21.511281967163086 3.5
vertex 73.11064147949219 21.511281967163086 -1
vertex 72.41065216064453 21.514671325683594 2.5
endloop
endfacet
facet normal -0.9999882723189379 0.0048430594241199955 0
outer loop
vertex 73.2026596069336 40.51105880737305 -1
vertex 73.11064147949219 21.511281967163086 -1
vertex 73.11064147949219 21.511281967163086 3.5
endloop
endfacet
facet normal -0.0048446825965500805 -0.9999882644564079 0
outer loop
vertex 73.2026596069336 40.51105880737305 -1
vertex 72.50267028808594 40.51445007324219 0
vertex 72.50267028808594 40.51445007324219 -1
endloop
endfacet
facet normal 0.0048419578670882354 0.9999882776533 0
outer loop
vertex 72.41065216064453 21.514671325683594 -1
vertex 72.41065216064453 21.514671325683594 0
vertex 73.11064147949219 21.511281967163086 -1
endloop
endfacet
facet normal 0.0048419578670882354 0.9999882776532999 0
outer loop
vertex 73.11064147949219 21.511281967163086 -1
vertex 72.41065216064453 21.514671325683594 0
vertex 72.41065216064453 21.514671325683594 2.5
endloop
endfacet
facet normal 0.007282237848941415 -0.9999734841544107 0
outer loop
vertex 70.20269775390625 40.52558898925781 3.5
vertex 70.20269775390625 40.52558898925781 2.5
vertex 72.50279998779297 40.54233932495117 2.5
endloop
endfacet
facet normal 0 0 1
outer loop
vertex 72.50267028808594 40.51445007324219 -1
vertex 73.11064147949219 21.511281967163086 -1
vertex 73.2026596069336 40.51105880737305 -1
endloop
endfacet
facet normal 0.004842762970255152 0.9999882737544958 -5.635768318572564e-7
outer loop
vertex 73.11064147949219 21.511281967163086 3.5
vertex 72.41065216064453 21.514671325683594 2.5
vertex 70.11067962646484 21.52581024169922 3.5
endloop
endfacet
facet normal -0.004841516052224379 -0.9995995633558415 -0.0278796101322655
outer loop
vertex 73.2026596069336 40.51105880737305 3.5
vertex 70.20269775390625 40.52558898925781 3.5
vertex 72.50279998779297 40.54233932495117 2.5
endloop
endfacet
facet normal 0 -0.9995637244594446 -0.029535753668452677
outer loop
vertex -70.20001983642578 40.564453125 3.5
vertex -73.20001983642578 40.564453125 3.5
vertex -72.50001525878906 40.59400177001953 2.5
endloop
endfacet
facet normal 0 0 -1
outer loop
vertex -70.20001983642578 40.564453125 3.5
vertex -73.20001983642578 21.564453125 3.5
vertex -73.20001983642578 40.564453125 3.5
endloop
endfacet
facet normal -1 0 0
outer loop
vertex -70.20001983642578 40.564453125 2.5
vertex -70.20001983642578 21.564453125 2.5
vertex -70.20001983642578 40.564453125 3.5
endloop
endfacet
facet normal 0 1 0
outer loop
vertex -72.50001525878906 21.564453125 2.5
vertex -72.50001525878906 21.564453125 0
vertex -73.20001983642578 21.564453125 3.5
endloop
endfacet
facet normal 0 -1 0
outer loop
vertex -73.20001983642578 40.564453125 -1
vertex -72.50001525878906 40.564453125 -1
vertex -72.50001525878906 40.564453125 0
endloop
endfacet
facet normal 0 0 -1
outer loop
vertex -70.20001983642578 21.564453125 3.5
vertex -73.20001983642578 21.564453125 3.5
vertex -70.20001983642578 40.564453125 3.5
endloop
endfacet
facet normal -1 0 0
outer loop
vertex -70.20001983642578 21.564453125 2.5
vertex -70.20001983642578 21.564453125 3.5
vertex -70.20001983642578 40.564453125 3.5
endloop
endfacet
facet normal 1 0 0
outer loop
vertex -73.20001983642578 21.564453125 3.5
vertex -73.20001983642578 21.564453125 -1
vertex -73.20001983642578 40.564453125 3.5
endloop
endfacet
facet normal 0 1 0
outer loop
vertex -73.20001983642578 21.564453125 -1
vertex -72.50001525878906 21.564453125 0
vertex -72.50001525878906 21.564453125 -1
endloop
endfacet
facet normal 0 1 0
outer loop
vertex -72.50001525878906 21.564453125 0
vertex -73.20001983642578 21.564453125 -1
vertex -73.20001983642578 21.564453125 3.5
endloop
endfacet
facet normal 1 0 0
outer loop
vertex -73.20001983642578 21.564453125 -1
vertex -73.20001983642578 40.564453125 -1
vertex -73.20001983642578 40.564453125 3.5
endloop
endfacet
facet normal 0 0 1
outer loop
vertex -73.20001983642578 40.564453125 -1
vertex -72.50001525878906 21.564453125 -1
vertex -72.50001525878906 40.564453125 -1
endloop
endfacet
facet normal 0 0 1
outer loop
vertex -73.20001983642578 21.564453125 -1
vertex -72.50001525878906 21.564453125 -1
vertex -73.20001983642578 40.564453125 -1
endloop
endfacet
facet normal 0.042174516181457504 -0.9991102592731494 0
outer loop
vertex -73.20001983642578 40.564453125 3.5
vertex -73.20001983642578 40.564453125 -1
vertex -72.50001525878906 40.59400177001953 2.5
endloop
endfacet
facet normal 0 1 0
outer loop
vertex -70.20001983642578 21.564453125 2.5
vertex -72.50001525878906 21.564453125 2.5
vertex -70.20001983642578 21.564453125 3.5
endloop
endfacet
facet normal 0 1 0
outer loop
vertex -70.20001983642578 21.564453125 3.5
vertex -72.50001525878906 21.564453125 2.5
vertex -73.20001983642578 21.564453125 3.5
endloop
endfacet
facet normal -0.01688124442235713 -0.9997876691167628 0.011816948371854315
outer loop
vertex -73.20001983642578 40.564453125 -1
vertex -72.50001525878906 40.564453125 0
vertex -72.50001525878906 40.59400177001953 2.5
endloop
endfacet
facet normal -0.012846202431668754 -0.9999174841371083 0
outer loop
vertex -72.50001525878906 40.59400177001953 2.5
vertex -70.20001983642578 40.564453125 2.5
vertex -70.20001983642578 40.564453125 3.5
endloop
endfacet
facet normal 0 0 1
outer loop
vertex -73.20001983642578 -24.715063095092773 -1
vertex -72.50001525878906 -43.71506118774414 -1
vertex -72.50001525878906 -24.715063095092773 -1
endloop
endfacet
facet normal -0.012846202431668754 0.9999174841371083 0
outer loop
vertex -70.20001983642578 -43.71506118774414 2.5
vertex -72.50001525878906 -43.74460983276367 2.5
vertex -70.20001983642578 -43.71506118774414 3.5
endloop
endfacet
facet normal 0 -1 0
outer loop
vertex -72.50001525878906 -24.715063095092773 2.5
vertex -70.20001983642578 -24.715063095092773 2.5
vertex -70.20001983642578 -24.715063095092773 3.5
endloop
endfacet
facet normal 0 -1 0
outer loop
vertex -70.20001983642578 -24.715063095092773 3.5
vertex -73.20001983642578 -24.715063095092773 3.5
vertex -72.50001525878906 -24.715063095092773 2.5
endloop
endfacet
facet normal 1 0 0
outer loop
vertex -73.20001983642578 -43.71506118774414 -1
vertex -73.20001983642578 -24.715063095092773 -1
vertex -73.20001983642578 -24.715063095092773 3.5
endloop
endfacet
facet normal 0 0 1
outer loop
vertex -73.20001983642578 -43.71506118774414 -1
vertex -72.50001525878906 -43.71506118774414 -1
vertex -73.20001983642578 -24.715063095092773 -1
endloop
endfacet
facet normal 0 -1 0
outer loop
vertex -73.20001983642578 -24.715063095092773 -1
vertex -72.50001525878906 -24.715063095092773 0
vertex -72.50001525878906 -24.715063095092773 2.5
endloop
endfacet
facet normal 0 0 -1
outer loop
vertex -70.20001983642578 -24.715063095092773 3.5
vertex -73.20001983642578 -43.71506118774414 3.5
vertex -73.20001983642578 -24.715063095092773 3.5
endloop
endfacet
facet normal 0 1 0
outer loop
vertex -73.20001983642578 -43.71506118774414 -1
vertex -72.50001525878906 -43.71506118774414 0
vertex -72.50001525878906 -43.71506118774414 -1
endloop
endfacet
facet normal -1 0 0
outer loop
vertex -70.20001983642578 -24.715063095092773 2.5
vertex -70.20001983642578 -43.71506118774414 2.5
vertex -70.20001983642578 -24.715063095092773 3.5
endloop
endfacet
facet normal 0 0 -1
outer loop
vertex -70.20001983642578 -43.71506118774414 3.5
vertex -73.20001983642578 -43.71506118774414 3.5
vertex -70.20001983642578 -24.715063095092773 3.5
endloop
endfacet
facet normal 0 -1 0
outer loop
vertex -73.20001983642578 -24.715063095092773 -1
vertex -72.50001525878906 -24.715063095092773 -1
vertex -72.50001525878906 -24.715063095092773 0
endloop
endfacet
facet normal -1 0 0
outer loop
vertex -70.20001983642578 -43.71506118774414 2.5
vertex -70.20001983642578 -43.71506118774414 3.5
vertex -70.20001983642578 -24.715063095092773 3.5
endloop
endfacet
facet normal 1 0 0
outer loop
vertex -73.20001983642578 -43.71506118774414 3.5
vertex -73.20001983642578 -43.71506118774414 -1
vertex -73.20001983642578 -24.715063095092773 3.5
endloop
endfacet
facet normal 0 0.9995637244594446 -0.029535753668452677
outer loop
vertex -70.20001983642578 -43.71506118774414 3.5
vertex -72.50001525878906 -43.74460983276367 2.5
vertex -73.20001983642578 -43.71506118774414 3.5
endloop
endfacet
facet normal 0 -1 0
outer loop
vertex -73.20001983642578 -24.715063095092773 3.5
vertex -73.20001983642578 -24.715063095092773 -1
vertex -72.50001525878906 -24.715063095092773 2.5
endloop
endfacet
facet normal 0 1 0
outer loop
vertex -72.50001525878906 -43.71506118774414 0
vertex -73.20001983642578 -43.71506118774414 -1
vertex -73.20001983642578 -43.71506118774414 3.5
endloop
endfacet
facet normal 0.058989870836552986 0.9981888604486321 0.011798051319938819
outer loop
vertex -72.50001525878906 -43.74460983276367 2.5
vertex -72.50001525878906 -43.71506118774414 0
vertex -73.20001983642578 -43.71506118774414 3.5
endloop
endfacet
facet normal -0.9999882723183493 0.004843059545663349 0
outer loop
vertex 72.89280700683594 -23.468034744262695 -1
vertex 72.89280700683594 -23.468034744262695 3.5
vertex 72.98482513427734 -4.468258380889893 -1
endloop
endfacet
facet normal -0.004843267444839506 -0.9999882713114477 0
outer loop
vertex 72.28482818603516 -4.464868068695068 2.5
vertex 72.28482818603516 -4.464868068695068 0
vertex 72.98482513427734 -4.468258380889893 3.5
endloop
endfacet
facet normal 0.0048430080008401025 0.9999882725679855 0
outer loop
vertex 72.19281005859375 -23.464645385742188 2.5
vertex 69.89283752441406 -23.453506469726562 2.5
vertex 69.89283752441406 -23.453506469726562 3.5
endloop
endfacet
facet normal 0.0048427506546355175 0.9999882738141217 -5.919030829254003e-7
outer loop
vertex 72.89280700683594 -23.468034744262695 3.5
vertex 72.19281005859375 -23.464645385742188 2.5
vertex 69.89283752441406 -23.453506469726562 3.5
endloop
endfacet
facet normal -0.004843267444839506 -0.9999882713114477 0
outer loop
vertex 72.98482513427734 -4.468258380889893 -1
vertex 72.28482818603516 -4.464868068695068 0
vertex 72.28482818603516 -4.464868068695068 -1
endloop
endfacet
facet normal 0 0 1
outer loop
vertex 72.19281005859375 -23.464645385742188 -1
vertex 72.89280700683594 -23.468034744262695 -1
vertex 72.28482818603516 -4.464868068695068 -1
endloop
endfacet
facet normal 0.0048419050949427165 0.999988277908822 0
outer loop
vertex 72.89280700683594 -23.468034744262695 3.5
vertex 72.89280700683594 -23.468034744262695 -1
vertex 72.19281005859375 -23.464645385742188 2.5
endloop
endfacet
facet normal 0.9999882723195267 -0.004843059302576649 0
outer loop
vertex 69.89283752441406 -23.453506469726562 3.5
vertex 69.89283752441406 -23.453506469726562 2.5
vertex 69.98485565185547 -4.453729152679443 2.5
endloop
endfacet
facet normal 0 0 -1
outer loop
vertex 72.89280700683594 -23.468034744262695 3.5
vertex 69.89283752441406 -23.453506469726562 3.5
vertex 72.98482513427734 -4.468258380889893 3.5
endloop
endfacet
facet normal 0.0048419050949427165 0.999988277908822 0
outer loop
vertex 72.89280700683594 -23.468034744262695 -1
vertex 72.19281005859375 -23.464645385742188 4.1892383451735775e-16
vertex 72.19281005859375 -23.464645385742188 2.5
endloop
endfacet
facet normal 0.004841905094942716 0.9999882779088222 0
outer loop
vertex 72.89280700683594 -23.468034744262695 -1
vertex 72.19281005859375 -23.464645385742188 -1
vertex 72.19281005859375 -23.464645385742188 4.1892383451735775e-16
endloop
endfacet
facet normal -0.004843068538125234 -0.9999882722747881 -1.3923735899905873e-7
outer loop
vertex 72.98482513427734 -4.468258380889893 3.5
vertex 69.98485565185547 -4.453729152679443 3.5
vertex 72.28482818603516 -4.464868068695068 2.5
endloop
endfacet
facet normal -0.0048430080008401025 -0.9999882725679855 0
outer loop
vertex 69.98485565185547 -4.453729152679443 3.5
vertex 69.98485565185547 -4.453729152679443 2.5
vertex 72.28482818603516 -4.464868068695068 2.5
endloop
endfacet
facet normal -0.9999882723183493 0.004843059545663349 0
outer loop
vertex 72.98482513427734 -4.468258380889893 -1
vertex 72.89280700683594 -23.468034744262695 3.5
vertex 72.98482513427734 -4.468258380889893 3.5
endloop
endfacet
facet normal 0 0 -1
outer loop
vertex 72.98482513427734 -4.468258380889893 3.5
vertex 69.89283752441406 -23.453506469726562 3.5
vertex 69.98485565185547 -4.453729152679443 3.5
endloop
endfacet
facet normal -0.004843267444839506 -0.9999882713114477 0
outer loop
vertex 72.28482818603516 -4.464868068695068 0
vertex 72.98482513427734 -4.468258380889893 -1
vertex 72.98482513427734 -4.468258380889893 3.5
endloop
endfacet
facet normal 0.9999882723195267 -0.004843059302576649 0
outer loop
vertex 69.98485565185547 -4.453729152679443 2.5
vertex 69.98485565185547 -4.453729152679443 3.5
vertex 69.89283752441406 -23.453506469726562 3.5
endloop
endfacet
facet normal 0 0 1
outer loop
vertex 72.28482818603516 -4.464868068695068 -1
vertex 72.89280700683594 -23.468034744262695 -1
vertex 72.98482513427734 -4.468258380889893 -1
endloop
endfacet
facet normal 0.9999882742634038 -0.004842657916832873 0
outer loop
vertex 70.00176239013672 -0.9638479948043823 3.5
vertex 70.00176239013672 -0.9638479948043823 2.5
vertex 70.0937728881836 18.03592872619629 2.5
endloop
endfacet
facet normal 0 0 -1
outer loop
vertex 73.00172424316406 -0.9783769845962524 3.5
vertex 70.00176239013672 -0.9638479948043823 3.5
vertex 73.09374237060547 18.021400451660156 3.5
endloop
endfacet
facet normal -0.9999882723196738 0.0048430592721908135 0
outer loop
vertex 73.09374237060547 18.021400451660156 -1
vertex 73.00172424316406 -0.9783769845962524 3.5
vertex 73.09374237060547 18.021400451660156 3.5
endloop
endfacet
facet normal -0.0048419050949427165 -0.999988277908822 0
outer loop
vertex 72.39374542236328 18.024789810180664 0
vertex 73.09374237060547 18.021400451660156 -1
vertex 73.09374237060547 18.021400451660156 3.5
endloop
endfacet
facet normal 0.004843001383479024 0.9999882726000338 -1.5220105710830688e-8
outer loop
vertex 73.00172424316406 -0.9783769845962524 3.5
vertex 72.3017349243164 -0.9749869108200073 2.5
vertex 70.00176239013672 -0.9638479948043823 3.5
endloop
endfacet
facet normal -0.004841905094942716 -0.999988277908822 0
outer loop
vertex 72.39374542236328 18.024789810180664 2.5
vertex 72.39374542236328 18.024789810180664 0
vertex 73.09374237060547 18.021400451660156 3.5
endloop
endfacet
facet normal 0.9999882742634038 -0.004842657916832873 0
outer loop
vertex 70.0937728881836 18.03592872619629 2.5
vertex 70.0937728881836 18.03592872619629 3.5
vertex 70.00176239013672 -0.9638479948043823 3.5
endloop
endfacet
facet normal 0 0 1
outer loop
vertex 72.39374542236328 18.024789810180664 -1
vertex 72.3017349243164 -0.9749869108200073 -1
vertex 73.00172424316406 -0.9783769845962524 -1
endloop
endfacet
facet normal 0.004842979640649068 0.9999882727053353 0
outer loop
vertex 73.00172424316406 -0.9783769845962524 -1
vertex 72.3017349243164 -0.9749869108200073 -1
vertex 72.3017349243164 -0.9749869108200073 2.5135429541645873e-15
endloop
endfacet
facet normal 0.0048430080008401025 0.9999882725679855 0
outer loop
vertex 72.3017349243164 -0.9749869108200073 2.5
vertex 70.00176239013672 -0.9638479948043823 2.5
vertex 70.00176239013672 -0.9638479948043823 3.5
endloop
endfacet
facet normal 0.004842979640649068 0.9999882727053354 0
outer loop
vertex 73.00172424316406 -0.9783769845962524 -1
vertex 72.3017349243164 -0.9749869108200073 2.5135429541645873e-15
vertex 72.3017349243164 -0.9749869108200073 2.5
endloop
endfacet
facet normal -0.9999882723196738 0.0048430592721908135 0
outer loop
vertex 73.00172424316406 -0.9783769845962524 -1
vertex 73.00172424316406 -0.9783769845962524 3.5
vertex 73.09374237060547 18.021400451660156 -1
endloop
endfacet
facet normal 0 0 1
outer loop
vertex 72.39374542236328 18.024789810180664 -1
vertex 73.00172424316406 -0.9783769845962524 -1
vertex 73.09374237060547 18.021400451660156 -1
endloop
endfacet
facet normal 0.004842979640649068 0.9999882727053354 0
outer loop
vertex 73.00172424316406 -0.9783769845962524 3.5
vertex 73.00172424316406 -0.9783769845962524 -1
vertex 72.3017349243164 -0.9749869108200073 2.5
endloop
endfacet
facet normal 0 0 -1
outer loop
vertex 73.09374237060547 18.021400451660156 3.5
vertex 70.00176239013672 -0.9638479948043823 3.5
vertex 70.0937728881836 18.03592872619629 3.5
endloop
endfacet
facet normal -0.0048419050949427165 -0.9999882779088222 0
outer loop
vertex 72.39374542236328 18.024789810180664 -1
vertex 73.09374237060547 18.021400451660156 -1
vertex 72.39374542236328 18.024789810180664 0
endloop
endfacet
facet normal -0.0048430080008401025 -0.9999882725679855 0
outer loop
vertex 70.0937728881836 18.03592872619629 3.5
vertex 70.0937728881836 18.03592872619629 2.5
vertex 72.39374542236328 18.024789810180664 2.5
endloop
endfacet
facet normal -0.0048427506546355175 -0.9999882738141217 5.919030829254003e-7
outer loop
vertex 73.09374237060547 18.021400451660156 3.5
vertex 70.0937728881836 18.03592872619629 3.5
vertex 72.39374542236328 18.024789810180664 2.5
endloop
endfacet
facet normal 0 -1 0
outer loop
vertex -73.20001983642578 18.804615020751953 3.5
vertex -72.50001525878906 18.804615020751953 2.5
vertex -70.20001983642578 18.804615020751953 3.5
endloop
endfacet
facet normal 1 0 0
outer loop
vertex -73.20001983642578 -0.19538506865501404 3.5
vertex -73.20001983642578 -0.19538506865501404 -1
vertex -73.20001983642578 18.804615020751953 3.5
endloop
endfacet
facet normal 0 0 -1
outer loop
vertex -70.20001983642578 18.804615020751953 3.5
vertex -73.20001983642578 -0.19538506865501404 3.5
vertex -73.20001983642578 18.804615020751953 3.5
endloop
endfacet
facet normal 0 -1 0
outer loop
vertex -72.50001525878906 18.804615020751953 2.5
vertex -70.20001983642578 18.804615020751953 2.5
vertex -70.20001983642578 18.804615020751953 3.5
endloop
endfacet
facet normal -1 0 0
outer loop
vertex -70.20001983642578 -0.19538506865501404 2.5
vertex -70.20001983642578 18.804615020751953 3.5
vertex -70.20001983642578 18.804615020751953 2.5
endloop
endfacet
facet normal 0 -1 0
outer loop
vertex -73.20001983642578 18.804615020751953 3.5
vertex -73.20001983642578 18.804615020751953 -1
vertex -72.50001525878906 18.804615020751953 2.5
endloop
endfacet
facet normal 0 0 -1
outer loop
vertex -70.20001983642578 -0.19538506865501404 3.5
vertex -73.20001983642578 -0.19538506865501404 3.5
vertex -70.20001983642578 18.804615020751953 3.5
endloop
endfacet
facet normal 0 -1 0
outer loop
vertex -73.20001983642578 18.804615020751953 -1
vertex -72.50001525878906 18.804615020751953 -1
vertex -72.50001525878906 18.804615020751953 0
endloop
endfacet
facet normal 1 0 0
outer loop
vertex -73.20001983642578 -0.19538506865501404 -1
vertex -73.20001983642578 18.804615020751953 -1
vertex -73.20001983642578 18.804615020751953 3.5
endloop
endfacet
facet normal 0 0 1
outer loop
vertex -73.20001983642578 18.804615020751953 -1
vertex -72.50001525878906 -0.19538506865501404 -1
vertex -72.50001525878906 18.804615020751953 -1
endloop
endfacet
facet normal -1 0 0
outer loop
vertex -70.20001983642578 -0.19538506865501404 2.5
vertex -70.20001983642578 -0.19538506865501404 3.5
vertex -70.20001983642578 18.804615020751953 3.5
endloop
endfacet
facet normal 0 1 0
outer loop
vertex -70.20001983642578 -0.19538506865501404 3.5
vertex -72.50001525878906 -0.19538506865501404 2.5
vertex -73.20001983642578 -0.19538506865501404 3.5
endloop
endfacet
facet normal 0 1 0
outer loop
vertex -70.20001983642578 -0.19538506865501404 2.5
vertex -72.50001525878906 -0.19538506865501404 2.5
vertex -70.20001983642578 -0.19538506865501404 3.5
endloop
endfacet
facet normal 0 -1 0
outer loop
vertex -73.20001983642578 18.804615020751953 -1
vertex -72.50001525878906 18.804615020751953 0
vertex -72.50001525878906 18.804615020751953 2.5
endloop
endfacet
facet normal 0 1 0
outer loop
vertex -72.50001525878906 -0.19538506865501404 0
vertex -73.20001983642578 -0.19538506865501404 -1
vertex -73.20001983642578 -0.19538506865501404 3.5
endloop
endfacet
facet normal 0 0 1
outer loop
vertex -73.20001983642578 -0.19538506865501404 -1
vertex -72.50001525878906 -0.19538506865501404 -1
vertex -73.20001983642578 18.804615020751953 -1
endloop
endfacet
facet normal 0 1 0
outer loop
vertex -72.50001525878906 -0.19538506865501404 2.5
vertex -72.50001525878906 -0.19538506865501404 0
vertex -73.20001983642578 -0.19538506865501404 3.5
endloop
endfacet
facet normal 0 1 0
outer loop
vertex -72.50001525878906 -0.19538506865501404 -1
vertex -73.20001983642578 -0.19538506865501404 -1
vertex -72.50001525878906 -0.19538506865501404 0
endloop
endfacet
facet normal 0 -1 0
outer loop
vertex -73.20001983642578 -2.95522403717041 -1
vertex -72.50001525878906 -2.95522403717041 0
vertex -72.50001525878906 -2.95522403717041 2.5
endloop
endfacet
facet normal 0 -1 0
outer loop
vertex -72.50001525878906 -2.95522403717041 2.5
vertex -70.20001983642578 -2.95522403717041 2.5
vertex -70.20001983642578 -2.95522403717041 3.5
endloop
endfacet
facet normal 0 0 -1
outer loop
vertex -70.20001983642578 -2.95522403717041 3.5
vertex -73.20001983642578 -21.955223083496094 3.5
vertex -73.20001983642578 -2.95522403717041 3.5
endloop
endfacet
facet normal 0 1 0
outer loop
vertex -72.50001525878906 -21.955223083496094 -1
vertex -73.20001983642578 -21.955223083496094 -1
vertex -72.50001525878906 -21.955223083496094 0
endloop
endfacet
facet normal -1 0 0
outer loop
vertex -70.20001983642578 -21.955223083496094 2.5
vertex -70.20001983642578 -2.95522403717041 3.5
vertex -70.20001983642578 -2.95522403717041 2.5
endloop
endfacet
facet normal 0 -1 0
outer loop
vertex -73.20001983642578 -2.95522403717041 3.5
vertex -73.20001983642578 -2.95522403717041 -1
vertex -72.50001525878906 -2.95522403717041 2.5
endloop
endfacet
facet normal 0 0 1
outer loop
vertex -73.20001983642578 -21.955223083496094 -1
vertex -72.50001525878906 -21.955223083496094 -1
vertex -73.20001983642578 -2.95522403717041 -1
endloop
endfacet
facet normal -1 0 0
outer loop
vertex -70.20001983642578 -21.955223083496094 2.5
vertex -70.20001983642578 -21.955223083496094 3.5
vertex -70.20001983642578 -2.95522403717041 3.5
endloop
endfacet
facet normal 0 1 0
outer loop
vertex -70.20001983642578 -21.955223083496094 3.5
vertex -72.50001525878906 -21.955223083496094 2.5
vertex -73.20001983642578 -21.955223083496094 3.5
endloop
endfacet
facet normal 0 1 0
outer loop
vertex -70.20001983642578 -21.955223083496094 2.5
vertex -72.50001525878906 -21.955223083496094 2.5
vertex -70.20001983642578 -21.955223083496094 3.5
endloop
endfacet
facet normal 0 0 1
outer loop
vertex -73.20001983642578 -2.95522403717041 -1
vertex -72.50001525878906 -21.955223083496094 -1
vertex -72.50001525878906 -2.95522403717041 -1
endloop
endfacet
facet normal 0 1 0
outer loop
vertex -72.50001525878906 -21.955223083496094 2.5
vertex -72.50001525878906 -21.955223083496094 0
vertex -73.20001983642578 -21.955223083496094 3.5
endloop
endfacet
facet normal 1 0 0
outer loop
vertex -73.20001983642578 -21.955223083496094 -1
vertex -73.20001983642578 -2.95522403717041 -1
vertex -73.20001983642578 -2.95522403717041 3.5
endloop
endfacet
facet normal 0 -1 0
outer loop
vertex -73.20001983642578 -2.95522403717041 3.5
vertex -72.50001525878906 -2.95522403717041 2.5
vertex -70.20001983642578 -2.95522403717041 3.5
endloop
endfacet
facet normal 0 1 0
outer loop
vertex -72.50001525878906 -21.955223083496094 0
vertex -73.20001983642578 -21.955223083496094 -1
vertex -73.20001983642578 -21.955223083496094 3.5
endloop
endfacet
facet normal 0 -1 0
outer loop
vertex -73.20001983642578 -2.95522403717041 -1
vertex -72.50001525878906 -2.95522403717041 -1
vertex -72.50001525878906 -2.95522403717041 0
endloop
endfacet
facet normal 1 0 0
outer loop
vertex -73.20001983642578 -21.955223083496094 3.5
vertex -73.20001983642578 -21.955223083496094 -1
vertex -73.20001983642578 -2.95522403717041 3.5
endloop
endfacet
facet normal 0 0 -1
outer loop
vertex -70.20001983642578 -21.955223083496094 3.5
vertex -73.20001983642578 -21.955223083496094 3.5
vertex -70.20001983642578 -2.95522403717041 3.5
endloop
endfacet
facet normal 1 0 0
outer loop
vertex -72.50001525878906 -24.715063095092773 2.5
vertex -72.50001525878906 -24.715063095092773 0
vertex -72.50001525878906 -21.955223083496094 0
endloop
endfacet
facet normal 0.980788670812504 0.1950732765035795 0
outer loop
vertex -72.48848724365234 -43.80257034301758 2.5
vertex -72.48848724365234 -43.80257034301758 0
vertex -72.50001525878906 -43.74460983276367 2.5
endloop
endfacet
facet normal 0 0 -1
outer loop
vertex 29.264392852783203 -42.35363006591797 2.5
vertex -60.48210906982422 -37.699947357177734 2.5
vertex 29.307071685791016 -42.21293640136719 2.5
endloop
endfacet
facet normal 0 0 -1
outer loop
vertex 29.307071685791016 -42.21293640136719 2.5
vertex -60.48210906982422 -37.699947357177734 2.5
vertex 29.376379013061523 -42.08327102661133 2.5
endloop
endfacet
facet normal 0 0 -1
outer loop
vertex 29.469650268554688 -43.03028106689453 2.5
vertex -60.48210906982422 -37.699947357177734 2.5
vertex 29.376379013061523 -42.9166259765625 2.5
endloop
endfacet
facet normal 0 0 -1
outer loop
vertex 29.376379013061523 -42.08327102661133 2.5
vertex -60.48210906982422 -37.699947357177734 2.5
vertex 29.469650268554688 -41.96961975097656 2.5
endloop
endfacet
facet normal 0 0 -1
outer loop
vertex 29.469650268554688 -41.96961975097656 2.5
vertex -60.48210906982422 -37.699947357177734 2.5
vertex 29.583303451538086 -41.876346588134766 2.5
endloop
endfacet
facet normal 0 0 -1
outer loop
vertex 29.583303451538086 -41.876346588134766 2.5
vertex -60.48210906982422 -37.699947357177734 2.5
vertex 29.712968826293945 -41.80704116821289 2.5
endloop
endfacet
facet normal 0 0 -1
outer loop
vertex 29.712968826293945 -41.80704116821289 2.5
vertex -60.48210906982422 -37.699947357177734 2.5
vertex 29.853662490844727 -41.76435852050781 2.5
endloop
endfacet
facet normal 0 0 -1
outer loop
vertex 69.89283752441406 -23.453506469726562 2.5
vertex 67.19998168945312 -37.28989791870117 2.5
vertex 69.98485565185547 -4.453729152679443 2.5
endloop
endfacet
facet normal 1 0 0
outer loop
vertex -72.50001525878906 -24.715063095092773 2.5
vertex -72.50001525878906 -21.955223083496094 0
vertex -72.50001525878906 -21.955223083496094 2.5
endloop
endfacet
facet normal 0 1 0
outer loop
vertex 70.0283203125 -47.99995040893555 0.800000011920929
vertex 70.08780670166016 -47.99995040893555 0
vertex 65.0283203125 -47.99995040893555 0
endloop
endfacet
facet normal 0 1 0
outer loop
vertex 65.0283203125 -47.99995040893555 0
vertex 65.0283203125 -47.99995040893555 0.800000011920929
vertex 70.0283203125 -47.99995040893555 0.800000011920929
endloop
endfacet
facet normal 0 1 0
outer loop
vertex 51.028316497802734 -47.99995040893555 0.800000011920929
vertex 57.028316497802734 -47.99995040893555 0.800000011920929
vertex 57.028316497802734 -47.99995040893555 0
endloop
endfacet
facet normal 0 0 -1
outer loop
vertex -72.48848724365234 40.65196228027344 2.5
vertex -68.09201049804688 45.000545501708984 2.5
vertex -49.06243896484375 44.98554229736328 2.5
endloop
endfacet
facet normal -0.9999882761943495 0.004842259168336029 0
outer loop
vertex 72.19281005859375 -23.464645385742188 4.1892383451735775e-16
vertex 72.17591094970703 -26.954526901245117 0
vertex 72.19281005859375 -23.464645385742188 2.5
endloop
endfacet
facet normal -0.9999882761943495 0.004842259168336029 0
outer loop
vertex 72.19281005859375 -23.464645385742188 2.5
vertex 72.17591094970703 -26.954526901245117 0
vertex 72.17591094970703 -26.954526901245117 2.5
endloop
endfacet
facet normal 0 0 -1
outer loop
vertex -72.50001525878906 -24.715063095092773 2.5
vertex -72.50001525878906 -21.955223083496094 2.5
vertex -70.20001983642578 -24.715063095092773 2.5
endloop
endfacet
facet normal 0 1 0
outer loop
vertex 51.028316497802734 -47.99995040893555 0.800000011920929
vertex -49.21513366699219 -47.99995040893555 2.5
vertex 51.028316497802734 -47.99995040893555 2.5
endloop
endfacet
facet normal 0 0 -1
outer loop
vertex -68.30264282226562 -47.98841857910156 2.5
vertex 29.999980926513672 -43.24995040893555 2.5
vertex 69.78392028808594 -45.94316482543945 2.5
endloop
endfacet
facet normal 0 0 -1
outer loop
vertex 72.17591094970703 -26.954526901245117 2.5
vertex 69.87593841552734 -26.943387985229492 2.5
vertex 69.89283752441406 -23.453506469726562 2.5
endloop
endfacet
facet normal 0 0 -1
outer loop
vertex 72.19281005859375 -23.464645385742188 2.5
vertex 72.17591094970703 -26.954526901245117 2.5
vertex 69.89283752441406 -23.453506469726562 2.5
endloop
endfacet
facet normal 0 1 0
outer loop
vertex -55.21513366699219 -47.99995040893555 0
vertex -55.21513366699219 -47.99995040893555 0.800000011920929
vertex -49.21513366699219 -47.99995040893555 0.800000011920929
endloop
endfacet
facet normal 0 0 -1
outer loop
vertex 29.264392852783203 -42.64626693725586 2.5
vertex -60.48210906982422 -37.699947357177734 2.5
vertex 29.249980926513672 -42.49995040893555 2.5
endloop
endfacet
facet normal 0 0 -1
outer loop
vertex 29.307071685791016 -42.78696060180664 2.5
vertex -60.48210906982422 -37.699947357177734 2.5
vertex 29.264392852783203 -42.64626693725586 2.5
endloop
endfacet
facet normal 0 0 -1
outer loop
vertex 69.98485565185547 -4.453729152679443 2.5
vertex 67.19998168945312 -37.28989791870117 2.5
vertex 70.00176239013672 -0.9638479948043823 2.5
endloop
endfacet
facet normal 0 0 -1
outer loop
vertex -60.48210906982422 -37.699947357177734 2.5
vertex 29.307071685791016 -42.78696060180664 2.5
vertex 29.376379013061523 -42.9166259765625 2.5
endloop
endfacet
facet normal 0 0 -1
outer loop
vertex -68.30264282226562 -47.98841857910156 2.5
vertex 29.853662490844727 -43.235538482666016 2.5
vertex 29.999980926513672 -43.24995040893555 2.5
endloop
endfacet
facet normal -0.9999882656039124 0.004844445734989042 0
outer loop
vertex 72.3017349243164 -0.9749869108200073 2.5135429541645873e-15
vertex 72.28482818603516 -4.464868068695068 0
vertex 72.3017349243164 -0.9749869108200073 2.5
endloop
endfacet
facet normal 0 0 -1
outer loop
vertex -68.30264282226562 -47.98841857910156 2.5
vertex 29.712968826293945 -43.1928596496582 2.5
vertex 29.853662490844727 -43.235538482666016 2.5
endloop
endfacet
facet normal -0.9999882656039124 0.004844445734989042 0
outer loop
vertex 72.3017349243164 -0.9749869108200073 2.5
vertex 72.28482818603516 -4.464868068695068 0
vertex 72.28482818603516 -4.464868068695068 2.5
endloop
endfacet
facet normal 0 0 -1
outer loop
vertex 29.583303451538086 -43.12355041503906 2.5
vertex -68.30264282226562 -47.98841857910156 2.5
vertex 29.469650268554688 -43.03028106689453 2.5
endloop
endfacet
facet normal 0 0 -1
outer loop
vertex -68.30264282226562 -47.98841857910156 2.5
vertex 29.583303451538086 -43.12355041503906 2.5
vertex 29.712968826293945 -43.1928596496582 2.5
endloop
endfacet
facet normal 0 0 -1
outer loop
vertex -68.24468231201172 -47.99995040893555 2.5
vertex 72.03768157958984 -46.12353515625 2.5
vertex -49.21513366699219 -47.99995040893555 2.5
endloop
endfacet
facet normal 0 0 -1
outer loop
vertex 70.00176239013672 -0.9638479948043823 2.5
vertex 67.19998168945312 -37.28989791870117 2.5
vertex 70.0937728881836 18.03592872619629 2.5
endloop
endfacet
facet normal 0 0 -1
outer loop
vertex 69.98485565185547 -4.453729152679443 2.5
vertex 70.00176239013672 -0.9638479948043823 2.5
vertex 72.28482818603516 -4.464868068695068 2.5
endloop
endfacet
facet normal 0 0 -1
outer loop
vertex 72.3017349243164 -0.9749869108200073 2.5
vertex 72.28482818603516 -4.464868068695068 2.5
vertex 70.00176239013672 -0.9638479948043823 2.5
endloop
endfacet
facet normal 0 1 0
outer loop
vertex -49.21513366699219 -47.99995040893555 0.800000011920929
vertex -49.21513366699219 -47.99995040893555 2.5
vertex 51.028316497802734 -47.99995040893555 0.800000011920929
endloop
endfacet
facet normal 0 0 -1
outer loop
vertex -68.24468231201172 -47.99995040893555 2.5
vertex -68.30264282226562 -47.98841857910156 2.5
vertex 72.08360290527344 -46.01378631591797 2.5
endloop
endfacet
facet normal 0 0 -1
outer loop
vertex -68.09201049804688 45.000545501708984 2.5
vertex -72.0091552734375 41.80918502807617 2.5
vertex -68.15003967285156 44.989036560058594 2.5
endloop
endfacet
facet normal 0 0 -1
outer loop
vertex 29.853662490844727 -41.76435852050781 2.5
vertex -60.48210906982422 -37.699947357177734 2.5
vertex 66.78993225097656 -37.699947357177734 2.5
endloop
endfacet
facet normal 0 0 -1
outer loop
vertex -68.15003967285156 44.989036560058594 2.5
vertex -71.976318359375 41.85831832885742 2.5
vertex -69.30863952636719 44.50966262817383 2.5
endloop
endfacet
facet normal 0 0 -1
outer loop
vertex 72.08360290527344 -46.01378631591797 2.5
vertex -68.30264282226562 -47.98841857910156 2.5
vertex 69.78392028808594 -45.94316482543945 2.5
endloop
endfacet
facet normal 0 0 -1
outer loop
vertex -69.35783386230469 44.476810455322266 2.5
vertex -69.30863952636719 44.50966262817383 2.5
vertex -71.976318359375 41.85831832885742 2.5
endloop
endfacet
facet normal 0 0 -1
outer loop
vertex -72.0091552734375 41.80918502807617 2.5
vertex -71.976318359375 41.85831832885742 2.5
vertex -68.15003967285156 44.989036560058594 2.5
endloop
endfacet
facet normal -0.0007882896422830432 -0.9999996892989148 0.0000012303065406316273
outer loop
vertex 49.361610412597656 44.907958984375 0.800000011920929
vertex -68.09201049804688 45.000545501708984 0
vertex 68.39295959472656 44.8929557800293 0
endloop
endfacet
facet normal 0 0 -1
outer loop
vertex -72.48848724365234 40.65196228027344 2.5
vertex -72.0091552734375 41.80918502807617 2.5
vertex -68.09201049804688 45.000545501708984 2.5
endloop
endfacet
facet normal 0 0 -1
outer loop
vertex -49.21513366699219 -47.99995040893555 2.5
vertex 72.03768157958984 -46.12353515625 2.5
vertex 51.028316497802734 -47.99995040893555 2.5
endloop
endfacet
facet normal 0 0 -1
outer loop
vertex -67.20001983642578 39.290000915527344 2.5
vertex -70.20001983642578 40.564453125 2.5
vertex -66.78997039794922 39.700050354003906 2.5
endloop
endfacet
facet normal 0 0 -1
outer loop
vertex 72.03768157958984 -46.12353515625 2.5
vertex -68.24468231201172 -47.99995040893555 2.5
vertex 72.08360290527344 -46.01378631591797 2.5
endloop
endfacet
facet normal 0 0 -1
outer loop
vertex -68.30264282226562 -47.98841857910156 2.5
vertex -60.48210906982422 -37.699947357177734 2.5
vertex 29.469650268554688 -43.03028106689453 2.5
endloop
endfacet
facet normal -0.0007881441063602422 -0.9999996893936243 -0.00000644379385087716
outer loop
vertex -68.09201049804688 45.000545501708984 0
vertex 49.361610412597656 44.907958984375 2.5
vertex -49.06243896484375 44.98554229736328 0.800000011920929
endloop
endfacet
facet normal 0 0 -1
outer loop
vertex -66.78997039794922 39.700050354003906 2.5
vertex -70.20001983642578 40.564453125 2.5
vertex 66.78993225097656 39.700050354003906 2.5
endloop
endfacet
facet normal 0 0 -1
outer loop
vertex -72.50001525878906 40.59400177001953 2.5
vertex -72.48848724365234 40.65196228027344 2.5
vertex 68.39295959472656 44.8929557800293 2.5
endloop
endfacet
facet normal 0 0 -1
outer loop
vertex -70.20001983642578 40.564453125 2.5
vertex -72.50001525878906 40.59400177001953 2.5
vertex 68.45431518554688 44.879940032958984 2.5
endloop
endfacet
facet normal 0 0 -1
outer loop
vertex 49.361610412597656 44.907958984375 2.5
vertex -72.48848724365234 40.65196228027344 2.5
vertex -49.06243896484375 44.98554229736328 2.5
endloop
endfacet
facet normal -0.0007882554048116233 -0.9999996893266601 0
outer loop
vertex 49.361610412597656 44.907958984375 2.5
vertex -49.06243896484375 44.98554229736328 2.5
vertex -49.06243896484375 44.98554229736328 0.800000011920929
endloop
endfacet
facet normal 0 0 -1
outer loop
vertex -67.20001983642578 39.290000915527344 2.5
vertex -67.20001983642578 -37.28989791870117 2.5
vertex -70.20001983642578 -21.955223083496094 2.5
endloop
endfacet
facet normal 0 0 -1
outer loop
vertex -70.20001983642578 -21.955223083496094 2.5
vertex -70.20001983642578 -24.715063095092773 2.5
vertex -72.50001525878906 -21.955223083496094 2.5
endloop
endfacet
facet normal 0 1 0
outer loop
vertex 51.028316497802734 -47.99995040893555 0.800000011920929
vertex -55.21513366699219 -47.99995040893555 0
vertex -49.21513366699219 -47.99995040893555 0.800000011920929
endloop
endfacet
facet normal 1 0 0
outer loop
vertex -72.50001525878906 -2.95522403717041 2.5
vertex -72.50001525878906 -2.95522403717041 0
vertex -72.50001525878906 -0.19538506865501404 0
endloop
endfacet
facet normal 0.8314141711471242 0.55565319761137 0
outer loop
vertex -71.976318359375 -45.00892639160156 0
vertex -72.0091552734375 -44.95979309082031 0
vertex -72.0091552734375 -44.95979309082031 2.5
endloop
endfacet
facet normal 0 0 -1
outer loop
vertex 69.87593841552734 -26.943387985229492 2.5
vertex 67.19998168945312 -37.28989791870117 2.5
vertex 69.89283752441406 -23.453506469726562 2.5
endloop
endfacet
facet normal 0 0 -1
outer loop
vertex -72.50001525878906 -2.95522403717041 2.5
vertex -72.50001525878906 -0.19538506865501404 2.5
vertex -70.20001983642578 -2.95522403717041 2.5
endloop
endfacet
facet normal 0 1 0
outer loop
vertex -68.24468231201172 -47.99995040893555 0
vertex -63.21513366699219 -47.99995040893555 0.800000011920929
vertex -63.21513366699219 -47.99995040893555 0
endloop
endfacet
facet normal 0 1 0
outer loop
vertex 51.028316497802734 -47.99995040893555 0.800000011920929
vertex 57.028316497802734 -47.99995040893555 0
vertex -55.21513366699219 -47.99995040893555 0
endloop
endfacet
facet normal 0.19454104268835326 -0.9808943789775373 0
outer loop
vertex -68.15003967285156 44.989036560058594 2.5
vertex -68.15003967285156 44.989036560058594 0
vertex -68.09201049804688 45.000545501708984 2.5
endloop
endfacet
facet normal -0.0007884377642774466 -0.9999996891827512 5.414404269161834e-7
outer loop
vertex -68.09201049804688 45.000545501708984 0
vertex -49.06243896484375 44.98554229736328 0.800000011920929
vertex -68.06243133544922 45.00052261352539 0.800000011920929
endloop
endfacet
facet normal 1 0 0
outer loop
vertex -72.50001525878906 -0.19538506865501404 2.5
vertex -72.50001525878906 -2.95522403717041 2.5
vertex -72.50001525878906 -0.19538506865501404 0
endloop
endfacet
facet normal 0 0 -1
outer loop
vertex -70.20001983642578 -2.95522403717041 2.5
vertex -72.50001525878906 -0.19538506865501404 2.5
vertex -70.20001983642578 -0.19538506865501404 2.5
endloop
endfacet
facet normal 0 0 -1
outer loop
vertex -67.20001983642578 39.290000915527344 2.5
vertex -70.20001983642578 -21.955223083496094 2.5
vertex -70.20001983642578 -2.95522403717041 2.5
endloop
endfacet
facet normal 0.38231999428091173 -0.924029989758473 0
outer loop
vertex -69.30863952636719 44.50966262817383 2.5
vertex -69.30863952636719 44.50966262817383 0
vertex -68.15003967285156 44.989036560058594 2.5
endloop
endfacet
facet normal 0.5553548070089399 -0.8316135150008465 0
outer loop
vertex -69.35783386230469 44.476810455322266 2.5
vertex -69.35783386230469 44.476810455322266 0
vertex -69.30863952636719 44.50966262817383 2.5
endloop
endfacet
facet normal 0.7071067811865475 0.7071067811865475 0
outer loop
vertex -69.50899505615234 -47.47624969482422 0
vertex -71.976318359375 -45.00892639160156 0
vertex -71.976318359375 -45.00892639160156 2.5
endloop
endfacet
facet normal 0 0 -1
outer loop
vertex 69.87593841552734 -26.943387985229492 2.5
vertex 69.78392028808594 -45.94316482543945 2.5
vertex 67.19998168945312 -37.28989791870117 2.5
endloop
endfacet
facet normal 0 0 -1
outer loop
vertex 69.78392028808594 -45.94316482543945 2.5
vertex 66.78993225097656 -37.699947357177734 2.5
vertex 67.19998168945312 -37.28989791870117 2.5
endloop
endfacet
facet normal 0.7071078113215027 -0.7071057510500914 0
outer loop
vertex -71.976318359375 41.85831832885742 2.5
vertex -71.976318359375 41.85831832885742 0
vertex -69.35783386230469 44.476810455322266 2.5
endloop
endfacet
facet normal 0.8314141711471242 -0.55565319761137 0
outer loop
vertex -72.0091552734375 41.80918502807617 2.5
vertex -72.0091552734375 41.80918502807617 0
vertex -71.976318359375 41.85831832885742 2.5
endloop
endfacet
facet normal 0 0 -1
outer loop
vertex 72.08360290527344 -46.01378631591797 2.5
vertex 69.78392028808594 -45.94316482543945 2.5
vertex 72.08389282226562 -45.95430374145508 2.5
endloop
endfacet
facet normal 0 0 -1
outer loop
vertex 70.19776916503906 -47.95455551147461 2.5
vertex 70.08780670166016 -47.99995040893555 2.5
vertex 72.03768157958984 -46.12353515625 2.5
endloop
endfacet
facet normal 0 0 -1
outer loop
vertex 72.03768157958984 -46.12353515625 2.5
vertex 70.08780670166016 -47.99995040893555 2.5
vertex 70.0283203125 -47.99995040893555 2.5
endloop
endfacet
facet normal 0 0 -1
outer loop
vertex -67.20001983642578 -37.28989791870117 2.5
vertex -70.20001983642578 -24.715063095092773 2.5
vertex -70.20001983642578 -21.955223083496094 2.5
endloop
endfacet
facet normal -0.0007737939390931842 -0.9999997006214251 0
outer loop
vertex -68.09201049804688 45.000545501708984 2.5
vertex -68.09201049804688 45.000545501708984 0
vertex -68.06243133544922 45.00052261352539 0.800000011920929
endloop
endfacet
facet normal 0.19454104268835326 -0.9808943789775373 0
outer loop
vertex -68.09201049804688 45.000545501708984 0
vertex -68.09201049804688 45.000545501708984 2.5
vertex -68.15003967285156 44.989036560058594 0
endloop
endfacet
facet normal 0 0 -1
outer loop
vertex 72.03768157958984 -46.12353515625 2.5
vertex 70.0283203125 -47.99995040893555 2.5
vertex 51.028316497802734 -47.99995040893555 2.5
endloop
endfacet
facet normal 0 0 -1
outer loop
vertex -67.20001983642578 -37.28989791870117 2.5
vertex -70.20001983642578 -43.71506118774414 2.5
vertex -70.20001983642578 -24.715063095092773 2.5
endloop
endfacet
facet normal 0.38231999428091173 -0.924029989758473 0
outer loop
vertex -68.15003967285156 44.989036560058594 0
vertex -68.15003967285156 44.989036560058594 2.5
vertex -69.30863952636719 44.50966262817383 0
endloop
endfacet
facet normal 0.5553548070089399 -0.8316135150008465 0
outer loop
vertex -69.35783386230469 44.476810455322266 0
vertex -69.30863952636719 44.50966262817383 0
vertex -69.30863952636719 44.50966262817383 2.5
endloop
endfacet
facet normal 0.7071078113215027 -0.7071057510500914 0
outer loop
vertex -71.976318359375 41.85831832885742 0
vertex -69.35783386230469 44.476810455322266 0
vertex -69.35783386230469 44.476810455322266 2.5
endloop
endfacet
facet normal 0.8314141711471242 -0.55565319761137 0
outer loop
vertex -72.0091552734375 41.80918502807617 0
vertex -71.976318359375 41.85831832885742 0
vertex -71.976318359375 41.85831832885742 2.5
endloop
endfacet
facet normal 0.9238810529457075 -0.3826797616910655 0
outer loop
vertex -72.0091552734375 41.80918502807617 2.5
vertex -72.48848724365234 40.65196228027344 0
vertex -72.0091552734375 41.80918502807617 0
endloop
endfacet
facet normal 0.9238810529457075 -0.3826797616910655 0
outer loop
vertex -72.48848724365234 40.65196228027344 2.5
vertex -72.48848724365234 40.65196228027344 0
vertex -72.0091552734375 41.80918502807617 2.5
endloop
endfacet
facet normal 0.980786063852342 -0.19507275799406196 0.0023056542715789857
outer loop
vertex -72.50001525878906 40.59400177001953 2.5
vertex -72.50001525878906 40.564453125 0
vertex -72.48848724365234 40.65196228027344 2.5
endloop
endfacet
facet normal 1 0 0
outer loop
vertex -72.50001525878906 18.804615020751953 2.5
vertex -72.50001525878906 18.804615020751953 0
vertex -72.50001525878906 21.564453125 0
endloop
endfacet
facet normal 0.9914342780053166 -0.1306065557163063 0
outer loop
vertex -72.50001525878906 40.564453125 0
vertex -72.48848724365234 40.65196228027344 0
vertex -72.48848724365234 40.65196228027344 2.5
endloop
endfacet
facet normal 0.5556085745080036 0.8314439920603097 0
outer loop
vertex -69.4598617553711 -47.50908279418945 0
vertex -69.50899505615234 -47.47624969482422 0
vertex -69.50899505615234 -47.47624969482422 2.5
endloop
endfacet
facet normal -0.999988122361767 0.004873924023567902 0
outer loop
vertex 72.08389282226562 -45.95430374145508 2.5
vertex 72.08360290527344 -46.01378631591797 0
vertex 72.08360290527344 -46.01378631591797 2.5
endloop
endfacet
facet normal -0.9225010043715705 0.38599468511035684 0
outer loop
vertex 72.08360290527344 -46.01378631591797 0
vertex 72.03768157958984 -46.12353515625 2.5
vertex 72.08360290527344 -46.01378631591797 2.5
endloop
endfacet
facet normal -0.7053918949170932 0.7088175185372272 0
outer loop
vertex 72.03768157958984 -46.12353515625 2.5
vertex 72.03768157958984 -46.12353515625 0
vertex 70.19776916503906 -47.95455551147461 2.5
endloop
endfacet
facet normal 0.3826834379426456 0.9238795302009875 0
outer loop
vertex -68.30264282226562 -47.98841857910156 0
vertex -69.4598617553711 -47.50908279418945 0
vertex -69.4598617553711 -47.50908279418945 2.5
endloop
endfacet
facet normal 0.1951353699829449 0.9807763187300248 0
outer loop
vertex -68.24468231201172 -47.99995040893555 0
vertex -68.30264282226562 -47.98841857910156 0
vertex -68.30264282226562 -47.98841857910156 2.5
endloop
endfacet
facet normal 0 1 0
outer loop
vertex -68.21513366699219 -47.99995040893555 0.800000011920929
vertex -68.24468231201172 -47.99995040893555 0
vertex -68.24468231201172 -47.99995040893555 2.5
endloop
endfacet
facet normal 0 0 -1
outer loop
vertex -60.48210906982422 -37.699947357177734 2.5
vertex -70.20001983642578 -43.71506118774414 2.5
vertex -66.78997039794922 -37.699947357177734 2.5
endloop
endfacet
facet normal 1 0 0
outer loop
vertex -72.50001525878906 18.804615020751953 2.5
vertex -72.50001525878906 21.564453125 0
vertex -72.50001525878906 21.564453125 2.5
endloop
endfacet
facet normal 0.7071067811865475 0.7071067811865475 0
outer loop
vertex -69.50899505615234 -47.47624969482422 2.5
vertex -69.50899505615234 -47.47624969482422 0
vertex -71.976318359375 -45.00892639160156 2.5
endloop
endfacet
facet normal 0 1 0
outer loop
vertex 70.08780670166016 -47.99995040893555 2.5
vertex 70.0283203125 -47.99995040893555 0.800000011920929
vertex 70.0283203125 -47.99995040893555 2.5
endloop
endfacet
facet normal 0 0 -1
outer loop
vertex -67.20001983642578 -37.28989791870117 2.5
vertex -66.78997039794922 -37.699947357177734 2.5
vertex -70.20001983642578 -43.71506118774414 2.5
endloop
endfacet
facet normal -0.38158507279816867 0.9243337234016815 0
outer loop
vertex 70.19776916503906 -47.95455551147461 2.5
vertex 70.19776916503906 -47.95455551147461 0
vertex 70.08780670166016 -47.99995040893555 2.5
endloop
endfacet
facet normal 0 0 -1
outer loop
vertex -67.20001983642578 39.290000915527344 2.5
vertex -70.20001983642578 21.564453125 2.5
vertex -70.20001983642578 40.564453125 2.5
endloop
endfacet
facet normal 0 1 0
outer loop
vertex -68.21513366699219 -47.99995040893555 0.800000011920929
vertex -63.21513366699219 -47.99995040893555 0.800000011920929
vertex -68.24468231201172 -47.99995040893555 0
endloop
endfacet
facet normal -0.999988122361767 0.004873924023567902 0
outer loop
vertex 72.08389282226562 -45.95430374145508 0
vertex 72.08360290527344 -46.01378631591797 0
vertex 72.08389282226562 -45.95430374145508 2.5
endloop
endfacet
facet normal -0.9225010043715705 0.38599468511035684 0
outer loop
vertex 72.08360290527344 -46.01378631591797 0
vertex 72.03768157958984 -46.12353515625 0
vertex 72.03768157958984 -46.12353515625 2.5
endloop
endfacet
facet normal -0.7053918949170932 0.7088175185372272 0
outer loop
vertex 72.03768157958984 -46.12353515625 0
vertex 70.19776916503906 -47.95455551147461 0
vertex 70.19776916503906 -47.95455551147461 2.5
endloop
endfacet
facet normal 0 0 -1
outer loop
vertex -67.20001983642578 39.290000915527344 2.5
vertex -70.20001983642578 18.804615020751953 2.5
vertex -70.20001983642578 21.564453125 2.5
endloop
endfacet
facet normal 0 0 -1
outer loop
vertex -67.20001983642578 39.290000915527344 2.5
vertex -70.20001983642578 -2.95522403717041 2.5
vertex -70.20001983642578 -0.19538506865501404 2.5
endloop
endfacet
facet normal 0 1 0
outer loop
vertex 70.08780670166016 -47.99995040893555 2.5
vertex 70.08780670166016 -47.99995040893555 0
vertex 70.0283203125 -47.99995040893555 0.800000011920929
endloop
endfacet
facet normal -0.38158507279816867 0.9243337234016815 0
outer loop
vertex 70.19776916503906 -47.95455551147461 0
vertex 70.08780670166016 -47.99995040893555 0
vertex 70.08780670166016 -47.99995040893555 2.5
endloop
endfacet
facet normal 0 0 -1
outer loop
vertex -60.48210906982422 -37.699947357177734 2.5
vertex -72.0091552734375 -44.95979309082031 2.5
vertex -70.20001983642578 -43.71506118774414 2.5
endloop
endfacet
facet normal 0 0 -1
outer loop
vertex 68.45431518554688 44.879940032958984 2.5
vertex 69.67093658447266 44.3404541015625 2.5
vertex 66.78993225097656 39.700050354003906 2.5
endloop
endfacet
facet normal 0 0 -1
outer loop
vertex 72.04082489013672 41.74773025512695 2.5
vertex 67.19998168945312 39.290000915527344 2.5
vertex 69.72177124023438 44.30372619628906 2.5
endloop
endfacet
facet normal 0 0 -1
outer loop
vertex 69.67093658447266 44.3404541015625 2.5
vertex 69.72177124023438 44.30372619628906 2.5
vertex 66.78993225097656 39.700050354003906 2.5
endloop
endfacet
facet normal 0 0 -1
outer loop
vertex -67.20001983642578 39.290000915527344 2.5
vertex -70.20001983642578 -0.19538506865501404 2.5
vertex -70.20001983642578 18.804615020751953 2.5
endloop
endfacet
facet normal 0 0 -1
outer loop
vertex -69.4598617553711 -47.50908279418945 2.5
vertex -69.50899505615234 -47.47624969482422 2.5
vertex -60.48210906982422 -37.699947357177734 2.5
endloop
endfacet
facet normal 0 0 -1
outer loop
vertex -69.50899505615234 -47.47624969482422 2.5
vertex -71.976318359375 -45.00892639160156 2.5
vertex -60.48210906982422 -37.699947357177734 2.5
endloop
endfacet
facet normal -0.0007882369908413804 -0.9999996893380927 0.0000024828422207432752
outer loop
vertex 68.36160278320312 44.892982482910156 0.800000011920929
vertex 49.361610412597656 44.907958984375 0.800000011920929
vertex 68.39295959472656 44.8929557800293 0
endloop
endfacet
facet normal 0 0 -1
outer loop
vertex -71.976318359375 -45.00892639160156 2.5
vertex -72.0091552734375 -44.95979309082031 2.5
vertex -60.48210906982422 -37.699947357177734 2.5
endloop
endfacet
facet normal 0 0 -1
outer loop
vertex -70.20001983642578 18.804615020751953 2.5
vertex -72.50001525878906 21.564453125 2.5
vertex -70.20001983642578 21.564453125 2.5
endloop
endfacet
facet normal -0.0007882812624258888 -0.9999996893062775 0
outer loop
vertex 49.361610412597656 44.907958984375 0.800000011920929
vertex 49.361610412597656 44.907958984375 2.5
vertex -68.09201049804688 45.000545501708984 0
endloop
endfacet
facet normal 0 0 -1
outer loop
vertex 68.39295959472656 44.8929557800293 2.5
vertex -72.48848724365234 40.65196228027344 2.5
vertex 49.361610412597656 44.907958984375 2.5
endloop
endfacet
facet normal 0 0 -1
outer loop
vertex -70.20001983642578 40.564453125 2.5
vertex 68.45431518554688 44.879940032958984 2.5
vertex 66.78993225097656 39.700050354003906 2.5
endloop
endfacet
facet normal 0 0 -1
outer loop
vertex 29.249980926513672 -42.49995040893555 2.5
vertex -60.48210906982422 -37.699947357177734 2.5
vertex 29.264392852783203 -42.35363006591797 2.5
endloop
endfacet
facet normal 0 0 -1
outer loop
vertex 69.78392028808594 -45.94316482543945 2.5
vertex 30.2869930267334 -43.1928596496582 2.5
vertex 66.78993225097656 -37.699947357177734 2.5
endloop
endfacet
facet normal 0 0 -1
outer loop
vertex 30.530311584472656 -41.96961975097656 2.5
vertex 30.416658401489258 -41.876346588134766 2.5
vertex 66.78993225097656 -37.699947357177734 2.5
endloop
endfacet
facet normal 0 0 -1
outer loop
vertex 30.416658401489258 -41.876346588134766 2.5
vertex 30.2869930267334 -41.80704116821289 2.5
vertex 66.78993225097656 -37.699947357177734 2.5
endloop
endfacet
facet normal 0 0 -1
outer loop
vertex 30.2869930267334 -41.80704116821289 2.5
vertex 30.146299362182617 -41.76435852050781 2.5
vertex 66.78993225097656 -37.699947357177734 2.5
endloop
endfacet
facet normal 0 0 -1
outer loop
vertex 30.146299362182617 -41.76435852050781 2.5
vertex 29.999980926513672 -41.74995040893555 2.5
vertex 66.78993225097656 -37.699947357177734 2.5
endloop
endfacet
facet normal 0 0 -1
outer loop
vertex 70.0937728881836 18.03592872619629 2.5
vertex 67.19998168945312 -37.28989791870117 2.5
vertex 70.11067962646484 21.52581024169922 2.5
endloop
endfacet
facet normal 0 0 -1
outer loop
vertex 29.999980926513672 -41.74995040893555 2.5
vertex 29.853662490844727 -41.76435852050781 2.5
vertex 66.78993225097656 -37.699947357177734 2.5
endloop
endfacet
facet normal 0 0 -1
outer loop
vertex 66.78993225097656 -37.699947357177734 2.5
vertex 30.62358283996582 -42.08327102661133 2.5
vertex 30.530311584472656 -41.96961975097656 2.5
endloop
endfacet
facet normal 0 0 -1
outer loop
vertex 66.78993225097656 -37.699947357177734 2.5
vertex 30.692890167236328 -42.21293640136719 2.5
vertex 30.62358283996582 -42.08327102661133 2.5
endloop
endfacet
facet normal 0 0 -1
outer loop
vertex 70.11067962646484 21.52581024169922 2.5
vertex 67.19998168945312 -37.28989791870117 2.5
vertex 70.20269775390625 40.52558898925781 2.5
endloop
endfacet
facet normal 0 0 -1
outer loop
vertex 66.78993225097656 -37.699947357177734 2.5
vertex 30.735570907592773 -42.35363006591797 2.5
vertex 30.692890167236328 -42.21293640136719 2.5
endloop
endfacet
facet normal 0 0 -1
outer loop
vertex 66.78993225097656 -37.699947357177734 2.5
vertex 30.749980926513672 -42.49995040893555 2.5
vertex 30.735570907592773 -42.35363006591797 2.5
endloop
endfacet
facet normal 0 0 -1
outer loop
vertex 66.78993225097656 -37.699947357177734 2.5
vertex 30.735570907592773 -42.64626693725586 2.5
vertex 30.749980926513672 -42.49995040893555 2.5
endloop
endfacet
facet normal 0 0 -1
outer loop
vertex 66.78993225097656 -37.699947357177734 2.5
vertex 30.692890167236328 -42.78696060180664 2.5
vertex 30.735570907592773 -42.64626693725586 2.5
endloop
endfacet
facet normal -0.9999882656063173 0.004844445238562978 0
outer loop
vertex 72.41065216064453 21.514671325683594 0
vertex 72.39374542236328 18.024789810180664 0
vertex 72.41065216064453 21.514671325683594 2.5
endloop
endfacet
facet normal -0.9999882656063173 0.004844445238562978 0
outer loop
vertex 72.41065216064453 21.514671325683594 2.5
vertex 72.39374542236328 18.024789810180664 0
vertex 72.39374542236328 18.024789810180664 2.5
endloop
endfacet
facet normal 0 0 -1
outer loop
vertex 66.78993225097656 -37.699947357177734 2.5
vertex 30.530311584472656 -43.03028106689453 2.5
vertex 30.62358283996582 -42.9166259765625 2.5
endloop
endfacet
facet normal 0 0 -1
outer loop
vertex 30.62358283996582 -42.9166259765625 2.5
vertex 30.692890167236328 -42.78696060180664 2.5
vertex 66.78993225097656 -37.699947357177734 2.5
endloop
endfacet
facet normal 0 0 -1
outer loop
vertex 66.78993225097656 -37.699947357177734 2.5
vertex 30.416658401489258 -43.12355041503906 2.5
vertex 30.530311584472656 -43.03028106689453 2.5
endloop
endfacet
facet normal 0 0 -1
outer loop
vertex 70.20269775390625 40.52558898925781 2.5
vertex 67.19998168945312 -37.28989791870117 2.5
vertex 67.19998168945312 39.290000915527344 2.5
endloop
endfacet
facet normal 0 0 -1
outer loop
vertex 30.2869930267334 -43.1928596496582 2.5
vertex 30.416658401489258 -43.12355041503906 2.5
vertex 66.78993225097656 -37.699947357177734 2.5
endloop
endfacet
facet normal 0 0 -1
outer loop
vertex 69.78392028808594 -45.94316482543945 2.5
vertex 30.146299362182617 -43.235538482666016 2.5
vertex 30.2869930267334 -43.1928596496582 2.5
endloop
endfacet
facet normal 0 0 -1
outer loop
vertex 70.11067962646484 21.52581024169922 2.5
vertex 72.39374542236328 18.024789810180664 2.5
vertex 70.0937728881836 18.03592872619629 2.5
endloop
endfacet
facet normal 0 0 -1
outer loop
vertex 69.78392028808594 -45.94316482543945 2.5
vertex 29.999980926513672 -43.24995040893555 2.5
vertex 30.146299362182617 -43.235538482666016 2.5
endloop
endfacet
facet normal 0 0 -1
outer loop
vertex 72.0700454711914 41.70021057128906 2.5
vertex 72.49278259277344 40.59722137451172 2.5
vertex 70.20269775390625 40.52558898925781 2.5
endloop
endfacet
facet normal 0 0 -1
outer loop
vertex 72.41065216064453 21.514671325683594 2.5
vertex 72.39374542236328 18.024789810180664 2.5
vertex 70.11067962646484 21.52581024169922 2.5
endloop
endfacet
facet normal 0 0 -1
outer loop
vertex 72.49278259277344 40.59722137451172 2.5
vertex 72.50279998779297 40.54233932495117 2.5
vertex 70.20269775390625 40.52558898925781 2.5
endloop
endfacet
facet normal 0 0 -1
outer loop
vertex -72.50001525878906 18.804615020751953 2.5
vertex -72.50001525878906 21.564453125 2.5
vertex -70.20001983642578 18.804615020751953 2.5
endloop
endfacet
facet normal 0.9238810529457075 0.3826797616910655 0
outer loop
vertex -72.0091552734375 -44.95979309082031 2.5
vertex -72.0091552734375 -44.95979309082031 0
vertex -72.48848724365234 -43.80257034301758 2.5
endloop
endfacet
facet normal 0.8314141711471242 0.55565319761137 0
outer loop
vertex -71.976318359375 -45.00892639160156 2.5
vertex -71.976318359375 -45.00892639160156 0
vertex -72.0091552734375 -44.95979309082031 2.5
endloop
endfacet
facet normal 0 0 -1
outer loop
vertex 72.04082489013672 41.74773025512695 2.5
vertex 72.0700454711914 41.70021057128906 2.5
vertex 67.19998168945312 39.290000915527344 2.5
endloop
endfacet
facet normal 0 0 -1
outer loop
vertex 70.20269775390625 40.52558898925781 2.5
vertex 67.19998168945312 39.290000915527344 2.5
vertex 72.0700454711914 41.70021057128906 2.5
endloop
endfacet
facet normal 0 0 -1
outer loop
vertex 66.78993225097656 39.700050354003906 2.5
vertex 69.72177124023438 44.30372619628906 2.5
vertex 67.19998168945312 39.290000915527344 2.5
endloop
endfacet
facet normal 0 0 -1
outer loop
vertex -70.20001983642578 -43.71506118774414 2.5
vertex -72.48848724365234 -43.80257034301758 2.5
vertex -72.50001525878906 -43.74460983276367 2.5
endloop
endfacet
facet normal 0.5556085745080036 0.8314439920603097 0
outer loop
vertex -69.4598617553711 -47.50908279418945 2.5
vertex -69.4598617553711 -47.50908279418945 0
vertex -69.50899505615234 -47.47624969482422 2.5
endloop
endfacet
facet normal 0.3826834379426456 0.9238795302009875 0
outer loop
vertex -68.30264282226562 -47.98841857910156 2.5
vertex -68.30264282226562 -47.98841857910156 0
vertex -69.4598617553711 -47.50908279418945 2.5
endloop
endfacet
facet normal 0.1951353699829449 0.9807763187300248 0
outer loop
vertex -68.24468231201172 -47.99995040893555 2.5
vertex -68.24468231201172 -47.99995040893555 0
vertex -68.30264282226562 -47.98841857910156 2.5
endloop
endfacet
facet normal 0 0 -1
outer loop
vertex -72.0091552734375 -44.95979309082031 2.5
vertex -72.48848724365234 -43.80257034301758 2.5
vertex -70.20001983642578 -43.71506118774414 2.5
endloop
endfacet
facet normal 0 0 -1
outer loop
vertex -68.30264282226562 -47.98841857910156 2.5
vertex -69.4598617553711 -47.50908279418945 2.5
vertex -60.48210906982422 -37.699947357177734 2.5
endloop
endfacet
facet normal -0.7406001014046161 -0.6719460467920564 0
outer loop
vertex 69.72177124023438 44.30372619628906 2.5
vertex 69.72177124023438 44.30372619628906 0
vertex 72.04082489013672 41.74773025512695 2.5
endloop
endfacet
facet normal -0.9929394208318002 -0.11861457179445231 0.001374742240444217
outer loop
vertex 72.50267028808594 40.51445007324219 0
vertex 72.50279998779297 40.54233932495117 2.5
vertex 72.49278259277344 40.59722137451172 0
endloop
endfacet
facet normal -0.9337674507683587 -0.3578803541486466 0
outer loop
vertex 72.0700454711914 41.70021057128906 0
vertex 72.49278259277344 40.59722137451172 0
vertex 72.49278259277344 40.59722137451172 2.5
endloop
endfacet
facet normal 0.9238810529457075 0.3826797616910655 0
outer loop
vertex -72.48848724365234 -43.80257034301758 2.5
vertex -72.0091552734375 -44.95979309082031 0
vertex -72.48848724365234 -43.80257034301758 0
endloop
endfacet
facet normal -0.9837471468001521 -0.17955932491118368 0
outer loop
vertex 72.49278259277344 40.59722137451172 2.5
vertex 72.49278259277344 40.59722137451172 0
vertex 72.50279998779297 40.54233932495117 2.5
endloop
endfacet
facet normal -0.9337674507683587 -0.3578803541486466 0
outer loop
vertex 72.0700454711914 41.70021057128906 0
vertex 72.49278259277344 40.59722137451172 2.5
vertex 72.0700454711914 41.70021057128906 2.5
endloop
endfacet
facet normal 0.9914330967106705 0.13060640009850244 0.001543696861515808
outer loop
vertex -72.48848724365234 -43.80257034301758 0
vertex -72.50001525878906 -43.71506118774414 0
vertex -72.50001525878906 -43.74460983276367 2.5
endloop
endfacet
facet normal -0.585637119994208 -0.810573354906815 0
outer loop
vertex 69.72177124023438 44.30372619628906 0
vertex 69.72177124023438 44.30372619628906 2.5
vertex 69.67093658447266 44.3404541015625 0
endloop
endfacet
facet normal -0.20751831775084803 -0.9782311320939742 0
outer loop
vertex 68.45431518554688 44.879940032958984 0
vertex 68.45431518554688 44.879940032958984 2.5
vertex 68.39295959472656 44.8929557800293 0
endloop
endfacet
facet normal -0.4053636157811352 -0.9141555332659996 0
outer loop
vertex 68.45431518554688 44.879940032958984 0
vertex 69.67093658447266 44.3404541015625 0
vertex 69.67093658447266 44.3404541015625 2.5
endloop
endfacet
facet normal -0.0008515811997363322 -0.9999996374046644 0
outer loop
vertex 68.36160278320312 44.892982482910156 0.800000011920929
vertex 68.39295959472656 44.8929557800293 0
vertex 68.39295959472656 44.8929557800293 2.5
endloop
endfacet
facet normal -0.8518367066562713 -0.5238074314029894 0
outer loop
vertex 72.04082489013672 41.74773025512695 2.5
vertex 72.04082489013672 41.74773025512695 0
vertex 72.0700454711914 41.70021057128906 2.5
endloop
endfacet
facet normal -0.7406001014046161 -0.6719460467920564 0
outer loop
vertex 69.72177124023438 44.30372619628906 0
vertex 72.04082489013672 41.74773025512695 0
vertex 72.04082489013672 41.74773025512695 2.5
endloop
endfacet
facet normal -0.8518367066562713 -0.5238074314029894 0
outer loop
vertex 72.0700454711914 41.70021057128906 0
vertex 72.0700454711914 41.70021057128906 2.5
vertex 72.04082489013672 41.74773025512695 0
endloop
endfacet
facet normal -0.585637119994208 -0.810573354906815 0
outer loop
vertex 69.67093658447266 44.3404541015625 2.5
vertex 69.67093658447266 44.3404541015625 0
vertex 69.72177124023438 44.30372619628906 2.5
endloop
endfacet
facet normal -0.20751831775084803 -0.9782311320939742 0
outer loop
vertex 68.39295959472656 44.8929557800293 2.5
vertex 68.39295959472656 44.8929557800293 0
vertex 68.45431518554688 44.879940032958984 2.5
endloop
endfacet
facet normal -0.4053636157811352 -0.9141555332659996 0
outer loop
vertex 68.45431518554688 44.879940032958984 2.5
vertex 68.45431518554688 44.879940032958984 0
vertex 69.67093658447266 44.3404541015625 2.5
endloop
endfacet
facet normal 0 0 -1
outer loop
vertex 68.45431518554688 44.879940032958984 2.5
vertex -72.50001525878906 40.59400177001953 2.5
vertex 68.39295959472656 44.8929557800293 2.5
endloop
endfacet
facet normal -1 0 0
outer loop
vertex 57.028316497802734 -47.699947357177734 0.800000011920929
vertex 57.028316497802734 -47.699947357177734 -0.44999998807907104
vertex 57.028316497802734 -47.99995040893555 0
endloop
endfacet
facet normal 1 0 0
outer loop
vertex 65.0283203125 -47.699947357177734 -0.44999998807907104
vertex 65.0283203125 -47.699947357177734 0.800000011920929
vertex 65.0283203125 -47.99995040893555 0.800000011920929
endloop
endfacet
facet normal 0 1 0
outer loop
vertex 65.0283203125 -47.699947357177734 0.800000011920929
vertex 65.0283203125 -47.699947357177734 -0.44999998807907104
vertex 57.028316497802734 -47.699947357177734 0.800000011920929
endloop
endfacet
facet normal 1 0 0
outer loop
vertex 65.0283203125 -47.699947357177734 -0.44999998807907104
vertex 65.0283203125 -47.99995040893555 0.800000011920929
vertex 65.0283203125 -47.99995040893555 0
endloop
endfacet
facet normal -1 0 0
outer loop
vertex 57.028316497802734 -47.99995040893555 -0.44999998807907104
vertex 57.028316497802734 -47.99995040893555 0
vertex 57.028316497802734 -47.699947357177734 -0.44999998807907104
endloop
endfacet
facet normal -1 0 0
outer loop
vertex 57.028316497802734 -47.699947357177734 0.800000011920929
vertex 57.028316497802734 -47.99995040893555 0
vertex 57.028316497802734 -47.99995040893555 0.800000011920929
endloop
endfacet
facet normal 0 0 -1
outer loop
vertex 57.028316497802734 -48.49995040893555 -0.44999998807907104
vertex 57.028316497802734 -47.99995040893555 -0.44999998807907104
vertex 65.0283203125 -47.699947357177734 -0.44999998807907104
endloop
endfacet
facet normal 0 1 0
outer loop
vertex 57.028316497802734 -47.699947357177734 -0.44999998807907104
vertex 57.028316497802734 -47.699947357177734 0.800000011920929
vertex 65.0283203125 -47.699947357177734 -0.44999998807907104
endloop
endfacet
facet normal 0 0 -1
outer loop
vertex 65.0283203125 -47.699947357177734 -0.44999998807907104
vertex 57.028316497802734 -47.99995040893555 -0.44999998807907104
vertex 57.028316497802734 -47.699947357177734 -0.44999998807907104
endloop
endfacet
facet normal 0 0 -1
outer loop
vertex 65.0283203125 -48.49995040893555 -0.44999998807907104
vertex 57.028316497802734 -48.49995040893555 -0.44999998807907104
vertex 65.0283203125 -47.99995040893555 -0.44999998807907104
endloop
endfacet
facet normal 0 0 -1
outer loop
vertex 65.0283203125 -47.99995040893555 -0.44999998807907104
vertex 57.028316497802734 -48.49995040893555 -0.44999998807907104
vertex 65.0283203125 -47.699947357177734 -0.44999998807907104
endloop
endfacet
facet normal 1 0 0
outer loop
vertex 65.0283203125 -47.99995040893555 0
vertex 65.0283203125 -47.99995040893555 -0.44999998807907104
vertex 65.0283203125 -47.699947357177734 -0.44999998807907104
endloop
endfacet
facet normal 1 0 0
outer loop
vertex -55.21513366699219 -47.699947357177734 -0.44999998807907104
vertex -55.21513366699219 -47.99995040893555 0.800000011920929
vertex -55.21513366699219 -47.99995040893555 0
endloop
endfacet
facet normal 1 0 0
outer loop
vertex -55.21513366699219 -47.99995040893555 0
vertex -55.21513366699219 -47.99995040893555 -0.44999998807907104
vertex -55.21513366699219 -47.699947357177734 -0.44999998807907104
endloop
endfacet
facet normal 1 0 0
outer loop
vertex -55.21513366699219 -47.699947357177734 -0.44999998807907104
vertex -55.21513366699219 -47.699947357177734 0.800000011920929
vertex -55.21513366699219 -47.99995040893555 0.800000011920929
endloop
endfacet
facet normal 0 1 0
outer loop
vertex -55.21513366699219 -47.699947357177734 0.800000011920929
vertex -55.21513366699219 -47.699947357177734 -0.44999998807907104
vertex -63.21513366699219 -47.699947357177734 0.800000011920929
endloop
endfacet
facet normal 0 1 0
outer loop
vertex -63.21513366699219 -47.699947357177734 -0.44999998807907104
vertex -63.21513366699219 -47.699947357177734 0.800000011920929
vertex -55.21513366699219 -47.699947357177734 -0.44999998807907104
endloop
endfacet
facet normal -1 0 0
outer loop
vertex -63.21513366699219 -47.699947357177734 0.800000011920929
vertex -63.21513366699219 -47.99995040893555 0
vertex -63.21513366699219 -47.99995040893555 0.800000011920929
endloop
endfacet
facet normal -1 0 0
outer loop
vertex -63.21513366699219 -47.699947357177734 0.800000011920929
vertex -63.21513366699219 -47.699947357177734 -0.44999998807907104
vertex -63.21513366699219 -47.99995040893555 0
endloop
endfacet
facet normal 0 0 -1
outer loop
vertex -55.21513366699219 -47.99995040893555 -0.44999998807907104
vertex -63.21513366699219 -48.49995040893555 -0.44999998807907104
vertex -55.21513366699219 -47.699947357177734 -0.44999998807907104
endloop
endfacet
facet normal 0 0 -1
outer loop
vertex -55.21513366699219 -48.49995040893555 -0.44999998807907104
vertex -63.21513366699219 -48.49995040893555 -0.44999998807907104
vertex -55.21513366699219 -47.99995040893555 -0.44999998807907104
endloop
endfacet
facet normal 0 0 -1
outer loop
vertex -55.21513366699219 -47.699947357177734 -0.44999998807907104
vertex -63.21513366699219 -47.99995040893555 -0.44999998807907104
vertex -63.21513366699219 -47.699947357177734 -0.44999998807907104
endloop
endfacet
facet normal 0 0 -1
outer loop
vertex -63.21513366699219 -48.49995040893555 -0.44999998807907104
vertex -63.21513366699219 -47.99995040893555 -0.44999998807907104
vertex -55.21513366699219 -47.699947357177734 -0.44999998807907104
endloop
endfacet
facet normal -1 0 0
outer loop
vertex -63.21513366699219 -47.99995040893555 -0.44999998807907104
vertex -63.21513366699219 -47.99995040893555 0
vertex -63.21513366699219 -47.699947357177734 -0.44999998807907104
endloop
endfacet
facet normal 0.9995460809563381 0.024612756199177917 0.017373666196442778
outer loop
vertex -68.21513366699219 -47.99995040893555 0.800000011920929
vertex -68.24468231201172 -47.99995040893555 2.5
vertex -68.21513366699219 -49.199947357177734 2.5
endloop
endfacet
facet normal 1 0 0
outer loop
vertex -68.21513366699219 -47.99995040893555 0.800000011920929
vertex -68.21513366699219 -49.199947357177734 2.5
vertex -68.21513366699219 -49.199947357177734 0.800000011920929
endloop
endfacet
facet normal 0 0 1
outer loop
vertex -63.21513366699219 -47.99995040893555 0.800000011920929
vertex -68.21513366699219 -49.199947357177734 0.800000011920929
vertex -49.21513366699219 -49.199947357177734 0.800000011920929
endloop
endfacet
facet normal 0 0 1
outer loop
vertex -63.21513366699219 -47.99995040893555 0.800000011920929
vertex -68.21513366699219 -47.99995040893555 0.800000011920929
vertex -68.21513366699219 -49.199947357177734 0.800000011920929
endloop
endfacet
facet normal 0 0 -1
outer loop
vertex -68.24468231201172 -47.99995040893555 2.5
vertex -49.21513366699219 -49.199947357177734 2.5
vertex -68.21513366699219 -49.199947357177734 2.5
endloop
endfacet
facet normal 0 0 1
outer loop
vertex -63.21513366699219 -47.99995040893555 0.800000011920929
vertex -49.21513366699219 -49.199947357177734 0.800000011920929
vertex -63.21513366699219 -47.699947357177734 0.800000011920929
endloop
endfacet
facet normal 0 1 0
outer loop
vertex -49.21513366699219 -49.199947357177734 0.800000011920929
vertex -68.21513366699219 -49.199947357177734 0.800000011920929
vertex -68.21513366699219 -49.199947357177734 2.5
endloop
endfacet
facet normal 0 0 1
outer loop
vertex -55.21513366699219 -47.99995040893555 0.800000011920929
vertex -55.21513366699219 -47.699947357177734 0.800000011920929
vertex -63.21513366699219 -47.699947357177734 0.800000011920929
endloop
endfacet
facet normal 0 0 -1
outer loop
vertex -49.21513366699219 -47.99995040893555 2.5
vertex -49.21513366699219 -49.199947357177734 2.5
vertex -68.24468231201172 -47.99995040893555 2.5
endloop
endfacet
facet normal 0 0 1
outer loop
vertex -63.21513366699219 -47.699947357177734 0.800000011920929
vertex -49.21513366699219 -49.199947357177734 0.800000011920929
vertex -55.21513366699219 -47.99995040893555 0.800000011920929
endloop
endfacet
facet normal 0 0 1
outer loop
vertex -49.21513366699219 -49.199947357177734 0.800000011920929
vertex -49.21513366699219 -47.99995040893555 0.800000011920929
vertex -55.21513366699219 -47.99995040893555 0.800000011920929
endloop
endfacet
facet normal -1 0 0
outer loop
vertex -49.21513366699219 -47.99995040893555 2.5
vertex -49.21513366699219 -49.199947357177734 0.800000011920929
vertex -49.21513366699219 -49.199947357177734 2.5
endloop
endfacet
facet normal -1 0 0
outer loop
vertex -49.21513366699219 -47.99995040893555 2.5
vertex -49.21513366699219 -47.99995040893555 0.800000011920929
vertex -49.21513366699219 -49.199947357177734 0.800000011920929
endloop
endfacet
facet normal 0 1 0
outer loop
vertex -49.21513366699219 -49.199947357177734 0.800000011920929
vertex -68.21513366699219 -49.199947357177734 2.5
vertex -49.21513366699219 -49.199947357177734 2.5
endloop
endfacet
facet normal 0 0 1
outer loop
vertex 57.028316497802734 -47.699947357177734 0.800000011920929
vertex 70.0283203125 -49.199947357177734 0.800000011920929
vertex 65.0283203125 -47.99995040893555 0.800000011920929
endloop
endfacet
facet normal 0 1 0
outer loop
vertex 70.0283203125 -49.199947357177734 0.800000011920929
vertex 51.028316497802734 -49.199947357177734 2.5
vertex 70.0283203125 -49.199947357177734 2.5
endloop
endfacet
facet normal 0 0 1
outer loop
vertex 70.0283203125 -49.199947357177734 0.800000011920929
vertex 70.0283203125 -47.99995040893555 0.800000011920929
vertex 65.0283203125 -47.99995040893555 0.800000011920929
endloop
endfacet
facet normal 0 0 1
outer loop
vertex 65.0283203125 -47.99995040893555 0.800000011920929
vertex 65.0283203125 -47.699947357177734 0.800000011920929
vertex 57.028316497802734 -47.699947357177734 0.800000011920929
endloop
endfacet
facet normal 0 0 1
outer loop
vertex 57.028316497802734 -47.99995040893555 0.800000011920929
vertex 70.0283203125 -49.199947357177734 0.800000011920929
vertex 57.028316497802734 -47.699947357177734 0.800000011920929
endloop
endfacet
facet normal 0 0 -1
outer loop
vertex 70.0283203125 -47.99995040893555 2.5
vertex 70.0283203125 -49.199947357177734 2.5
vertex 51.028316497802734 -47.99995040893555 2.5
endloop
endfacet
facet normal 0 0 -1
outer loop
vertex 51.028316497802734 -47.99995040893555 2.5
vertex 70.0283203125 -49.199947357177734 2.5
vertex 51.028316497802734 -49.199947357177734 2.5
endloop
endfacet
facet normal -1 0 0
outer loop
vertex 70.0283203125 -47.99995040893555 0.800000011920929
vertex 70.0283203125 -49.199947357177734 0.800000011920929
vertex 70.0283203125 -47.99995040893555 2.5
endloop
endfacet
facet normal 0 1 0
outer loop
vertex 70.0283203125 -49.199947357177734 0.800000011920929
vertex 51.028316497802734 -49.199947357177734 0.800000011920929
vertex 51.028316497802734 -49.199947357177734 2.5
endloop
endfacet
facet normal 0 0 1
outer loop
vertex 57.028316497802734 -47.99995040893555 0.800000011920929
vertex 51.028316497802734 -49.199947357177734 0.800000011920929
vertex 70.0283203125 -49.199947357177734 0.800000011920929
endloop
endfacet
facet normal 1 0 0
outer loop
vertex 51.028316497802734 -47.99995040893555 2.5
vertex 51.028316497802734 -49.199947357177734 2.5
vertex 51.028316497802734 -47.99995040893555 0.800000011920929
endloop
endfacet
facet normal 0 0 1
outer loop
vertex 57.028316497802734 -47.99995040893555 0.800000011920929
vertex 51.028316497802734 -47.99995040893555 0.800000011920929
vertex 51.028316497802734 -49.199947357177734 0.800000011920929
endloop
endfacet
facet normal 1 0 0
outer loop
vertex 51.028316497802734 -49.199947357177734 0.800000011920929
vertex 51.028316497802734 -47.99995040893555 0.800000011920929
vertex 51.028316497802734 -49.199947357177734 2.5
endloop
endfacet
facet normal -1 0 0
outer loop
vertex 70.0283203125 -49.199947357177734 2.5
vertex 70.0283203125 -47.99995040893555 2.5
vertex 70.0283203125 -49.199947357177734 0.800000011920929
endloop
endfacet
facet normal -0.9995091530135575 -0.0253293670837026 0.018435731752762554
outer loop
vertex 68.36160278320312 44.892982482910156 0.800000011920929
vertex 68.39295959472656 44.8929557800293 2.5
vertex 68.362548828125 46.092979431152344 2.5
endloop
endfacet
facet normal 0.999999689236306 -0.0007883700219999932 0
outer loop
vertex 49.361610412597656 44.907958984375 0.800000011920929
vertex 49.36255645751953 46.10795974731445 0.800000011920929
vertex 49.361610412597656 44.907958984375 2.5
endloop
endfacet
facet normal 0 0 1
outer loop
vertex 49.36255645751953 46.10795974731445 0.800000011920929
vertex 49.361610412597656 44.907958984375 0.800000011920929
vertex 68.362548828125 46.092979431152344 0.800000011920929
endloop
endfacet
facet normal 0.999999689236306 -0.0007883700219999932 0
outer loop
vertex 49.36255645751953 46.10795974731445 2.5
vertex 49.361610412597656 44.907958984375 2.5
vertex 49.36255645751953 46.10795974731445 0.800000011920929
endloop
endfacet
facet normal 0 0 -1
outer loop
vertex 68.39295959472656 44.8929557800293 2.5
vertex 49.36255645751953 46.10795974731445 2.5
vertex 68.362548828125 46.092979431152344 2.5
endloop
endfacet
facet normal -0.000788437764277562 -0.9999996891828976 0
outer loop
vertex 49.36255645751953 46.10795974731445 0.800000011920929
vertex 68.362548828125 46.092979431152344 2.5
vertex 49.36255645751953 46.10795974731445 2.5
endloop
endfacet
facet normal 0 0 -1
outer loop
vertex 49.361610412597656 44.907958984375 2.5
vertex 49.36255645751953 46.10795974731445 2.5
vertex 68.39295959472656 44.8929557800293 2.5
endloop
endfacet
facet normal 0 0 1
outer loop
vertex 68.36160278320312 44.892982482910156 0.800000011920929
vertex 68.362548828125 46.092979431152344 0.800000011920929
vertex 49.361610412597656 44.907958984375 0.800000011920929
endloop
endfacet
facet normal -0.000788437764277562 -0.9999996891828976 0
outer loop
vertex 49.36255645751953 46.10795974731445 0.800000011920929
vertex 68.362548828125 46.092979431152344 0.800000011920929
vertex 68.362548828125 46.092979431152344 2.5
endloop
endfacet
facet normal -0.9999996892343302 0.0007883725281656152 0
outer loop
vertex 68.36160278320312 44.892982482910156 0.800000011920929
vertex 68.362548828125 46.092979431152344 2.5
vertex 68.362548828125 46.092979431152344 0.800000011920929
endloop
endfacet
facet normal 0 0 -1
outer loop
vertex -68.09201049804688 45.000545501708984 2.5
vertex -68.06148529052734 46.20051956176758 2.5
vertex -49.06243896484375 44.98554229736328 2.5
endloop
endfacet
facet normal 0 0 1
outer loop
vertex -49.06243896484375 44.98554229736328 0.800000011920929
vertex -49.06149673461914 46.185543060302734 0.800000011920929
vertex -68.06243133544922 45.00052261352539 0.800000011920929
endloop
endfacet
facet normal -0.0007882371491009382 -0.9999996893410502 0
outer loop
vertex -68.06148529052734 46.20051956176758 0.800000011920929
vertex -49.06149673461914 46.185543060302734 0.800000011920929
vertex -49.06149673461914 46.185543060302734 2.5
endloop
endfacet
facet normal -0.0007882371491009382 -0.9999996893410502 0
outer loop
vertex -68.06148529052734 46.20051956176758 0.800000011920929
vertex -49.06149673461914 46.185543060302734 2.5
vertex -68.06148529052734 46.20051956176758 2.5
endloop
endfacet
facet normal 0 0 1
outer loop
vertex -68.06148529052734 46.20051956176758 0.800000011920929
vertex -68.06243133544922 45.00052261352539 0.800000011920929
vertex -49.06149673461914 46.185543060302734 0.800000011920929
endloop
endfacet
facet normal 0.9996766053536645 -0.025429996236211238 0
outer loop
vertex -68.06148529052734 46.20051956176758 2.5
vertex -68.09201049804688 45.000545501708984 2.5
vertex -68.06148529052734 46.20051956176758 0.800000011920929
endloop
endfacet
facet normal 0.9998483521209105 -0.0007882532181058258 0.017396879546737888
outer loop
vertex -68.06243133544922 45.00052261352539 0.800000011920929
vertex -68.06148529052734 46.20051956176758 0.800000011920929
vertex -68.09201049804688 45.000545501708984 2.5
endloop
endfacet
facet normal -0.9999996917374109 0.000785191112584807 0
outer loop
vertex -49.06149673461914 46.185543060302734 0.800000011920929
vertex -49.06243896484375 44.98554229736328 0.800000011920929
vertex -49.06149673461914 46.185543060302734 2.5
endloop
endfacet
facet normal -0.9999996917374109 0.000785191112584807 0
outer loop
vertex -49.06243896484375 44.98554229736328 2.5
vertex -49.06149673461914 46.185543060302734 2.5
vertex -49.06243896484375 44.98554229736328 0.800000011920929
endloop
endfacet
facet normal 0 0 -1
outer loop
vertex -49.06243896484375 44.98554229736328 2.5
vertex -68.06148529052734 46.20051956176758 2.5
vertex -49.06149673461914 46.185543060302734 2.5
endloop
endfacet
endsolid auto-kdk-case
