solid auto-kdk-case
facet normal 0 0 1
outer loop
vertex 70.36005401611328 44.7271842956543 7.199999809265137
vertex 68.91549682617188 45.48530578613281 7.199999809265137
vertex 66.9609375 40.169898986816406 7.199999809265137
endloop
endfacet
facet normal 0 0 -1
outer loop
vertex -72.07943725585938 -48.58756637573242 -5.699999809265137
vertex -74.2857437133789 -46.20759201049805 -5.699999809265137
vertex -71.2275619506836 -47.5396728515625 -5.699999809265137
endloop
endfacet
facet normal 0 0 1
outer loop
vertex 67.14213562011719 40.0522575378418 7.199999809265137
vertex 67.55219268798828 39.642208099365234 7.199999809265137
vertex 70.36005401611328 44.7271842956543 7.199999809265137
endloop
endfacet
facet normal 0 0 -1
outer loop
vertex -71.61197662353516 -48.816551208496094 -5.699999809265137
vertex -71.2275619506836 -47.5396728515625 -5.699999809265137
vertex -71.11711120605469 -47.58598327636719 -5.699999809265137
endloop
endfacet
facet normal 0 0 1
outer loop
vertex -29.583341598510742 -41.876346588134766 7.199999809265137
vertex -29.469688415527344 -41.96961975097656 7.199999809265137
vertex 66.78993225097656 -38.199947357177734 7.199999809265137
endloop
endfacet
facet normal 1 0 0
outer loop
vertex -67.20001983642578 39.290000915527344 2.5
vertex -67.20001983642578 39.290000915527344 6.199999809265137
vertex -67.20001983642578 -37.28989791870117 6.199999809265137
endloop
endfacet
facet normal 0 0 1
outer loop
vertex 66.78993225097656 -38.199947357177734 7.199999809265137
vertex -29.853700637817383 -41.76435852050781 7.199999809265137
vertex -29.7130069732666 -41.80704116821289 7.199999809265137
endloop
endfacet
facet normal 0 0 -1
outer loop
vertex -71.61197662353516 -48.816551208496094 -5.699999809265137
vertex -71.11711120605469 -47.58598327636719 -5.699999809265137
vertex -45.50001907348633 -48.903343200683594 -5.699999809265137
endloop
endfacet
facet normal 0 0 1
outer loop
vertex 66.78993225097656 -38.199947357177734 7.199999809265137
vertex -30.000019073486328 -41.74995040893555 7.199999809265137
vertex -29.853700637817383 -41.76435852050781 7.199999809265137
endloop
endfacet
facet normal 0 0 -1
outer loop
vertex -45.50001907348633 -48.903343200683594 -5.699999809265137
vertex -71.11711120605469 -47.58598327636719 -5.699999809265137
vertex -45.50001907348633 -47.66242218017578 -5.699999809265137
endloop
endfacet
facet normal 0 0 1
outer loop
vertex -29.307109832763672 -42.78696060180664 7.199999809265137
vertex -29.37641716003418 -42.9166259765625 7.199999809265137
vertex 66.78993225097656 -38.199947357177734 7.199999809265137
endloop
endfacet
facet normal 0 0 1
outer loop
vertex 67.14213562011719 40.0522575378418 7.199999809265137
vertex 70.36005401611328 44.7271842956543 7.199999809265137
vertex 66.9609375 40.169898986816406 7.199999809265137
endloop
endfacet
facet normal 0 0 1
outer loop
vertex -29.37641716003418 -42.9166259765625 7.199999809265137
vertex -29.469688415527344 -43.03028106689453 7.199999809265137
vertex 66.78993225097656 -38.199947357177734 7.199999809265137
endloop
endfacet
facet normal 0 0 1
outer loop
vertex 66.87675476074219 40.19245529174805 7.199999809265137
vertex 66.9609375 40.169898986816406 7.199999809265137
vertex 68.91549682617188 45.48530578613281 7.199999809265137
endloop
endfacet
facet normal 0 0 1
outer loop
vertex -29.583341598510742 -43.12355041503906 7.199999809265137
vertex -29.7130069732666 -43.1928596496582 7.199999809265137
vertex 66.78993225097656 -38.199947357177734 7.199999809265137
endloop
endfacet
facet normal 0 0 1
outer loop
vertex -29.469688415527344 -43.03028106689453 7.199999809265137
vertex -29.583341598510742 -43.12355041503906 7.199999809265137
vertex 66.78993225097656 -38.199947357177734 7.199999809265137
endloop
endfacet
facet normal 0 0 1
outer loop
vertex 67.66983032226562 39.46100997924805 7.199999809265137
vertex 67.6923828125 39.37682342529297 7.199999809265137
vertex 72.8111801147461 41.856632232666016 7.199999809265137
endloop
endfacet
facet normal 0 0 1
outer loop
vertex -29.7130069732666 -43.1928596496582 7.199999809265137
vertex -29.853700637817383 -43.235538482666016 7.199999809265137
vertex 66.78993225097656 -38.199947357177734 7.199999809265137
endloop
endfacet
facet normal 0 0 -1
outer loop
vertex -71.83557891845703 42.175716400146484 -5.699999809265137
vertex -73.55562591552734 41.57991409301758 -5.699999809265137
vertex -72.68235778808594 43.23091506958008 -5.699999809265137
endloop
endfacet
facet normal 0.7604827697398665 0.64935811146761 0
outer loop
vertex 71.83284759521484 45.669677734375 -3.700000047683716
vertex 71.46049499511719 46.105751037597656 -3.700000047683716
vertex 71.83284759521484 45.669677734375 4.199999809265137
endloop
endfacet
facet normal 0.4647040149479295 0.8854660798084105 0
outer loop
vertex 71.34513092041016 46.16629409790039 -3.700000047683716
vertex 69.34407043457031 47.21647644042969 -3.700000047683716
vertex 71.34513092041016 46.16629409790039 4.199999809265137
endloop
endfacet
facet normal 0 0 -1
outer loop
vertex -74.2857437133789 -46.20759201049805 -5.699999809265137
vertex -73.11083221435547 -45.569515228271484 -5.699999809265137
vertex -73.06578063964844 -45.680484771728516 -5.699999809265137
endloop
endfacet
facet normal 0.464695027221548 0.8854707966249168 0
outer loop
vertex 71.46049499511719 46.105751037597656 4.199999809265137
vertex 71.34513092041016 46.16629409790039 -3.700000047683716
vertex 71.34513092041016 46.16629409790039 4.199999809265137
endloop
endfacet
facet normal 0 0 1
outer loop
vertex -71.7290267944336 -48.11631393432617 7.199999809265137
vertex -71.47725677490234 -48.239646911621094 7.199999809265137
vertex -66.96097564697266 -38.169795989990234 7.199999809265137
endloop
endfacet
facet normal 0 0 -1
outer loop
vertex 73.32527160644531 42.14366912841797 -5.699999809265137
vertex 72.48983001708984 40.60886764526367 -5.699999809265137
vertex 72.0672607421875 41.7034797668457 -5.699999809265137
endloop
endfacet
facet normal -0.8839622925113989 0.46755819468595555 4.6281192411330724e-8
outer loop
vertex -73.59989929199219 43.96585464477539 4.199999809265137
vertex -74.7073745727539 41.8720703125 -3.700000047683716
vertex -74.30972290039062 42.62386703491211 4.199999809265137
endloop
endfacet
facet normal 0 0 -1
outer loop
vertex 73.84485626220703 40.53104782104492 -5.699999809265137
vertex 72.48983001708984 40.60886764526367 -5.699999809265137
vertex 73.32527160644531 42.14366912841797 -5.699999809265137
endloop
endfacet
facet normal 0.0020653622547434276 0.9999978671371001 8.628942113880595e-8
outer loop
vertex 19.99485969543457 47.31840133666992 -3.700000047683716
vertex -68.20781707763672 47.500572204589844 -3.700000047683716
vertex 69.34407043457031 47.21647644042969 4.199999809265137
endloop
endfacet
facet normal 0 0 1
outer loop
vertex -29.307109832763672 -42.21293640136719 7.199999809265137
vertex -29.264429092407227 -42.35363006591797 7.199999809265137
vertex 66.78993225097656 -38.199947357177734 7.199999809265137
endloop
endfacet
facet normal 0.8981595432861796 -0.43966968829333825 0
outer loop
vertex 73.85259246826172 -46.666072845458984 4.199999809265137
vertex 74.84375762939453 -44.64131546020508 -3.700000047683716
vertex 74.84375762939453 -44.64131546020508 4.199999809265137
endloop
endfacet
facet normal 0.4647040149479295 0.8854660798084105 0
outer loop
vertex 71.34513092041016 46.16629409790039 4.199999809265137
vertex 69.34407043457031 47.21647644042969 -3.700000047683716
vertex 69.34407043457031 47.21647644042969 4.199999809265137
endloop
endfacet
facet normal 0 0 1
outer loop
vertex -73.87852478027344 -45.61359405517578 7.199999809265137
vertex -67.14352416992188 -38.05350112915039 7.199999809265137
vertex -67.55357360839844 -37.64345169067383 7.199999809265137
endloop
endfacet
facet normal 0 0 1
outer loop
vertex 67.55219268798828 39.642208099365234 7.199999809265137
vertex 67.66983032226562 39.46100997924805 7.199999809265137
vertex 72.8111801147461 41.856632232666016 7.199999809265137
endloop
endfacet
facet normal 0 0 1
outer loop
vertex -71.47725677490234 -48.239646911621094 7.199999809265137
vertex -30.000019073486328 -43.24995040893555 7.199999809265137
vertex -30.146337509155273 -43.235538482666016 7.199999809265137
endloop
endfacet
facet normal -0.43990841287161886 -0.8980426427986442 0
outer loop
vertex -72.7802505493164 -49.530067443847656 4.199999809265137
vertex -71.88141632080078 -49.97036361694336 -3.700000047683716
vertex -71.88141632080078 -49.97036361694336 4.199999809265137
endloop
endfacet
facet normal 0.6835809876324833 -0.7298746696162285 0
outer loop
vertex 73.85259246826172 -46.666072845458984 -3.700000047683716
vertex 71.29013061523438 -49.06600570678711 4.199999809265137
vertex 71.29013061523438 -49.06600570678711 -3.700000047683716
endloop
endfacet
facet normal 0 0 1
outer loop
vertex -66.96097564697266 -38.169795989990234 7.199999809265137
vertex -71.47725677490234 -48.239646911621094 7.199999809265137
vertex -66.87679290771484 -38.192352294921875 7.199999809265137
endloop
endfacet
facet normal -0.00332321391807142 -0.9999944781066454 0.0000023393786300607795
outer loop
vertex -71.88141632080078 -49.97036361694336 4.199999809265137
vertex -44.57404327392578 -50.06113052368164 -3.564180612564087
vertex -44.00001907348633 -50.06303787231445 -3.450000047683716
endloop
endfacet
facet normal 0 0 -1
outer loop
vertex 68.54095458984375 -49.28239822387695 -5.699999809265137
vertex 68.23723602294922 -48.00181198120117 -5.699999809265137
vertex 68.29544067382812 -47.9903678894043 -5.699999809265137
endloop
endfacet
facet normal 0 0 1
outer loop
vertex 67.69998168945312 -37.28989791870117 7.199999809265137
vertex 73.11492156982422 -42.88510513305664 7.199999809265137
vertex 67.69998168945312 39.290000915527344 7.199999809265137
endloop
endfacet
facet normal 0 0 1
outer loop
vertex -66.87679290771484 -38.192352294921875 7.199999809265137
vertex -71.47725677490234 -48.239646911621094 7.199999809265137
vertex -66.78997039794922 -38.199947357177734 7.199999809265137
endloop
endfacet
facet normal 0 0 1
outer loop
vertex -29.37641716003418 -42.08327102661133 7.199999809265137
vertex -29.307109832763672 -42.21293640136719 7.199999809265137
vertex 66.78993225097656 -38.199947357177734 7.199999809265137
endloop
endfacet
facet normal -0.0033238790555536715 -0.9999944758987542 0
outer loop
vertex -71.88141632080078 -49.97036361694336 -3.700000047683716
vertex -44.57404327392578 -50.06113052368164 -3.564180612564087
vertex -71.88141632080078 -49.97036361694336 4.199999809265137
endloop
endfacet
facet normal 0 0 -1
outer loop
vertex 73.32527160644531 42.14366912841797 -5.699999809265137
vertex 69.72177124023438 44.30372619628906 -5.699999809265137
vertex 70.72686767578125 45.18670654296875 -5.699999809265137
endloop
endfacet
facet normal 0.7604827697398665 0.64935811146761 0
outer loop
vertex 71.83284759521484 45.669677734375 4.199999809265137
vertex 71.46049499511719 46.105751037597656 -3.700000047683716
vertex 71.46049499511719 46.105751037597656 4.199999809265137
endloop
endfacet
facet normal 0 0 1
outer loop
vertex 67.66983032226562 -37.460906982421875 7.199999809265137
vertex 73.11492156982422 -42.88510513305664 7.199999809265137
vertex 67.6923828125 -37.37672424316406 7.199999809265137
endloop
endfacet
facet normal 0 0 -1
outer loop
vertex -68.10694122314453 44.99038314819336 -5.699999809265137
vertex -69.64258575439453 45.825965881347656 -5.699999809265137
vertex -68.02780151367188 46.345497131347656 -5.699999809265137
endloop
endfacet
facet normal -0.43990841287161886 -0.8980426427986442 0
outer loop
vertex -72.7802505493164 -49.530067443847656 -3.700000047683716
vertex -71.88141632080078 -49.97036361694336 -3.700000047683716
vertex -72.7802505493164 -49.530067443847656 4.199999809265137
endloop
endfacet
facet normal 0 0 1
outer loop
vertex 66.9609375 -38.169795989990234 7.199999809265137
vertex 73.11244201660156 -44.23862075805664 7.199999809265137
vertex 67.14213562011719 -38.05215835571289 7.199999809265137
endloop
endfacet
facet normal 0 0 1
outer loop
vertex -69.35567474365234 45.3117790222168 7.199999809265137
vertex -67.14217376708984 40.0522575378418 7.199999809265137
vertex -66.96097564697266 40.169898986816406 7.199999809265137
endloop
endfacet
facet normal -0.30627259980413923 0.9519438505548538 -1.0876533806236104e-7
outer loop
vertex -69.41857147216797 47.11103057861328 -3.700000047683716
vertex -70.2164077758789 46.854339599609375 -3.700000047683716
vertex -68.20781707763672 47.500572204589844 4.199999809265137
endloop
endfacet
facet normal 0 0 -1
outer loop
vertex -71.83557891845703 42.175716400146484 -5.699999809265137
vertex -72.68235778808594 43.23091506958008 -5.699999809265137
vertex -71.79908752441406 42.226016998291016 -5.699999809265137
endloop
endfacet
facet normal 0 0 1
outer loop
vertex -67.66986846923828 39.46100997924805 7.199999809265137
vertex -72.22357940673828 42.86344528198242 7.199999809265137
vertex -72.97975158691406 41.433834075927734 7.199999809265137
endloop
endfacet
facet normal 0 0 1
outer loop
vertex -29.250019073486328 -42.49995040893555 7.199999809265137
vertex -29.264429092407227 -42.64626693725586 7.199999809265137
vertex 66.78993225097656 -38.199947357177734 7.199999809265137
endloop
endfacet
facet normal 0 0 1
outer loop
vertex 68.91549682617188 45.48530578613281 7.199999809265137
vertex 66.78993225097656 40.200050354003906 7.199999809265137
vertex 66.87675476074219 40.19245529174805 7.199999809265137
endloop
endfacet
facet normal 0 0 1
outer loop
vertex -29.853700637817383 -43.235538482666016 7.199999809265137
vertex -30.000019073486328 -43.24995040893555 7.199999809265137
vertex 66.78993225097656 -38.199947357177734 7.199999809265137
endloop
endfacet
facet normal 0.9999983269640011 -0.0018292263934220085 0
outer loop
vertex 74.9691390991211 23.902009963989258 4.199999809265137
vertex 74.84375762939453 -44.64131546020508 4.199999809265137
vertex 74.9691390991211 23.902009963989258 -3.700000047683716
endloop
endfacet
facet normal 0 0 1
outer loop
vertex -30.692928314208984 -42.78696060180664 7.199999809265137
vertex -71.47725677490234 -48.239646911621094 7.199999809265137
vertex -30.623620986938477 -42.9166259765625 7.199999809265137
endloop
endfacet
facet normal 0 0 1
outer loop
vertex -30.287031173706055 -41.80704116821289 7.199999809265137
vertex -66.78997039794922 -38.199947357177734 7.199999809265137
vertex -30.416696548461914 -41.876346588134766 7.199999809265137
endloop
endfacet
facet normal 0 0 -1
outer loop
vertex -71.2275619506836 -47.5396728515625 -5.699999809265137
vertex -74.2857437133789 -46.20759201049805 -5.699999809265137
vertex -73.06578063964844 -45.680484771728516 -5.699999809265137
endloop
endfacet
facet normal -0.8839622925113999 0.4675581946859561 0
outer loop
vertex -73.59989929199219 43.96585464477539 -3.700000047683716
vertex -74.30972290039062 42.62386703491211 -3.700000047683716
vertex -73.59989929199219 43.96585464477539 4.199999809265137
endloop
endfacet
facet normal -0.999946701516629 0.010324443115461643 6.075986375591926e-7
outer loop
vertex -74.7073745727539 41.8720703125 4.199999809265137
vertex -75.6135482788086 -45.89252853393555 -3.700000047683716
vertex -75.26029205322266 -11.679293632507324 4.199999809265137
endloop
endfacet
facet normal 0.3498151314964302 -0.9368187518276995 -3.554881023734316e-7
outer loop
vertex 68.74765014648438 -50.43779373168945 4.199999809265137
vertex 69.7100830078125 -50.07841110229492 -3.700000047683716
vertex 70.54008483886719 -49.76848220825195 -3.700000047683716
endloop
endfacet
facet normal 0.3498174889767654 -0.9368178715235562 2.5398371205150825e-7
outer loop
vertex 68.74765014648438 -50.43779373168945 4.199999809265137
vertex 70.54008483886719 -49.76848220825195 -3.700000047683716
vertex 69.71053314208984 -50.078243255615234 4.199999809265137
endloop
endfacet
facet normal 0 -1 0
outer loop
vertex -66.78997039794922 39.700050354003906 6.199999809265137
vertex -66.78997039794922 39.700050354003906 2.5
vertex 66.78993225097656 39.700050354003906 2.5
endloop
endfacet
facet normal 0.3498153662193004 -0.9368186641804574 0
outer loop
vertex 69.71053314208984 -50.078243255615234 4.199999809265137
vertex 70.54008483886719 -49.76848220825195 -3.700000047683716
vertex 70.54008483886719 -49.76848220825195 4.199999809265137
endloop
endfacet
facet normal 0.6835809876324833 -0.7298746696162285 0
outer loop
vertex 71.29013061523438 -49.06600570678711 4.199999809265137
vertex 73.85259246826172 -46.666072845458984 -3.700000047683716
vertex 73.85259246826172 -46.666072845458984 4.199999809265137
endloop
endfacet
facet normal -0.7071067811865476 0.7071067811865476 0
outer loop
vertex 67.19998168945312 -37.28989791870117 2.5
vertex 66.78993225097656 -37.699947357177734 2.5
vertex 67.19998168945312 -37.28989791870117 6.199999809265137
endloop
endfacet
facet normal 0 0 -1
outer loop
vertex -68.05239868164062 45.000511169433594 -5.699999809265137
vertex 69.05835723876953 46.06236267089844 -5.699999809265137
vertex 68.39295959472656 44.8929557800293 -5.699999809265137
endloop
endfacet
facet normal 0 0 1
outer loop
vertex -72.22357940673828 42.86344528198242 7.199999809265137
vertex -67.5522232055664 39.642208099365234 7.199999809265137
vertex -69.35567474365234 45.3117790222168 7.199999809265137
endloop
endfacet
facet normal 0 0 -1
outer loop
vertex 68.54095458984375 -49.28239822387695 -5.699999809265137
vertex 69.4578857421875 -47.51089859008789 -5.699999809265137
vertex 69.91952514648438 -48.76762771606445 -5.699999809265137
endloop
endfacet
facet normal 0.3498176923939506 -0.9368177955654832 0
outer loop
vertex 68.74765014648438 -50.43779373168945 4.199999809265137
vertex 68.74765014648438 -50.43779373168945 -3.700000047683716
vertex 69.7100830078125 -50.07841110229492 -3.700000047683716
endloop
endfacet
facet normal 0.0020653760682066403 0.999997867108574 0
outer loop
vertex 69.34407043457031 47.21647644042969 -3.700000047683716
vertex 19.99485969543457 47.31840133666992 -3.700000047683716
vertex 69.34407043457031 47.21647644042969 4.199999809265137
endloop
endfacet
facet normal 0 0 -1
outer loop
vertex 73.32527160644531 42.14366912841797 -5.699999809265137
vertex 72.0672607421875 41.7034797668457 -5.699999809265137
vertex 72.03816986083984 41.750648498535156 -5.699999809265137
endloop
endfacet
facet normal -0.649279346455452 0.7605500182537502 -7.752917952824535e-7
outer loop
vertex -71.25006103515625 45.97190475463867 -3.700000047683716
vertex -73.59989929199219 43.96585464477539 -3.700000047683716
vertex -70.2164077758789 46.854339599609375 4.199999809265137
endloop
endfacet
facet normal -0.30627324291237085 0.9519436436449059 0
outer loop
vertex -68.20781707763672 47.500572204589844 -3.700000047683716
vertex -69.41857147216797 47.11103057861328 -3.700000047683716
vertex -68.20781707763672 47.500572204589844 4.199999809265137
endloop
endfacet
facet normal 0 1 0
outer loop
vertex -66.78997039794922 -37.699947357177734 2.5
vertex -66.78997039794922 -37.699947357177734 6.199999809265137
vertex 66.78993225097656 -37.699947357177734 6.199999809265137
endloop
endfacet
facet normal 0 0 -1
outer loop
vertex 72.90863800048828 -45.96810531616211 -5.699999809265137
vertex 71.97628021240234 -45.00892639160156 -5.699999809265137
vertex 72.00911712646484 -44.95979309082031 -5.699999809265137
endloop
endfacet
facet normal 0 0 1
outer loop
vertex 66.87675476074219 -38.192352294921875 7.199999809265137
vertex 72.43665313720703 -45.61912155151367 7.199999809265137
vertex 73.11244201660156 -44.23862075805664 7.199999809265137
endloop
endfacet
facet normal 0 0 -1
outer loop
vertex 72.90863800048828 -45.96810531616211 -5.699999809265137
vertex 72.00911712646484 -44.95979309082031 -5.699999809265137
vertex 72.48844909667969 -43.80257034301758 -5.699999809265137
endloop
endfacet
facet normal 0 0 -1
outer loop
vertex 69.91952514648438 -48.76762771606445 -5.699999809265137
vertex 69.50723266601562 -47.47797775268555 -5.699999809265137
vertex 71.97628021240234 -45.00892639160156 -5.699999809265137
endloop
endfacet
facet normal 0 0 1
outer loop
vertex 66.78993225097656 -38.199947357177734 7.199999809265137
vertex 69.60924530029297 -48.2672004699707 7.199999809265137
vertex 72.43665313720703 -45.61912155151367 7.199999809265137
endloop
endfacet
facet normal 0 0 -1
outer loop
vertex 68.29544067382812 -47.9903678894043 -5.699999809265137
vertex 69.4578857421875 -47.51089859008789 -5.699999809265137
vertex 68.54095458984375 -49.28239822387695 -5.699999809265137
endloop
endfacet
facet normal 0 0 -1
outer loop
vertex -72.37458038330078 40.97249221801758 -5.699999809265137
vertex -73.55562591552734 41.57991409301758 -5.699999809265137
vertex -71.83557891845703 42.175716400146484 -5.699999809265137
endloop
endfacet
facet normal -0.9999466999787049 0.01032459203078142 -0.0000010469440416029065
outer loop
vertex -75.26029205322266 -11.679322242736816 -3.700000047683716
vertex -75.6135482788086 -45.89252853393555 -3.700000047683716
vertex -74.7073745727539 41.8720703125 4.199999809265137
endloop
endfacet
facet normal -0.0033238306195202977 -0.9999944760597046 -2.994288199806182e-7
outer loop
vertex -11.98552417755127 -50.16944885253906 4.199999809265137
vertex -11.958415985107422 -50.16953659057617 -3.700000047683716
vertex 68.74765014648438 -50.43779373168945 4.199999809265137
endloop
endfacet
facet normal 0 0 1
outer loop
vertex -67.93778991699219 45.76795959472656 7.199999809265137
vertex -69.35567474365234 45.3117790222168 7.199999809265137
vertex -66.87679290771484 40.19245529174805 7.199999809265137
endloop
endfacet
facet normal 0 0 -1
outer loop
vertex 71.97628021240234 -45.00892639160156 -5.699999809265137
vertex 72.90863800048828 -45.96810531616211 -5.699999809265137
vertex 69.91952514648438 -48.76762771606445 -5.699999809265137
endloop
endfacet
facet normal 0 0 1
outer loop
vertex -29.264429092407227 -42.64626693725586 7.199999809265137
vertex -29.307109832763672 -42.78696060180664 7.199999809265137
vertex 66.78993225097656 -38.199947357177734 7.199999809265137
endloop
endfacet
facet normal 0.9999983271664481 -0.0018291157168305301 0
outer loop
vertex 74.9691390991211 23.902009963989258 4.199999809265137
vertex 74.99988555908203 40.711448669433594 -3.700000047683716
vertex 74.99988555908203 40.711448669433594 4.199999809265137
endloop
endfacet
facet normal 0 0 1
outer loop
vertex -69.35567474365234 45.3117790222168 7.199999809265137
vertex -67.5522232055664 39.642208099365234 7.199999809265137
vertex -67.14217376708984 40.0522575378418 7.199999809265137
endloop
endfacet
facet normal 0 0 1
outer loop
vertex -66.78997039794922 -38.199947357177734 7.199999809265137
vertex -30.287031173706055 -41.80704116821289 7.199999809265137
vertex -30.146337509155273 -41.76435852050781 7.199999809265137
endloop
endfacet
facet normal 0 0 -1
outer loop
vertex -74.45686340332031 -45.70656967163086 -5.699999809265137
vertex -73.11083221435547 -45.569515228271484 -5.699999809265137
vertex -74.2857437133789 -46.20759201049805 -5.699999809265137
endloop
endfacet
facet normal 0 0 1
outer loop
vertex -29.469688415527344 -41.96961975097656 7.199999809265137
vertex -29.37641716003418 -42.08327102661133 7.199999809265137
vertex 66.78993225097656 -38.199947357177734 7.199999809265137
endloop
endfacet
facet normal 0 0 -1
outer loop
vertex -68.02780151367188 46.345497131347656 -5.699999809265137
vertex 69.05835723876953 46.06236267089844 -5.699999809265137
vertex -68.05239868164062 45.000511169433594 -5.699999809265137
endloop
endfacet
facet normal 0 0 -1
outer loop
vertex 69.67093658447266 44.3404541015625 -5.699999809265137
vertex 70.72686767578125 45.18670654296875 -5.699999809265137
vertex 69.72177124023438 44.30372619628906 -5.699999809265137
endloop
endfacet
facet normal 0 0 1
outer loop
vertex 67.69998168945312 39.290000915527344 7.199999809265137
vertex 73.11492156982422 -42.88510513305664 7.199999809265137
vertex 73.26734161376953 40.44084930419922 7.199999809265137
endloop
endfacet
facet normal -0.6492800018562696 0.7605494587398234 -2.9001448709014327e-7
outer loop
vertex -70.2164077758789 46.854339599609375 4.199999809265137
vertex -73.59989929199219 43.96585464477539 -3.700000047683716
vertex -71.25006866455078 45.97190475463867 4.199999809265137
endloop
endfacet
facet normal 0 0 1
outer loop
vertex -71.47725677490234 -48.239646911621094 7.199999809265137
vertex -30.416696548461914 -43.12355041503906 7.199999809265137
vertex -30.530349731445312 -43.03028106689453 7.199999809265137
endloop
endfacet
facet normal -0.306272599804141 0.9519438505548593 0
outer loop
vertex -70.2164077758789 46.854339599609375 -3.700000047683716
vertex -70.2164077758789 46.854339599609375 4.199999809265137
vertex -69.41857147216797 47.11103057861328 4.199999809265137
endloop
endfacet
facet normal 0 0 1
outer loop
vertex -30.287031173706055 -43.1928596496582 7.199999809265137
vertex -71.47725677490234 -48.239646911621094 7.199999809265137
vertex -30.146337509155273 -43.235538482666016 7.199999809265137
endloop
endfacet
facet normal 0 0 1
outer loop
vertex 67.6923828125 39.37682342529297 7.199999809265137
vertex 67.69998168945312 39.290000915527344 7.199999809265137
vertex 73.26734161376953 40.44084930419922 7.199999809265137
endloop
endfacet
facet normal 0 0 1
outer loop
vertex -66.78997039794922 -38.199947357177734 7.199999809265137
vertex -30.750019073486328 -42.49995040893555 7.199999809265137
vertex -30.735607147216797 -42.35363006591797 7.199999809265137
endloop
endfacet
facet normal 0 0 1
outer loop
vertex -66.78997039794922 -38.199947357177734 7.199999809265137
vertex -30.530349731445312 -41.96961975097656 7.199999809265137
vertex -30.416696548461914 -41.876346588134766 7.199999809265137
endloop
endfacet
facet normal 0 1 0
outer loop
vertex 66.78993225097656 -37.699947357177734 2.5
vertex -66.78997039794922 -37.699947357177734 2.5
vertex 66.78993225097656 -37.699947357177734 6.199999809265137
endloop
endfacet
facet normal 0 0 -1
outer loop
vertex 73.68954467773438 -44.37285232543945 -5.699999809265137
vertex 72.49998474121094 -43.74460983276367 -5.699999809265137
vertex 72.49998474121094 40.554386138916016 -5.699999809265137
endloop
endfacet
facet normal -0.7333577556590313 -0.6798429246632994 0
outer loop
vertex -75.2992172241211 -46.81281661987305 -3.700000047683716
vertex -72.7802505493164 -49.530067443847656 -3.700000047683716
vertex -75.2992172241211 -46.81281661987305 4.199999809265137
endloop
endfacet
facet normal 0 0 -1
outer loop
vertex 73.84485626220703 40.53104782104492 -5.699999809265137
vertex 72.49998474121094 40.554386138916016 -5.699999809265137
vertex 72.48983001708984 40.60886764526367 -5.699999809265137
endloop
endfacet
facet normal 0 0 1
outer loop
vertex -67.66986846923828 -37.460906982421875 7.199999809265137
vertex -73.87852478027344 -45.61359405517578 7.199999809265137
vertex -67.55357360839844 -37.64345169067383 7.199999809265137
endloop
endfacet
facet normal 0.464695027221548 0.8854707966249168 0
outer loop
vertex 71.46049499511719 46.105751037597656 -3.700000047683716
vertex 71.34513092041016 46.16629409790039 -3.700000047683716
vertex 71.46049499511719 46.105751037597656 4.199999809265137
endloop
endfacet
facet normal 0.6835829563141985 -0.7298728257968923 0
outer loop
vertex 70.54008483886719 -49.76848220825195 -3.700000047683716
vertex 71.29013061523438 -49.06600570678711 -3.700000047683716
vertex 70.54008483886719 -49.76848220825195 4.199999809265137
endloop
endfacet
facet normal 0 0 1
outer loop
vertex 66.78993225097656 -38.199947357177734 7.199999809265137
vertex -66.78997039794922 -38.199947357177734 7.199999809265137
vertex -30.000019073486328 -41.74995040893555 7.199999809265137
endloop
endfacet
facet normal -0.003323836222038445 -0.9999944760410826 -2.994480447624792e-7
outer loop
vertex -71.88141632080078 -49.97036361694336 4.199999809265137
vertex -11.958415985107422 -50.16953659057617 -3.700000047683716
vertex -11.98552417755127 -50.16944885253906 4.199999809265137
endloop
endfacet
facet normal -0.0033237288793065735 -0.9999944763933524 -0.0000030202258625598184
outer loop
vertex -31.425992965698242 -50.10483169555664 -3.564180612564087
vertex -31.22272491455078 -50.105506896972656 -3.700000047683716
vertex -11.958415985107422 -50.16953659057617 -3.700000047683716
endloop
endfacet
facet normal -0.0033238599291078733 -0.9999944759623284 0
outer loop
vertex -11.958415985107422 -50.16953659057617 -3.700000047683716
vertex 68.74765014648438 -50.43779373168945 -3.700000047683716
vertex 68.74765014648438 -50.43779373168945 4.199999809265137
endloop
endfacet
facet normal 0.6835829563141985 -0.7298728257968923 0
outer loop
vertex 70.54008483886719 -49.76848220825195 4.199999809265137
vertex 71.29013061523438 -49.06600570678711 -3.700000047683716
vertex 71.29013061523438 -49.06600570678711 4.199999809265137
endloop
endfacet
facet normal 0 0 -1
outer loop
vertex 73.84485626220703 40.53104782104492 -5.699999809265137
vertex 73.68954467773438 -44.37285232543945 -5.699999809265137
vertex 72.49998474121094 40.554386138916016 -5.699999809265137
endloop
endfacet
facet normal 0 0 -1
outer loop
vertex -30.500019073486328 -48.95320129394531 -5.699999809265137
vertex 68.23723602294922 -48.00181198120117 -5.699999809265137
vertex 68.54095458984375 -49.28239822387695 -5.699999809265137
endloop
endfacet
facet normal 0.951815234599895 0.30667207108497335 0
outer loop
vertex 74.99988555908203 40.711448669433594 4.199999809265137
vertex 74.35346221923828 42.71774673461914 -3.700000047683716
vertex 74.35346221923828 42.71774673461914 4.199999809265137
endloop
endfacet
facet normal -0.0033236678199098433 -0.9999944766003793 9.779282069155495e-7
outer loop
vertex -71.88141632080078 -49.97036361694336 4.199999809265137
vertex -32.00001907348633 -50.10292434692383 -3.450000047683716
vertex -11.958415985107422 -50.16953659057617 -3.700000047683716
endloop
endfacet
facet normal -0.0033238545229752835 -0.9999944759802978 4.586839879080322e-9
outer loop
vertex -71.88141632080078 -49.97036361694336 4.199999809265137
vertex -44.00001907348633 -50.06303787231445 -3.450000047683716
vertex -32.00001907348633 -50.10292434692383 -3.450000047683716
endloop
endfacet
facet normal -1 0 0
outer loop
vertex 67.19998168945312 -37.28989791870117 2.5
vertex 67.19998168945312 -37.28989791870117 6.199999809265137
vertex 67.19998168945312 39.290000915527344 6.199999809265137
endloop
endfacet
facet normal 0 0 1
outer loop
vertex -29.264429092407227 -42.35363006591797 7.199999809265137
vertex -29.250019073486328 -42.49995040893555 7.199999809265137
vertex 66.78993225097656 -38.199947357177734 7.199999809265137
endloop
endfacet
facet normal -1 0 0
outer loop
vertex 67.19998168945312 39.290000915527344 2.5
vertex 67.19998168945312 -37.28989791870117 2.5
vertex 67.19998168945312 39.290000915527344 6.199999809265137
endloop
endfacet
facet normal -0.9463227016371142 -0.3232233660585713 0
outer loop
vertex -75.6135482788086 -45.89252853393555 -3.700000047683716
vertex -75.2992172241211 -46.81281661987305 -3.700000047683716
vertex -75.6135482788086 -45.89252853393555 4.199999809265137
endloop
endfacet
facet normal -0.7071067811865476 -0.7071067811865476 0
outer loop
vertex 66.78993225097656 39.700050354003906 2.5
vertex 67.19998168945312 39.290000915527344 2.5
vertex 66.78993225097656 39.700050354003906 6.199999809265137
endloop
endfacet
facet normal 0 0 1
outer loop
vertex 66.78993225097656 -38.199947357177734 7.199999809265137
vertex 68.43760681152344 -48.7047004699707 7.199999809265137
vertex 69.60924530029297 -48.2672004699707 7.199999809265137
endloop
endfacet
facet normal -0.9999467000683882 0.010324583397944825 0
outer loop
vertex -75.6135482788086 -45.89252853393555 4.199999809265137
vertex -75.26029205322266 -11.679293632507324 4.199999809265137
vertex -75.6135482788086 -45.89252853393555 -3.700000047683716
endloop
endfacet
facet normal -0.003323743076440087 -0.999994476337948 -0.000005055187753444309
outer loop
vertex -11.958415985107422 -50.16953659057617 -3.700000047683716
vertex -32.00001907348633 -50.10292434692383 -3.450000047683716
vertex -31.425992965698242 -50.10483169555664 -3.564180612564087
endloop
endfacet
facet normal 0.9999983271664481 -0.0018291157168305301 0
outer loop
vertex 74.9691390991211 23.902009963989258 -3.700000047683716
vertex 74.99988555908203 40.711448669433594 -3.700000047683716
vertex 74.9691390991211 23.902009963989258 4.199999809265137
endloop
endfacet
facet normal 0 0 1
outer loop
vertex -73.77899932861328 -45.90497970581055 7.199999809265137
vertex -71.7290267944336 -48.11631393432617 7.199999809265137
vertex -73.87852478027344 -45.61359405517578 7.199999809265137
endloop
endfacet
facet normal 0 0 -1
outer loop
vertex -30.500019073486328 -48.95320129394531 -5.699999809265137
vertex -30.500019073486328 -47.707183837890625 -5.699999809265137
vertex 68.23723602294922 -48.00181198120117 -5.699999809265137
endloop
endfacet
facet normal 0 0 1
outer loop
vertex -67.93778991699219 45.76795959472656 7.199999809265137
vertex -66.78997039794922 40.200050354003906 7.199999809265137
vertex 66.78993225097656 40.200050354003906 7.199999809265137
endloop
endfacet
facet normal -0.9463227016371142 -0.3232233660585713 0
outer loop
vertex -75.6135482788086 -45.89252853393555 4.199999809265137
vertex -75.2992172241211 -46.81281661987305 -3.700000047683716
vertex -75.2992172241211 -46.81281661987305 4.199999809265137
endloop
endfacet
facet normal -0.9999467015737592 0.01032443760014104 0
outer loop
vertex -74.7073745727539 41.8720703125 -3.700000047683716
vertex -75.26029205322266 -11.679322242736816 -3.700000047683716
vertex -74.7073745727539 41.8720703125 4.199999809265137
endloop
endfacet
facet normal 0 0 1
outer loop
vertex -73.87852478027344 -45.61359405517578 7.199999809265137
vertex -66.96097564697266 -38.169795989990234 7.199999809265137
vertex -67.14352416992188 -38.05350112915039 7.199999809265137
endloop
endfacet
facet normal 0 0 1
outer loop
vertex -73.87852478027344 -45.61359405517578 7.199999809265137
vertex -67.70001983642578 -37.28989791870117 7.199999809265137
vertex -67.70001983642578 39.290000915527344 7.199999809265137
endloop
endfacet
facet normal 0.8981595432861796 -0.43966968829333825 0
outer loop
vertex 74.84375762939453 -44.64131546020508 -3.700000047683716
vertex 73.85259246826172 -46.666072845458984 4.199999809265137
vertex 73.85259246826172 -46.666072845458984 -3.700000047683716
endloop
endfacet
facet normal 0 0 1
outer loop
vertex -73.87852478027344 -45.61359405517578 7.199999809265137
vertex -67.69242095947266 -37.37672424316406 7.199999809265137
vertex -67.70001983642578 -37.28989791870117 7.199999809265137
endloop
endfacet
facet normal 0 0 1
outer loop
vertex -73.87852478027344 -45.61359405517578 7.199999809265137
vertex -67.66986846923828 -37.460906982421875 7.199999809265137
vertex -67.69242095947266 -37.37672424316406 7.199999809265137
endloop
endfacet
facet normal 1 0 0
outer loop
vertex -67.20001983642578 -37.28989791870117 6.199999809265137
vertex -67.20001983642578 -37.28989791870117 2.5
vertex -67.20001983642578 39.290000915527344 2.5
endloop
endfacet
facet normal 0.9999983269640011 -0.0018292263934220085 0
outer loop
vertex 74.84375762939453 -44.64131546020508 -3.700000047683716
vertex 74.9691390991211 23.902009963989258 -3.700000047683716
vertex 74.84375762939453 -44.64131546020508 4.199999809265137
endloop
endfacet
facet normal 0.951815234599895 0.30667207108497335 0
outer loop
vertex 74.35346221923828 42.71774673461914 -3.700000047683716
vertex 74.99988555908203 40.711448669433594 4.199999809265137
vertex 74.99988555908203 40.711448669433594 -3.700000047683716
endloop
endfacet
facet normal 0.002065360789136945 0.9999978671401245 1.1180813010860895e-7
outer loop
vertex 69.34407043457031 47.21647644042969 4.199999809265137
vertex -68.20781707763672 47.500572204589844 -3.700000047683716
vertex 18.36360740661621 47.32176971435547 4.199999809265137
endloop
endfacet
facet normal 0 0 -1
outer loop
vertex 69.67093658447266 44.3404541015625 -5.699999809265137
vertex 68.45431518554688 44.879940032958984 -5.699999809265137
vertex 69.05835723876953 46.06236267089844 -5.699999809265137
endloop
endfacet
facet normal 0 0 1
outer loop
vertex -30.000019073486328 -43.24995040893555 7.199999809265137
vertex -71.47725677490234 -48.239646911621094 7.199999809265137
vertex 66.78993225097656 -38.199947357177734 7.199999809265137
endloop
endfacet
facet normal 0 0 -1
outer loop
vertex 73.68954467773438 -44.37285232543945 -5.699999809265137
vertex 72.48844909667969 -43.80257034301758 -5.699999809265137
vertex 72.49998474121094 -43.74460983276367 -5.699999809265137
endloop
endfacet
facet normal 0 0 -1
outer loop
vertex -72.38782501220703 40.911781311035156 -5.699999809265137
vertex -73.11083221435547 -45.569515228271484 -5.699999809265137
vertex -73.55562591552734 41.57991409301758 -5.699999809265137
endloop
endfacet
facet normal 0 0 1
outer loop
vertex 67.55353546142578 -37.64345169067383 7.199999809265137
vertex 73.11492156982422 -42.88510513305664 7.199999809265137
vertex 67.66983032226562 -37.460906982421875 7.199999809265137
endloop
endfacet
facet normal 0 0 1
outer loop
vertex 67.6923828125 -37.37672424316406 7.199999809265137
vertex 73.11492156982422 -42.88510513305664 7.199999809265137
vertex 67.69998168945312 -37.28989791870117 7.199999809265137
endloop
endfacet
facet normal 0 0 -1
outer loop
vertex 72.90863800048828 -45.96810531616211 -5.699999809265137
vertex 72.48844909667969 -43.80257034301758 -5.699999809265137
vertex 73.68954467773438 -44.37285232543945 -5.699999809265137
endloop
endfacet
facet normal 0 0 1
outer loop
vertex 67.14213562011719 -38.05215835571289 7.199999809265137
vertex 73.11244201660156 -44.23862075805664 7.199999809265137
vertex 73.11492156982422 -42.88510513305664 7.199999809265137
endloop
endfacet
facet normal 0 0 -1
outer loop
vertex -72.38782501220703 40.911781311035156 -5.699999809265137
vertex -73.55562591552734 41.57991409301758 -5.699999809265137
vertex -72.37458038330078 40.97249221801758 -5.699999809265137
endloop
endfacet
facet normal 0 0 1
outer loop
vertex -66.78997039794922 -38.199947357177734 7.199999809265137
vertex -30.623620986938477 -42.08327102661133 7.199999809265137
vertex -30.530349731445312 -41.96961975097656 7.199999809265137
endloop
endfacet
facet normal 0 0 -1
outer loop
vertex -71.79908752441406 42.226016998291016 -5.699999809265137
vertex -72.68235778808594 43.23091506958008 -5.699999809265137
vertex -69.64258575439453 45.825965881347656 -5.699999809265137
endloop
endfacet
facet normal 0 0 1
outer loop
vertex 73.11244201660156 -44.23862075805664 7.199999809265137
vertex 66.9609375 -38.169795989990234 7.199999809265137
vertex 66.87675476074219 -38.192352294921875 7.199999809265137
endloop
endfacet
facet normal 0 0 -1
outer loop
vertex -69.2501449584961 44.538673400878906 -5.699999809265137
vertex -69.64258575439453 45.825965881347656 -5.699999809265137
vertex -69.20291137695312 44.567787170410156 -5.699999809265137
endloop
endfacet
facet normal -0.7071067811865476 -0.7071067811865476 0
outer loop
vertex 67.19998168945312 39.290000915527344 2.5
vertex 67.19998168945312 39.290000915527344 6.199999809265137
vertex 66.78993225097656 39.700050354003906 6.199999809265137
endloop
endfacet
facet normal 0 0 -1
outer loop
vertex 69.91952514648438 -48.76762771606445 -5.699999809265137
vertex 69.4578857421875 -47.51089859008789 -5.699999809265137
vertex 69.50723266601562 -47.47797775268555 -5.699999809265137
endloop
endfacet
facet normal -0.7071067811865476 0.7071067811865476 0
outer loop
vertex 66.78993225097656 -37.699947357177734 2.5
vertex 66.78993225097656 -37.699947357177734 6.199999809265137
vertex 67.19998168945312 -37.28989791870117 6.199999809265137
endloop
endfacet
facet normal 0 0 1
outer loop
vertex -72.97975158691406 41.433834075927734 7.199999809265137
vertex -67.70001983642578 39.290000915527344 7.199999809265137
vertex -67.69242095947266 39.37682342529297 7.199999809265137
endloop
endfacet
facet normal 0.7071067811865476 0.7071067811865476 0
outer loop
vertex -66.78997039794922 -37.699947357177734 2.5
vertex -67.20001983642578 -37.28989791870117 2.5
vertex -66.78997039794922 -37.699947357177734 6.199999809265137
endloop
endfacet
facet normal 0 0 1
outer loop
vertex 67.14213562011719 -38.05215835571289 7.199999809265137
vertex 73.11492156982422 -42.88510513305664 7.199999809265137
vertex 67.55353546142578 -37.64345169067383 7.199999809265137
endloop
endfacet
facet normal 0 0 -1
outer loop
vertex 70.72686767578125 45.18670654296875 -5.699999809265137
vertex 69.67093658447266 44.3404541015625 -5.699999809265137
vertex 69.05835723876953 46.06236267089844 -5.699999809265137
endloop
endfacet
facet normal 0 0 1
outer loop
vertex -66.78997039794922 -38.199947357177734 7.199999809265137
vertex -30.146337509155273 -41.76435852050781 7.199999809265137
vertex -30.000019073486328 -41.74995040893555 7.199999809265137
endloop
endfacet
facet normal 0 0 1
outer loop
vertex -73.87852478027344 -45.61359405517578 7.199999809265137
vertex -71.7290267944336 -48.11631393432617 7.199999809265137
vertex -66.96097564697266 -38.169795989990234 7.199999809265137
endloop
endfacet
facet normal 0 0 1
outer loop
vertex -66.78997039794922 40.200050354003906 7.199999809265137
vertex -67.93778991699219 45.76795959472656 7.199999809265137
vertex -66.87679290771484 40.19245529174805 7.199999809265137
endloop
endfacet
facet normal 0 0 1
outer loop
vertex -72.97975158691406 41.433834075927734 7.199999809265137
vertex -67.69242095947266 39.37682342529297 7.199999809265137
vertex -67.66986846923828 39.46100997924805 7.199999809265137
endloop
endfacet
facet normal 0 0 -1
outer loop
vertex -72.07943725585938 -48.58756637573242 -5.699999809265137
vertex -71.2275619506836 -47.5396728515625 -5.699999809265137
vertex -71.61197662353516 -48.816551208496094 -5.699999809265137
endloop
endfacet
facet normal 0.7604788131032986 0.6493627451748353 0
outer loop
vertex 71.83284759521484 45.669677734375 -3.700000047683716
vertex 74.35346221923828 42.71774673461914 4.199999809265137
vertex 74.35346221923828 42.71774673461914 -3.700000047683716
endloop
endfacet
facet normal 0 0 1
outer loop
vertex 68.91549682617188 45.48530578613281 7.199999809265137
vertex -67.93778991699219 45.76795959472656 7.199999809265137
vertex 66.78993225097656 40.200050354003906 7.199999809265137
endloop
endfacet
facet normal -0.8839620915092549 0.46755857469901785 -8.261378483223136e-8
outer loop
vertex -74.30972290039062 42.62386703491211 -3.700000047683716
vertex -74.7073745727539 41.8720703125 -3.700000047683716
vertex -73.59989929199219 43.96585464477539 4.199999809265137
endloop
endfacet
facet normal -0.6492827739002884 0.7605470922410702 0
outer loop
vertex -70.2164077758789 46.854339599609375 -3.700000047683716
vertex -71.25006103515625 45.97190475463867 -3.700000047683716
vertex -70.2164077758789 46.854339599609375 4.199999809265137
endloop
endfacet
facet normal 0 0 -1
outer loop
vertex -71.79908752441406 42.226016998291016 -5.699999809265137
vertex -69.64258575439453 45.825965881347656 -5.699999809265137
vertex -69.2501449584961 44.538673400878906 -5.699999809265137
endloop
endfacet
facet normal 0 0 1
outer loop
vertex -72.22357940673828 42.86344528198242 7.199999809265137
vertex -67.66986846923828 39.46100997924805 7.199999809265137
vertex -67.5522232055664 39.642208099365234 7.199999809265137
endloop
endfacet
facet normal 0.7071067811865476 0.7071067811865476 0
outer loop
vertex -66.78997039794922 -37.699947357177734 6.199999809265137
vertex -67.20001983642578 -37.28989791870117 2.5
vertex -67.20001983642578 -37.28989791870117 6.199999809265137
endloop
endfacet
facet normal 0 0 1
outer loop
vertex 66.78993225097656 -38.199947357177734 7.199999809265137
vertex -71.47725677490234 -48.239646911621094 7.199999809265137
vertex 68.43760681152344 -48.7047004699707 7.199999809265137
endloop
endfacet
facet normal 0.7604788131032986 0.6493627451748353 0
outer loop
vertex 74.35346221923828 42.71774673461914 4.199999809265137
vertex 71.83284759521484 45.669677734375 -3.700000047683716
vertex 71.83284759521484 45.669677734375 4.199999809265137
endloop
endfacet
facet normal 0 0 -1
outer loop
vertex -69.20291137695312 44.567787170410156 -5.699999809265137
vertex -69.64258575439453 45.825965881347656 -5.699999809265137
vertex -68.10694122314453 44.99038314819336 -5.699999809265137
endloop
endfacet
facet normal 0 0 -1
outer loop
vertex -73.11083221435547 -45.569515228271484 -5.699999809265137
vertex -74.45686340332031 -45.70656967163086 -5.699999809265137
vertex -73.55562591552734 41.57991409301758 -5.699999809265137
endloop
endfacet
facet normal 0.7071067811865476 -0.7071067811865476 0
outer loop
vertex -67.20001983642578 39.290000915527344 6.199999809265137
vertex -66.78997039794922 39.700050354003906 2.5
vertex -66.78997039794922 39.700050354003906 6.199999809265137
endloop
endfacet
facet normal 0 0 1
outer loop
vertex -29.7130069732666 -41.80704116821289 7.199999809265137
vertex -29.583341598510742 -41.876346588134766 7.199999809265137
vertex 66.78993225097656 -38.199947357177734 7.199999809265137
endloop
endfacet
facet normal 0.0020653709920468587 0.9999978671190579 0
outer loop
vertex -68.20781707763672 47.500572204589844 4.199999809265137
vertex 18.36360740661621 47.32176971435547 4.199999809265137
vertex -68.20781707763672 47.500572204589844 -3.700000047683716
endloop
endfacet
facet normal 0.7071067811865476 -0.7071067811865476 0
outer loop
vertex -66.78997039794922 39.700050354003906 2.5
vertex -67.20001983642578 39.290000915527344 6.199999809265137
vertex -67.20001983642578 39.290000915527344 2.5
endloop
endfacet
facet normal -0.3062732429123701 0.9519436436449036 7.16717749050354e-8
outer loop
vertex -68.20781707763672 47.500572204589844 4.199999809265137
vertex -70.2164077758789 46.854339599609375 -3.700000047683716
vertex -69.41857147216797 47.11103057861328 4.199999809265137
endloop
endfacet
facet normal 0 0 -1
outer loop
vertex 69.05835723876953 46.06236267089844 -5.699999809265137
vertex 68.45431518554688 44.879940032958984 -5.699999809265137
vertex 68.39295959472656 44.8929557800293 -5.699999809265137
endloop
endfacet
facet normal -0.6492805658376264 0.7605489772694273 0
outer loop
vertex -73.59989929199219 43.96585464477539 -3.700000047683716
vertex -73.59989929199219 43.96585464477539 4.199999809265137
vertex -71.25006866455078 45.97190475463867 4.199999809265137
endloop
endfacet
facet normal 0 0 1
outer loop
vertex 66.78993225097656 -38.199947357177734 7.199999809265137
vertex 72.43665313720703 -45.61912155151367 7.199999809265137
vertex 66.87675476074219 -38.192352294921875 7.199999809265137
endloop
endfacet
facet normal -0.7333577556590313 -0.6798429246632994 0
outer loop
vertex -75.2992172241211 -46.81281661987305 4.199999809265137
vertex -72.7802505493164 -49.530067443847656 -3.700000047683716
vertex -72.7802505493164 -49.530067443847656 4.199999809265137
endloop
endfacet
facet normal -0.003323754808846334 -0.9999944759997111 -0.00002498066898650653
outer loop
vertex -44.57404327392578 -50.06113052368164 -3.564180612564087
vertex -71.88141632080078 -49.97036361694336 -3.700000047683716
vertex -44.777313232421875 -50.06045150756836 -3.700000047683716
endloop
endfacet
facet normal 0 0 1
outer loop
vertex -66.78997039794922 -38.199947357177734 7.199999809265137
vertex -71.47725677490234 -48.239646911621094 7.199999809265137
vertex -30.735607147216797 -42.64626693725586 7.199999809265137
endloop
endfacet
facet normal 0 0 1
outer loop
vertex 72.8111801147461 41.856632232666016 7.199999809265137
vertex 67.6923828125 39.37682342529297 7.199999809265137
vertex 73.26734161376953 40.44084930419922 7.199999809265137
endloop
endfacet
facet normal 0 0 1
outer loop
vertex -71.47725677490234 -48.239646911621094 7.199999809265137
vertex -30.530349731445312 -43.03028106689453 7.199999809265137
vertex -30.623620986938477 -42.9166259765625 7.199999809265137
endloop
endfacet
facet normal 0 0 1
outer loop
vertex -30.416696548461914 -43.12355041503906 7.199999809265137
vertex -71.47725677490234 -48.239646911621094 7.199999809265137
vertex -30.287031173706055 -43.1928596496582 7.199999809265137
endloop
endfacet
facet normal -0.8839620915092578 0.4675585746990194 0
outer loop
vertex -74.7073745727539 41.8720703125 -3.700000047683716
vertex -74.7073745727539 41.8720703125 4.199999809265137
vertex -74.30972290039062 42.62386703491211 4.199999809265137
endloop
endfacet
facet normal 0 0 1
outer loop
vertex -30.735607147216797 -42.64626693725586 7.199999809265137
vertex -71.47725677490234 -48.239646911621094 7.199999809265137
vertex -30.692928314208984 -42.78696060180664 7.199999809265137
endloop
endfacet
facet normal 0 0 1
outer loop
vertex 70.36005401611328 44.7271842956543 7.199999809265137
vertex 67.55219268798828 39.642208099365234 7.199999809265137
vertex 72.8111801147461 41.856632232666016 7.199999809265137
endloop
endfacet
facet normal 0 0 1
outer loop
vertex -66.78997039794922 -38.199947357177734 7.199999809265137
vertex -30.735607147216797 -42.64626693725586 7.199999809265137
vertex -30.750019073486328 -42.49995040893555 7.199999809265137
endloop
endfacet
facet normal 0 0 1
outer loop
vertex -66.78997039794922 -38.199947357177734 7.199999809265137
vertex -30.735607147216797 -42.35363006591797 7.199999809265137
vertex -30.692928314208984 -42.21293640136719 7.199999809265137
endloop
endfacet
facet normal 0 -1 0
outer loop
vertex -66.78997039794922 39.700050354003906 6.199999809265137
vertex 66.78993225097656 39.700050354003906 2.5
vertex 66.78993225097656 39.700050354003906 6.199999809265137
endloop
endfacet
facet normal 0 0 -1
outer loop
vertex -68.10694122314453 44.99038314819336 -5.699999809265137
vertex -68.02780151367188 46.345497131347656 -5.699999809265137
vertex -68.05239868164062 45.000511169433594 -5.699999809265137
endloop
endfacet
facet normal 0 0 1
outer loop
vertex -69.35567474365234 45.3117790222168 7.199999809265137
vertex -66.96097564697266 40.169898986816406 7.199999809265137
vertex -66.87679290771484 40.19245529174805 7.199999809265137
endloop
endfacet
facet normal 0 0 -1
outer loop
vertex 73.32527160644531 42.14366912841797 -5.699999809265137
vertex 72.03816986083984 41.750648498535156 -5.699999809265137
vertex 69.72177124023438 44.30372619628906 -5.699999809265137
endloop
endfacet
facet normal 0 0 1
outer loop
vertex -72.97975158691406 41.433834075927734 7.199999809265137
vertex -73.87852478027344 -45.61359405517578 7.199999809265137
vertex -67.70001983642578 39.290000915527344 7.199999809265137
endloop
endfacet
facet normal 0 0 1
outer loop
vertex -66.78997039794922 -38.199947357177734 7.199999809265137
vertex -30.692928314208984 -42.21293640136719 7.199999809265137
vertex -30.623620986938477 -42.08327102661133 7.199999809265137
endloop
endfacet
facet normal -0.9951855738563372 -0.09800853834351785 0
outer loop
vertex -29.250019073486328 -42.49995040893555 2.5
vertex -29.264429092407227 -42.35363006591797 7.199999809265137
vertex -29.264429092407227 -42.35363006591797 2.5
endloop
endfacet
facet normal -0.6343949344546085 -0.773009099000997 0
outer loop
vertex -29.583341598510742 -41.876346588134766 2.5
vertex -29.469688415527344 -41.96961975097656 2.5
vertex -29.583341598510742 -41.876346588134766 7.199999809265137
endloop
endfacet
facet normal 0.7730206815986687 0.6343808208172199 0
outer loop
vertex -30.530349731445312 -43.03028106689453 7.199999809265137
vertex -30.623620986938477 -42.9166259765625 2.5
vertex -30.623620986938477 -42.9166259765625 7.199999809265137
endloop
endfacet
facet normal -0.8819219980712054 0.47139536412452404 0
outer loop
vertex -29.307109832763672 -42.78696060180664 7.199999809265137
vertex -29.37641716003418 -42.9166259765625 2.5
vertex -29.37641716003418 -42.9166259765625 7.199999809265137
endloop
endfacet
facet normal 0.9569405691426075 -0.29028390780238306 0
outer loop
vertex -30.692928314208984 -42.21293640136719 7.199999809265137
vertex -30.735607147216797 -42.35363006591797 7.199999809265137
vertex -30.692928314208984 -42.21293640136719 2.5
endloop
endfacet
facet normal 0.4713852739059721 -0.8819273913109807 0
outer loop
vertex -30.287031173706055 -41.80704116821289 7.199999809265137
vertex -30.416696548461914 -41.876346588134766 7.199999809265137
vertex -30.287031173706055 -41.80704116821289 2.5
endloop
endfacet
facet normal -0.9569369653840532 -0.2902957875711588 0
outer loop
vertex -29.307109832763672 -42.21293640136719 7.199999809265137
vertex -29.264429092407227 -42.35363006591797 2.5
vertex -29.264429092407227 -42.35363006591797 7.199999809265137
endloop
endfacet
facet normal -0.6343949344546085 -0.773009099000997 0
outer loop
vertex -29.583341598510742 -41.876346588134766 7.199999809265137
vertex -29.469688415527344 -41.96961975097656 2.5
vertex -29.469688415527344 -41.96961975097656 7.199999809265137
endloop
endfacet
facet normal -0.4713852739059721 -0.8819273913109807 0
outer loop
vertex -29.7130069732666 -41.80704116821289 7.199999809265137
vertex -29.583341598510742 -41.876346588134766 2.5
vertex -29.583341598510742 -41.876346588134766 7.199999809265137
endloop
endfacet
facet normal -0.7730102397966485 -0.6343935443945878 0
outer loop
vertex -29.469688415527344 -41.96961975097656 7.199999809265137
vertex -29.37641716003418 -42.08327102661133 2.5
vertex -29.37641716003418 -42.08327102661133 7.199999809265137
endloop
endfacet
facet normal -0.8819219980712054 -0.47139536412452404 0
outer loop
vertex -29.37641716003418 -42.08327102661133 7.199999809265137
vertex -29.307109832763672 -42.21293640136719 2.5
vertex -29.307109832763672 -42.21293640136719 7.199999809265137
endloop
endfacet
facet normal -0.9951855738563372 -0.09800853834351785 0
outer loop
vertex -29.264429092407227 -42.35363006591797 7.199999809265137
vertex -29.250019073486328 -42.49995040893555 2.5
vertex -29.250019073486328 -42.49995040893555 7.199999809265137
endloop
endfacet
facet normal -0.9951853246241752 0.0980110690313855 0
outer loop
vertex -29.250019073486328 -42.49995040893555 7.199999809265137
vertex -29.264429092407227 -42.64626693725586 2.5
vertex -29.264429092407227 -42.64626693725586 7.199999809265137
endloop
endfacet
facet normal -0.9569369653840532 0.2902957875711588 0
outer loop
vertex -29.264429092407227 -42.64626693725586 7.199999809265137
vertex -29.307109832763672 -42.78696060180664 2.5
vertex -29.307109832763672 -42.78696060180664 7.199999809265137
endloop
endfacet
facet normal -0.2903076672057179 -0.9569333615051647 0
outer loop
vertex -29.853700637817383 -41.76435852050781 7.199999809265137
vertex -29.7130069732666 -41.80704116821289 2.5
vertex -29.7130069732666 -41.80704116821289 7.199999809265137
endloop
endfacet
facet normal -0.09799695542310742 -0.995186714505274 0
outer loop
vertex -30.000019073486328 -41.74995040893555 7.199999809265137
vertex -29.853700637817383 -41.76435852050781 2.5
vertex -29.853700637817383 -41.76435852050781 7.199999809265137
endloop
endfacet
facet normal 0.09799695542310742 -0.995186714505274 0
outer loop
vertex -30.000019073486328 -41.74995040893555 7.199999809265137
vertex -30.146337509155273 -41.76435852050781 7.199999809265137
vertex -30.000019073486328 -41.74995040893555 2.5
endloop
endfacet
facet normal 0.2903076672057179 -0.9569333615051647 0
outer loop
vertex -30.146337509155273 -41.76435852050781 7.199999809265137
vertex -30.287031173706055 -41.80704116821289 7.199999809265137
vertex -30.146337509155273 -41.76435852050781 2.5
endloop
endfacet
facet normal 0.6343949344546085 -0.773009099000997 0
outer loop
vertex -30.416696548461914 -41.876346588134766 7.199999809265137
vertex -30.530349731445312 -41.96961975097656 7.199999809265137
vertex -30.416696548461914 -41.876346588134766 2.5
endloop
endfacet
facet normal 0.7730102397966485 -0.6343935443945878 0
outer loop
vertex -30.530349731445312 -41.96961975097656 7.199999809265137
vertex -30.623620986938477 -42.08327102661133 7.199999809265137
vertex -30.530349731445312 -41.96961975097656 2.5
endloop
endfacet
facet normal 0.8819219980712054 -0.47139536412452404 0
outer loop
vertex -30.623620986938477 -42.08327102661133 7.199999809265137
vertex -30.692928314208984 -42.21293640136719 7.199999809265137
vertex -30.623620986938477 -42.08327102661133 2.5
endloop
endfacet
facet normal 0.9951843084635901 -0.0980213863799422 0
outer loop
vertex -30.735607147216797 -42.35363006591797 7.199999809265137
vertex -30.750019073486328 -42.49995040893555 7.199999809265137
vertex -30.735607147216797 -42.35363006591797 2.5
endloop
endfacet
facet normal 0.9951840591663966 0.09802391739312354 0
outer loop
vertex -30.750019073486328 -42.49995040893555 7.199999809265137
vertex -30.735607147216797 -42.64626693725586 7.199999809265137
vertex -30.750019073486328 -42.49995040893555 2.5
endloop
endfacet
facet normal 0.9569405691426075 0.29028390780238306 0
outer loop
vertex -30.735607147216797 -42.64626693725586 7.199999809265137
vertex -30.692928314208984 -42.78696060180664 7.199999809265137
vertex -30.735607147216797 -42.64626693725586 2.5
endloop
endfacet
facet normal -0.7730206815986687 0.6343808208172199 0
outer loop
vertex -29.37641716003418 -42.9166259765625 7.199999809265137
vertex -29.469688415527344 -43.03028106689453 2.5
vertex -29.469688415527344 -43.03028106689453 7.199999809265137
endloop
endfacet
facet normal -0.6343794304811786 0.7730218225783638 0
outer loop
vertex -29.469688415527344 -43.03028106689453 7.199999809265137
vertex -29.583341598510742 -43.12355041503906 2.5
vertex -29.583341598510742 -43.12355041503906 7.199999809265137
endloop
endfacet
facet normal -0.471405454157962 0.881916604781952 0
outer loop
vertex -29.583341598510742 -43.12355041503906 7.199999809265137
vertex -29.7130069732666 -43.1928596496582 2.5
vertex -29.7130069732666 -43.1928596496582 7.199999809265137
endloop
endfacet
facet normal -0.29028390780238306 0.9569405691426075 0
outer loop
vertex -29.7130069732666 -43.1928596496582 7.199999809265137
vertex -29.853700637817383 -43.235538482666016 2.5
vertex -29.853700637817383 -43.235538482666016 7.199999809265137
endloop
endfacet
facet normal -0.09802265187027401 0.9951841838174074 0
outer loop
vertex -29.853700637817383 -43.235538482666016 7.199999809265137
vertex -30.000019073486328 -43.24995040893555 2.5
vertex -30.000019073486328 -43.24995040893555 7.199999809265137
endloop
endfacet
facet normal 0.09802265187027401 0.9951841838174074 0
outer loop
vertex -30.000019073486328 -43.24995040893555 7.199999809265137
vertex -30.146337509155273 -43.235538482666016 2.5
vertex -30.146337509155273 -43.235538482666016 7.199999809265137
endloop
endfacet
facet normal 0.29028390780238306 0.9569405691426075 0
outer loop
vertex -30.146337509155273 -43.235538482666016 7.199999809265137
vertex -30.287031173706055 -43.1928596496582 2.5
vertex -30.287031173706055 -43.1928596496582 7.199999809265137
endloop
endfacet
facet normal 0.471405454157962 0.881916604781952 0
outer loop
vertex -30.287031173706055 -43.1928596496582 7.199999809265137
vertex -30.416696548461914 -43.12355041503906 2.5
vertex -30.416696548461914 -43.12355041503906 7.199999809265137
endloop
endfacet
facet normal 0.6343794304811786 0.7730218225783638 0
outer loop
vertex -30.416696548461914 -43.12355041503906 7.199999809265137
vertex -30.530349731445312 -43.03028106689453 2.5
vertex -30.530349731445312 -43.03028106689453 7.199999809265137
endloop
endfacet
facet normal 0.8819219980712054 0.47139536412452404 0
outer loop
vertex -30.692928314208984 -42.78696060180664 7.199999809265137
vertex -30.623620986938477 -42.9166259765625 7.199999809265137
vertex -30.692928314208984 -42.78696060180664 2.5
endloop
endfacet
facet normal -0.7730102397966485 -0.6343935443945878 0
outer loop
vertex -29.37641716003418 -42.08327102661133 2.5
vertex -29.469688415527344 -41.96961975097656 7.199999809265137
vertex -29.469688415527344 -41.96961975097656 2.5
endloop
endfacet
facet normal -0.4713852739059721 -0.8819273913109807 0
outer loop
vertex -29.583341598510742 -41.876346588134766 2.5
vertex -29.7130069732666 -41.80704116821289 7.199999809265137
vertex -29.7130069732666 -41.80704116821289 2.5
endloop
endfacet
facet normal -0.8819219980712054 -0.47139536412452404 0
outer loop
vertex -29.307109832763672 -42.21293640136719 2.5
vertex -29.37641716003418 -42.08327102661133 7.199999809265137
vertex -29.37641716003418 -42.08327102661133 2.5
endloop
endfacet
facet normal -0.9569369653840532 -0.2902957875711588 0
outer loop
vertex -29.307109832763672 -42.21293640136719 2.5
vertex -29.264429092407227 -42.35363006591797 2.5
vertex -29.307109832763672 -42.21293640136719 7.199999809265137
endloop
endfacet
facet normal -0.9951853246241752 0.0980110690313855 0
outer loop
vertex -29.264429092407227 -42.64626693725586 2.5
vertex -29.250019073486328 -42.49995040893555 7.199999809265137
vertex -29.250019073486328 -42.49995040893555 2.5
endloop
endfacet
facet normal -0.9569369653840532 0.2902957875711588 0
outer loop
vertex -29.307109832763672 -42.78696060180664 2.5
vertex -29.264429092407227 -42.64626693725586 7.199999809265137
vertex -29.264429092407227 -42.64626693725586 2.5
endloop
endfacet
facet normal -0.2903076672057179 -0.9569333615051647 0
outer loop
vertex -29.853700637817383 -41.76435852050781 2.5
vertex -29.7130069732666 -41.80704116821289 2.5
vertex -29.853700637817383 -41.76435852050781 7.199999809265137
endloop
endfacet
facet normal -0.09799695542310742 -0.995186714505274 0
outer loop
vertex -30.000019073486328 -41.74995040893555 2.5
vertex -29.853700637817383 -41.76435852050781 2.5
vertex -30.000019073486328 -41.74995040893555 7.199999809265137
endloop
endfacet
facet normal 0.09799695542310742 -0.995186714505274 0
outer loop
vertex -30.146337509155273 -41.76435852050781 2.5
vertex -30.000019073486328 -41.74995040893555 2.5
vertex -30.146337509155273 -41.76435852050781 7.199999809265137
endloop
endfacet
facet normal 0.2903076672057179 -0.9569333615051647 0
outer loop
vertex -30.287031173706055 -41.80704116821289 2.5
vertex -30.146337509155273 -41.76435852050781 2.5
vertex -30.287031173706055 -41.80704116821289 7.199999809265137
endloop
endfacet
facet normal 0.6343949344546085 -0.773009099000997 0
outer loop
vertex -30.530349731445312 -41.96961975097656 2.5
vertex -30.416696548461914 -41.876346588134766 2.5
vertex -30.530349731445312 -41.96961975097656 7.199999809265137
endloop
endfacet
facet normal 0.7730102397966485 -0.6343935443945878 0
outer loop
vertex -30.623620986938477 -42.08327102661133 2.5
vertex -30.530349731445312 -41.96961975097656 2.5
vertex -30.623620986938477 -42.08327102661133 7.199999809265137
endloop
endfacet
facet normal 0.8819219980712054 -0.47139536412452404 0
outer loop
vertex -30.692928314208984 -42.21293640136719 2.5
vertex -30.623620986938477 -42.08327102661133 2.5
vertex -30.692928314208984 -42.21293640136719 7.199999809265137
endloop
endfacet
facet normal 0.9951843084635901 -0.0980213863799422 0
outer loop
vertex -30.750019073486328 -42.49995040893555 2.5
vertex -30.735607147216797 -42.35363006591797 2.5
vertex -30.750019073486328 -42.49995040893555 7.199999809265137
endloop
endfacet
facet normal 0.9951840591663966 0.09802391739312354 0
outer loop
vertex -30.735607147216797 -42.64626693725586 2.5
vertex -30.750019073486328 -42.49995040893555 2.5
vertex -30.735607147216797 -42.64626693725586 7.199999809265137
endloop
endfacet
facet normal 0.9569405691426075 0.29028390780238306 0
outer loop
vertex -30.692928314208984 -42.78696060180664 2.5
vertex -30.735607147216797 -42.64626693725586 2.5
vertex -30.692928314208984 -42.78696060180664 7.199999809265137
endloop
endfacet
facet normal 0.9569405691426075 -0.29028390780238306 0
outer loop
vertex -30.735607147216797 -42.35363006591797 2.5
vertex -30.692928314208984 -42.21293640136719 2.5
vertex -30.735607147216797 -42.35363006591797 7.199999809265137
endloop
endfacet
facet normal -0.8819219980712054 0.47139536412452404 0
outer loop
vertex -29.37641716003418 -42.9166259765625 2.5
vertex -29.307109832763672 -42.78696060180664 7.199999809265137
vertex -29.307109832763672 -42.78696060180664 2.5
endloop
endfacet
facet normal -0.7730206815986687 0.6343808208172199 0
outer loop
vertex -29.469688415527344 -43.03028106689453 2.5
vertex -29.37641716003418 -42.9166259765625 7.199999809265137
vertex -29.37641716003418 -42.9166259765625 2.5
endloop
endfacet
facet normal -0.6343794304811786 0.7730218225783638 0
outer loop
vertex -29.583341598510742 -43.12355041503906 2.5
vertex -29.469688415527344 -43.03028106689453 7.199999809265137
vertex -29.469688415527344 -43.03028106689453 2.5
endloop
endfacet
facet normal -0.471405454157962 0.881916604781952 0
outer loop
vertex -29.7130069732666 -43.1928596496582 2.5
vertex -29.583341598510742 -43.12355041503906 7.199999809265137
vertex -29.583341598510742 -43.12355041503906 2.5
endloop
endfacet
facet normal 0.4713852739059721 -0.8819273913109807 0
outer loop
vertex -30.416696548461914 -41.876346588134766 2.5
vertex -30.287031173706055 -41.80704116821289 2.5
vertex -30.416696548461914 -41.876346588134766 7.199999809265137
endloop
endfacet
facet normal -0.29028390780238306 0.9569405691426075 0
outer loop
vertex -29.853700637817383 -43.235538482666016 2.5
vertex -29.7130069732666 -43.1928596496582 7.199999809265137
vertex -29.7130069732666 -43.1928596496582 2.5
endloop
endfacet
facet normal -0.09802265187027401 0.9951841838174074 0
outer loop
vertex -30.000019073486328 -43.24995040893555 2.5
vertex -29.853700637817383 -43.235538482666016 7.199999809265137
vertex -29.853700637817383 -43.235538482666016 2.5
endloop
endfacet
facet normal 0.09802265187027401 0.9951841838174074 0
outer loop
vertex -30.000019073486328 -43.24995040893555 2.5
vertex -30.146337509155273 -43.235538482666016 2.5
vertex -30.000019073486328 -43.24995040893555 7.199999809265137
endloop
endfacet
facet normal 0.29028390780238306 0.9569405691426075 0
outer loop
vertex -30.146337509155273 -43.235538482666016 2.5
vertex -30.287031173706055 -43.1928596496582 2.5
vertex -30.146337509155273 -43.235538482666016 7.199999809265137
endloop
endfacet
facet normal 0.6343794304811786 0.7730218225783638 0
outer loop
vertex -30.416696548461914 -43.12355041503906 2.5
vertex -30.530349731445312 -43.03028106689453 2.5
vertex -30.416696548461914 -43.12355041503906 7.199999809265137
endloop
endfacet
facet normal 0.7730206815986687 0.6343808208172199 0
outer loop
vertex -30.530349731445312 -43.03028106689453 2.5
vertex -30.623620986938477 -42.9166259765625 2.5
vertex -30.530349731445312 -43.03028106689453 7.199999809265137
endloop
endfacet
facet normal 0.8819219980712054 0.47139536412452404 0
outer loop
vertex -30.623620986938477 -42.9166259765625 2.5
vertex -30.692928314208984 -42.78696060180664 2.5
vertex -30.623620986938477 -42.9166259765625 7.199999809265137
endloop
endfacet
facet normal 0.471405454157962 0.881916604781952 0
outer loop
vertex -30.287031173706055 -43.1928596496582 2.5
vertex -30.416696548461914 -43.12355041503906 2.5
vertex -30.287031173706055 -43.1928596496582 7.199999809265137
endloop
endfacet
facet normal 0.711105614830587 0.7030852043361552 0
outer loop
vertex -71.2275619506836 -47.5396728515625 -5.699999809265137
vertex -73.06578063964844 -45.680484771728516 -5.699999809265137
vertex -73.06578063964844 -45.680484771728516 0
endloop
endfacet
facet normal 0.38667250050602275 0.922217098818071 0
outer loop
vertex -71.11711120605469 -47.58598327636719 -5.699999809265137
vertex -71.2275619506836 -47.5396728515625 -5.699999809265137
vertex -71.2275619506836 -47.5396728515625 0
endloop
endfacet
facet normal 0.0029838891596969024 0.9999955481927493 4.068465434137993e-7
outer loop
vertex -71.11711120605469 -47.58598327636719 -5.699999809265137
vertex -66.05633544921875 -47.6010856628418 -1.9508682489395142
vertex -45.50001907348633 -47.66242218017578 -5.699999809265137
endloop
endfacet
facet normal -0.0007883708573236557 -0.9999996891555991 0.000012652930792722405
outer loop
vertex 68.39295959472656 44.8929557800293 0
vertex -63.85609436035156 44.9972038269043 -1.0499999523162842
vertex -60.25609588623047 44.99436569213867 -1.0499999523162842
endloop
endfacet
facet normal -0.0007882675875382234 -0.999999689317057 0
outer loop
vertex -60.25609588623047 44.99436569213867 -1.0499999523162842
vertex -60.25609588623047 44.99436569213867 -2.8499999046325684
vertex 68.39295959472656 44.8929557800293 0
endloop
endfacet
facet normal -0.0007882668736218258 -0.9999996893175213 -4.4398701519848837e-7
outer loop
vertex -68.05239868164062 45.000511169433594 0
vertex -63.85609436035156 44.9972038269043 -1.0499999523162842
vertex 68.39295959472656 44.8929557800293 0
endloop
endfacet
facet normal -0.0007882683935651099 -0.9999996893164209 3.638409319846374e-8
outer loop
vertex -60.25609588623047 44.99436569213867 -2.8499999046325684
vertex -68.05239868164062 45.000511169433594 -5.699999809265137
vertex 68.39295959472656 44.8929557800293 0
endloop
endfacet
facet normal -0.0007883708573867589 -0.9999996892356415 -1.0800189115060155e-7
outer loop
vertex 57.4087028503418 44.901615142822266 -2.8499999046325684
vertex 68.39295959472656 44.8929557800293 -5.699999809265137
vertex 61.00870132446289 44.89877700805664 -2.8499999046325684
endloop
endfacet
facet normal -0.0007881557791874956 -0.9999996894051856 0
outer loop
vertex -68.05239868164062 45.000511169433594 0
vertex -63.85609436035156 44.9972038269043 -2.8499999046325684
vertex -63.85609436035156 44.9972038269043 -1.0499999523162842
endloop
endfacet
facet normal -0.9830695467370066 -0.18323281987214057 0
outer loop
vertex 72.48983001708984 40.60886764526367 -5.699999809265137
vertex 72.49998474121094 40.554386138916016 -5.699999809265137
vertex 72.49998474121094 40.554386138916016 0
endloop
endfacet
facet normal 0.002983953237732709 0.9999955480016274 0
outer loop
vertex -58.056331634521484 -47.62495422363281 0
vertex 55.208465576171875 -47.96293258666992 0
vertex -58.056331634521484 -47.62495422363281 -0.44999998807907104
endloop
endfacet
facet normal 0.0029839689128325643 0.9999955479548532 0
outer loop
vertex 68.23723602294922 -48.00181198120117 -5.699999809265137
vertex -58.056331634521484 -47.62495422363281 -1.9509395360946655
vertex -58.056331634521484 -47.62495422363281 -0.44999998807907104
endloop
endfacet
facet normal 0.002983555272443736 0.9999955490919804 -0.00001393430490872645
outer loop
vertex 68.23723602294922 -48.00181198120117 -5.699999809265137
vertex -66.05633544921875 -47.6010856628418 -1.9508682489395142
vertex -58.056331634521484 -47.62495422363281 -1.9509395360946655
endloop
endfacet
facet normal 0.1825694034717037 -0.9831929683007229 0
outer loop
vertex -68.10694122314453 44.99038314819336 0
vertex -68.10694122314453 44.99038314819336 -5.699999809265137
vertex -68.05239868164062 45.000511169433594 0
endloop
endfacet
facet normal 0.5247110363878899 -0.851280405208969 0
outer loop
vertex -69.2501449584961 44.538673400878906 0
vertex -69.2501449584961 44.538673400878906 -5.699999809265137
vertex -69.20291137695312 44.567787170410156 0
endloop
endfacet
facet normal 0.6719464095043244 -0.7405997723158215 0
outer loop
vertex -71.79908752441406 42.226016998291016 0
vertex -71.79908752441406 42.226016998291016 -5.699999809265137
vertex -69.2501449584961 44.538673400878906 0
endloop
endfacet
facet normal 0.8094310015917149 -0.5872149978178632 0
outer loop
vertex -71.83557891845703 42.175716400146484 0
vertex -71.83557891845703 42.175716400146484 -5.699999809265137
vertex -71.79908752441406 42.226016998291016 0
endloop
endfacet
facet normal 0.9893484103080237 -0.14556497807524538 -0.000748451026745498
outer loop
vertex -72.3880844116211 40.88071060180664 0
vertex -72.38782501220703 40.911781311035156 -5.699999809265137
vertex -72.37458038330078 40.97249221801758 0
endloop
endfacet
facet normal -0.9328981046442016 -0.3601404258775407 0
outer loop
vertex 72.0672607421875 41.7034797668457 -5.699999809265137
vertex 72.48983001708984 40.60886764526367 -5.699999809265137
vertex 72.48983001708984 40.60886764526367 0
endloop
endfacet
facet normal 0.9999651515913959 -0.008348389233666657 0
outer loop
vertex -72.3880844116211 40.88071060180664 -1
vertex -72.38782501220703 40.911781311035156 -5.699999809265137
vertex -72.3880844116211 40.88071060180664 0
endloop
endfacet
facet normal -0.585637119994208 -0.8105733549068151 0
outer loop
vertex 69.67093658447266 44.3404541015625 -5.699999809265137
vertex 69.72177124023438 44.30372619628906 -5.699999809265137
vertex 69.72177124023438 44.30372619628906 0
endloop
endfacet
facet normal -0.20751831775084803 -0.9782311320939742 0
outer loop
vertex 68.39295959472656 44.8929557800293 -5.699999809265137
vertex 68.45431518554688 44.879940032958984 -5.699999809265137
vertex 68.45431518554688 44.879940032958984 0
endloop
endfacet
facet normal -0.0007883708573867238 -0.9999996892355971 3.1667865541213086e-7
outer loop
vertex -63.85609436035156 44.9972038269043 -2.8499999046325684
vertex -68.05239868164062 45.000511169433594 -5.699999809265137
vertex -60.25609588623047 44.99436569213867 -2.8499999046325684
endloop
endfacet
facet normal -0.0007881557791874956 -0.9999996894051856 0
outer loop
vertex -68.05239868164062 45.000511169433594 0
vertex -68.05239868164062 45.000511169433594 -5.699999809265137
vertex -63.85609436035156 44.9972038269043 -2.8499999046325684
endloop
endfacet
facet normal 0.1825694034717037 -0.9831929683007229 0
outer loop
vertex -68.10694122314453 44.99038314819336 -5.699999809265137
vertex -68.05239868164062 45.000511169433594 -5.699999809265137
vertex -68.05239868164062 45.000511169433594 0
endloop
endfacet
facet normal -0.4053636157811353 -0.9141555332659996 0
outer loop
vertex 68.45431518554688 44.879940032958984 -5.699999809265137
vertex 69.67093658447266 44.3404541015625 -5.699999809265137
vertex 69.67093658447266 44.3404541015625 0
endloop
endfacet
facet normal 0.35977174784741955 -0.9330403471719819 0
outer loop
vertex -69.20291137695312 44.567787170410156 -5.699999809265137
vertex -68.10694122314453 44.99038314819336 -5.699999809265137
vertex -68.10694122314453 44.99038314819336 0
endloop
endfacet
facet normal 0.5247110363878899 -0.851280405208969 0
outer loop
vertex -69.2501449584961 44.538673400878906 -5.699999809265137
vertex -69.20291137695312 44.567787170410156 -5.699999809265137
vertex -69.20291137695312 44.567787170410156 0
endloop
endfacet
facet normal -0.7406011564714099 -0.67194488392517 0
outer loop
vertex 69.72177124023438 44.30372619628906 -5.699999809265137
vertex 72.03816986083984 41.750648498535156 -5.699999809265137
vertex 72.03816986083984 41.750648498535156 0
endloop
endfacet
facet normal 0.6719464095043244 -0.7405997723158215 0
outer loop
vertex -71.79908752441406 42.226016998291016 -5.699999809265137
vertex -69.2501449584961 44.538673400878906 -5.699999809265137
vertex -69.2501449584961 44.538673400878906 0
endloop
endfacet
facet normal 0.0029839133087927617 0.9999955481103635 -0.000004562803532109789
outer loop
vertex 68.23723602294922 -48.00181198120117 -5.699999809265137
vertex -30.500019073486328 -47.707183837890625 -4.949999809265137
vertex -30.614198684692383 -47.70684051513672 -4.375974655151367
endloop
endfacet
facet normal 0.9126154311315181 -0.40881912242534985 0
outer loop
vertex -72.37458038330078 40.97249221801758 -5.699999809265137
vertex -71.83557891845703 42.175716400146484 -5.699999809265137
vertex -71.83557891845703 42.175716400146484 0
endloop
endfacet
facet normal 0.0029840115700262237 0.9999955478237181 0.000002773422993401413
outer loop
vertex 68.23723602294922 -48.00181198120117 -5.699999809265137
vertex -30.614198684692383 -47.70684051513672 -4.375974655151367
vertex -30.93935775756836 -47.70587158203125 -3.8893399238586426
endloop
endfacet
facet normal 0.0029838863138953666 0.9999955481929702 -0.00000408738271906662
outer loop
vertex 68.23723602294922 -48.00181198120117 -5.699999809265137
vertex -30.93935775756836 -47.70587158203125 -3.8893399238586426
vertex -31.425992965698242 -47.70441818237305 -3.564180612564087
endloop
endfacet
facet normal 0.9770204104607564 -0.21314576595160203 0
outer loop
vertex -72.38782501220703 40.911781311035156 -5.699999809265137
vertex -72.37458038330078 40.97249221801758 -5.699999809265137
vertex -72.37458038330078 40.97249221801758 0
endloop
endfacet
facet normal 0.00298399230878892 0.9999955478846713 8.586750045482799e-7
outer loop
vertex 68.23723602294922 -48.00181198120117 -5.699999809265137
vertex -31.425992965698242 -47.70441818237305 -3.564180612564087
vertex -32.00001907348633 -47.70270538330078 -3.450000047683716
endloop
endfacet
facet normal -0.000788329173418392 -0.999999689268509 0
outer loop
vertex 61.00870132446289 44.89877700805664 -2.8499999046325684
vertex 68.39295959472656 44.8929557800293 -5.699999809265137
vertex 68.39295959472656 44.8929557800293 0
endloop
endfacet
facet normal 0.002983945903030991 0.9999955480233607 -5.535268282516866e-7
outer loop
vertex 68.23723602294922 -48.00181198120117 -5.699999809265137
vertex -58.056331634521484 -47.62495422363281 -0.44999998807907104
vertex 55.208465576171875 -47.96293258666992 -1.9508682489395142
endloop
endfacet
facet normal -0.000788329173418392 -0.999999689268509 0
outer loop
vertex 61.00870132446289 44.89877700805664 -1.0499999523162842
vertex 61.00870132446289 44.89877700805664 -2.8499999046325684
vertex 68.39295959472656 44.8929557800293 0
endloop
endfacet
facet normal 0.002983953237732709 0.9999955480016274 0
outer loop
vertex 55.208465576171875 -47.96293258666992 -1.9508682489395142
vertex -58.056331634521484 -47.62495422363281 -0.44999998807907104
vertex 55.208465576171875 -47.96293258666992 -0.44999998807907104
endloop
endfacet
facet normal 0.002983953237732709 0.9999955480016274 0
outer loop
vertex 55.208465576171875 -47.96293258666992 -0.44999998807907104
vertex -58.056331634521484 -47.62495422363281 -0.44999998807907104
vertex 55.208465576171875 -47.96293258666992 0
endloop
endfacet
facet normal -1 0 0
outer loop
vertex 72.49998474121094 40.554386138916016 0
vertex 72.49998474121094 40.554386138916016 -5.699999809265137
vertex 72.49998474121094 40.526676177978516 -1
endloop
endfacet
facet normal -0.9830695467370066 -0.18323281987214057 0
outer loop
vertex 72.48983001708984 40.60886764526367 0
vertex 72.48983001708984 40.60886764526367 -5.699999809265137
vertex 72.49998474121094 40.554386138916016 0
endloop
endfacet
facet normal -0.9328981046442016 -0.3601404258775407 0
outer loop
vertex 72.0672607421875 41.7034797668457 0
vertex 72.0672607421875 41.7034797668457 -5.699999809265137
vertex 72.48983001708984 40.60886764526367 0
endloop
endfacet
facet normal -0.585637119994208 -0.8105733549068151 0
outer loop
vertex 69.67093658447266 44.3404541015625 0
vertex 69.67093658447266 44.3404541015625 -5.699999809265137
vertex 69.72177124023438 44.30372619628906 0
endloop
endfacet
facet normal 0.9999650561895996 -0.00835980859381382 -7.549625112298648e-8
outer loop
vertex -72.38782501220703 40.911781311035156 -5.699999809265137
vertex -72.3880844116211 40.88071060180664 -1
vertex -72.54692077636719 21.88137435913086 -1
endloop
endfacet
facet normal 0.9999650402002208 -0.008361720957480777 0
outer loop
vertex -72.57588958740234 18.41703987121582 0
vertex -72.54692077636719 21.88137435913086 -1
vertex -72.54692077636719 21.88137435913086 0
endloop
endfacet
facet normal -0.20751831775084803 -0.9782311320939742 0
outer loop
vertex 68.39295959472656 44.8929557800293 0
vertex 68.39295959472656 44.8929557800293 -5.699999809265137
vertex 68.45431518554688 44.879940032958984 0
endloop
endfacet
facet normal 0.9999650402002208 -0.008361720957480777 0
outer loop
vertex -72.57588958740234 18.41703987121582 0
vertex -72.57588958740234 18.41703987121582 -1
vertex -72.54692077636719 21.88137435913086 -1
endloop
endfacet
facet normal 0.002984033648131729 0.9999955477616512 -2.485972913571526e-7
outer loop
vertex 55.208465576171875 -47.96293258666992 -1.9508682489395142
vertex 63.208465576171875 -47.9868049621582 -1.9509395360946655
vertex 68.23723602294922 -48.00181198120117 -5.699999809265137
endloop
endfacet
facet normal 0.9999650585944313 -0.008359520933380968 0
outer loop
vertex -72.76368713378906 -4.046628952026367 0
vertex -72.76368713378906 -4.046628952026367 -1
vertex -72.73472595214844 -0.582295298576355 0
endloop
endfacet
facet normal -0.19292442377236824 0.9812136193062649 0
outer loop
vertex 68.29544067382812 -47.9903678894043 -5.699999809265137
vertex 68.23723602294922 -48.00181198120117 -5.699999809265137
vertex 68.23723602294922 -48.00181198120117 0
endloop
endfacet
facet normal -0.3813042195357258 0.9244496158062109 0
outer loop
vertex 69.4578857421875 -47.51089859008789 -5.699999809265137
vertex 68.29544067382812 -47.9903678894043 -5.699999809265137
vertex 68.29544067382812 -47.9903678894043 0
endloop
endfacet
facet normal -0.5549672880031442 0.831872171217691 0
outer loop
vertex 69.50723266601562 -47.47797775268555 -5.699999809265137
vertex 69.4578857421875 -47.51089859008789 -5.699999809265137
vertex 69.4578857421875 -47.51089859008789 0
endloop
endfacet
facet normal 0.9999650585944313 -0.008359520933380968 0
outer loop
vertex -72.73472595214844 -0.582295298576355 -1
vertex -72.73472595214844 -0.582295298576355 0
vertex -72.76368713378906 -4.046628952026367 -1
endloop
endfacet
facet normal 0.9999650547537036 -0.008359980312680461 -7.708384832677612e-7
outer loop
vertex -72.54692077636719 21.88137435913086 -1
vertex -73.11083221435547 -45.569515228271484 -5.699999809265137
vertex -72.38782501220703 40.911781311035156 -5.699999809265137
endloop
endfacet
facet normal -0.707107327428596 0.7071062349440771 0
outer loop
vertex 71.97628021240234 -45.00892639160156 -5.699999809265137
vertex 69.50723266601562 -47.47797775268555 -5.699999809265137
vertex 69.50723266601562 -47.47797775268555 0
endloop
endfacet
facet normal -0.4053636157811353 -0.9141555332659996 0
outer loop
vertex 68.45431518554688 44.879940032958984 0
vertex 68.45431518554688 44.879940032958984 -5.699999809265137
vertex 69.67093658447266 44.3404541015625 0
endloop
endfacet
facet normal -0.8511426779389519 -0.5249344166568902 0
outer loop
vertex 72.03816986083984 41.750648498535156 0
vertex 72.03816986083984 41.750648498535156 -5.699999809265137
vertex 72.0672607421875 41.7034797668457 0
endloop
endfacet
facet normal -0.7406011564714099 -0.67194488392517 0
outer loop
vertex 69.72177124023438 44.30372619628906 0
vertex 69.72177124023438 44.30372619628906 -5.699999809265137
vertex 72.03816986083984 41.750648498535156 0
endloop
endfacet
facet normal 0.99996505857279 -0.008359523522094956 0
outer loop
vertex -72.95149230957031 -26.510297775268555 0
vertex -72.92253112792969 -23.04596519470215 -1
vertex -72.92253112792969 -23.04596519470215 0
endloop
endfacet
facet normal 0.99996505857279 -0.008359523522094956 0
outer loop
vertex -72.95149230957031 -26.510297775268555 0
vertex -72.95149230957031 -26.510297775268555 -1
vertex -72.92253112792969 -23.04596519470215 -1
endloop
endfacet
facet normal 0.9999650399071366 -0.008361720955030003 0.00002421134276015902
outer loop
vertex -72.57588958740234 18.41703987121582 -1
vertex -73.11083221435547 -45.569515228271484 -5.699999809265137
vertex -72.54692077636719 21.88137435913086 -1
endloop
endfacet
facet normal 0.9999650561840013 -0.008359809065841514 -0.0000018192774647485549
outer loop
vertex -72.73472595214844 -0.582295298576355 -1
vertex -73.11083221435547 -45.569515228271484 -5.699999809265137
vertex -72.57588958740234 18.41703987121582 -1
endloop
endfacet
facet normal 0.9999650585839553 -0.008359520933293391 -0.000004577402033928162
outer loop
vertex -72.76368713378906 -4.046628952026367 -1
vertex -73.11083221435547 -45.569515228271484 -5.699999809265137
vertex -72.73472595214844 -0.582295298576355 -1
endloop
endfacet
facet normal 0.9999650528316398 -0.008360210112816482 0.0000015116875428038254
outer loop
vertex -72.92253112792969 -23.04596519470215 -1
vertex -73.11083221435547 -45.569515228271484 -5.699999809265137
vertex -72.76368713378906 -4.046628952026367 -1
endloop
endfacet
facet normal -0.0007883708573867296 -0.9999996892356044 2.931479937692625e-7
outer loop
vertex 68.39295959472656 44.8929557800293 0
vertex 57.4087028503418 44.901615142822266 -1.0499999523162842
vertex 61.00870132446289 44.89877700805664 -1.0499999523162842
endloop
endfacet
facet normal 0.0029841905576856224 0.9999955472934444 0
outer loop
vertex -66.05633544921875 -47.6010856628418 -0.44999998807907104
vertex -71.11711120605469 -47.58598327636719 0
vertex -66.05633544921875 -47.6010856628418 0
endloop
endfacet
facet normal 0.0029841905576856224 0.9999955472934444 0
outer loop
vertex -66.05633544921875 -47.6010856628418 -0.44999998807907104
vertex -66.05633544921875 -47.6010856628418 -1.9508682489395142
vertex -71.11711120605469 -47.58598327636719 0
endloop
endfacet
facet normal 0.9999646441308901 -0.008408952858844207 0
outer loop
vertex -73.11083221435547 -45.569515228271484 0
vertex -73.1103286743164 -45.50963592529297 -1
vertex -73.1103286743164 -45.50963592529297 0
endloop
endfacet
facet normal 0.9265533225053066 0.3761634492536154 0
outer loop
vertex -73.06578063964844 -45.680484771728516 0
vertex -73.06578063964844 -45.680484771728516 -5.699999809265137
vertex -73.11083221435547 -45.569515228271484 0
endloop
endfacet
facet normal -0.0007882602231208942 -0.9999996893228621 0
outer loop
vertex -68.05239868164062 45.000511169433594 -5.699999809265137
vertex 57.4087028503418 44.901615142822266 -2.8499999046325684
vertex 57.4087028503418 44.901615142822266 -1.0499999523162842
endloop
endfacet
facet normal 0.711105614830587 0.7030852043361552 0
outer loop
vertex -71.2275619506836 -47.5396728515625 0
vertex -71.2275619506836 -47.5396728515625 -5.699999809265137
vertex -73.06578063964844 -45.680484771728516 0
endloop
endfacet
facet normal -0.0007882668736218698 -0.9999996893175769 2.9276481710118993e-7
outer loop
vertex 57.4087028503418 44.901615142822266 -2.8499999046325684
vertex -68.05239868164062 45.000511169433594 -5.699999809265137
vertex 68.39295959472656 44.8929557800293 -5.699999809265137
endloop
endfacet
facet normal -0.0007882079086205434 -0.9999996893631019 -0.0000014114922627085209
outer loop
vertex 68.39295959472656 44.8929557800293 0
vertex -68.05239868164062 45.000511169433594 -5.699999809265137
vertex 57.4087028503418 44.901615142822266 -1.0499999523162842
endloop
endfacet
facet normal -0.8511426779389519 -0.5249344166568902 0
outer loop
vertex 72.03816986083984 41.750648498535156 -5.699999809265137
vertex 72.0672607421875 41.7034797668457 -5.699999809265137
vertex 72.0672607421875 41.7034797668457 0
endloop
endfacet
facet normal 0.9999646441308901 -0.008408952858844205 0
outer loop
vertex -73.11083221435547 -45.569515228271484 0
vertex -73.11083221435547 -45.569515228271484 -5.699999809265137
vertex -73.1103286743164 -45.50963592529297 -1
endloop
endfacet
facet normal -1 0 0
outer loop
vertex 72.49998474121094 40.554386138916016 -5.699999809265137
vertex 72.49998474121094 -21.967815399169922 -1
vertex 72.49998474121094 -2.96781587600708 -1
endloop
endfacet
facet normal 0.8094310015917149 -0.5872149978178632 0
outer loop
vertex -71.83557891845703 42.175716400146484 -5.699999809265137
vertex -71.79908752441406 42.226016998291016 -5.699999809265137
vertex -71.79908752441406 42.226016998291016 0
endloop
endfacet
facet normal -0.8314141711471243 0.5556531976113701 0
outer loop
vertex 72.00911712646484 -44.95979309082031 -5.699999809265137
vertex 71.97628021240234 -45.00892639160156 -5.699999809265137
vertex 71.97628021240234 -45.00892639160156 0
endloop
endfacet
facet normal -0.9238810529457075 0.3826797616910655 0
outer loop
vertex 72.48844909667969 -43.80257034301758 -5.699999809265137
vertex 72.00911712646484 -44.95979309082031 -5.699999809265137
vertex 72.00911712646484 -44.95979309082031 0
endloop
endfacet
facet normal 0.0029839479671923967 0.9999955480173545 0
outer loop
vertex 68.23723602294922 -48.00181198120117 -5.699999809265137
vertex -30.500019073486328 -47.707183837890625 -5.699999809265137
vertex -30.500019073486328 -47.707183837890625 -4.949999809265137
endloop
endfacet
facet normal 0.0029842189812940975 0.9999955472086222 0
outer loop
vertex 68.23723602294922 -48.00181198120117 0
vertex 68.23723602294922 -48.00181198120117 -5.699999809265137
vertex 63.208465576171875 -47.9868049621582 -1.9509395360946655
endloop
endfacet
facet normal 0.38667250050602275 0.922217098818071 0
outer loop
vertex -71.11711120605469 -47.58598327636719 0
vertex -71.11711120605469 -47.58598327636719 -5.699999809265137
vertex -71.2275619506836 -47.5396728515625 0
endloop
endfacet
facet normal -1 0 0
outer loop
vertex 72.49998474121094 40.554386138916016 -5.699999809265137
vertex 72.49998474121094 -2.96781587600708 -1
vertex 72.49998474121094 -0.22056891024112701 -1
endloop
endfacet
facet normal -0.9807639630277426 0.19519746111595984 0
outer loop
vertex 72.49998474121094 -43.74460983276367 -5.699999809265137
vertex 72.48844909667969 -43.80257034301758 -5.699999809265137
vertex 72.48844909667969 -43.80257034301758 0
endloop
endfacet
facet normal -1 0 0
outer loop
vertex 72.49998474121094 40.554386138916016 -5.699999809265137
vertex 72.49998474121094 -0.22056891024112701 -1
vertex 72.49998474121094 18.779430389404297 -1
endloop
endfacet
facet normal -1 0 0
outer loop
vertex 72.49998474121094 -43.71506118774414 -1
vertex 72.49998474121094 -24.715063095092773 -1
vertex 72.49998474121094 -43.74460983276367 -5.699999809265137
endloop
endfacet
facet normal -0.19292442377236824 0.9812136193062649 0
outer loop
vertex 68.29544067382812 -47.9903678894043 0
vertex 68.29544067382812 -47.9903678894043 -5.699999809265137
vertex 68.23723602294922 -48.00181198120117 0
endloop
endfacet
facet normal 0.0029837157631377987 0.9999955487048734 -0.0000032686351802121886
outer loop
vertex -66.05633544921875 -47.6010856628418 -1.9508682489395142
vertex -32.00001907348633 -47.70270538330078 -3.450000047683716
vertex -44.00001907348633 -47.666900634765625 -3.450000047683716
endloop
endfacet
facet normal -1 0 0
outer loop
vertex 72.49998474121094 -0.22056891024112701 -1
vertex 72.49998474121094 -2.96781587600708 -1
vertex 72.49998474121094 -0.22056891024112701 0
endloop
endfacet
facet normal -0.3813042195357258 0.9244496158062109 0
outer loop
vertex 69.4578857421875 -47.51089859008789 0
vertex 69.4578857421875 -47.51089859008789 -5.699999809265137
vertex 68.29544067382812 -47.9903678894043 0
endloop
endfacet
facet normal -1 0 0
outer loop
vertex 72.49998474121094 18.779430389404297 -1
vertex 72.49998474121094 18.779430389404297 0
vertex 72.49998474121094 21.52667808532715 -1
endloop
endfacet
facet normal -0.5549672880031442 0.831872171217691 0
outer loop
vertex 69.50723266601562 -47.47797775268555 0
vertex 69.50723266601562 -47.47797775268555 -5.699999809265137
vertex 69.4578857421875 -47.51089859008789 0
endloop
endfacet
facet normal -0.707107327428596 0.7071062349440771 0
outer loop
vertex 71.97628021240234 -45.00892639160156 0
vertex 71.97628021240234 -45.00892639160156 -5.699999809265137
vertex 69.50723266601562 -47.47797775268555 0
endloop
endfacet
facet normal 0.0029839108016839356 0.9999955481281745 -3.9906104531823563e-7
outer loop
vertex -44.57404327392578 -47.66518783569336 -3.564180612564087
vertex -66.05633544921875 -47.6010856628418 -1.9508682489395142
vertex -44.00001907348633 -47.666900634765625 -3.450000047683716
endloop
endfacet
facet normal -1 0 0
outer loop
vertex 72.49998474121094 21.52667808532715 0
vertex 72.49998474121094 21.52667808532715 -1
vertex 72.49998474121094 18.779430389404297 0
endloop
endfacet
facet normal -0.8314141711471243 0.5556531976113701 0
outer loop
vertex 72.00911712646484 -44.95979309082031 0
vertex 72.00911712646484 -44.95979309082031 -5.699999809265137
vertex 71.97628021240234 -45.00892639160156 0
endloop
endfacet
facet normal 0.9126154311315181 -0.40881912242534985 0
outer loop
vertex -72.37458038330078 40.97249221801758 0
vertex -72.37458038330078 40.97249221801758 -5.699999809265137
vertex -71.83557891845703 42.175716400146484 0
endloop
endfacet
facet normal 0.002984091019830817 0.9999955475766664 0.000005256282587744639
outer loop
vertex -32.00001907348633 -47.70270538330078 -3.450000047683716
vertex -66.05633544921875 -47.6010856628418 -1.9508682489395142
vertex 68.23723602294922 -48.00181198120117 -5.699999809265137
endloop
endfacet
facet normal -1 0 0
outer loop
vertex 72.49998474121094 40.554386138916016 -5.699999809265137
vertex 72.49998474121094 18.779430389404297 -1
vertex 72.49998474121094 21.52667808532715 -1
endloop
endfacet
facet normal 0.35977174784741955 -0.9330403471719819 0
outer loop
vertex -69.20291137695312 44.567787170410156 0
vertex -69.20291137695312 44.567787170410156 -5.699999809265137
vertex -68.10694122314453 44.99038314819336 0
endloop
endfacet
facet normal 0.0029842100303928937 0.999995547228906 0.000003585397478073983
outer loop
vertex -45.0606803894043 -47.663734436035156 -3.8893399238586426
vertex -66.05633544921875 -47.6010856628418 -1.9508682489395142
vertex -44.57404327392578 -47.66518783569336 -3.564180612564087
endloop
endfacet
facet normal -1 0 0
outer loop
vertex 72.49998474121094 40.554386138916016 -5.699999809265137
vertex 72.49998474121094 21.52667808532715 -1
vertex 72.49998474121094 40.526676177978516 -1
endloop
endfacet
facet normal 0.002983646541750843 0.9999955489135811 -0.0000025178223184918616
outer loop
vertex -45.38583755493164 -47.66276550292969 -4.375974655151367
vertex -66.05633544921875 -47.6010856628418 -1.9508682489395142
vertex -45.0606803894043 -47.663734436035156 -3.8893399238586426
endloop
endfacet
facet normal 0.0029844632510770417 0.9999955464697622 0.000004443496615206543
outer loop
vertex -45.38583755493164 -47.66276550292969 -4.375974655151367
vertex -45.50001907348633 -47.66242218017578 -4.949999809265137
vertex -66.05633544921875 -47.6010856628418 -1.9508682489395142
endloop
endfacet
facet normal -1 0 0
outer loop
vertex 72.49998474121094 -43.71506118774414 -1
vertex 72.49998474121094 -43.74460983276367 -5.699999809265137
vertex 72.49998474121094 -43.74460983276367 0
endloop
endfacet
facet normal -0.9238810529457075 0.3826797616910655 0
outer loop
vertex 72.48844909667969 -43.80257034301758 0
vertex 72.48844909667969 -43.80257034301758 -5.699999809265137
vertex 72.00911712646484 -44.95979309082031 0
endloop
endfacet
facet normal -0.9807639630277426 0.19519746111595984 0
outer loop
vertex 72.49998474121094 -43.74460983276367 0
vertex 72.49998474121094 -43.74460983276367 -5.699999809265137
vertex 72.48844909667969 -43.80257034301758 0
endloop
endfacet
facet normal 0.0029838149582883024 0.9999955484142391 0
outer loop
vertex -45.50001907348633 -47.66242218017578 -5.699999809265137
vertex -66.05633544921875 -47.6010856628418 -1.9508682489395142
vertex -45.50001907348633 -47.66242218017578 -4.949999809265137
endloop
endfacet
facet normal 0.002984218981294098 0.9999955472086223 0
outer loop
vertex 68.23723602294922 -48.00181198120117 0
vertex 63.208465576171875 -47.9868049621582 -1.9509395360946655
vertex 63.208465576171875 -47.9868049621582 -0.44999998807907104
endloop
endfacet
facet normal 0.0029842189812940975 0.9999955472086222 0
outer loop
vertex 68.23723602294922 -48.00181198120117 0
vertex 63.208465576171875 -47.9868049621582 -0.44999998807907104
vertex 63.208465576171875 -47.9868049621582 0
endloop
endfacet
facet normal 0.999965058571208 -0.00835952352208173 -0.0000017788533425831377
outer loop
vertex -72.95149230957031 -26.510297775268555 -1
vertex -73.11083221435547 -45.569515228271484 -5.699999809265137
vertex -72.92253112792969 -23.04596519470215 -1
endloop
endfacet
facet normal -1 0 0
outer loop
vertex 72.49998474121094 40.554386138916016 -5.699999809265137
vertex 72.49998474121094 -43.74460983276367 -5.699999809265137
vertex 72.49998474121094 -24.715063095092773 -1
endloop
endfacet
facet normal -1 0 0
outer loop
vertex 72.49998474121094 40.554386138916016 -5.699999809265137
vertex 72.49998474121094 -24.715063095092773 -1
vertex 72.49998474121094 -21.967815399169922 -1
endloop
endfacet
facet normal -1 0 0
outer loop
vertex 72.49998474121094 -21.967815399169922 -1
vertex 72.49998474121094 -24.715063095092773 -1
vertex 72.49998474121094 -24.715063095092773 0
endloop
endfacet
facet normal 0.9999650561964221 -0.008359807754627439 -6.261664247302853e-7
outer loop
vertex -73.11083221435547 -45.569515228271484 -5.699999809265137
vertex -72.95149230957031 -26.510297775268555 -1
vertex -73.1103286743164 -45.50963592529297 -1
endloop
endfacet
facet normal -1 0 0
outer loop
vertex 72.49998474121094 -21.967815399169922 0
vertex 72.49998474121094 -21.967815399169922 -1
vertex 72.49998474121094 -24.715063095092773 0
endloop
endfacet
facet normal -1 0 0
outer loop
vertex 72.49998474121094 -2.96781587600708 -1
vertex 72.49998474121094 -2.96781587600708 0
vertex 72.49998474121094 -0.22056891024112701 0
endloop
endfacet
facet normal 0.0029841905576856224 0.9999955472934444 0
outer loop
vertex -66.05633544921875 -47.6010856628418 -1.9508682489395142
vertex -71.11711120605469 -47.58598327636719 -5.699999809265137
vertex -71.11711120605469 -47.58598327636719 0
endloop
endfacet
facet normal 0.9265533225053066 0.3761634492536154 0
outer loop
vertex -73.06578063964844 -45.680484771728516 -5.699999809265137
vertex -73.11083221435547 -45.569515228271484 -5.699999809265137
vertex -73.11083221435547 -45.569515228271484 0
endloop
endfacet
facet normal 0 0.894427190999916 0.447213595499958
outer loop
vertex 66.78993225097656 -37.699947357177734 6.199999809265137
vertex -66.78997039794922 -37.699947357177734 6.199999809265137
vertex 66.78993225097656 -38.199947357177734 7.199999809265137
endloop
endfacet
facet normal 0 0.894427190999916 0.447213595499958
outer loop
vertex -66.78997039794922 -37.699947357177734 6.199999809265137
vertex -66.78997039794922 -38.199947357177734 7.199999809265137
vertex 66.78993225097656 -38.199947357177734 7.199999809265137
endloop
endfacet
facet normal -0.0780043261152452 0.8917018896951184 0.4458509448475592
outer loop
vertex 66.78993225097656 -37.699947357177734 6.199999809265137
vertex 66.78993225097656 -38.199947357177734 7.199999809265137
vertex 66.87675476074219 -38.192352294921875 7.199999809265137
endloop
endfacet
facet normal -0.23166700686320424 0.8646080682322325 0.4458511929767278
outer loop
vertex 66.9609375 -38.169795989990234 7.199999809265137
vertex 66.78993225097656 -37.699947357177734 6.199999809265137
vertex 66.87675476074219 -38.192352294921875 7.199999809265137
endloop
endfacet
facet normal -0.4895222559310033 0.7540147596057675 0.43798367919921183
outer loop
vertex 67.14213562011719 -38.05215835571289 7.199999809265137
vertex 66.78993225097656 -37.699947357177734 6.199999809265137
vertex 66.9609375 -38.169795989990234 7.199999809265137
endloop
endfacet
facet normal -0.6329367974285491 0.6329367974285491 0.44584977393936553
outer loop
vertex 67.19998168945312 -37.28989791870117 6.199999809265137
vertex 66.78993225097656 -37.699947357177734 6.199999809265137
vertex 67.14213562011719 -38.05215835571289 7.199999809265137
endloop
endfacet
facet normal -0.6303757340854228 0.6345296006923326 0.4472120522990109
outer loop
vertex 67.55353546142578 -37.64345169067383 7.199999809265137
vertex 67.19998168945312 -37.28989791870117 6.199999809265137
vertex 67.14213562011719 -38.05215835571289 7.199999809265137
endloop
endfacet
facet normal -0.7579088387794918 0.4828455657750107 0.43867339982193143
outer loop
vertex 67.19998168945312 -37.28989791870117 6.199999809265137
vertex 67.55353546142578 -37.64345169067383 7.199999809265137
vertex 67.66983032226562 -37.460906982421875 7.199999809265137
endloop
endfacet
facet normal -0.8646181574773113 0.23163053049691248 0.44585057934498434
outer loop
vertex 67.6923828125 -37.37672424316406 7.199999809265137
vertex 67.19998168945312 -37.28989791870117 6.199999809265137
vertex 67.66983032226562 -37.460906982421875 7.199999809265137
endloop
endfacet
facet normal -0.8916994025120991 0.0780398580819868 0.44584970125604956
outer loop
vertex 67.69998168945312 -37.28989791870117 7.199999809265137
vertex 67.19998168945312 -37.28989791870117 6.199999809265137
vertex 67.6923828125 -37.37672424316406 7.199999809265137
endloop
endfacet
facet normal -0.8944271909999159 0 0.4472135954999579
outer loop
vertex 67.19998168945312 39.290000915527344 6.199999809265137
vertex 67.69998168945312 -37.28989791870117 7.199999809265137
vertex 67.69998168945312 39.290000915527344 7.199999809265137
endloop
endfacet
facet normal -0.8944271909999159 0 0.4472135954999579
outer loop
vertex 67.19998168945312 39.290000915527344 6.199999809265137
vertex 67.19998168945312 -37.28989791870117 6.199999809265137
vertex 67.69998168945312 -37.28989791870117 7.199999809265137
endloop
endfacet
facet normal -0.7540141429103983 -0.48952185555938654 0.43798518835777156
outer loop
vertex 67.55219268798828 39.642208099365234 7.199999809265137
vertex 67.19998168945312 39.290000915527344 6.199999809265137
vertex 67.66983032226562 39.46100997924805 7.199999809265137
endloop
endfacet
facet normal -0.8916991639021621 -0.07804326601463563 0.44584958195108104
outer loop
vertex 67.6923828125 39.37682342529297 7.199999809265137
vertex 67.19998168945312 39.290000915527344 6.199999809265137
vertex 67.69998168945312 39.290000915527344 7.199999809265137
endloop
endfacet
facet normal -0.8646209513488825 -0.231620783197 0.44585022516509043
outer loop
vertex 67.66983032226562 39.46100997924805 7.199999809265137
vertex 67.19998168945312 39.290000915527344 6.199999809265137
vertex 67.6923828125 39.37682342529297 7.199999809265137
endloop
endfacet
facet normal -0.6329361160792807 -0.6329361160792807 0.4458517084468227
outer loop
vertex 66.78993225097656 39.700050354003906 6.199999809265137
vertex 67.19998168945312 39.290000915527344 6.199999809265137
vertex 67.55219268798828 39.642208099365234 7.199999809265137
endloop
endfacet
facet normal -0.6329315905741295 -0.6329433669219614 0.4458478394281998
outer loop
vertex 67.14213562011719 40.0522575378418 7.199999809265137
vertex 66.78993225097656 39.700050354003906 6.199999809265137
vertex 67.55219268798828 39.642208099365234 7.199999809265137
endloop
endfacet
facet normal -0.0780043261152452 -0.8917018896951184 0.4458509448475592
outer loop
vertex 66.78993225097656 40.200050354003906 7.199999809265137
vertex 66.78993225097656 39.700050354003906 6.199999809265137
vertex 66.87675476074219 40.19245529174805 7.199999809265137
endloop
endfacet
facet normal -0.23166700686320424 -0.8646080682322325 0.4458511929767278
outer loop
vertex 66.87675476074219 40.19245529174805 7.199999809265137
vertex 66.78993225097656 39.700050354003906 6.199999809265137
vertex 66.9609375 40.169898986816406 7.199999809265137
endloop
endfacet
facet normal -0.4895337438573029 -0.7540080039307983 0.43798246955026143
outer loop
vertex 66.9609375 40.169898986816406 7.199999809265137
vertex 66.78993225097656 39.700050354003906 6.199999809265137
vertex 67.14213562011719 40.0522575378418 7.199999809265137
endloop
endfacet
facet normal 0 -0.894427190999916 0.447213595499958
outer loop
vertex -66.78997039794922 40.200050354003906 7.199999809265137
vertex -66.78997039794922 39.700050354003906 6.199999809265137
vertex 66.78993225097656 40.200050354003906 7.199999809265137
endloop
endfacet
facet normal 0 -0.894427190999916 0.447213595499958
outer loop
vertex 66.78993225097656 40.200050354003906 7.199999809265137
vertex -66.78997039794922 39.700050354003906 6.199999809265137
vertex 66.78993225097656 39.700050354003906 6.199999809265137
endloop
endfacet
facet normal 0.4895337438573029 -0.7540080039307983 0.43798246955026143
outer loop
vertex -67.14217376708984 40.0522575378418 7.199999809265137
vertex -66.78997039794922 39.700050354003906 6.199999809265137
vertex -66.96097564697266 40.169898986816406 7.199999809265137
endloop
endfacet
facet normal 0.23166700686320424 -0.8646080682322325 0.4458511929767278
outer loop
vertex -66.96097564697266 40.169898986816406 7.199999809265137
vertex -66.78997039794922 39.700050354003906 6.199999809265137
vertex -66.87679290771484 40.19245529174805 7.199999809265137
endloop
endfacet
facet normal 0.0780043261152452 -0.8917018896951184 0.4458509448475592
outer loop
vertex -66.87679290771484 40.19245529174805 7.199999809265137
vertex -66.78997039794922 39.700050354003906 6.199999809265137
vertex -66.78997039794922 40.200050354003906 7.199999809265137
endloop
endfacet
facet normal 0.6329374787763283 -0.6329374787763283 0.4458478394256609
outer loop
vertex -67.5522232055664 39.642208099365234 7.199999809265137
vertex -66.78997039794922 39.700050354003906 6.199999809265137
vertex -67.14217376708984 40.0522575378418 7.199999809265137
endloop
endfacet
facet normal 0.6329374787763283 -0.6329374787763283 0.4458478394256609
outer loop
vertex -66.78997039794922 39.700050354003906 6.199999809265137
vertex -67.5522232055664 39.642208099365234 7.199999809265137
vertex -67.20001983642578 39.290000915527344 6.199999809265137
endloop
endfacet
facet normal 0.8916991639021621 -0.07804326601463563 0.44584958195108104
outer loop
vertex -67.70001983642578 39.290000915527344 7.199999809265137
vertex -67.20001983642578 39.290000915527344 6.199999809265137
vertex -67.69242095947266 39.37682342529297 7.199999809265137
endloop
endfacet
facet normal 0.8646209513488825 -0.231620783197 0.44585022516509043
outer loop
vertex -67.69242095947266 39.37682342529297 7.199999809265137
vertex -67.20001983642578 39.290000915527344 6.199999809265137
vertex -67.66986846923828 39.46100997924805 7.199999809265137
endloop
endfacet
facet normal 0.7540006315320097 -0.48954483108309854 0.4379827690779068
outer loop
vertex -67.66986846923828 39.46100997924805 7.199999809265137
vertex -67.20001983642578 39.290000915527344 6.199999809265137
vertex -67.5522232055664 39.642208099365234 7.199999809265137
endloop
endfacet
facet normal 0.8944271909999159 0 0.4472135954999579
outer loop
vertex -67.70001983642578 -37.28989791870117 7.199999809265137
vertex -67.20001983642578 -37.28989791870117 6.199999809265137
vertex -67.70001983642578 39.290000915527344 7.199999809265137
endloop
endfacet
facet normal 0.8944271909999159 0 0.4472135954999579
outer loop
vertex -67.70001983642578 39.290000915527344 7.199999809265137
vertex -67.20001983642578 -37.28989791870117 6.199999809265137
vertex -67.20001983642578 39.290000915527344 6.199999809265137
endloop
endfacet
facet normal 0.8646181574773113 0.23163053049691248 0.44585057934498434
outer loop
vertex -67.69242095947266 -37.37672424316406 7.199999809265137
vertex -67.66986846923828 -37.460906982421875 7.199999809265137
vertex -67.20001983642578 -37.28989791870117 6.199999809265137
endloop
endfacet
facet normal 0.8916994025120991 0.0780398580819868 0.44584970125604956
outer loop
vertex -67.70001983642578 -37.28989791870117 7.199999809265137
vertex -67.69242095947266 -37.37672424316406 7.199999809265137
vertex -67.20001983642578 -37.28989791870117 6.199999809265137
endloop
endfacet
facet normal 0.7579088387794918 0.4828455657750107 0.43867339982193143
outer loop
vertex -67.66986846923828 -37.460906982421875 7.199999809265137
vertex -67.55357360839844 -37.64345169067383 7.199999809265137
vertex -67.20001983642578 -37.28989791870117 6.199999809265137
endloop
endfacet
facet normal 0.6324553955872105 0.6324553955872105 0.44721398142863344
outer loop
vertex -67.14352416992188 -38.05350112915039 7.199999809265137
vertex -66.78997039794922 -37.699947357177734 6.199999809265137
vertex -67.55357360839844 -37.64345169067383 7.199999809265137
endloop
endfacet
facet normal 0.6324553955872105 0.6324553955872105 0.44721398142863344
outer loop
vertex -66.78997039794922 -37.699947357177734 6.199999809265137
vertex -67.20001983642578 -37.28989791870117 6.199999809265137
vertex -67.55357360839844 -37.64345169067383 7.199999809265137
endloop
endfacet
facet normal 0.4828385837195014 0.7579137172903306 0.4386726561057787
outer loop
vertex -66.78997039794922 -37.699947357177734 6.199999809265137
vertex -67.14352416992188 -38.05350112915039 7.199999809265137
vertex -66.96097564697266 -38.169795989990234 7.199999809265137
endloop
endfacet
facet normal 0.0780043261152452 0.8917018896951184 0.4458509448475592
outer loop
vertex -66.87679290771484 -38.192352294921875 7.199999809265137
vertex -66.78997039794922 -38.199947357177734 7.199999809265137
vertex -66.78997039794922 -37.699947357177734 6.199999809265137
endloop
endfacet
facet normal 0.23166700686320424 0.8646080682322325 0.4458511929767278
outer loop
vertex -66.87679290771484 -38.192352294921875 7.199999809265137
vertex -66.78997039794922 -37.699947357177734 6.199999809265137
vertex -66.96097564697266 -38.169795989990234 7.199999809265137
endloop
endfacet
facet normal 0.30294961200425513 -0.8113084013302431 0.5000002105173923
outer loop
vertex 68.43760681152344 -48.7047004699707 7.199999809265137
vertex 68.74765014648438 -50.43779373168945 4.199999809265137
vertex 69.60924530029297 -48.2672004699707 7.199999809265137
endloop
endfacet
facet normal 0.3029489973165283 -0.8113087713904445 0.4999999824898371
outer loop
vertex 69.60924530029297 -48.2672004699707 7.199999809265137
vertex 69.71053314208984 -50.078243255615234 4.199999809265137
vertex 70.54008483886719 -49.76848220825195 4.199999809265137
endloop
endfacet
facet normal 0.30295088904861184 -0.8113082278557547 0.4999997182381309
outer loop
vertex 68.74765014648438 -50.43779373168945 4.199999809265137
vertex 69.71053314208984 -50.078243255615234 4.199999809265137
vertex 69.60924530029297 -48.2672004699707 7.199999809265137
endloop
endfacet
facet normal 0.5919990176997544 -0.6320894178882729 0.5000001308361733
outer loop
vertex 69.60924530029297 -48.2672004699707 7.199999809265137
vertex 70.54008483886719 -49.76848220825195 4.199999809265137
vertex 72.43665313720703 -45.61912155151367 7.199999809265137
endloop
endfacet
facet normal 0.5920008025311341 -0.63208904585214 0.49999848791393814
outer loop
vertex 72.43665313720703 -45.61912155151367 7.199999809265137
vertex 70.54008483886719 -49.76848220825195 4.199999809265137
vertex 71.29013061523438 -49.06600570678711 4.199999809265137
endloop
endfacet
facet normal 0.5919983616777201 -0.6320898568863914 0.5000003525921123
outer loop
vertex 72.43665313720703 -45.61912155151367 7.199999809265137
vertex 71.29013061523438 -49.06600570678711 4.199999809265137
vertex 73.85259246826172 -46.666072845458984 4.199999809265137
endloop
endfacet
facet normal 0.7778283192061048 -0.3807659732533043 0.5000003794533258
outer loop
vertex 72.43665313720703 -45.61912155151367 7.199999809265137
vertex 73.85259246826172 -46.666072845458984 4.199999809265137
vertex 73.11244201660156 -44.23862075805664 7.199999809265137
endloop
endfacet
facet normal 0.7778290387685111 -0.38076514754783486 0.4999998888613173
outer loop
vertex 73.85259246826172 -46.666072845458984 4.199999809265137
vertex 74.84375762939453 -44.64131546020508 4.199999809265137
vertex 73.11244201660156 -44.23862075805664 7.199999809265137
endloop
endfacet
facet normal 0.8660239994094098 -0.001586500044011872 0.49999991546453393
outer loop
vertex 73.11244201660156 -44.23862075805664 7.199999809265137
vertex 74.84375762939453 -44.64131546020508 4.199999809265137
vertex 73.11492156982422 -42.88510513305664 7.199999809265137
endloop
endfacet
facet normal 0.8660245966565393 -0.0015841576999096507 0.49999888842902457
outer loop
vertex 73.11492156982422 -42.88510513305664 7.199999809265137
vertex 74.84375762939453 -44.64131546020508 4.199999809265137
vertex 74.9691390991211 23.902009963989258 4.199999809265137
endloop
endfacet
facet normal 0.8660243716460702 -0.001584133943324955 0.49999927823415796
outer loop
vertex 73.11492156982422 -42.88510513305664 7.199999809265137
vertex 74.9691390991211 23.902009963989258 4.199999809265137
vertex 73.26734161376953 40.44084930419922 7.199999809265137
endloop
endfacet
facet normal 0.8660245448251407 -0.0015840617559723246 0.4999989785077177
outer loop
vertex 73.26734161376953 40.44084930419922 7.199999809265137
vertex 74.9691390991211 23.902009963989258 4.199999809265137
vertex 74.99988555908203 40.711448669433594 4.199999809265137
endloop
endfacet
facet normal 0.8242965673941614 0.26558616456096995 0.4999991581752874
outer loop
vertex 73.26734161376953 40.44084930419922 7.199999809265137
vertex 74.99988555908203 40.711448669433594 4.199999809265137
vertex 72.8111801147461 41.856632232666016 7.199999809265137
endloop
endfacet
facet normal 0.8242965817612312 0.2655859359335041 0.4999992559305207
outer loop
vertex 72.8111801147461 41.856632232666016 7.199999809265137
vertex 74.99988555908203 40.711448669433594 4.199999809265137
vertex 74.35346221923828 42.71774673461914 4.199999809265137
endloop
endfacet
facet normal 0.6585941962804882 0.5623648257966927 0.4999994873320504
outer loop
vertex 74.35346221923828 42.71774673461914 4.199999809265137
vertex 71.83284759521484 45.669677734375 4.199999809265137
vertex 70.36005401611328 44.7271842956543 7.199999809265137
endloop
endfacet
facet normal 0.6585974840346875 0.5623606943736188 0.499999803446762
outer loop
vertex 70.36005401611328 44.7271842956543 7.199999809265137
vertex 71.83284759521484 45.669677734375 4.199999809265137
vertex 71.46049499511719 46.105751037597656 4.199999809265137
endloop
endfacet
facet normal 0.6585942008692978 0.5623647990827425 0.49999951133371867
outer loop
vertex 72.8111801147461 41.856632232666016 7.199999809265137
vertex 74.35346221923828 42.71774673461914 4.199999809265137
vertex 70.36005401611328 44.7271842956543 7.199999809265137
endloop
endfacet
facet normal 0.40244502665097825 0.7668360072973113 0.5000005384359214
outer loop
vertex 70.36005401611328 44.7271842956543 7.199999809265137
vertex 71.46049499511719 46.105751037597656 4.199999809265137
vertex 68.91549682617188 45.48530578613281 7.199999809265137
endloop
endfacet
facet normal 0.40244536823461724 0.7668359021767613 0.5000004247190755
outer loop
vertex 71.34513092041016 46.16629409790039 4.199999809265137
vertex 69.34407043457031 47.21647644042969 4.199999809265137
vertex 68.91549682617188 45.48530578613281 7.199999809265137
endloop
endfacet
facet normal 0.40243866649218973 0.7668420485197405 0.4999963923210208
outer loop
vertex 71.34513092041016 46.16629409790039 4.199999809265137
vertex 68.91549682617188 45.48530578613281 7.199999809265137
vertex 71.46049499511719 46.105751037597656 4.199999809265137
endloop
endfacet
facet normal 0.0017886659198271416 0.8660233917656178 0.5000002855889211
outer loop
vertex 69.34407043457031 47.21647644042969 4.199999809265137
vertex -67.93778991699219 45.76795959472656 7.199999809265137
vertex 68.91549682617188 45.48530578613281 7.199999809265137
endloop
endfacet
facet normal 0.0017886550352736923 0.8660236166633929 0.49999989609441076
outer loop
vertex 18.36360740661621 47.32176971435547 4.199999809265137
vertex -67.93778991699219 45.76795959472656 7.199999809265137
vertex 69.34407043457031 47.21647644042969 4.199999809265137
endloop
endfacet
facet normal 0.0017886636439354779 0.8660235065837989 0.5000000867266621
outer loop
vertex -68.20781707763672 47.500572204589844 4.199999809265137
vertex -67.93778991699219 45.76795959472656 7.199999809265137
vertex 18.36360740661621 47.32176971435547 4.199999809265137
endloop
endfacet
facet normal -0.2652398828582899 0.8244076537382318 0.49999982499911383
outer loop
vertex -69.41857147216797 47.11103057861328 4.199999809265137
vertex -70.2164077758789 46.854339599609375 4.199999809265137
vertex -69.35567474365234 45.3117790222168 7.199999809265137
endloop
endfacet
facet normal -0.26524045251038864 0.8244075140347964 0.49999975315499046
outer loop
vertex -68.20781707763672 47.500572204589844 4.199999809265137
vertex -69.41857147216797 47.11103057861328 4.199999809265137
vertex -69.35567474365234 45.3117790222168 7.199999809265137
endloop
endfacet
facet normal -0.26523926232631356 0.8244075880258183 0.5000002625259767
outer loop
vertex -68.20781707763672 47.500572204589844 4.199999809265137
vertex -69.35567474365234 45.3117790222168 7.199999809265137
vertex -67.93778991699219 45.76795959472656 7.199999809265137
endloop
endfacet
facet normal -0.5622931996408234 0.6586544252416916 0.5000007057467241
outer loop
vertex -71.25006866455078 45.97190475463867 4.199999809265137
vertex -73.59989929199219 43.96585464477539 4.199999809265137
vertex -72.22357940673828 42.86344528198242 7.199999809265137
endloop
endfacet
facet normal -0.5622930123472668 0.6586551949409454 0.49999990244273224
outer loop
vertex -70.2164077758789 46.854339599609375 4.199999809265137
vertex -71.25006866455078 45.97190475463867 4.199999809265137
vertex -69.35567474365234 45.3117790222168 7.199999809265137
endloop
endfacet
facet normal -0.5622938923532793 0.6586541897471624 0.5000002369506517
outer loop
vertex -69.35567474365234 45.3117790222168 7.199999809265137
vertex -71.25006866455078 45.97190475463867 4.199999809265137
vertex -72.22357940673828 42.86344528198242 7.199999809265137
endloop
endfacet
facet normal -0.7655332371272837 0.404917397107872 0.5000007643722235
outer loop
vertex -74.30972290039062 42.62386703491211 4.199999809265137
vertex -74.7073745727539 41.8720703125 4.199999809265137
vertex -72.97975158691406 41.433834075927734 7.199999809265137
endloop
endfacet
facet normal -0.765533431630854 0.40491707881357497 0.500000724340045
outer loop
vertex -73.59989929199219 43.96585464477539 4.199999809265137
vertex -74.30972290039062 42.62386703491211 4.199999809265137
vertex -72.97975158691406 41.433834075927734 7.199999809265137
endloop
endfacet
facet normal -0.7655329487107314 0.4049175862439654 0.5000010527875051
outer loop
vertex -72.22357940673828 42.86344528198242 7.199999809265137
vertex -73.59989929199219 43.96585464477539 4.199999809265137
vertex -72.97975158691406 41.433834075927734 7.199999809265137
endloop
endfacet
facet normal -0.8659786591082939 0.008941314195470463 0.5000010148684293
outer loop
vertex -74.7073745727539 41.8720703125 4.199999809265137
vertex -73.87852478027344 -45.61359405517578 7.199999809265137
vertex -72.97975158691406 41.433834075927734 7.199999809265137
endloop
endfacet
facet normal -0.8659797992071663 0.008941235730357175 0.49999904166781195
outer loop
vertex -75.26029205322266 -11.679293632507324 4.199999809265137
vertex -73.87852478027344 -45.61359405517578 7.199999809265137
vertex -74.7073745727539 41.8720703125 4.199999809265137
endloop
endfacet
facet normal -0.865979203186361 0.008941351077584345 0.5000000718896177
outer loop
vertex -75.26029205322266 -11.679293632507324 4.199999809265137
vertex -75.6135482788086 -45.89252853393555 4.199999809265137
vertex -73.87852478027344 -45.61359405517578 7.199999809265137
endloop
endfacet
facet normal -0.8195391318046295 -0.2799211356782455 0.49999976924146194
outer loop
vertex -75.6135482788086 -45.89252853393555 4.199999809265137
vertex -73.77899932861328 -45.90497970581055 7.199999809265137
vertex -73.87852478027344 -45.61359405517578 7.199999809265137
endloop
endfacet
facet normal -0.8195394996086846 -0.2799196460395759 0.5000000003422254
outer loop
vertex -75.6135482788086 -45.89252853393555 4.199999809265137
vertex -75.2992172241211 -46.81281661987305 4.199999809265137
vertex -73.77899932861328 -45.90497970581055 7.199999809265137
endloop
endfacet
facet normal -0.6351059000321004 -0.5887620399360525 0.4999997560746944
outer loop
vertex -73.77899932861328 -45.90497970581055 7.199999809265137
vertex -75.2992172241211 -46.81281661987305 4.199999809265137
vertex -71.7290267944336 -48.11631393432617 7.199999809265137
endloop
endfacet
facet normal -0.6351062075099859 -0.5887610218254162 0.5000005643610559
outer loop
vertex -75.2992172241211 -46.81281661987305 4.199999809265137
vertex -72.7802505493164 -49.530067443847656 4.199999809265137
vertex -71.7290267944336 -48.11631393432617 7.199999809265137
endloop
endfacet
facet normal -0.38097906957764205 -0.7777247407170943 0.49999917621960394
outer loop
vertex -71.7290267944336 -48.11631393432617 7.199999809265137
vertex -71.88141632080078 -49.97036361694336 4.199999809265137
vertex -71.47725677490234 -48.239646911621094 7.199999809265137
endloop
endfacet
facet normal -0.38097173419326064 -0.7777274837122607 0.500000498824126
outer loop
vertex -71.7290267944336 -48.11631393432617 7.199999809265137
vertex -72.7802505493164 -49.530067443847656 4.199999809265137
vertex -71.88141632080078 -49.97036361694336 4.199999809265137
endloop
endfacet
facet normal -0.0028785267319936733 -0.8660206577100624 0.49999993450327995
outer loop
vertex -71.47725677490234 -48.239646911621094 7.199999809265137
vertex -71.88141632080078 -49.97036361694336 4.199999809265137
vertex -11.98552417755127 -50.16944885253906 4.199999809265137
endloop
endfacet
facet normal -0.002878520778373097 -0.8660203262739092 0.5000005085983014
outer loop
vertex 68.43760681152344 -48.7047004699707 7.199999809265137
vertex -11.98552417755127 -50.16944885253906 4.199999809265137
vertex 68.74765014648438 -50.43779373168945 4.199999809265137
endloop
endfacet
facet normal -0.0028785069826977806 -0.8660204928782959 0.5000002201123357
outer loop
vertex -71.47725677490234 -48.239646911621094 7.199999809265137
vertex -11.98552417755127 -50.16944885253906 4.199999809265137
vertex 68.43760681152344 -48.7047004699707 7.199999809265137
endloop
endfacet
facet normal 0.3029487888121288 -0.811308833293245 -0.5000000083776178
outer loop
vertex 69.7100830078125 -50.07841110229492 -3.700000047683716
vertex 69.91952514648438 -48.76762771606445 -5.699999809265137
vertex 70.54008483886719 -49.76848220825195 -3.700000047683716
endloop
endfacet
facet normal 0.3029511240096665 -0.8113083195323514 -0.49999942711854334
outer loop
vertex 68.74765014648438 -50.43779373168945 -3.700000047683716
vertex 69.91952514648438 -48.76762771606445 -5.699999809265137
vertex 69.7100830078125 -50.07841110229492 -3.700000047683716
endloop
endfacet
facet normal 0.30294974702898037 -0.8113083307173422 -0.5000002432836572
outer loop
vertex 68.74765014648438 -50.43779373168945 -3.700000047683716
vertex 68.54095458984375 -49.28239822387695 -5.699999809265137
vertex 69.91952514648438 -48.76762771606445 -5.699999809265137
endloop
endfacet
facet normal 0.5919987601689422 -0.6320902823643586 -0.4999993428985492
outer loop
vertex 71.29013061523438 -49.06600570678711 -3.700000047683716
vertex 69.91952514648438 -48.76762771606445 -5.699999809265137
vertex 73.85259246826172 -46.666072845458984 -3.700000047683716
endloop
endfacet
facet normal 0.5920001897682874 -0.6320883915951163 -0.500000040525009
outer loop
vertex 70.54008483886719 -49.76848220825195 -3.700000047683716
vertex 69.91952514648438 -48.76762771606445 -5.699999809265137
vertex 71.29013061523438 -49.06600570678711 -3.700000047683716
endloop
endfacet
facet normal 0.5919987556711883 -0.6320903487654874 -0.49999926428074765
outer loop
vertex 69.91952514648438 -48.76762771606445 -5.699999809265137
vertex 72.90863800048828 -45.96810531616211 -5.699999809265137
vertex 73.85259246826172 -46.666072845458984 -3.700000047683716
endloop
endfacet
facet normal 0.7778295740950278 -0.3807654096024381 -0.49999885651212744
outer loop
vertex 73.85259246826172 -46.666072845458984 -3.700000047683716
vertex 72.90863800048828 -45.96810531616211 -5.699999809265137
vertex 74.84375762939453 -44.64131546020508 -3.700000047683716
endloop
endfacet
facet normal 0.7778296901343061 -0.38076242597168203 -0.5000009481128299
outer loop
vertex 72.90863800048828 -45.96810531616211 -5.699999809265137
vertex 73.68954467773438 -44.37285232543945 -5.699999809265137
vertex 74.84375762939453 -44.64131546020508 -3.700000047683716
endloop
endfacet
facet normal 0.8660236361912194 -0.001584155942998198 -0.5000005520077823
outer loop
vertex 74.84375762939453 -44.64131546020508 -3.700000047683716
vertex 73.68954467773438 -44.37285232543945 -5.699999809265137
vertex 74.9691390991211 23.902009963989258 -3.700000047683716
endloop
endfacet
facet normal 0.8660240688162284 -0.0015841860042618376 -0.49999980258564947
outer loop
vertex 74.9691390991211 23.902009963989258 -3.700000047683716
vertex 73.68954467773438 -44.37285232543945 -5.699999809265137
vertex 73.84485626220703 40.53104782104492 -5.699999809265137
endloop
endfacet
facet normal 0.8660245194517943 -0.00158406170956146 -0.4999990224558336
outer loop
vertex 74.9691390991211 23.902009963989258 -3.700000047683716
vertex 73.84485626220703 40.53104782104492 -5.699999809265137
vertex 74.99988555908203 40.711448669433594 -3.700000047683716
endloop
endfacet
facet normal 0.8242961650988528 0.2655872381385544 -0.4999992511406987
outer loop
vertex 74.99988555908203 40.711448669433594 -3.700000047683716
vertex 73.84485626220703 40.53104782104492 -5.699999809265137
vertex 73.32527160644531 42.14366912841797 -5.699999809265137
endloop
endfacet
facet normal 0.8242960556104513 0.26558576640926923 -0.5000002133858071
outer loop
vertex 74.99988555908203 40.711448669433594 -3.700000047683716
vertex 73.32527160644531 42.14366912841797 -5.699999809265137
vertex 74.35346221923828 42.71774673461914 -3.700000047683716
endloop
endfacet
facet normal 0.6585944372150121 0.562363895425715 -0.5000002163910101
outer loop
vertex 73.32527160644531 42.14366912841797 -5.699999809265137
vertex 70.72686767578125 45.18670654296875 -5.699999809265137
vertex 71.46049499511719 46.105751037597656 -3.700000047683716
endloop
endfacet
facet normal 0.6585937734952529 0.5623644647860028 -0.5000004502590332
outer loop
vertex 74.35346221923828 42.71774673461914 -3.700000047683716
vertex 73.32527160644531 42.14366912841797 -5.699999809265137
vertex 71.83284759521484 45.669677734375 -3.700000047683716
endloop
endfacet
facet normal 0.658600371743776 0.5623631601195827 -0.4999932264333955
outer loop
vertex 71.83284759521484 45.669677734375 -3.700000047683716
vertex 73.32527160644531 42.14366912841797 -5.699999809265137
vertex 71.46049499511719 46.105751037597656 -3.700000047683716
endloop
endfacet
facet normal 0.40244543678432126 0.7668357362952162 -0.5000006239516612
outer loop
vertex 70.72686767578125 45.18670654296875 -5.699999809265137
vertex 69.05835723876953 46.06236267089844 -5.699999809265137
vertex 71.46049499511719 46.105751037597656 -3.700000047683716
endloop
endfacet
facet normal 0.40244545921371916 0.7668360755320717 -0.5000000856208221
outer loop
vertex 69.05835723876953 46.06236267089844 -5.699999809265137
vertex 69.34407043457031 47.21647644042969 -3.700000047683716
vertex 71.34513092041016 46.16629409790039 -3.700000047683716
endloop
endfacet
facet normal 0.40243942367817437 0.7668434913285458 -0.49999357003528117
outer loop
vertex 71.46049499511719 46.105751037597656 -3.700000047683716
vertex 69.05835723876953 46.06236267089844 -5.699999809265137
vertex 71.34513092041016 46.16629409790039 -3.700000047683716
endloop
endfacet
facet normal 0.0017886677513750209 0.866023366821521 -0.5000003287866845
outer loop
vertex 69.05835723876953 46.06236267089844 -5.699999809265137
vertex 19.99485969543457 47.31840133666992 -3.700000047683716
vertex 69.34407043457031 47.21647644042969 -3.700000047683716
endloop
endfacet
facet normal 0.0017886640994496568 0.8660234798085485 -0.5000001331010142
outer loop
vertex 69.05835723876953 46.06236267089844 -5.699999809265137
vertex -68.02780151367188 46.345497131347656 -5.699999809265137
vertex -68.20781707763672 47.500572204589844 -3.700000047683716
endloop
endfacet
facet normal 0.0017886555260963498 0.8660232397640749 -0.5000005488996433
outer loop
vertex 69.05835723876953 46.06236267089844 -5.699999809265137
vertex -68.20781707763672 47.500572204589844 -3.700000047683716
vertex 19.99485969543457 47.31840133666992 -3.700000047683716
endloop
endfacet
facet normal -0.26524005154136904 0.824407492787908 -0.5000000008934873
outer loop
vertex -68.02780151367188 46.345497131347656 -5.699999809265137
vertex -69.64258575439453 45.825965881347656 -5.699999809265137
vertex -68.20781707763672 47.500572204589844 -3.700000047683716
endloop
endfacet
facet normal -0.26524045544399205 0.8244075231528804 -0.4999997365647271
outer loop
vertex -68.20781707763672 47.500572204589844 -3.700000047683716
vertex -69.64258575439453 45.825965881347656 -5.699999809265137
vertex -69.41857147216797 47.11103057861328 -3.700000047683716
endloop
endfacet
facet normal -0.26523987495352985 0.824407629168983 -0.4999998697025955
outer loop
vertex -70.2164077758789 46.854339599609375 -3.700000047683716
vertex -69.41857147216797 47.11103057861328 -3.700000047683716
vertex -69.64258575439453 45.825965881347656 -5.699999809265137
endloop
endfacet
facet normal -0.5622931493650941 0.6586565048591498 -0.4999980227799033
outer loop
vertex -69.64258575439453 45.825965881347656 -5.699999809265137
vertex -73.59989929199219 43.96585464477539 -3.700000047683716
vertex -71.25006103515625 45.97190475463867 -3.700000047683716
endloop
endfacet
facet normal -0.5622933216940188 0.658655123925184 -0.4999996481052835
outer loop
vertex -69.64258575439453 45.825965881347656 -5.699999809265137
vertex -72.68235778808594 43.23091506958008 -5.699999809265137
vertex -73.59989929199219 43.96585464477539 -3.700000047683716
endloop
endfacet
facet normal -0.5622954988756994 0.6586532460752308 -0.4999996733785832
outer loop
vertex -69.64258575439453 45.825965881347656 -5.699999809265137
vertex -71.25006103515625 45.97190475463867 -3.700000047683716
vertex -70.2164077758789 46.854339599609375 -3.700000047683716
endloop
endfacet
facet normal -0.7655333128519668 0.4049174371613146 -0.500000615996226
outer loop
vertex -74.7073745727539 41.8720703125 -3.700000047683716
vertex -74.30972290039062 42.62386703491211 -3.700000047683716
vertex -73.55562591552734 41.57991409301758 -5.699999809265137
endloop
endfacet
facet normal -0.765533527555206 0.4049171295512786 -0.5000005363845481
outer loop
vertex -73.59989929199219 43.96585464477539 -3.700000047683716
vertex -73.55562591552734 41.57991409301758 -5.699999809265137
vertex -74.30972290039062 42.62386703491211 -3.700000047683716
endloop
endfacet
facet normal -0.7655347098367568 0.4049162126738679 -0.4999994687487213
outer loop
vertex -72.68235778808594 43.23091506958008 -5.699999809265137
vertex -73.55562591552734 41.57991409301758 -5.699999809265137
vertex -73.59989929199219 43.96585464477539 -3.700000047683716
endloop
endfacet
facet normal -0.8659786425067745 0.008941219010517974 -0.5000010453236374
outer loop
vertex -73.55562591552734 41.57991409301758 -5.699999809265137
vertex -75.26029205322266 -11.679322242736816 -3.700000047683716
vertex -74.7073745727539 41.8720703125 -3.700000047683716
endloop
endfacet
facet normal -0.8659787032144972 0.008941275181522828 -0.5000009391761842
outer loop
vertex -73.55562591552734 41.57991409301758 -5.699999809265137
vertex -74.45686340332031 -45.70656967163086 -5.699999809265137
vertex -75.6135482788086 -45.89252853393555 -3.700000047683716
endloop
endfacet
facet normal -0.8659801837141233 0.008941368678730452 -0.4999983733379582
outer loop
vertex -73.55562591552734 41.57991409301758 -5.699999809265137
vertex -75.6135482788086 -45.89252853393555 -3.700000047683716
vertex -75.26029205322266 -11.679322242736816 -3.700000047683716
endloop
endfacet
facet normal -0.8195425174725844 -0.2799074025337688 -0.5000019080578566
outer loop
vertex -74.45686340332031 -45.70656967163086 -5.699999809265137
vertex -74.2857437133789 -46.20759201049805 -5.699999809265137
vertex -75.6135482788086 -45.89252853393555 -3.700000047683716
endloop
endfacet
facet normal -0.8195403292249546 -0.2799199294010158 -0.4999984818956789
outer loop
vertex -75.6135482788086 -45.89252853393555 -3.700000047683716
vertex -74.2857437133789 -46.20759201049805 -5.699999809265137
vertex -75.2992172241211 -46.81281661987305 -3.700000047683716
endloop
endfacet
facet normal -0.6351070065128107 -0.5887617625231357 -0.49999867726723757
outer loop
vertex -72.7802505493164 -49.530067443847656 -3.700000047683716
vertex -75.2992172241211 -46.81281661987305 -3.700000047683716
vertex -74.2857437133789 -46.20759201049805 -5.699999809265137
endloop
endfacet
facet normal -0.6351059506422884 -0.58876195499407 -0.49999979181027265
outer loop
vertex -74.2857437133789 -46.20759201049805 -5.699999809265137
vertex -72.07943725585938 -48.58756637573242 -5.699999809265137
vertex -72.7802505493164 -49.530067443847656 -3.700000047683716
endloop
endfacet
facet normal -0.3809691244288708 -0.7777286628644224 -0.5000006531905906
outer loop
vertex -72.07943725585938 -48.58756637573242 -5.699999809265137
vertex -71.61197662353516 -48.816551208496094 -5.699999809265137
vertex -71.88141632080078 -49.97036361694336 -3.700000047683716
endloop
endfacet
facet normal -0.3809719093054971 -0.7777278411917975 -0.49999980935523375
outer loop
vertex -72.7802505493164 -49.530067443847656 -3.700000047683716
vertex -72.07943725585938 -48.58756637573242 -5.699999809265137
vertex -71.88141632080078 -49.97036361694336 -3.700000047683716
endloop
endfacet
facet normal -0.0028786250520530833 -0.8660212085655624 -0.4999989798314114
outer loop
vertex -30.500019073486328 -49.38621520996094 -4.949999809265137
vertex -30.500019073486328 -48.95320129394531 -5.699999809265137
vertex -11.958415985107422 -50.16953659057617 -3.700000047683716
endloop
endfacet
facet normal -0.0028785597910774576 -0.8660207983148644 -0.4999996907795182
outer loop
vertex -30.614198684692383 -49.71725082397461 -4.375974655151367
vertex -30.500019073486328 -49.38621520996094 -4.949999809265137
vertex -11.958415985107422 -50.16953659057617 -3.700000047683716
endloop
endfacet
facet normal -0.0028785480812294068 -0.8660209038333233 -0.49999950808441607
outer loop
vertex -11.958415985107422 -50.16953659057617 -3.700000047683716
vertex -30.500019073486328 -48.95320129394531 -5.699999809265137
vertex 68.74765014648438 -50.43779373168945 -3.700000047683716
endloop
endfacet
facet normal -0.00287846719600857 -0.866023958113219 -0.4999942183670875
outer loop
vertex -45.0606803894043 -49.9501953125 -3.8893399238586426
vertex -44.777313232421875 -50.06045150756836 -3.700000047683716
vertex -71.88141632080078 -49.97036361694336 -3.700000047683716
endloop
endfacet
facet normal -0.002878517986937875 -0.8660203003501175 -0.5000005535153845
outer loop
vertex 68.74765014648438 -50.43779373168945 -3.700000047683716
vertex -30.500019073486328 -48.95320129394531 -5.699999809265137
vertex 68.54095458984375 -49.28239822387695 -5.699999809265137
endloop
endfacet
facet normal -0.002878474438926839 -0.8660198174886424 -0.5000013900999105
outer loop
vertex -30.93935775756836 -49.99713134765625 -3.8893399238586426
vertex -30.614198684692383 -49.71725082397461 -4.375974655151367
vertex -11.958415985107422 -50.16953659057617 -3.700000047683716
endloop
endfacet
facet normal -0.0028787297772470727 -0.86602173891765 -0.4999980606331582
outer loop
vertex -45.0606803894043 -49.9501953125 -3.8893399238586426
vertex -71.61197662353516 -48.816551208496094 -5.699999809265137
vertex -45.38583755493164 -49.668155670166016 -4.375974655151367
endloop
endfacet
facet normal -0.0028784247064406053 -0.8660179309677274 -0.5000046578918901
outer loop
vertex -31.22272491455078 -50.105506896972656 -3.700000047683716
vertex -30.93935775756836 -49.99713134765625 -3.8893399238586426
vertex -11.958415985107422 -50.16953659057617 -3.700000047683716
endloop
endfacet
facet normal -0.002878611441220643 -0.8660207523624476 -0.4999997700736979
outer loop
vertex -45.50001907348633 -49.336360931396484 -4.949999809265137
vertex -45.38583755493164 -49.668155670166016 -4.375974655151367
vertex -71.61197662353516 -48.816551208496094 -5.699999809265137
endloop
endfacet
facet normal -0.0028785103647085745 -0.866019301507301 -0.5000022835896721
outer loop
vertex -71.61197662353516 -48.816551208496094 -5.699999809265137
vertex -45.50001907348633 -48.903343200683594 -5.699999809265137
vertex -45.50001907348633 -49.336360931396484 -4.949999809265137
endloop
endfacet
facet normal -0.0028785134508190063 -0.8660203942392334 -0.5000003909218834
outer loop
vertex -71.88141632080078 -49.97036361694336 -3.700000047683716
vertex -71.61197662353516 -48.816551208496094 -5.699999809265137
vertex -45.0606803894043 -49.9501953125 -3.8893399238586426
endloop
endfacet
facet normal 1 0 0
outer loop
vertex 55.208465576171875 -48.46904373168945 -1.952378511428833
vertex 55.208465576171875 -47.96293258666992 -0.44999998807907104
vertex 55.208465576171875 -48.47352981567383 -0.44999998807907104
endloop
endfacet
facet normal -1 0 0
outer loop
vertex 63.208465576171875 -47.9868049621582 -1.9509395360946655
vertex 63.208465576171875 -48.47352981567383 -0.44999998807907104
vertex 63.208465576171875 -47.9868049621582 -0.44999998807907104
endloop
endfacet
facet normal -1 0 0
outer loop
vertex 63.208465576171875 -47.9868049621582 -1.9509395360946655
vertex 63.208465576171875 -48.46904373168945 -1.952378511428833
vertex 63.208465576171875 -48.47352981567383 -0.44999998807907104
endloop
endfacet
facet normal 0 0.9999955419681557 0.0029859745167732012
outer loop
vertex 63.208465576171875 -48.46904373168945 -1.952378511428833
vertex 55.208465576171875 -48.47352981567383 -0.44999998807907104
vertex 63.208465576171875 -48.47352981567383 -0.44999998807907104
endloop
endfacet
facet normal 0 0.9999955419681557 0.0029859745167732012
outer loop
vertex 63.208465576171875 -48.46904373168945 -1.952378511428833
vertex 55.208465576171875 -48.46904373168945 -1.952378511428833
vertex 55.208465576171875 -48.47352981567383 -0.44999998807907104
endloop
endfacet
facet normal 0 -0.0029839345545165864 0.9999955480573772
outer loop
vertex 63.208465576171875 -47.9868049621582 -1.9509395360946655
vertex 55.208465576171875 -48.46904373168945 -1.952378511428833
vertex 63.208465576171875 -48.46904373168945 -1.952378511428833
endloop
endfacet
facet normal 6.340102840689802e-9 -0.002984039731400551 0.9999955477435294
outer loop
vertex 63.208465576171875 -47.9868049621582 -1.9509395360946655
vertex 55.208465576171875 -47.96293258666992 -1.9508682489395142
vertex 55.208465576171875 -48.46904373168945 -1.952378511428833
endloop
endfacet
facet normal 1 0 0
outer loop
vertex 55.208465576171875 -47.96293258666992 -1.9508682489395142
vertex 55.208465576171875 -47.96293258666992 -0.44999998807907104
vertex 55.208465576171875 -48.46904373168945 -1.952378511428833
endloop
endfacet
facet normal -1 0 0
outer loop
vertex -58.056331634521484 -47.62495422363281 -1.9509395360946655
vertex -58.056331634521484 -48.11167907714844 -0.44999998807907104
vertex -58.056331634521484 -47.62495422363281 -0.44999998807907104
endloop
endfacet
facet normal 0 0.9999955495465682 0.0029834354454061586
outer loop
vertex -58.056331634521484 -48.11167907714844 -0.44999998807907104
vertex -58.056331634521484 -48.10719680786133 -1.952378511428833
vertex -66.05633544921875 -48.11167907714844 -0.44999998807907104
endloop
endfacet
facet normal -1 0 0
outer loop
vertex -58.056331634521484 -47.62495422363281 -1.9509395360946655
vertex -58.056331634521484 -48.10719680786133 -1.952378511428833
vertex -58.056331634521484 -48.11167907714844 -0.44999998807907104
endloop
endfacet
facet normal 7.76300016448912e-9 -0.002984039731400551 0.9999955477435295
outer loop
vertex -66.05633544921875 -48.10719680786133 -1.952378511428833
vertex -58.056331634521484 -47.62495422363281 -1.9509395360946655
vertex -66.05633544921875 -47.6010856628418 -1.9508682489395142
endloop
endfacet
facet normal 1 0 0
outer loop
vertex -66.05633544921875 -48.11167907714844 -0.44999998807907104
vertex -66.05633544921875 -48.10719680786133 -1.952378511428833
vertex -66.05633544921875 -47.6010856628418 -0.44999998807907104
endloop
endfacet
facet normal 0 -0.0029839109508241536 0.9999955481278091
outer loop
vertex -58.056331634521484 -47.62495422363281 -1.9509395360946655
vertex -66.05633544921875 -48.10719680786133 -1.952378511428833
vertex -58.056331634521484 -48.10719680786133 -1.952378511428833
endloop
endfacet
facet normal 1 0 0
outer loop
vertex -66.05633544921875 -47.6010856628418 -1.9508682489395142
vertex -66.05633544921875 -47.6010856628418 -0.44999998807907104
vertex -66.05633544921875 -48.10719680786133 -1.952378511428833
endloop
endfacet
facet normal 0 0.9999955495465682 0.0029834354454061586
outer loop
vertex -58.056331634521484 -48.10719680786133 -1.952378511428833
vertex -66.05633544921875 -48.10719680786133 -1.952378511428833
vertex -66.05633544921875 -48.11167907714844 -0.44999998807907104
endloop
endfacet
facet normal -0.0007883708573867635 -0.9999996892356474 0
outer loop
vertex -63.855228424072266 46.097206115722656 -1.0499999523162842
vertex -63.855228424072266 46.097206115722656 -2.8499999046325684
vertex -60.25522994995117 46.09436798095703 -1.0499999523162842
endloop
endfacet
facet normal 0.9999996901478634 -0.0007872129174520822 0
outer loop
vertex -63.85609436035156 44.9972038269043 -2.8499999046325684
vertex -63.855228424072266 46.097206115722656 -2.8499999046325684
vertex -63.85609436035156 44.9972038269043 -1.0499999523162842
endloop
endfacet
facet normal 0 0 1
outer loop
vertex -63.85609436035156 44.9972038269043 -2.8499999046325684
vertex -60.25522994995117 46.09436798095703 -2.8499999046325684
vertex -63.855228424072266 46.097206115722656 -2.8499999046325684
endloop
endfacet
facet normal -0.9999996901478634 0.0007872129174520822 0
outer loop
vertex -60.25522994995117 46.09436798095703 -1.0499999523162842
vertex -60.25609588623047 44.99436569213867 -2.8499999046325684
vertex -60.25609588623047 44.99436569213867 -1.0499999523162842
endloop
endfacet
facet normal 0 0 -1
outer loop
vertex -63.85609436035156 44.9972038269043 -1.0499999523162842
vertex -63.855228424072266 46.097206115722656 -1.0499999523162842
vertex -60.25609588623047 44.99436569213867 -1.0499999523162842
endloop
endfacet
facet normal 0.9999996901478634 -0.0007872129174520822 0
outer loop
vertex -63.85609436035156 44.9972038269043 -1.0499999523162842
vertex -63.855228424072266 46.097206115722656 -2.8499999046325684
vertex -63.855228424072266 46.097206115722656 -1.0499999523162842
endloop
endfacet
facet normal -0.0007883708573867635 -0.9999996892356474 0
outer loop
vertex -63.855228424072266 46.097206115722656 -2.8499999046325684
vertex -60.25522994995117 46.09436798095703 -2.8499999046325684
vertex -60.25522994995117 46.09436798095703 -1.0499999523162842
endloop
endfacet
facet normal 0 0 1
outer loop
vertex -60.25522994995117 46.09436798095703 -2.8499999046325684
vertex -63.85609436035156 44.9972038269043 -2.8499999046325684
vertex -60.25609588623047 44.99436569213867 -2.8499999046325684
endloop
endfacet
facet normal 0 0 -1
outer loop
vertex -60.25609588623047 44.99436569213867 -1.0499999523162842
vertex -63.855228424072266 46.097206115722656 -1.0499999523162842
vertex -60.25522994995117 46.09436798095703 -1.0499999523162842
endloop
endfacet
facet normal -0.9999996901478634 0.0007872129174520822 0
outer loop
vertex -60.25522994995117 46.09436798095703 -2.8499999046325684
vertex -60.25609588623047 44.99436569213867 -2.8499999046325684
vertex -60.25522994995117 46.09436798095703 -1.0499999523162842
endloop
endfacet
facet normal -0.0007883708573867635 -0.9999996892356474 0
outer loop
vertex 57.40957260131836 46.00161361694336 -2.8499999046325684
vertex 61.00957107543945 45.998775482177734 -2.8499999046325684
vertex 61.00957107543945 45.998775482177734 -1.0499999523162842
endloop
endfacet
facet normal 0.9999996874097086 -0.0007906835556128616 0
outer loop
vertex 57.4087028503418 44.901615142822266 -1.0499999523162842
vertex 57.4087028503418 44.901615142822266 -2.8499999046325684
vertex 57.40957260131836 46.00161361694336 -2.8499999046325684
endloop
endfacet
facet normal -0.9999996874097086 0.0007906835556128616 0
outer loop
vertex 61.00957107543945 45.998775482177734 -2.8499999046325684
vertex 61.00870132446289 44.89877700805664 -2.8499999046325684
vertex 61.00957107543945 45.998775482177734 -1.0499999523162842
endloop
endfacet
facet normal 0.9999996874097086 -0.0007906835556128616 0
outer loop
vertex 57.4087028503418 44.901615142822266 -1.0499999523162842
vertex 57.40957260131836 46.00161361694336 -2.8499999046325684
vertex 57.40957260131836 46.00161361694336 -1.0499999523162842
endloop
endfacet
facet normal -0.0007883708573867635 -0.9999996892356474 0
outer loop
vertex 57.40957260131836 46.00161361694336 -1.0499999523162842
vertex 57.40957260131836 46.00161361694336 -2.8499999046325684
vertex 61.00957107543945 45.998775482177734 -1.0499999523162842
endloop
endfacet
facet normal 0 0 -1
outer loop
vertex 57.4087028503418 44.901615142822266 -1.0499999523162842
vertex 57.40957260131836 46.00161361694336 -1.0499999523162842
vertex 61.00870132446289 44.89877700805664 -1.0499999523162842
endloop
endfacet
facet normal 0 0 -1
outer loop
vertex 61.00870132446289 44.89877700805664 -1.0499999523162842
vertex 57.40957260131836 46.00161361694336 -1.0499999523162842
vertex 61.00957107543945 45.998775482177734 -1.0499999523162842
endloop
endfacet
facet normal 0 0 1
outer loop
vertex 57.4087028503418 44.901615142822266 -2.8499999046325684
vertex 61.00957107543945 45.998775482177734 -2.8499999046325684
vertex 57.40957260131836 46.00161361694336 -2.8499999046325684
endloop
endfacet
facet normal 0 0 1
outer loop
vertex 61.00957107543945 45.998775482177734 -2.8499999046325684
vertex 57.4087028503418 44.901615142822266 -2.8499999046325684
vertex 61.00870132446289 44.89877700805664 -2.8499999046325684
endloop
endfacet
facet normal -0.9999996874097086 0.0007906835556128616 0
outer loop
vertex 61.00957107543945 45.998775482177734 -1.0499999523162842
vertex 61.00870132446289 44.89877700805664 -2.8499999046325684
vertex 61.00870132446289 44.89877700805664 -1.0499999523162842
endloop
endfacet
facet normal 1 0 0
outer loop
vertex -45.50001907348633 -48.903343200683594 -5.699999809265137
vertex -45.50001907348633 -47.66242218017578 -5.699999809265137
vertex -45.50001907348633 -47.66242218017578 -4.949999809265137
endloop
endfacet
facet normal 0.9807850135586839 0 -0.19509166352946058
outer loop
vertex -45.38583755493164 -49.668155670166016 -4.375974655151367
vertex -45.50001907348633 -49.336360931396484 -4.949999809265137
vertex -45.50001907348633 -47.66242218017578 -4.949999809265137
endloop
endfacet
facet normal -0.1950897843073725 0 -0.9807853873599989
outer loop
vertex -31.425992965698242 -50.10483169555664 -3.564180612564087
vertex -32.00001907348633 -50.10292434692383 -3.450000047683716
vertex -32.00001907348633 -47.70270538330078 -3.450000047683716
endloop
endfacet
facet normal 0.9807850135586839 0 -0.1950916635294606
outer loop
vertex -45.38583755493164 -49.668155670166016 -4.375974655151367
vertex -45.50001907348633 -47.66242218017578 -4.949999809265137
vertex -45.38583755493164 -47.66276550292969 -4.375974655151367
endloop
endfacet
facet normal -0.8314695010489663 0 -0.5555703995223136
outer loop
vertex -30.93935775756836 -47.70587158203125 -3.8893399238586426
vertex -30.614198684692383 -49.71725082397461 -4.375974655151367
vertex -30.93935775756836 -49.99713134765625 -3.8893399238586426
endloop
endfacet
facet normal 0.831471006472263 0 -0.5555681464915011
outer loop
vertex -45.0606803894043 -49.9501953125 -3.8893399238586426
vertex -45.38583755493164 -49.668155670166016 -4.375974655151367
vertex -45.38583755493164 -47.66276550292969 -4.375974655151367
endloop
endfacet
facet normal 0 0 -1
outer loop
vertex -44.00001907348633 -47.666900634765625 -3.450000047683716
vertex -32.00001907348633 -50.10292434692383 -3.450000047683716
vertex -44.00001907348633 -50.06303787231445 -3.450000047683716
endloop
endfacet
facet normal 0.831471006472263 0 -0.5555681464915012
outer loop
vertex -45.0606803894043 -49.9501953125 -3.8893399238586426
vertex -45.38583755493164 -47.66276550292969 -4.375974655151367
vertex -45.0606803894043 -47.663734436035156 -3.8893399238586426
endloop
endfacet
facet normal 0.555570223264923 0 -0.8314696188204134
outer loop
vertex -44.777313232421875 -50.06045150756836 -3.700000047683716
vertex -45.0606803894043 -49.9501953125 -3.8893399238586426
vertex -45.0606803894043 -47.663734436035156 -3.8893399238586426
endloop
endfacet
facet normal -0.5555703047658322 1.3921113229510713e-8 -0.8314695643632425
outer loop
vertex -30.93935775756836 -47.70587158203125 -3.8893399238586426
vertex -31.22272491455078 -50.105506896972656 -3.700000047683716
vertex -31.425992965698242 -47.70441818237305 -3.564180612564087
endloop
endfacet
facet normal -0.5555702232649231 0 -0.8314696188204134
outer loop
vertex -31.22272491455078 -50.105506896972656 -3.700000047683716
vertex -30.93935775756836 -47.70587158203125 -3.8893399238586426
vertex -30.93935775756836 -49.99713134765625 -3.8893399238586426
endloop
endfacet
facet normal 0 0 -1
outer loop
vertex -32.00001907348633 -50.10292434692383 -3.450000047683716
vertex -44.00001907348633 -47.666900634765625 -3.450000047683716
vertex -32.00001907348633 -47.70270538330078 -3.450000047683716
endloop
endfacet
facet normal -1 0 0
outer loop
vertex -30.500019073486328 -48.95320129394531 -5.699999809265137
vertex -30.500019073486328 -47.707183837890625 -4.949999809265137
vertex -30.500019073486328 -47.707183837890625 -5.699999809265137
endloop
endfacet
facet normal -1 0 0
outer loop
vertex -30.500019073486328 -47.707183837890625 -4.949999809265137
vertex -30.500019073486328 -48.95320129394531 -5.699999809265137
vertex -30.500019073486328 -49.38621520996094 -4.949999809265137
endloop
endfacet
facet normal -0.9807856371245008 0 -0.19508852864862958
outer loop
vertex -30.614198684692383 -49.71725082397461 -4.375974655151367
vertex -30.614198684692383 -47.70684051513672 -4.375974655151367
vertex -30.500019073486328 -49.38621520996094 -4.949999809265137
endloop
endfacet
facet normal -0.9807856371245007 0 -0.19508852864862955
outer loop
vertex -30.500019073486328 -47.707183837890625 -4.949999809265137
vertex -30.500019073486328 -49.38621520996094 -4.949999809265137
vertex -30.614198684692383 -47.70684051513672 -4.375974655151367
endloop
endfacet
facet normal -0.8314695010489663 0 -0.5555703995223136
outer loop
vertex -30.614198684692383 -47.70684051513672 -4.375974655151367
vertex -30.614198684692383 -49.71725082397461 -4.375974655151367
vertex -30.93935775756836 -47.70587158203125 -3.8893399238586426
endloop
endfacet
facet normal -0.19508978430737248 0 -0.9807853873599988
outer loop
vertex -31.425992965698242 -47.70441818237305 -3.564180612564087
vertex -31.425992965698242 -50.10483169555664 -3.564180612564087
vertex -32.00001907348633 -47.70270538330078 -3.450000047683716
endloop
endfacet
facet normal 0.19509040787318938 0 -0.9807852633251953
outer loop
vertex -44.00001907348633 -50.06303787231445 -3.450000047683716
vertex -44.57404327392578 -47.66518783569336 -3.564180612564087
vertex -44.00001907348633 -47.666900634765625 -3.450000047683716
endloop
endfacet
facet normal 0.19509040787318935 0 -0.9807852633251952
outer loop
vertex -44.57404327392578 -50.06113052368164 -3.564180612564087
vertex -44.57404327392578 -47.66518783569336 -3.564180612564087
vertex -44.00001907348633 -50.06303787231445 -3.450000047683716
endloop
endfacet
facet normal 0.5555668144038974 0 -0.831471896538365
outer loop
vertex -44.57404327392578 -50.06113052368164 -3.564180612564087
vertex -44.777313232421875 -50.06045150756836 -3.700000047683716
vertex -44.57404327392578 -47.66518783569336 -3.564180612564087
endloop
endfacet
facet normal 0.5555687988726365 -2.435955402698267e-7 -0.8314705705670866
outer loop
vertex -44.777313232421875 -50.06045150756836 -3.700000047683716
vertex -45.0606803894043 -47.663734436035156 -3.8893399238586426
vertex -44.57404327392578 -47.66518783569336 -3.564180612564087
endloop
endfacet
facet normal 1 0 0
outer loop
vertex -45.50001907348633 -49.336360931396484 -4.949999809265137
vertex -45.50001907348633 -48.903343200683594 -5.699999809265137
vertex -45.50001907348633 -47.66242218017578 -4.949999809265137
endloop
endfacet
facet normal -0.5555704184514962 0 -0.8314694884008849
outer loop
vertex -31.425992965698242 -47.70441818237305 -3.564180612564087
vertex -31.22272491455078 -50.105506896972656 -3.700000047683716
vertex -31.425992965698242 -50.10483169555664 -3.564180612564087
endloop
endfacet
facet normal 0.012836630788661228 0.9991757648682018 -0.038509892365983685
outer loop
vertex 73.19998168945312 -43.71506118774414 3.5
vertex 72.49998474121094 -43.74460983276367 2.5
vertex 70.19998168945312 -43.71506118774414 2.5
endloop
endfacet
facet normal -1 0 0
outer loop
vertex 73.19998168945312 -24.715063095092773 -1
vertex 73.19998168945312 -43.71506118774414 -1
vertex 73.19998168945312 -43.71506118774414 3.5
endloop
endfacet
facet normal -1 0 0
outer loop
vertex 73.19998168945312 -24.715063095092773 -1
vertex 73.19998168945312 -43.71506118774414 3.5
vertex 73.19998168945312 -24.715063095092773 3.5
endloop
endfacet
facet normal 1 0 0
outer loop
vertex 70.19998168945312 -43.71506118774414 3.5
vertex 70.19998168945312 -43.71506118774414 2.5
vertex 70.19998168945312 -24.715063095092773 2.5
endloop
endfacet
facet normal -0.04217497503158912 0.9991102399040283 0
outer loop
vertex 73.19998168945312 -43.71506118774414 3.5
vertex 73.19998168945312 -43.71506118774414 -1
vertex 72.49998474121094 -43.74460983276367 2.5
endloop
endfacet
facet normal 0 0 -1
outer loop
vertex 73.19998168945312 -43.71506118774414 3.5
vertex 70.19998168945312 -43.71506118774414 3.5
vertex 73.19998168945312 -24.715063095092773 3.5
endloop
endfacet
facet normal 1 0 0
outer loop
vertex 70.19998168945312 -24.715063095092773 2.5
vertex 70.19998168945312 -24.715063095092773 3.5
vertex 70.19998168945312 -43.71506118774414 3.5
endloop
endfacet
facet normal 0 0 -1
outer loop
vertex 73.19998168945312 -24.715063095092773 3.5
vertex 70.19998168945312 -43.71506118774414 3.5
vertex 70.19998168945312 -24.715063095092773 3.5
endloop
endfacet
facet normal 0 -1 0
outer loop
vertex 72.49998474121094 -24.715063095092773 0
vertex 73.19998168945312 -24.715063095092773 -1
vertex 73.19998168945312 -24.715063095092773 3.5
endloop
endfacet
facet normal 0 -1 0
outer loop
vertex 72.49998474121094 -24.715063095092773 2.5
vertex 72.49998474121094 -24.715063095092773 0
vertex 73.19998168945312 -24.715063095092773 3.5
endloop
endfacet
facet normal 0 0.9995637244594445 0.029535753668452673
outer loop
vertex 72.49998474121094 -43.71506118774414 -1
vertex 72.49998474121094 -43.74460983276367 0
vertex 73.19998168945312 -43.71506118774414 -1
endloop
endfacet
facet normal -0.04217497503158911 0.9991102399040281 0
outer loop
vertex 73.19998168945312 -43.71506118774414 -1
vertex 72.49998474121094 -43.74460983276367 0
vertex 72.49998474121094 -43.74460983276367 2.5
endloop
endfacet
facet normal 0 -1 0
outer loop
vertex 70.19998168945312 -24.715063095092773 3.5
vertex 70.19998168945312 -24.715063095092773 2.5
vertex 72.49998474121094 -24.715063095092773 2.5
endloop
endfacet
facet normal 0 -1 0
outer loop
vertex 73.19998168945312 -24.715063095092773 3.5
vertex 70.19998168945312 -24.715063095092773 3.5
vertex 72.49998474121094 -24.715063095092773 2.5
endloop
endfacet
facet normal 0 0 1
outer loop
vertex 72.49998474121094 -24.715063095092773 -1
vertex 72.49998474121094 -43.71506118774414 -1
vertex 73.19998168945312 -43.71506118774414 -1
endloop
endfacet
facet normal 0 1 0
outer loop
vertex 73.19998168945312 -43.71506118774414 3.5
vertex 70.19998168945312 -43.71506118774414 2.5
vertex 70.19998168945312 -43.71506118774414 3.5
endloop
endfacet
facet normal 0 0 1
outer loop
vertex 72.49998474121094 -24.715063095092773 -1
vertex 73.19998168945312 -43.71506118774414 -1
vertex 73.19998168945312 -24.715063095092773 -1
endloop
endfacet
facet normal 0 -1 0
outer loop
vertex 72.49998474121094 -24.715063095092773 0
vertex 72.49998474121094 -24.715063095092773 -1
vertex 73.19998168945312 -24.715063095092773 -1
endloop
endfacet
facet normal -1 0 0
outer loop
vertex 73.19998168945312 40.526676177978516 -1
vertex 73.19998168945312 21.52667808532715 -1
vertex 73.19998168945312 21.52667808532715 3.5
endloop
endfacet
facet normal 0 1 0
outer loop
vertex 73.19998168945312 21.52667808532715 3.5
vertex 72.49998474121094 21.52667808532715 2.5
vertex 70.19998168945312 21.52667808532715 3.5
endloop
endfacet
facet normal 0 0 1
outer loop
vertex 72.49998474121094 40.526676177978516 -1
vertex 73.19998168945312 21.52667808532715 -1
vertex 73.19998168945312 40.526676177978516 -1
endloop
endfacet
facet normal 0.012046918848322114 -0.9999274332401636 0
outer loop
vertex 70.19998168945312 40.526676177978516 3.5
vertex 70.19998168945312 40.526676177978516 2.5
vertex 72.49998474121094 40.554386138916016 2.5
endloop
endfacet
facet normal -1 0 0
outer loop
vertex 73.19998168945312 40.526676177978516 -1
vertex 73.19998168945312 21.52667808532715 3.5
vertex 73.19998168945312 40.526676177978516 3.5
endloop
endfacet
facet normal 1 0 0
outer loop
vertex 70.19998168945312 21.52667808532715 3.5
vertex 70.19998168945312 21.52667808532715 2.5
vertex 70.19998168945312 40.526676177978516 2.5
endloop
endfacet
facet normal 0 1 0
outer loop
vertex 72.49998474121094 21.52667808532715 -1
vertex 72.49998474121094 21.52667808532715 0
vertex 73.19998168945312 21.52667808532715 -1
endloop
endfacet
facet normal 0 0 1
outer loop
vertex 72.49998474121094 40.526676177978516 -1
vertex 72.49998474121094 21.52667808532715 -1
vertex 73.19998168945312 21.52667808532715 -1
endloop
endfacet
facet normal 0 0 -1
outer loop
vertex 73.19998168945312 21.52667808532715 3.5
vertex 70.19998168945312 21.52667808532715 3.5
vertex 73.19998168945312 40.526676177978516 3.5
endloop
endfacet
facet normal 1 0 0
outer loop
vertex 70.19998168945312 40.526676177978516 2.5
vertex 70.19998168945312 40.526676177978516 3.5
vertex 70.19998168945312 21.52667808532715 3.5
endloop
endfacet
facet normal 0 -0.9996162999840097 0.027699328625045188
outer loop
vertex 72.49998474121094 40.526676177978516 -1
vertex 73.19998168945312 40.526676177978516 -1
vertex 72.49998474121094 40.554386138916016 0
endloop
endfacet
facet normal 0 1 0
outer loop
vertex 73.19998168945312 21.52667808532715 -1
vertex 72.49998474121094 21.52667808532715 0
vertex 72.49998474121094 21.52667808532715 2.5
endloop
endfacet
facet normal 0 0 -1
outer loop
vertex 73.19998168945312 40.526676177978516 3.5
vertex 70.19998168945312 21.52667808532715 3.5
vertex 70.19998168945312 40.526676177978516 3.5
endloop
endfacet
facet normal 0 -0.9996162999840097 -0.02769932862504519
outer loop
vertex 73.19998168945312 40.526676177978516 3.5
vertex 70.19998168945312 40.526676177978516 3.5
vertex 72.49998474121094 40.554386138916016 2.5
endloop
endfacet
facet normal -0.03955485121668428 -0.9992174006417353 0
outer loop
vertex 72.49998474121094 40.554386138916016 2.5
vertex 72.49998474121094 40.554386138916016 0
vertex 73.19998168945312 40.526676177978516 3.5
endloop
endfacet
facet normal -0.03955485121668428 -0.9992174006417353 0
outer loop
vertex 72.49998474121094 40.554386138916016 0
vertex 73.19998168945312 40.526676177978516 -1
vertex 73.19998168945312 40.526676177978516 3.5
endloop
endfacet
facet normal 0 1 0
outer loop
vertex 73.19998168945312 21.52667808532715 3.5
vertex 73.19998168945312 21.52667808532715 -1
vertex 72.49998474121094 21.52667808532715 2.5
endloop
endfacet
facet normal 0 1 0
outer loop
vertex 72.49998474121094 21.52667808532715 2.5
vertex 70.19998168945312 21.52667808532715 2.5
vertex 70.19998168945312 21.52667808532715 3.5
endloop
endfacet
facet normal -0.008360550307061744 -0.9999650499885299 0
outer loop
vertex -70.08816528320312 40.861480712890625 3.5
vertex -73.08805847167969 40.88656234741211 3.5
vertex -70.08816528320312 40.861480712890625 2.5
endloop
endfacet
facet normal -0.008359654256673855 -0.9999650574798645 0
outer loop
vertex -73.08805847167969 40.88656234741211 3.5
vertex -73.08805847167969 40.88656234741211 -1
vertex -72.3880844116211 40.88071060180664 2.5
endloop
endfacet
facet normal -0.008360823017525625 -0.9999650477080687 -8.18159460714612e-7
outer loop
vertex -73.08805847167969 40.88656234741211 3.5
vertex -72.3880844116211 40.88071060180664 2.5
vertex -70.08816528320312 40.861480712890625 2.5
endloop
endfacet
facet normal 0.008359563147657182 0.9999650582415269 0
outer loop
vertex -72.54692077636719 21.88137435913086 0
vertex -73.24690246582031 21.887226104736328 -1
vertex -73.24690246582031 21.887226104736328 3.5
endloop
endfacet
facet normal -0.9999650561825868 0.008359809432998778 0
outer loop
vertex -70.24700164794922 21.862146377563477 2.5
vertex -70.24700164794922 21.862146377563477 3.5
vertex -70.08816528320312 40.861480712890625 3.5
endloop
endfacet
facet normal 0 0 -1
outer loop
vertex -70.08816528320312 40.861480712890625 3.5
vertex -73.24690246582031 21.887226104736328 3.5
vertex -73.08805847167969 40.88656234741211 3.5
endloop
endfacet
facet normal -0.008359654256673855 -0.9999650574798645 0
outer loop
vertex -73.08805847167969 40.88656234741211 -1
vertex -72.3880844116211 40.88071060180664 -1
vertex -72.3880844116211 40.88071060180664 0
endloop
endfacet
facet normal 0.0083599937933016 0.9999650546412988 0
outer loop
vertex -70.24700164794922 21.862146377563477 2.5
vertex -72.54692077636719 21.88137435913086 2.5
vertex -70.24700164794922 21.862146377563477 3.5
endloop
endfacet
facet normal 0 0 1
outer loop
vertex -73.24690246582031 21.887226104736328 -1
vertex -72.54692077636719 21.88137435913086 -1
vertex -73.08805847167969 40.88656234741211 -1
endloop
endfacet
facet normal 0.9999650528327824 -0.008360210112826035 0
outer loop
vertex -73.24690246582031 21.887226104736328 3.5
vertex -73.24690246582031 21.887226104736328 -1
vertex -73.08805847167969 40.88656234741211 3.5
endloop
endfacet
facet normal 0 0 1
outer loop
vertex -73.08805847167969 40.88656234741211 -1
vertex -72.54692077636719 21.88137435913086 -1
vertex -72.3880844116211 40.88071060180664 -1
endloop
endfacet
facet normal 0.9999650528327824 -0.008360210112826035 0
outer loop
vertex -73.24690246582031 21.887226104736328 -1
vertex -73.08805847167969 40.88656234741211 -1
vertex -73.08805847167969 40.88656234741211 3.5
endloop
endfacet
facet normal 0.008359563147657182 0.9999650582415269 0
outer loop
vertex -72.54692077636719 21.88137435913086 2.5
vertex -72.54692077636719 21.88137435913086 0
vertex -73.24690246582031 21.887226104736328 3.5
endloop
endfacet
facet normal 0 0 -1
outer loop
vertex -70.24700164794922 21.862146377563477 3.5
vertex -73.24690246582031 21.887226104736328 3.5
vertex -70.08816528320312 40.861480712890625 3.5
endloop
endfacet
facet normal 0.008359563147657182 0.999965058241527 0
outer loop
vertex -73.24690246582031 21.887226104736328 -1
vertex -72.54692077636719 21.88137435913086 0
vertex -72.54692077636719 21.88137435913086 -1
endloop
endfacet
facet normal -0.9999650561825868 0.008359809432998778 0
outer loop
vertex -70.08816528320312 40.861480712890625 2.5
vertex -70.24700164794922 21.862146377563477 2.5
vertex -70.08816528320312 40.861480712890625 3.5
endloop
endfacet
facet normal -0.008359654256673855 -0.9999650574798645 0
outer loop
vertex -73.08805847167969 40.88656234741211 -1
vertex -72.3880844116211 40.88071060180664 0
vertex -72.3880844116211 40.88071060180664 2.5
endloop
endfacet
facet normal 0.00835989330862445 0.9999650554813477 2.3112278352734257e-7
outer loop
vertex -70.24700164794922 21.862146377563477 3.5
vertex -72.54692077636719 21.88137435913086 2.5
vertex -73.24690246582031 21.887226104736328 3.5
endloop
endfacet
facet normal 0.008365012286112767 0.99996501267267 0
outer loop
vertex -73.1103286743164 -45.50963592529297 -1
vertex -73.81031036376953 -45.503780364990234 -1
vertex -73.1103286743164 -45.50963592529297 0
endloop
endfacet
facet normal -0.9999650561896024 0.008359808593813843 0
outer loop
vertex -70.65157318115234 -26.529525756835938 2.5
vertex -70.81040954589844 -45.52886199951172 2.5
vertex -70.65157318115234 -26.529525756835938 3.5
endloop
endfacet
facet normal 0 0 -1
outer loop
vertex -70.65157318115234 -26.529525756835938 3.5
vertex -73.81031036376953 -45.503780364990234 3.5
vertex -73.6514663696289 -26.504446029663086 3.5
endloop
endfacet
facet normal -0.0083599937933016 -0.9999650546412988 0
outer loop
vertex -72.95149230957031 -26.510297775268555 2.5
vertex -70.65157318115234 -26.529525756835938 2.5
vertex -70.65157318115234 -26.529525756835938 3.5
endloop
endfacet
facet normal -0.008359914568203715 -0.9999650553036237 -1.8222405324424816e-7
outer loop
vertex -73.6514663696289 -26.504446029663086 3.5
vertex -72.95149230957031 -26.510297775268555 2.5
vertex -70.65157318115234 -26.529525756835938 3.5
endloop
endfacet
facet normal -0.008359654256673855 -0.9999650574798645 0
outer loop
vertex -73.6514663696289 -26.504446029663086 3.5
vertex -73.6514663696289 -26.504446029663086 -1
vertex -72.95149230957031 -26.510297775268555 2.5
endloop
endfacet
facet normal 0.9999650528257661 -0.00836021095205127 0
outer loop
vertex -73.81031036376953 -45.503780364990234 3.5
vertex -73.81031036376953 -45.503780364990234 -1
vertex -73.6514663696289 -26.504446029663086 3.5
endloop
endfacet
facet normal 0 0 1
outer loop
vertex -73.6514663696289 -26.504446029663086 -1
vertex -73.1103286743164 -45.50963592529297 -1
vertex -72.95149230957031 -26.510297775268555 -1
endloop
endfacet
facet normal 0 0 1
outer loop
vertex -73.81031036376953 -45.503780364990234 -1
vertex -73.1103286743164 -45.50963592529297 -1
vertex -73.6514663696289 -26.504446029663086 -1
endloop
endfacet
facet normal 0.008365012286112769 0.9999650126726701 0
outer loop
vertex -73.1103286743164 -45.50963592529297 2.5
vertex -73.1103286743164 -45.50963592529297 0
vertex -73.81031036376953 -45.503780364990234 3.5
endloop
endfacet
facet normal 0 0 -1
outer loop
vertex -70.81040954589844 -45.52886199951172 3.5
vertex -73.81031036376953 -45.503780364990234 3.5
vertex -70.65157318115234 -26.529525756835938 3.5
endloop
endfacet
facet normal 0.9999650528257661 -0.00836021095205127 0
outer loop
vertex -73.81031036376953 -45.503780364990234 -1
vertex -73.6514663696289 -26.504446029663086 -1
vertex -73.6514663696289 -26.504446029663086 3.5
endloop
endfacet
facet normal -0.008359654256673855 -0.9999650574798645 0
outer loop
vertex -73.6514663696289 -26.504446029663086 -1
vertex -72.95149230957031 -26.510297775268555 -1
vertex -72.95149230957031 -26.510297775268555 0
endloop
endfacet
facet normal -0.9999650561896024 0.008359808593813843 0
outer loop
vertex -70.81040954589844 -45.52886199951172 2.5
vertex -70.81040954589844 -45.52886199951172 3.5
vertex -70.65157318115234 -26.529525756835938 3.5
endloop
endfacet
facet normal 0.008365012286112769 0.99996501267267 0
outer loop
vertex -73.1103286743164 -45.50963592529297 0
vertex -73.81031036376953 -45.503780364990234 -1
vertex -73.81031036376953 -45.503780364990234 3.5
endloop
endfacet
facet normal -0.008359654256673855 -0.9999650574798645 0
outer loop
vertex -73.6514663696289 -26.504446029663086 -1
vertex -72.95149230957031 -26.510297775268555 0
vertex -72.95149230957031 -26.510297775268555 2.5
endloop
endfacet
facet normal 0.00836052904582491 0.9999650501613665 -0.0000031384056282415793
outer loop
vertex -70.81040954589844 -45.52886199951172 3.5
vertex -73.1103286743164 -45.50963592529297 2.5
vertex -73.81031036376953 -45.503780364990234 3.5
endloop
endfacet
facet normal 0.008359164569057529 0.999965061573507 0
outer loop
vertex -70.81040954589844 -45.52886199951172 2.5
vertex -73.1103286743164 -45.50963592529297 2.5
vertex -70.81040954589844 -45.52886199951172 3.5
endloop
endfacet
facet normal -1 0 0
outer loop
vertex 73.19998168945312 -2.96781587600708 -1
vertex 73.19998168945312 -21.967815399169922 3.5
vertex 73.19998168945312 -2.96781587600708 3.5
endloop
endfacet
facet normal 0 0 1
outer loop
vertex 72.49998474121094 -2.96781587600708 -1
vertex 73.19998168945312 -21.967815399169922 -1
vertex 73.19998168945312 -2.96781587600708 -1
endloop
endfacet
facet normal 0 1 0
outer loop
vertex 73.19998168945312 -21.967815399169922 3.5
vertex 73.19998168945312 -21.967815399169922 -1
vertex 72.49998474121094 -21.967815399169922 2.5
endloop
endfacet
facet normal 1 0 0
outer loop
vertex 70.19998168945312 -21.967815399169922 3.5
vertex 70.19998168945312 -21.967815399169922 2.5
vertex 70.19998168945312 -2.96781587600708 2.5
endloop
endfacet
facet normal 0 0 -1
outer loop
vertex 73.19998168945312 -21.967815399169922 3.5
vertex 70.19998168945312 -21.967815399169922 3.5
vertex 73.19998168945312 -2.96781587600708 3.5
endloop
endfacet
facet normal 0 0 1
outer loop
vertex 72.49998474121094 -21.967815399169922 -1
vertex 73.19998168945312 -21.967815399169922 -1
vertex 72.49998474121094 -2.96781587600708 -1
endloop
endfacet
facet normal 0 -1 0
outer loop
vertex 72.49998474121094 -2.96781587600708 0
vertex 73.19998168945312 -2.96781587600708 -1
vertex 73.19998168945312 -2.96781587600708 3.5
endloop
endfacet
facet normal 0 1 0
outer loop
vertex 73.19998168945312 -21.967815399169922 -1
vertex 72.49998474121094 -21.967815399169922 -1
vertex 72.49998474121094 -21.967815399169922 0
endloop
endfacet
facet normal 0 -1 0
outer loop
vertex 72.49998474121094 -2.96781587600708 2.5
vertex 72.49998474121094 -2.96781587600708 0
vertex 73.19998168945312 -2.96781587600708 3.5
endloop
endfacet
facet normal 1 0 0
outer loop
vertex 70.19998168945312 -2.96781587600708 2.5
vertex 70.19998168945312 -2.96781587600708 3.5
vertex 70.19998168945312 -21.967815399169922 3.5
endloop
endfacet
facet normal 0 0 -1
outer loop
vertex 73.19998168945312 -2.96781587600708 3.5
vertex 70.19998168945312 -21.967815399169922 3.5
vertex 70.19998168945312 -2.96781587600708 3.5
endloop
endfacet
facet normal 0 -1 0
outer loop
vertex 70.19998168945312 -2.96781587600708 3.5
vertex 70.19998168945312 -2.96781587600708 2.5
vertex 72.49998474121094 -2.96781587600708 2.5
endloop
endfacet
facet normal 0 -1 0
outer loop
vertex 73.19998168945312 -2.96781587600708 3.5
vertex 70.19998168945312 -2.96781587600708 3.5
vertex 72.49998474121094 -2.96781587600708 2.5
endloop
endfacet
facet normal 0 1 0
outer loop
vertex 72.49998474121094 -21.967815399169922 2.5
vertex 70.19998168945312 -21.967815399169922 2.5
vertex 70.19998168945312 -21.967815399169922 3.5
endloop
endfacet
facet normal 0 1 0
outer loop
vertex 73.19998168945312 -21.967815399169922 -1
vertex 72.49998474121094 -21.967815399169922 0
vertex 72.49998474121094 -21.967815399169922 2.5
endloop
endfacet
facet normal 0 -1 0
outer loop
vertex 73.19998168945312 -2.96781587600708 -1
vertex 72.49998474121094 -2.96781587600708 0
vertex 72.49998474121094 -2.96781587600708 -1
endloop
endfacet
facet normal -1 0 0
outer loop
vertex 73.19998168945312 -21.967815399169922 -1
vertex 73.19998168945312 -21.967815399169922 3.5
vertex 73.19998168945312 -2.96781587600708 -1
endloop
endfacet
facet normal 0 1 0
outer loop
vertex 73.19998168945312 -21.967815399169922 3.5
vertex 72.49998474121094 -21.967815399169922 2.5
vertex 70.19998168945312 -21.967815399169922 3.5
endloop
endfacet
facet normal 0 0 -1
outer loop
vertex 73.19998168945312 18.779430389404297 3.5
vertex 70.19998168945312 -0.22056891024112701 3.5
vertex 70.19998168945312 18.779430389404297 3.5
endloop
endfacet
facet normal -1 0 0
outer loop
vertex 73.19998168945312 18.779430389404297 -1
vertex 73.19998168945312 -0.22056891024112701 3.5
vertex 73.19998168945312 18.779430389404297 3.5
endloop
endfacet
facet normal 0 -1 0
outer loop
vertex 73.19998168945312 18.779430389404297 3.5
vertex 70.19998168945312 18.779430389404297 3.5
vertex 72.49998474121094 18.779430389404297 2.5
endloop
endfacet
facet normal 0 0 -1
outer loop
vertex 73.19998168945312 -0.22056891024112701 3.5
vertex 70.19998168945312 -0.22056891024112701 3.5
vertex 73.19998168945312 18.779430389404297 3.5
endloop
endfacet
facet normal 1 0 0
outer loop
vertex 70.19998168945312 -0.22056891024112701 3.5
vertex 70.19998168945312 -0.22056891024112701 2.5
vertex 70.19998168945312 18.779430389404297 2.5
endloop
endfacet
facet normal 0 -1 0
outer loop
vertex 70.19998168945312 18.779430389404297 3.5
vertex 70.19998168945312 18.779430389404297 2.5
vertex 72.49998474121094 18.779430389404297 2.5
endloop
endfacet
facet normal 0 1 0
outer loop
vertex 73.19998168945312 -0.22056891024112701 3.5
vertex 72.49998474121094 -0.22056891024112701 2.5
vertex 70.19998168945312 -0.22056891024112701 3.5
endloop
endfacet
facet normal 0 1 0
outer loop
vertex 72.49998474121094 -0.22056891024112701 2.5
vertex 70.19998168945312 -0.22056891024112701 2.5
vertex 70.19998168945312 -0.22056891024112701 3.5
endloop
endfacet
facet normal 0 1 0
outer loop
vertex 73.19998168945312 -0.22056891024112701 3.5
vertex 73.19998168945312 -0.22056891024112701 -1
vertex 72.49998474121094 -0.22056891024112701 2.5
endloop
endfacet
facet normal 0 0 1
outer loop
vertex 72.49998474121094 18.779430389404297 -1
vertex 72.49998474121094 -0.22056891024112701 -1
vertex 73.19998168945312 -0.22056891024112701 -1
endloop
endfacet
facet normal 0 1 0
outer loop
vertex 73.19998168945312 -0.22056891024112701 -1
vertex 72.49998474121094 -0.22056891024112701 -1
vertex 72.49998474121094 -0.22056891024112701 0
endloop
endfacet
facet normal 0 -1 0
outer loop
vertex 72.49998474121094 18.779430389404297 2.5
vertex 72.49998474121094 18.779430389404297 0
vertex 73.19998168945312 18.779430389404297 3.5
endloop
endfacet
facet normal 1 0 0
outer loop
vertex 70.19998168945312 18.779430389404297 2.5
vertex 70.19998168945312 18.779430389404297 3.5
vertex 70.19998168945312 -0.22056891024112701 3.5
endloop
endfacet
facet normal 0 1 0
outer loop
vertex 73.19998168945312 -0.22056891024112701 -1
vertex 72.49998474121094 -0.22056891024112701 0
vertex 72.49998474121094 -0.22056891024112701 2.5
endloop
endfacet
facet normal -1 0 0
outer loop
vertex 73.19998168945312 -0.22056891024112701 -1
vertex 73.19998168945312 -0.22056891024112701 3.5
vertex 73.19998168945312 18.779430389404297 -1
endloop
endfacet
facet normal 0 0 1
outer loop
vertex 72.49998474121094 18.779430389404297 -1
vertex 73.19998168945312 -0.22056891024112701 -1
vertex 73.19998168945312 18.779430389404297 -1
endloop
endfacet
facet normal 0 -1 0
outer loop
vertex 72.49998474121094 18.779430389404297 0
vertex 72.49998474121094 18.779430389404297 -1
vertex 73.19998168945312 18.779430389404297 -1
endloop
endfacet
facet normal 0 -1 0
outer loop
vertex 72.49998474121094 18.779430389404297 0
vertex 73.19998168945312 18.779430389404297 -1
vertex 73.19998168945312 18.779430389404297 3.5
endloop
endfacet
facet normal 0 0 1
outer loop
vertex -73.27586364746094 18.422893524169922 -1
vertex -72.73472595214844 -0.582295298576355 -1
vertex -72.57588958740234 18.41703987121582 -1
endloop
endfacet
facet normal -0.008360529045859075 -0.9999650501654527 0.0000012949094315418786
outer loop
vertex -73.27586364746094 18.422893524169922 3.5
vertex -72.57588958740234 18.41703987121582 2.5
vertex -70.27596282958984 18.397811889648438 3.5
endloop
endfacet
facet normal 0 0 1
outer loop
vertex -73.43470001220703 -0.5764433145523071 -1
vertex -72.73472595214844 -0.582295298576355 -1
vertex -73.27586364746094 18.422893524169922 -1
endloop
endfacet
facet normal -0.9999650528288357 0.008360210584890209 0
outer loop
vertex -70.27596282958984 18.397811889648438 2.5
vertex -70.43480682373047 -0.6015232801437378 2.5
vertex -70.27596282958984 18.397811889648438 3.5
endloop
endfacet
facet normal -0.008362378855685089 -0.9999650346986508 0
outer loop
vertex -73.27586364746094 18.422893524169922 -1
vertex -72.57588958740234 18.41703987121582 0
vertex -72.57588958740234 18.41703987121582 2.5
endloop
endfacet
facet normal 0 0 -1
outer loop
vertex -70.27596282958984 18.397811889648438 3.5
vertex -73.43470001220703 -0.5764433145523071 3.5
vertex -73.27586364746094 18.422893524169922 3.5
endloop
endfacet
facet normal 0 0 -1
outer loop
vertex -70.43480682373047 -0.6015232801437378 3.5
vertex -73.43470001220703 -0.5764433145523071 3.5
vertex -70.27596282958984 18.397811889648438 3.5
endloop
endfacet
facet normal -0.008362378855685089 -0.9999650346986508 0
outer loop
vertex -73.27586364746094 18.422893524169922 -1
vertex -72.57588958740234 18.41703987121582 -1
vertex -72.57588958740234 18.41703987121582 0
endloop
endfacet
facet normal 0.9999650561917949 -0.008359808331568587 0
outer loop
vertex -73.43470001220703 -0.5764433145523071 -1
vertex -73.27586364746094 18.422893524169922 -1
vertex -73.27586364746094 18.422893524169922 3.5
endloop
endfacet
facet normal -0.008362378855685089 -0.9999650346986508 0
outer loop
vertex -73.27586364746094 18.422893524169922 3.5
vertex -73.27586364746094 18.422893524169922 -1
vertex -72.57588958740234 18.41703987121582 2.5
endloop
endfacet
facet normal 0.008359994831560441 0.9999650546326188 0
outer loop
vertex -72.73472595214844 -0.582295298576355 0
vertex -72.73472595214844 -0.582295298576355 -1
vertex -73.43470001220703 -0.5764433145523071 -1
endloop
endfacet
facet normal 0.008359994831560441 0.9999650546326188 0
outer loop
vertex -72.73472595214844 -0.582295298576355 0
vertex -73.43470001220703 -0.5764433145523071 -1
vertex -73.43470001220703 -0.5764433145523071 3.5
endloop
endfacet
facet normal 0.008359994035561645 0.9999650546392735 -5.572174542158194e-10
outer loop
vertex -70.43480682373047 -0.6015232801437378 3.5
vertex -72.73472595214844 -0.582295298576355 2.5
vertex -73.43470001220703 -0.5764433145523071 3.5
endloop
endfacet
facet normal 0.008359994831560443 0.9999650546326188 0
outer loop
vertex -72.73472595214844 -0.582295298576355 2.5
vertex -72.73472595214844 -0.582295298576355 0
vertex -73.43470001220703 -0.5764433145523071 3.5
endloop
endfacet
facet normal -0.9999650528288357 0.008360210584890209 0
outer loop
vertex -70.43480682373047 -0.6015232801437378 2.5
vertex -70.43480682373047 -0.6015232801437378 3.5
vertex -70.27596282958984 18.397811889648438 3.5
endloop
endfacet
facet normal 0.9999650561917949 -0.008359808331568587 0
outer loop
vertex -73.43470001220703 -0.5764433145523071 3.5
vertex -73.43470001220703 -0.5764433145523071 -1
vertex -73.27586364746094 18.422893524169922 3.5
endloop
endfacet
facet normal -0.008359966063186688 -0.9999650548731303 0
outer loop
vertex -72.57588958740234 18.41703987121582 2.5
vertex -70.27596282958984 18.397811889648438 2.5
vertex -70.27596282958984 18.397811889648438 3.5
endloop
endfacet
facet normal 0.0083599937933016 0.9999650546412988 0
outer loop
vertex -70.43480682373047 -0.6015232801437378 2.5
vertex -72.73472595214844 -0.582295298576355 2.5
vertex -70.43480682373047 -0.6015232801437378 3.5
endloop
endfacet
facet normal 0.9999650528345365 -0.008360209903019751 0
outer loop
vertex -73.62250518798828 -23.04011344909668 -1
vertex -73.46366119384766 -4.04077672958374 -1
vertex -73.46366119384766 -4.04077672958374 3.5
endloop
endfacet
facet normal -0.0083599937933016 -0.9999650546412988 0
outer loop
vertex -72.76368713378906 -4.046628952026367 2.5
vertex -70.4637680053711 -4.06585693359375 2.5
vertex -70.4637680053711 -4.06585693359375 3.5
endloop
endfacet
facet normal -0.9999650528327825 0.008360210112826035 0
outer loop
vertex -70.4637680053711 -4.06585693359375 2.5
vertex -70.62261199951172 -23.06519317626953 2.5
vertex -70.4637680053711 -4.06585693359375 3.5
endloop
endfacet
facet normal -0.008360335406444121 -0.9999650517852571 0
outer loop
vertex -73.46366119384766 -4.04077672958374 3.5
vertex -73.46366119384766 -4.04077672958374 -1
vertex -72.76368713378906 -4.046628952026367 2.5
endloop
endfacet
facet normal -0.008360073502919136 -0.9999650539748838 1.8333848790980255e-7
outer loop
vertex -73.46366119384766 -4.04077672958374 3.5
vertex -72.76368713378906 -4.046628952026367 2.5
vertex -70.4637680053711 -4.06585693359375 3.5
endloop
endfacet
facet normal 0 0 1
outer loop
vertex -73.62250518798828 -23.04011344909668 -1
vertex -72.92253112792969 -23.04596519470215 -1
vertex -73.46366119384766 -4.04077672958374 -1
endloop
endfacet
facet normal -0.9999650528327825 0.008360210112826035 0
outer loop
vertex -70.62261199951172 -23.06519317626953 2.5
vertex -70.62261199951172 -23.06519317626953 3.5
vertex -70.4637680053711 -4.06585693359375 3.5
endloop
endfacet
facet normal 0 0 -1
outer loop
vertex -70.62261199951172 -23.06519317626953 3.5
vertex -73.62250518798828 -23.04011344909668 3.5
vertex -70.4637680053711 -4.06585693359375 3.5
endloop
endfacet
facet normal 0.008359654256673855 0.9999650574798645 0
outer loop
vertex -72.92253112792969 -23.04596519470215 -1
vertex -73.62250518798828 -23.04011344909668 -1
vertex -72.92253112792969 -23.04596519470215 0
endloop
endfacet
facet normal 0.008359654256673855 0.9999650574798645 0
outer loop
vertex -72.92253112792969 -23.04596519470215 0
vertex -73.62250518798828 -23.04011344909668 -1
vertex -73.62250518798828 -23.04011344909668 3.5
endloop
endfacet
facet normal -0.008360335406444121 -0.9999650517852571 0
outer loop
vertex -73.46366119384766 -4.04077672958374 -1
vertex -72.76368713378906 -4.046628952026367 0
vertex -72.76368713378906 -4.046628952026367 2.5
endloop
endfacet
facet normal 0.008359654256673855 0.9999650574798645 0
outer loop
vertex -72.92253112792969 -23.04596519470215 2.5
vertex -72.92253112792969 -23.04596519470215 0
vertex -73.62250518798828 -23.04011344909668 3.5
endloop
endfacet
facet normal 0 0 -1
outer loop
vertex -70.4637680053711 -4.06585693359375 3.5
vertex -73.62250518798828 -23.04011344909668 3.5
vertex -73.46366119384766 -4.04077672958374 3.5
endloop
endfacet
facet normal 0.9999650528345365 -0.008360209903019751 0
outer loop
vertex -73.62250518798828 -23.04011344909668 3.5
vertex -73.62250518798828 -23.04011344909668 -1
vertex -73.46366119384766 -4.04077672958374 3.5
endloop
endfacet
facet normal 0.0083599937933016 0.9999650546412988 0
outer loop
vertex -70.62261199951172 -23.06519317626953 2.5
vertex -72.92253112792969 -23.04596519470215 2.5
vertex -70.62261199951172 -23.06519317626953 3.5
endloop
endfacet
facet normal -0.008360335406444121 -0.9999650517852571 0
outer loop
vertex -73.46366119384766 -4.04077672958374 -1
vertex -72.76368713378906 -4.046628952026367 -1
vertex -72.76368713378906 -4.046628952026367 0
endloop
endfacet
facet normal 0.008359914568203715 0.9999650553036237 1.8222405324424816e-7
outer loop
vertex -70.62261199951172 -23.06519317626953 3.5
vertex -72.92253112792969 -23.04596519470215 2.5
vertex -73.62250518798828 -23.04011344909668 3.5
endloop
endfacet
facet normal 0 0 1
outer loop
vertex -73.46366119384766 -4.04077672958374 -1
vertex -72.92253112792969 -23.04596519470215 -1
vertex -72.76368713378906 -4.046628952026367 -1
endloop
endfacet
facet normal 0 0 -1
outer loop
vertex -29.853700637817383 -41.76435852050781 2.5
vertex -66.78997039794922 -37.699947357177734 2.5
vertex 70.19998168945312 -43.71506118774414 2.5
endloop
endfacet
facet normal -0.8511426779389518 -0.5249344166568901 0
outer loop
vertex 72.0672607421875 41.7034797668457 2.5
vertex 72.03816986083984 41.750648498535156 2.5
vertex 72.03816986083984 41.750648498535156 0
endloop
endfacet
facet normal -0.8314141711471242 0.55565319761137 0
outer loop
vertex 72.00911712646484 -44.95979309082031 0
vertex 71.97628021240234 -45.00892639160156 0
vertex 71.97628021240234 -45.00892639160156 2.5
endloop
endfacet
facet normal 0 0 -1
outer loop
vertex 72.49998474121094 -21.967815399169922 2.5
vertex 72.49998474121094 -24.715063095092773 2.5
vertex 70.19998168945312 -21.967815399169922 2.5
endloop
endfacet
facet normal 0 0 -1
outer loop
vertex 70.19998168945312 -21.967815399169922 2.5
vertex 72.49998474121094 -24.715063095092773 2.5
vertex 70.19998168945312 -24.715063095092773 2.5
endloop
endfacet
facet normal 0 0 -1
outer loop
vertex 70.19998168945312 -21.967815399169922 2.5
vertex 67.19998168945312 -37.28989791870117 2.5
vertex 70.19998168945312 -2.96781587600708 2.5
endloop
endfacet
facet normal -0.1281352755896373 0.9917566995738258 0
outer loop
vertex 68.29544067382812 -47.9903678894043 2.5
vertex 68.29544067382812 -47.9903678894043 0
vertex 68.20757293701172 -48.0017204284668 2.5
endloop
endfacet
facet normal -1 0 0
outer loop
vertex 72.49998474121094 -21.967815399169922 2.5
vertex 72.49998474121094 -24.715063095092773 0
vertex 72.49998474121094 -24.715063095092773 2.5
endloop
endfacet
facet normal -0.7406011564714098 -0.6719448839251699 0
outer loop
vertex 72.03816986083984 41.750648498535156 2.5
vertex 69.72177124023438 44.30372619628906 2.5
vertex 69.72177124023438 44.30372619628906 0
endloop
endfacet
facet normal -1 0 0
outer loop
vertex 72.49998474121094 -21.967815399169922 0
vertex 72.49998474121094 -24.715063095092773 0
vertex 72.49998474121094 -21.967815399169922 2.5
endloop
endfacet
facet normal -1 0 0
outer loop
vertex 72.49998474121094 -2.96781587600708 0
vertex 72.49998474121094 -2.96781587600708 2.5
vertex 72.49998474121094 -0.22056891024112701 2.5
endloop
endfacet
facet normal -0.3813042195357258 0.9244496158062109 0
outer loop
vertex 69.4578857421875 -47.51089859008789 2.5
vertex 69.4578857421875 -47.51089859008789 0
vertex 68.29544067382812 -47.9903678894043 2.5
endloop
endfacet
facet normal -0.5549672880031441 0.8318721712176909 0
outer loop
vertex 69.50723266601562 -47.47797775268555 2.5
vertex 69.50723266601562 -47.47797775268555 0
vertex 69.4578857421875 -47.51089859008789 2.5
endloop
endfacet
facet normal 0 0 -1
outer loop
vertex -67.20001983642578 39.290000915527344 2.5
vertex -70.24700164794922 21.862146377563477 2.5
vertex -70.08816528320312 40.861480712890625 2.5
endloop
endfacet
facet normal 0 0 -1
outer loop
vertex 70.19998168945312 -2.96781587600708 2.5
vertex 70.19998168945312 -0.22056891024112701 2.5
vertex 72.49998474121094 -2.96781587600708 2.5
endloop
endfacet
facet normal 0 0 -1
outer loop
vertex -67.20001983642578 -37.28989791870117 2.5
vertex -70.81040954589844 -45.52886199951172 2.5
vertex -70.65157318115234 -26.529525756835938 2.5
endloop
endfacet
facet normal -0.7071073274285959 0.7071062349440771 0
outer loop
vertex 71.97628021240234 -45.00892639160156 0
vertex 69.50723266601562 -47.47797775268555 0
vertex 69.50723266601562 -47.47797775268555 2.5
endloop
endfacet
facet normal 0.0030864050525943915 0.9999952370405828 0
outer loop
vertex 68.20757293701172 -48.0017204284668 2.5
vertex 68.23723602294922 -48.00181198120117 0
vertex 68.20757293701172 -48.0017204284668 0.800000011920929
endloop
endfacet
facet normal -0.5549672880031441 0.8318721712176909 0
outer loop
vertex 69.50723266601562 -47.47797775268555 0
vertex 69.4578857421875 -47.51089859008789 0
vertex 69.4578857421875 -47.51089859008789 2.5
endloop
endfacet
facet normal -0.3813042195357258 0.9244496158062109 0
outer loop
vertex 69.4578857421875 -47.51089859008789 0
vertex 68.29544067382812 -47.9903678894043 0
vertex 68.29544067382812 -47.9903678894043 2.5
endloop
endfacet
facet normal 0 0 -1
outer loop
vertex -70.81040954589844 -45.52886199951172 2.5
vertex -67.20001983642578 -37.28989791870117 2.5
vertex -66.78997039794922 -37.699947357177734 2.5
endloop
endfacet
facet normal 0 0 -1
outer loop
vertex -71.2275619506836 -47.5396728515625 2.5
vertex -73.06578063964844 -45.680484771728516 2.5
vertex 71.97628021240234 -45.00892639160156 2.5
endloop
endfacet
facet normal -0.19292390232399748 0.9812109672198511 -0.0023250203364329237
outer loop
vertex 68.29544067382812 -47.9903678894043 0
vertex 68.23723602294922 -48.00181198120117 0
vertex 68.20757293701172 -48.0017204284668 2.5
endloop
endfacet
facet normal -0.0007884238224923325 -0.999999689162382 0.000007938229734331316
outer loop
vertex -68.05239868164062 45.000511169433594 0
vertex 49.361610412597656 44.907958984375 2.5
vertex -49.024662017822266 44.98551559448242 0.800000011920929
endloop
endfacet
facet normal 0 0 -1
outer loop
vertex -73.11083221435547 -45.569515228271484 2.5
vertex -73.1103286743164 -45.50963592529297 2.5
vertex -70.81040954589844 -45.52886199951172 2.5
endloop
endfacet
facet normal -0.0007882668736206661 -0.9999996893160499 0.000001771954809047236
outer loop
vertex 49.361610412597656 44.907958984375 0.800000011920929
vertex -68.05239868164062 45.000511169433594 0
vertex 68.39295959472656 44.8929557800293 0
endloop
endfacet
facet normal 0.9893486874142119 -0.14556501884648004 0
outer loop
vertex -72.3880844116211 40.88071060180664 0
vertex -72.37458038330078 40.97249221801758 0
vertex -72.37458038330078 40.97249221801758 2.5
endloop
endfacet
facet normal 0 0 -1
outer loop
vertex -67.20001983642578 39.290000915527344 2.5
vertex -67.20001983642578 -37.28989791870117 2.5
vertex -70.27596282958984 18.397811889648438 2.5
endloop
endfacet
facet normal 0.9999650585944313 -0.008359520933380968 0
outer loop
vertex -72.76368713378906 -4.046628952026367 2.5
vertex -72.76368713378906 -4.046628952026367 0
vertex -72.73472595214844 -0.582295298576355 0
endloop
endfacet
facet normal 0.9893486874142119 -0.14556501884648004 0
outer loop
vertex -72.3880844116211 40.88071060180664 2.5
vertex -72.3880844116211 40.88071060180664 0
vertex -72.37458038330078 40.97249221801758 2.5
endloop
endfacet
facet normal 0.9126154311315182 -0.40881912242534985 0
outer loop
vertex -72.37458038330078 40.97249221801758 2.5
vertex -72.37458038330078 40.97249221801758 0
vertex -71.83557891845703 42.175716400146484 2.5
endloop
endfacet
facet normal -0.7071073274285959 0.7071062349440771 0
outer loop
vertex 71.97628021240234 -45.00892639160156 2.5
vertex 71.97628021240234 -45.00892639160156 0
vertex 69.50723266601562 -47.47797775268555 2.5
endloop
endfacet
facet normal -0.8314141711471242 0.55565319761137 0
outer loop
vertex 72.00911712646484 -44.95979309082031 2.5
vertex 72.00911712646484 -44.95979309082031 0
vertex 71.97628021240234 -45.00892639160156 2.5
endloop
endfacet
facet normal 0 0 -1
outer loop
vertex -71.0572280883789 -47.58616256713867 2.5
vertex -71.11711120605469 -47.58598327636719 2.5
vertex 69.4578857421875 -47.51089859008789 2.5
endloop
endfacet
facet normal 0.9999650585944313 -0.008359520933380968 0
outer loop
vertex -72.76368713378906 -4.046628952026367 2.5
vertex -72.73472595214844 -0.582295298576355 0
vertex -72.73472595214844 -0.582295298576355 2.5
endloop
endfacet
facet normal 0 0 -1
outer loop
vertex -66.78997039794922 -37.699947357177734 2.5
vertex -30.146337509155273 -41.76435852050781 2.5
vertex -70.81040954589844 -45.52886199951172 2.5
endloop
endfacet
facet normal 0 0 -1
outer loop
vertex -70.81040954589844 -45.52886199951172 2.5
vertex -30.692928314208984 -42.78696060180664 2.5
vertex -30.623620986938477 -42.9166259765625 2.5
endloop
endfacet
facet normal 0 0 -1
outer loop
vertex -70.81040954589844 -45.52886199951172 2.5
vertex -30.530349731445312 -43.03028106689453 2.5
vertex -30.416696548461914 -43.12355041503906 2.5
endloop
endfacet
facet normal 0 0 -1
outer loop
vertex -30.530349731445312 -43.03028106689453 2.5
vertex -70.81040954589844 -45.52886199951172 2.5
vertex -30.623620986938477 -42.9166259765625 2.5
endloop
endfacet
facet normal 0 0 -1
outer loop
vertex -67.20001983642578 -37.28989791870117 2.5
vertex -70.65157318115234 -26.529525756835938 2.5
vertex -70.62261199951172 -23.06519317626953 2.5
endloop
endfacet
facet normal 0.9999646441308901 -0.008408952858844207 0
outer loop
vertex -73.11083221435547 -45.569515228271484 2.5
vertex -73.1103286743164 -45.50963592529297 0
vertex -73.1103286743164 -45.50963592529297 2.5
endloop
endfacet
facet normal 0.9126154311315182 -0.40881912242534985 0
outer loop
vertex -71.83557891845703 42.175716400146484 2.5
vertex -72.37458038330078 40.97249221801758 0
vertex -71.83557891845703 42.175716400146484 0
endloop
endfacet
facet normal 0.002983949346613985 0.9999955480132383 0
outer loop
vertex 49.20765686035156 -47.94502639770508 0.800000011920929
vertex 55.208465576171875 -47.96293258666992 0.800000011920929
vertex 55.208465576171875 -47.96293258666992 0
endloop
endfacet
facet normal 0.809431001591715 -0.5872149978178633 0
outer loop
vertex -71.83557891845703 42.175716400146484 0
vertex -71.79908752441406 42.226016998291016 0
vertex -71.79908752441406 42.226016998291016 2.5
endloop
endfacet
facet normal 0.9265533225053066 0.3761634492536154 0
outer loop
vertex -73.06578063964844 -45.680484771728516 2.5
vertex -73.06578063964844 -45.680484771728516 0
vertex -73.11083221435547 -45.569515228271484 2.5
endloop
endfacet
facet normal 0.711105614830587 0.7030852043361551 0
outer loop
vertex -71.2275619506836 -47.5396728515625 2.5
vertex -71.2275619506836 -47.5396728515625 0
vertex -73.06578063964844 -45.680484771728516 2.5
endloop
endfacet
facet normal 0.0029939985568151993 0.9999955179762766 0
outer loop
vertex -71.0572280883789 -47.58616256713867 2.5
vertex -71.0572280883789 -47.58616256713867 0.800000011920929
vertex -71.11711120605469 -47.58598327636719 2.5
endloop
endfacet
facet normal 0 0 -1
outer loop
vertex -30.692928314208984 -42.78696060180664 2.5
vertex -70.81040954589844 -45.52886199951172 2.5
vertex -30.735607147216797 -42.64626693725586 2.5
endloop
endfacet
facet normal 0.6719464095043244 -0.7405997723158215 0
outer loop
vertex -71.79908752441406 42.226016998291016 0
vertex -69.2501449584961 44.538673400878906 0
vertex -69.2501449584961 44.538673400878906 2.5
endloop
endfacet
facet normal 0 0 -1
outer loop
vertex -73.06578063964844 -45.680484771728516 2.5
vertex -73.11083221435547 -45.569515228271484 2.5
vertex 72.00911712646484 -44.95979309082031 2.5
endloop
endfacet
facet normal 0.38667250050602275 0.922217098818071 0
outer loop
vertex -71.11711120605469 -47.58598327636719 2.5
vertex -71.11711120605469 -47.58598327636719 0
vertex -71.2275619506836 -47.5396728515625 2.5
endloop
endfacet
facet normal 0 0 -1
outer loop
vertex -30.735607147216797 -42.64626693725586 2.5
vertex -70.81040954589844 -45.52886199951172 2.5
vertex -30.750019073486328 -42.49995040893555 2.5
endloop
endfacet
facet normal 0.9999646441308901 -0.008408952858844207 0
outer loop
vertex -73.11083221435547 -45.569515228271484 2.5
vertex -73.11083221435547 -45.569515228271484 0
vertex -73.1103286743164 -45.50963592529297 0
endloop
endfacet
facet normal 0.9265533225053066 0.3761634492536154 0
outer loop
vertex -73.11083221435547 -45.569515228271484 0
vertex -73.11083221435547 -45.569515228271484 2.5
vertex -73.06578063964844 -45.680484771728516 0
endloop
endfacet
facet normal 0.711105614830587 0.7030852043361551 0
outer loop
vertex -73.06578063964844 -45.680484771728516 0
vertex -73.06578063964844 -45.680484771728516 2.5
vertex -71.2275619506836 -47.5396728515625 0
endloop
endfacet
facet normal 0 0 -1
outer loop
vertex -30.750019073486328 -42.49995040893555 2.5
vertex -70.81040954589844 -45.52886199951172 2.5
vertex -30.735607147216797 -42.35363006591797 2.5
endloop
endfacet
facet normal -0.0007882368325819427 -0.999999689335207 0.00000349073309398323
outer loop
vertex -68.05239868164062 45.000511169433594 0
vertex -49.024662017822266 44.98551559448242 0.800000011920929
vertex -68.024658203125 45.000492095947266 0.800000011920929
endloop
endfacet
facet normal 0.0029939985568151997 0.9999955179762766 0
outer loop
vertex -71.0572280883789 -47.58616256713867 0.800000011920929
vertex -71.11711120605469 -47.58598327636719 0
vertex -71.11711120605469 -47.58598327636719 2.5
endloop
endfacet
facet normal 0 0 -1
outer loop
vertex -73.11083221435547 -45.569515228271484 2.5
vertex -70.81040954589844 -45.52886199951172 2.5
vertex 70.19998168945312 -43.71506118774414 2.5
endloop
endfacet
facet normal 0.002983938650493416 0.9999955480451551 0
outer loop
vertex -52.05731201171875 -47.64285659790039 0.800000011920929
vertex -52.05731201171875 -47.64285659790039 2.5
vertex 49.20765686035156 -47.94502639770508 0.800000011920929
endloop
endfacet
facet normal 0 0 -1
outer loop
vertex -71.0572280883789 -47.58616256713867 2.5
vertex 69.4578857421875 -47.51089859008789 2.5
vertex -52.05731201171875 -47.64285659790039 2.5
endloop
endfacet
facet normal 0 0 -1
outer loop
vertex 70.19998168945312 -43.71506118774414 2.5
vertex -70.81040954589844 -45.52886199951172 2.5
vertex -30.000019073486328 -43.24995040893555 2.5
endloop
endfacet
facet normal 0 0 -1
outer loop
vertex 72.48844909667969 -43.80257034301758 2.5
vertex 70.19998168945312 -43.71506118774414 2.5
vertex 72.49998474121094 -43.74460983276367 2.5
endloop
endfacet
facet normal 0 0 -1
outer loop
vertex 70.19998168945312 -43.71506118774414 2.5
vertex 66.78993225097656 -37.699947357177734 2.5
vertex 67.19998168945312 -37.28989791870117 2.5
endloop
endfacet
facet normal 0 0 -1
outer loop
vertex -30.735607147216797 -42.35363006591797 2.5
vertex -70.81040954589844 -45.52886199951172 2.5
vertex -30.692928314208984 -42.21293640136719 2.5
endloop
endfacet
facet normal 0 0 -1
outer loop
vertex -30.692928314208984 -42.21293640136719 2.5
vertex -70.81040954589844 -45.52886199951172 2.5
vertex -30.623620986938477 -42.08327102661133 2.5
endloop
endfacet
facet normal 0.38667250050602275 0.922217098818071 0
outer loop
vertex -71.11711120605469 -47.58598327636719 0
vertex -71.2275619506836 -47.5396728515625 0
vertex -71.2275619506836 -47.5396728515625 2.5
endloop
endfacet
facet normal 0 0 -1
outer loop
vertex -70.08816528320312 40.861480712890625 2.5
vertex -72.3880844116211 40.88071060180664 2.5
vertex -72.37458038330078 40.97249221801758 2.5
endloop
endfacet
facet normal 0.002983938650487537 0.9999955480431848 0.0000019850618038612943
outer loop
vertex 49.20765686035156 -47.94502639770508 0.800000011920929
vertex -58.056331634521484 -47.62495422363281 0
vertex -52.05731201171875 -47.64285659790039 0.800000011920929
endloop
endfacet
facet normal 0 0 -1
outer loop
vertex -30.623620986938477 -42.08327102661133 2.5
vertex -70.81040954589844 -45.52886199951172 2.5
vertex -30.530349731445312 -41.96961975097656 2.5
endloop
endfacet
facet normal 0 0 -1
outer loop
vertex -30.530349731445312 -41.96961975097656 2.5
vertex -70.81040954589844 -45.52886199951172 2.5
vertex -30.416696548461914 -41.876346588134766 2.5
endloop
endfacet
facet normal 0 0 -1
outer loop
vertex -67.20001983642578 39.290000915527344 2.5
vertex -70.08816528320312 40.861480712890625 2.5
vertex -66.78997039794922 39.700050354003906 2.5
endloop
endfacet
facet normal 0.9999650402002207 -0.008361720957480777 0
outer loop
vertex -72.57588958740234 18.41703987121582 2.5
vertex -72.57588958740234 18.41703987121582 0
vertex -72.54692077636719 21.88137435913086 0
endloop
endfacet
facet normal 0 0 -1
outer loop
vertex -67.20001983642578 39.290000915527344 2.5
vertex -70.27596282958984 18.397811889648438 2.5
vertex -70.24700164794922 21.862146377563477 2.5
endloop
endfacet
facet normal 0 0 -1
outer loop
vertex -70.81040954589844 -45.52886199951172 2.5
vertex -30.416696548461914 -43.12355041503906 2.5
vertex -30.287031173706055 -43.1928596496582 2.5
endloop
endfacet
facet normal 0 0 -1
outer loop
vertex -70.81040954589844 -45.52886199951172 2.5
vertex -30.287031173706055 -43.1928596496582 2.5
vertex -30.146337509155273 -43.235538482666016 2.5
endloop
endfacet
facet normal 0 0 -1
outer loop
vertex -70.81040954589844 -45.52886199951172 2.5
vertex -30.146337509155273 -43.235538482666016 2.5
vertex -30.000019073486328 -43.24995040893555 2.5
endloop
endfacet
facet normal 0.0029839532377327078 0.9999955480016269 2.9187583392879308e-8
outer loop
vertex 49.20765686035156 -47.94502639770508 0.800000011920929
vertex 55.208465576171875 -47.96293258666992 0
vertex -58.056331634521484 -47.62495422363281 0
endloop
endfacet
facet normal 0 0 -1
outer loop
vertex 70.19998168945312 -43.71506118774414 2.5
vertex -66.78997039794922 -37.699947357177734 2.5
vertex 66.78993225097656 -37.699947357177734 2.5
endloop
endfacet
facet normal 0 0 -1
outer loop
vertex 72.00911712646484 -44.95979309082031 2.5
vertex -73.11083221435547 -45.569515228271484 2.5
vertex 72.48844909667969 -43.80257034301758 2.5
endloop
endfacet
facet normal 0 0 -1
outer loop
vertex 71.97628021240234 -45.00892639160156 2.5
vertex -73.06578063964844 -45.680484771728516 2.5
vertex 72.00911712646484 -44.95979309082031 2.5
endloop
endfacet
facet normal 0 0 -1
outer loop
vertex 69.50723266601562 -47.47797775268555 2.5
vertex -71.2275619506836 -47.5396728515625 2.5
vertex 71.97628021240234 -45.00892639160156 2.5
endloop
endfacet
facet normal 0 0 -1
outer loop
vertex 70.19998168945312 -43.71506118774414 2.5
vertex 72.48844909667969 -43.80257034301758 2.5
vertex -73.11083221435547 -45.569515228271484 2.5
endloop
endfacet
facet normal 0 0 -1
outer loop
vertex 69.4578857421875 -47.51089859008789 2.5
vertex -71.11711120605469 -47.58598327636719 2.5
vertex 69.50723266601562 -47.47797775268555 2.5
endloop
endfacet
facet normal 0 0 -1
outer loop
vertex -52.05731201171875 -47.64285659790039 2.5
vertex 69.4578857421875 -47.51089859008789 2.5
vertex 49.20765686035156 -47.94502639770508 2.5
endloop
endfacet
facet normal 0 0 -1
outer loop
vertex 70.19998168945312 -43.71506118774414 2.5
vertex -29.307109832763672 -42.21293640136719 2.5
vertex -29.37641716003418 -42.08327102661133 2.5
endloop
endfacet
facet normal 0 0 -1
outer loop
vertex -29.264429092407227 -42.35363006591797 2.5
vertex -29.307109832763672 -42.21293640136719 2.5
vertex 70.19998168945312 -43.71506118774414 2.5
endloop
endfacet
facet normal 0 0 -1
outer loop
vertex -29.469688415527344 -41.96961975097656 2.5
vertex -29.583341598510742 -41.876346588134766 2.5
vertex 70.19998168945312 -43.71506118774414 2.5
endloop
endfacet
facet normal 0 0 -1
outer loop
vertex -29.37641716003418 -42.08327102661133 2.5
vertex -29.469688415527344 -41.96961975097656 2.5
vertex 70.19998168945312 -43.71506118774414 2.5
endloop
endfacet
facet normal 0 0 -1
outer loop
vertex -29.7130069732666 -41.80704116821289 2.5
vertex -29.853700637817383 -41.76435852050781 2.5
vertex 70.19998168945312 -43.71506118774414 2.5
endloop
endfacet
facet normal 0 0 -1
outer loop
vertex -29.583341598510742 -41.876346588134766 2.5
vertex -29.7130069732666 -41.80704116821289 2.5
vertex 70.19998168945312 -43.71506118774414 2.5
endloop
endfacet
facet normal 0 0 -1
outer loop
vertex 70.19998168945312 -43.71506118774414 2.5
vertex -29.250019073486328 -42.49995040893555 2.5
vertex -29.264429092407227 -42.35363006591797 2.5
endloop
endfacet
facet normal 0 0 -1
outer loop
vertex 70.19998168945312 -43.71506118774414 2.5
vertex -29.264429092407227 -42.64626693725586 2.5
vertex -29.250019073486328 -42.49995040893555 2.5
endloop
endfacet
facet normal 0 0 -1
outer loop
vertex 68.45431518554688 44.879940032958984 2.5
vertex -68.05239868164062 45.000511169433594 2.5
vertex -49.024662017822266 44.98551559448242 2.5
endloop
endfacet
facet normal -0.000788286659255122 -0.9999996893020232 0
outer loop
vertex 49.361610412597656 44.907958984375 2.5
vertex -49.024662017822266 44.98551559448242 2.5
vertex -49.024662017822266 44.98551559448242 0.800000011920929
endloop
endfacet
facet normal 0 0 -1
outer loop
vertex 70.19998168945312 -43.71506118774414 2.5
vertex -29.307109832763672 -42.78696060180664 2.5
vertex -29.264429092407227 -42.64626693725586 2.5
endloop
endfacet
facet normal 0 0 -1
outer loop
vertex 70.19998168945312 -43.71506118774414 2.5
vertex -29.37641716003418 -42.9166259765625 2.5
vertex -29.307109832763672 -42.78696060180664 2.5
endloop
endfacet
facet normal -0.9238810529457075 0.3826797616910655 0
outer loop
vertex 72.48844909667969 -43.80257034301758 0
vertex 72.00911712646484 -44.95979309082031 0
vertex 72.00911712646484 -44.95979309082031 2.5
endloop
endfacet
facet normal 0 0 -1
outer loop
vertex 70.19998168945312 -43.71506118774414 2.5
vertex -29.583341598510742 -43.12355041503906 2.5
vertex -29.469688415527344 -43.03028106689453 2.5
endloop
endfacet
facet normal 0 0 -1
outer loop
vertex 70.19998168945312 -43.71506118774414 2.5
vertex -29.7130069732666 -43.1928596496582 2.5
vertex -29.583341598510742 -43.12355041503906 2.5
endloop
endfacet
facet normal 0 0 -1
outer loop
vertex -30.416696548461914 -41.876346588134766 2.5
vertex -70.81040954589844 -45.52886199951172 2.5
vertex -30.287031173706055 -41.80704116821289 2.5
endloop
endfacet
facet normal 0 0 -1
outer loop
vertex -30.287031173706055 -41.80704116821289 2.5
vertex -70.81040954589844 -45.52886199951172 2.5
vertex -30.146337509155273 -41.76435852050781 2.5
endloop
endfacet
facet normal 0 0 -1
outer loop
vertex -30.146337509155273 -41.76435852050781 2.5
vertex -66.78997039794922 -37.699947357177734 2.5
vertex -30.000019073486328 -41.74995040893555 2.5
endloop
endfacet
facet normal 0 0 -1
outer loop
vertex -30.000019073486328 -41.74995040893555 2.5
vertex -66.78997039794922 -37.699947357177734 2.5
vertex -29.853700637817383 -41.76435852050781 2.5
endloop
endfacet
facet normal 0 0 -1
outer loop
vertex -71.11711120605469 -47.58598327636719 2.5
vertex -71.2275619506836 -47.5396728515625 2.5
vertex 69.50723266601562 -47.47797775268555 2.5
endloop
endfacet
facet normal 0 0 -1
outer loop
vertex -70.43480682373047 -0.6015232801437378 2.5
vertex -70.27596282958984 18.397811889648438 2.5
vertex -67.20001983642578 -37.28989791870117 2.5
endloop
endfacet
facet normal 0 0 -1
outer loop
vertex -68.10694122314453 44.99038314819336 2.5
vertex -68.05239868164062 45.000511169433594 2.5
vertex 69.67093658447266 44.3404541015625 2.5
endloop
endfacet
facet normal 0.0029842033663011495 0.9999955472552209 0
outer loop
vertex -58.056331634521484 -47.62495422363281 0
vertex -58.056331634521484 -47.62495422363281 0.800000011920929
vertex -52.05731201171875 -47.64285659790039 0.800000011920929
endloop
endfacet
facet normal 0 0 -1
outer loop
vertex 70.19998168945312 -43.71506118774414 2.5
vertex -29.853700637817383 -43.235538482666016 2.5
vertex -29.7130069732666 -43.1928596496582 2.5
endloop
endfacet
facet normal 0 0 -1
outer loop
vertex 70.19998168945312 -43.71506118774414 2.5
vertex -30.000019073486328 -43.24995040893555 2.5
vertex -29.853700637817383 -43.235538482666016 2.5
endloop
endfacet
facet normal 0.002983938650493416 0.9999955480451551 0
outer loop
vertex 49.20765686035156 -47.94502639770508 0.800000011920929
vertex -52.05731201171875 -47.64285659790039 2.5
vertex 49.20765686035156 -47.94502639770508 2.5
endloop
endfacet
facet normal -0.0007882369908413804 -0.9999996893380927 0.0000024828422207432752
outer loop
vertex 68.36160278320312 44.892982482910156 0.800000011920929
vertex 49.361610412597656 44.907958984375 0.800000011920929
vertex 68.39295959472656 44.8929557800293 0
endloop
endfacet
facet normal 0.99996505857279 -0.008359523522094955 0
outer loop
vertex -72.95149230957031 -26.510297775268555 2.5
vertex -72.95149230957031 -26.510297775268555 0
vertex -72.92253112792969 -23.04596519470215 0
endloop
endfacet
facet normal 0.99996505857279 -0.008359523522094955 0
outer loop
vertex -72.95149230957031 -26.510297775268555 2.5
vertex -72.92253112792969 -23.04596519470215 0
vertex -72.92253112792969 -23.04596519470215 2.5
endloop
endfacet
facet normal 0 0 -1
outer loop
vertex -70.27596282958984 18.397811889648438 2.5
vertex -72.54692077636719 21.88137435913086 2.5
vertex -70.24700164794922 21.862146377563477 2.5
endloop
endfacet
facet normal -0.0007882548004204304 -0.9999996893271366 0
outer loop
vertex 49.361610412597656 44.907958984375 0.800000011920929
vertex 49.361610412597656 44.907958984375 2.5
vertex -68.05239868164062 45.000511169433594 0
endloop
endfacet
facet normal 0 0 -1
outer loop
vertex 66.78993225097656 39.700050354003906 2.5
vertex -66.78997039794922 39.700050354003906 2.5
vertex 70.19998168945312 40.526676177978516 2.5
endloop
endfacet
facet normal 0 0 -1
outer loop
vertex 70.19998168945312 40.526676177978516 2.5
vertex -72.37458038330078 40.97249221801758 2.5
vertex 72.49998474121094 40.554386138916016 2.5
endloop
endfacet
facet normal 0 0 -1
outer loop
vertex 72.49998474121094 40.554386138916016 2.5
vertex -71.83557891845703 42.175716400146484 2.5
vertex 72.48983001708984 40.60886764526367 2.5
endloop
endfacet
facet normal 0 0 -1
outer loop
vertex 49.361610412597656 44.907958984375 2.5
vertex 68.45431518554688 44.879940032958984 2.5
vertex -49.024662017822266 44.98551559448242 2.5
endloop
endfacet
facet normal 0 0 -1
outer loop
vertex 72.48983001708984 40.60886764526367 2.5
vertex -71.79908752441406 42.226016998291016 2.5
vertex 72.0672607421875 41.7034797668457 2.5
endloop
endfacet
facet normal 0 0 -1
outer loop
vertex 72.0672607421875 41.7034797668457 2.5
vertex -69.2501449584961 44.538673400878906 2.5
vertex 72.03816986083984 41.750648498535156 2.5
endloop
endfacet
facet normal 0 0 -1
outer loop
vertex 72.03816986083984 41.750648498535156 2.5
vertex -69.20291137695312 44.567787170410156 2.5
vertex 69.72177124023438 44.30372619628906 2.5
endloop
endfacet
facet normal 0 0 -1
outer loop
vertex 69.67093658447266 44.3404541015625 2.5
vertex -68.05239868164062 45.000511169433594 2.5
vertex 68.45431518554688 44.879940032958984 2.5
endloop
endfacet
facet normal 0 0 -1
outer loop
vertex 69.72177124023438 44.30372619628906 2.5
vertex -68.10694122314453 44.99038314819336 2.5
vertex 69.67093658447266 44.3404541015625 2.5
endloop
endfacet
facet normal -0.0006875685943514069 -0.9999997636246861 0
outer loop
vertex -68.05239868164062 45.000511169433594 2.5
vertex -68.05239868164062 45.000511169433594 0
vertex -68.024658203125 45.000492095947266 0.800000011920929
endloop
endfacet
facet normal 0 0 -1
outer loop
vertex -70.43480682373047 -0.6015232801437378 2.5
vertex -70.4637680053711 -4.06585693359375 2.5
vertex -72.73472595214844 -0.582295298576355 2.5
endloop
endfacet
facet normal 0 0 -1
outer loop
vertex -70.08816528320312 40.861480712890625 2.5
vertex -72.37458038330078 40.97249221801758 2.5
vertex 70.19998168945312 40.526676177978516 2.5
endloop
endfacet
facet normal 0.18256940347170367 -0.9831929683007229 0
outer loop
vertex -68.10694122314453 44.99038314819336 0
vertex -68.05239868164062 45.000511169433594 0
vertex -68.05239868164062 45.000511169433594 2.5
endloop
endfacet
facet normal 0 0 -1
outer loop
vertex -72.37458038330078 40.97249221801758 2.5
vertex -71.83557891845703 42.175716400146484 2.5
vertex 72.49998474121094 40.554386138916016 2.5
endloop
endfacet
facet normal -1 0 0
outer loop
vertex 72.49998474121094 -0.22056891024112701 0
vertex 72.49998474121094 -2.96781587600708 0
vertex 72.49998474121094 -0.22056891024112701 2.5
endloop
endfacet
facet normal 0.809431001591715 -0.5872149978178633 0
outer loop
vertex -71.83557891845703 42.175716400146484 2.5
vertex -71.83557891845703 42.175716400146484 0
vertex -71.79908752441406 42.226016998291016 2.5
endloop
endfacet
facet normal 0 0 -1
outer loop
vertex -66.78997039794922 39.700050354003906 2.5
vertex -70.08816528320312 40.861480712890625 2.5
vertex 70.19998168945312 40.526676177978516 2.5
endloop
endfacet
facet normal 0 0 -1
outer loop
vertex 70.19998168945312 -2.96781587600708 2.5
vertex 67.19998168945312 -37.28989791870117 2.5
vertex 67.19998168945312 39.290000915527344 2.5
endloop
endfacet
facet normal 0 0 -1
outer loop
vertex 72.49998474121094 -0.22056891024112701 2.5
vertex 72.49998474121094 -2.96781587600708 2.5
vertex 70.19998168945312 -0.22056891024112701 2.5
endloop
endfacet
facet normal 0.6719464095043244 -0.7405997723158215 0
outer loop
vertex -71.79908752441406 42.226016998291016 2.5
vertex -71.79908752441406 42.226016998291016 0
vertex -69.2501449584961 44.538673400878906 2.5
endloop
endfacet
facet normal 0 0 -1
outer loop
vertex -72.57588958740234 18.41703987121582 2.5
vertex -72.54692077636719 21.88137435913086 2.5
vertex -70.27596282958984 18.397811889648438 2.5
endloop
endfacet
facet normal 0.5247110363878899 -0.8512804052089691 0
outer loop
vertex -69.2501449584961 44.538673400878906 2.5
vertex -69.2501449584961 44.538673400878906 0
vertex -69.20291137695312 44.567787170410156 2.5
endloop
endfacet
facet normal 0.3597717478474196 -0.933040347171982 0
outer loop
vertex -69.20291137695312 44.567787170410156 2.5
vertex -69.20291137695312 44.567787170410156 0
vertex -68.10694122314453 44.99038314819336 2.5
endloop
endfacet
facet normal -0.9807639630277426 0.19519746111595984 0
outer loop
vertex 72.49998474121094 -43.74460983276367 0
vertex 72.48844909667969 -43.80257034301758 0
vertex 72.48844909667969 -43.80257034301758 2.5
endloop
endfacet
facet normal 0.9999650402002207 -0.008361720957480777 0
outer loop
vertex -72.57588958740234 18.41703987121582 2.5
vertex -72.54692077636719 21.88137435913086 0
vertex -72.54692077636719 21.88137435913086 2.5
endloop
endfacet
facet normal -1 0 0
outer loop
vertex 72.49998474121094 21.52667808532715 0
vertex 72.49998474121094 18.779430389404297 0
vertex 72.49998474121094 21.52667808532715 2.5
endloop
endfacet
facet normal -1 0 0
outer loop
vertex 72.49998474121094 21.52667808532715 2.5
vertex 72.49998474121094 18.779430389404297 0
vertex 72.49998474121094 18.779430389404297 2.5
endloop
endfacet
facet normal 0.18256940347170367 -0.9831929683007229 0
outer loop
vertex -68.10694122314453 44.99038314819336 2.5
vertex -68.10694122314453 44.99038314819336 0
vertex -68.05239868164062 45.000511169433594 2.5
endloop
endfacet
facet normal 0 0 -1
outer loop
vertex 70.19998168945312 -0.22056891024112701 2.5
vertex 70.19998168945312 -2.96781587600708 2.5
vertex 67.19998168945312 39.290000915527344 2.5
endloop
endfacet
facet normal 0 0 -1
outer loop
vertex -72.76368713378906 -4.046628952026367 2.5
vertex -72.73472595214844 -0.582295298576355 2.5
vertex -70.4637680053711 -4.06585693359375 2.5
endloop
endfacet
facet normal -0.9238810529457075 0.3826797616910655 0
outer loop
vertex 72.48844909667969 -43.80257034301758 2.5
vertex 72.48844909667969 -43.80257034301758 0
vertex 72.00911712646484 -44.95979309082031 2.5
endloop
endfacet
facet normal 0 0 -1
outer loop
vertex 70.19998168945312 18.779430389404297 2.5
vertex 70.19998168945312 -0.22056891024112701 2.5
vertex 67.19998168945312 39.290000915527344 2.5
endloop
endfacet
facet normal 0 0 -1
outer loop
vertex 70.19998168945312 21.52667808532715 2.5
vertex 72.49998474121094 18.779430389404297 2.5
vertex 70.19998168945312 18.779430389404297 2.5
endloop
endfacet
facet normal 0 0 -1
outer loop
vertex 70.19998168945312 -24.715063095092773 2.5
vertex 67.19998168945312 -37.28989791870117 2.5
vertex 70.19998168945312 -21.967815399169922 2.5
endloop
endfacet
facet normal -0.9807639630277426 0.19519746111595984 0
outer loop
vertex 72.49998474121094 -43.74460983276367 0
vertex 72.48844909667969 -43.80257034301758 2.5
vertex 72.49998474121094 -43.74460983276367 2.5
endloop
endfacet
facet normal 0 0 -1
outer loop
vertex 72.49998474121094 21.52667808532715 2.5
vertex 72.49998474121094 18.779430389404297 2.5
vertex 70.19998168945312 21.52667808532715 2.5
endloop
endfacet
facet normal 0 0 -1
outer loop
vertex 69.4578857421875 -47.51089859008789 2.5
vertex 68.20757293701172 -48.0017204284668 2.5
vertex 49.20765686035156 -47.94502639770508 2.5
endloop
endfacet
facet normal 0.3597717478474196 -0.933040347171982 0
outer loop
vertex -69.20291137695312 44.567787170410156 0
vertex -68.10694122314453 44.99038314819336 0
vertex -68.10694122314453 44.99038314819336 2.5
endloop
endfacet
facet normal 0.5247110363878899 -0.8512804052089691 0
outer loop
vertex -69.2501449584961 44.538673400878906 0
vertex -69.20291137695312 44.567787170410156 0
vertex -69.20291137695312 44.567787170410156 2.5
endloop
endfacet
facet normal 0 0 -1
outer loop
vertex -71.83557891845703 42.175716400146484 2.5
vertex -71.79908752441406 42.226016998291016 2.5
vertex 72.48983001708984 40.60886764526367 2.5
endloop
endfacet
facet normal 0 0 -1
outer loop
vertex -71.79908752441406 42.226016998291016 2.5
vertex -69.2501449584961 44.538673400878906 2.5
vertex 72.0672607421875 41.7034797668457 2.5
endloop
endfacet
facet normal 0 0 -1
outer loop
vertex 70.19998168945312 -43.71506118774414 2.5
vertex 67.19998168945312 -37.28989791870117 2.5
vertex 70.19998168945312 -24.715063095092773 2.5
endloop
endfacet
facet normal 0 0 -1
outer loop
vertex 70.19998168945312 40.526676177978516 2.5
vertex 67.19998168945312 39.290000915527344 2.5
vertex 66.78993225097656 39.700050354003906 2.5
endloop
endfacet
facet normal 0 0 -1
outer loop
vertex -70.65157318115234 -26.529525756835938 2.5
vertex -72.95149230957031 -26.510297775268555 2.5
vertex -72.92253112792969 -23.04596519470215 2.5
endloop
endfacet
facet normal 0 0 -1
outer loop
vertex 70.19998168945312 21.52667808532715 2.5
vertex 70.19998168945312 18.779430389404297 2.5
vertex 67.19998168945312 39.290000915527344 2.5
endloop
endfacet
facet normal 0 0 -1
outer loop
vertex -70.62261199951172 -23.06519317626953 2.5
vertex -70.65157318115234 -26.529525756835938 2.5
vertex -72.92253112792969 -23.04596519470215 2.5
endloop
endfacet
facet normal 0 0 -1
outer loop
vertex 69.4578857421875 -47.51089859008789 2.5
vertex 68.29544067382812 -47.9903678894043 2.5
vertex 68.20757293701172 -48.0017204284668 2.5
endloop
endfacet
facet normal 0 0 -1
outer loop
vertex 70.19998168945312 40.526676177978516 2.5
vertex 70.19998168945312 21.52667808532715 2.5
vertex 67.19998168945312 39.290000915527344 2.5
endloop
endfacet
facet normal 0 0 -1
outer loop
vertex -67.20001983642578 -37.28989791870117 2.5
vertex -70.4637680053711 -4.06585693359375 2.5
vertex -70.43480682373047 -0.6015232801437378 2.5
endloop
endfacet
facet normal 0 0 -1
outer loop
vertex 68.36160278320312 44.892982482910156 2.5
vertex 68.45431518554688 44.879940032958984 2.5
vertex 49.361610412597656 44.907958984375 2.5
endloop
endfacet
facet normal 0 0 -1
outer loop
vertex -69.2501449584961 44.538673400878906 2.5
vertex -69.20291137695312 44.567787170410156 2.5
vertex 72.03816986083984 41.750648498535156 2.5
endloop
endfacet
facet normal -0.9830695467370066 -0.18323281987214057 0
outer loop
vertex 72.49998474121094 40.554386138916016 0
vertex 72.49998474121094 40.554386138916016 2.5
vertex 72.48983001708984 40.60886764526367 0
endloop
endfacet
facet normal -0.9328981046442015 -0.3601404258775407 0
outer loop
vertex 72.0672607421875 41.7034797668457 0
vertex 72.48983001708984 40.60886764526367 0
vertex 72.48983001708984 40.60886764526367 2.5
endloop
endfacet
facet normal 0 0 -1
outer loop
vertex -67.20001983642578 -37.28989791870117 2.5
vertex -70.62261199951172 -23.06519317626953 2.5
vertex -70.4637680053711 -4.06585693359375 2.5
endloop
endfacet
facet normal -0.9830695467370066 -0.18323281987214057 0
outer loop
vertex 72.49998474121094 40.554386138916016 2.5
vertex 72.48983001708984 40.60886764526367 2.5
vertex 72.48983001708984 40.60886764526367 0
endloop
endfacet
facet normal -0.9328981046442015 -0.3601404258775407 0
outer loop
vertex 72.0672607421875 41.7034797668457 0
vertex 72.48983001708984 40.60886764526367 2.5
vertex 72.0672607421875 41.7034797668457 2.5
endloop
endfacet
facet normal 0 0 -1
outer loop
vertex -69.20291137695312 44.567787170410156 2.5
vertex -68.10694122314453 44.99038314819336 2.5
vertex 69.72177124023438 44.30372619628906 2.5
endloop
endfacet
facet normal 0.002984218981272676 0.9999955472014439 -0.000003788978207672924
outer loop
vertex 68.20757293701172 -48.0017204284668 0.800000011920929
vertex 68.23723602294922 -48.00181198120117 0
vertex 63.208465576171875 -47.9868049621582 0
endloop
endfacet
facet normal -0.585637119994208 -0.810573354906815 0
outer loop
vertex 69.72177124023438 44.30372619628906 0
vertex 69.72177124023438 44.30372619628906 2.5
vertex 69.67093658447266 44.3404541015625 0
endloop
endfacet
facet normal -0.20751831775084803 -0.9782311320939742 0
outer loop
vertex 68.39295959472656 44.8929557800293 0
vertex 68.45431518554688 44.879940032958984 0
vertex 68.45431518554688 44.879940032958984 2.5
endloop
endfacet
facet normal -0.4053636157811352 -0.9141555332659996 0
outer loop
vertex 68.45431518554688 44.879940032958984 0
vertex 69.67093658447266 44.3404541015625 0
vertex 69.67093658447266 44.3404541015625 2.5
endloop
endfacet
facet normal -0.0008515811997363322 -0.9999996374046644 0
outer loop
vertex 68.36160278320312 44.892982482910156 0.800000011920929
vertex 68.39295959472656 44.8929557800293 0
vertex 68.36160278320312 44.892982482910156 2.5
endloop
endfacet
facet normal 0.00298361264192061 0.9999955490178959 0
outer loop
vertex 63.208465576171875 -47.9868049621582 0
vertex 63.208465576171875 -47.9868049621582 0.800000011920929
vertex 68.20757293701172 -48.0017204284668 0.800000011920929
endloop
endfacet
facet normal -0.7406011564714098 -0.6719448839251699 0
outer loop
vertex 69.72177124023438 44.30372619628906 0
vertex 72.03816986083984 41.750648498535156 0
vertex 72.03816986083984 41.750648498535156 2.5
endloop
endfacet
facet normal -0.8511426779389518 -0.5249344166568901 0
outer loop
vertex 72.0672607421875 41.7034797668457 0
vertex 72.0672607421875 41.7034797668457 2.5
vertex 72.03816986083984 41.750648498535156 0
endloop
endfacet
facet normal -0.585637119994208 -0.810573354906815 0
outer loop
vertex 69.72177124023438 44.30372619628906 2.5
vertex 69.67093658447266 44.3404541015625 2.5
vertex 69.67093658447266 44.3404541015625 0
endloop
endfacet
facet normal -0.13930456388805065 -0.9902480610515305 -0.0017366817912787104
outer loop
vertex 68.36160278320312 44.892982482910156 2.5
vertex 68.39295959472656 44.8929557800293 0
vertex 68.45431518554688 44.879940032958984 2.5
endloop
endfacet
facet normal -0.4053636157811352 -0.9141555332659996 0
outer loop
vertex 68.45431518554688 44.879940032958984 2.5
vertex 68.45431518554688 44.879940032958984 0
vertex 69.67093658447266 44.3404541015625 2.5
endloop
endfacet
facet normal 0.002984190557685623 0.9999955472934445 0
outer loop
vertex -71.11711120605469 -47.58598327636719 0
vertex -66.05633544921875 -47.6010856628418 0.800000011920929
vertex -66.05633544921875 -47.6010856628418 0
endloop
endfacet
facet normal 0.0029840731119337013 0.9999955476436436 7.429648675643791e-7
outer loop
vertex -71.0572280883789 -47.58616256713867 0.800000011920929
vertex -66.05633544921875 -47.6010856628418 0.800000011920929
vertex -71.11711120605469 -47.58598327636719 0
endloop
endfacet
facet normal 0 0 -1
outer loop
vertex 70.19998168945312 -43.71506118774414 2.5
vertex -29.469688415527344 -43.03028106689453 2.5
vertex -29.37641716003418 -42.9166259765625 2.5
endloop
endfacet
facet normal 0 1 0
outer loop
vertex 63.208465576171875 -47.674869537353516 0.800000011920929
vertex 63.208465576171875 -47.674869537353516 -0.44999998807907104
vertex 55.208465576171875 -47.674869537353516 0.800000011920929
endloop
endfacet
facet normal -1 0 0
outer loop
vertex 55.208465576171875 -47.674869537353516 0.800000011920929
vertex 55.208465576171875 -47.96293258666992 0
vertex 55.208465576171875 -47.96293258666992 0.800000011920929
endloop
endfacet
facet normal 0 0 -1
outer loop
vertex 55.208465576171875 -48.47352981567383 -0.44999998807907104
vertex 55.208465576171875 -47.96293258666992 -0.44999998807907104
vertex 63.208465576171875 -47.674869537353516 -0.44999998807907104
endloop
endfacet
facet normal 0 0 -1
outer loop
vertex 63.208465576171875 -47.674869537353516 -0.44999998807907104
vertex 55.208465576171875 -47.96293258666992 -0.44999998807907104
vertex 55.208465576171875 -47.674869537353516 -0.44999998807907104
endloop
endfacet
facet normal 0 0 -1
outer loop
vertex 63.208465576171875 -48.47352981567383 -0.44999998807907104
vertex 55.208465576171875 -48.47352981567383 -0.44999998807907104
vertex 63.208465576171875 -47.9868049621582 -0.44999998807907104
endloop
endfacet
facet normal 0 0 -1
outer loop
vertex 63.208465576171875 -47.9868049621582 -0.44999998807907104
vertex 55.208465576171875 -48.47352981567383 -0.44999998807907104
vertex 63.208465576171875 -47.674869537353516 -0.44999998807907104
endloop
endfacet
facet normal 0 1 0
outer loop
vertex 55.208465576171875 -47.674869537353516 -0.44999998807907104
vertex 55.208465576171875 -47.674869537353516 0.800000011920929
vertex 63.208465576171875 -47.674869537353516 -0.44999998807907104
endloop
endfacet
facet normal -1 0 0
outer loop
vertex 55.208465576171875 -47.674869537353516 0.800000011920929
vertex 55.208465576171875 -47.674869537353516 -0.44999998807907104
vertex 55.208465576171875 -47.96293258666992 0
endloop
endfacet
facet normal 1 0 0
outer loop
vertex 63.208465576171875 -47.9868049621582 0
vertex 63.208465576171875 -47.9868049621582 -0.44999998807907104
vertex 63.208465576171875 -47.674869537353516 -0.44999998807907104
endloop
endfacet
facet normal -1 0 0
outer loop
vertex 55.208465576171875 -47.96293258666992 -0.44999998807907104
vertex 55.208465576171875 -47.96293258666992 0
vertex 55.208465576171875 -47.674869537353516 -0.44999998807907104
endloop
endfacet
facet normal 1 0 0
outer loop
vertex 63.208465576171875 -47.674869537353516 -0.44999998807907104
vertex 63.208465576171875 -47.674869537353516 0.800000011920929
vertex 63.208465576171875 -47.9868049621582 0.800000011920929
endloop
endfacet
facet normal 1 0 0
outer loop
vertex 63.208465576171875 -47.674869537353516 -0.44999998807907104
vertex 63.208465576171875 -47.9868049621582 0.800000011920929
vertex 63.208465576171875 -47.9868049621582 0
endloop
endfacet
facet normal -1 0 0
outer loop
vertex -66.05633544921875 -47.313018798828125 0.800000011920929
vertex -66.05633544921875 -47.313018798828125 -0.44999998807907104
vertex -66.05633544921875 -47.6010856628418 0
endloop
endfacet
facet normal 0 0 -1
outer loop
vertex -58.056331634521484 -47.62495422363281 -0.44999998807907104
vertex -66.05633544921875 -48.11167907714844 -0.44999998807907104
vertex -58.056331634521484 -47.313018798828125 -0.44999998807907104
endloop
endfacet
facet normal 1 0 0
outer loop
vertex -58.056331634521484 -47.62495422363281 0
vertex -58.056331634521484 -47.62495422363281 -0.44999998807907104
vertex -58.056331634521484 -47.313018798828125 -0.44999998807907104
endloop
endfacet
facet normal -1 0 0
outer loop
vertex -66.05633544921875 -47.313018798828125 0.800000011920929
vertex -66.05633544921875 -47.6010856628418 0
vertex -66.05633544921875 -47.6010856628418 0.800000011920929
endloop
endfacet
facet normal 0 1 0
outer loop
vertex -66.05633544921875 -47.313018798828125 -0.44999998807907104
vertex -66.05633544921875 -47.313018798828125 0.800000011920929
vertex -58.056331634521484 -47.313018798828125 -0.44999998807907104
endloop
endfacet
facet normal 1 0 0
outer loop
vertex -58.056331634521484 -47.313018798828125 -0.44999998807907104
vertex -58.056331634521484 -47.62495422363281 0.800000011920929
vertex -58.056331634521484 -47.62495422363281 0
endloop
endfacet
facet normal 1 0 0
outer loop
vertex -58.056331634521484 -47.313018798828125 -0.44999998807907104
vertex -58.056331634521484 -47.313018798828125 0.800000011920929
vertex -58.056331634521484 -47.62495422363281 0.800000011920929
endloop
endfacet
facet normal 0 1 0
outer loop
vertex -58.056331634521484 -47.313018798828125 0.800000011920929
vertex -58.056331634521484 -47.313018798828125 -0.44999998807907104
vertex -66.05633544921875 -47.313018798828125 0.800000011920929
endloop
endfacet
facet normal 0 0 -1
outer loop
vertex -58.056331634521484 -48.11167907714844 -0.44999998807907104
vertex -66.05633544921875 -48.11167907714844 -0.44999998807907104
vertex -58.056331634521484 -47.62495422363281 -0.44999998807907104
endloop
endfacet
facet normal 0 0 -1
outer loop
vertex -58.056331634521484 -47.313018798828125 -0.44999998807907104
vertex -66.05633544921875 -47.6010856628418 -0.44999998807907104
vertex -66.05633544921875 -47.313018798828125 -0.44999998807907104
endloop
endfacet
facet normal 0 0 -1
outer loop
vertex -66.05633544921875 -48.11167907714844 -0.44999998807907104
vertex -66.05633544921875 -47.6010856628418 -0.44999998807907104
vertex -58.056331634521484 -47.313018798828125 -0.44999998807907104
endloop
endfacet
facet normal -1 0 0
outer loop
vertex -66.05633544921875 -47.6010856628418 -0.44999998807907104
vertex -66.05633544921875 -47.6010856628418 0
vertex -66.05633544921875 -47.313018798828125 -0.44999998807907104
endloop
endfacet
facet normal 0 0 1
outer loop
vertex 49.36255645751953 46.10795974731445 0.800000011920929
vertex 49.361610412597656 44.907958984375 0.800000011920929
vertex 68.362548828125 46.092979431152344 0.800000011920929
endloop
endfacet
facet normal 0.999999689236306 -0.0007883700219999932 0
outer loop
vertex 49.361610412597656 44.907958984375 0.800000011920929
vertex 49.36255645751953 46.10795974731445 0.800000011920929
vertex 49.361610412597656 44.907958984375 2.5
endloop
endfacet
facet normal 0.999999689236306 -0.0007883700219999932 0
outer loop
vertex 49.36255645751953 46.10795974731445 2.5
vertex 49.361610412597656 44.907958984375 2.5
vertex 49.36255645751953 46.10795974731445 0.800000011920929
endloop
endfacet
facet normal -0.000788437764277562 -0.9999996891828976 0
outer loop
vertex 49.36255645751953 46.10795974731445 0.800000011920929
vertex 68.362548828125 46.092979431152344 2.5
vertex 49.36255645751953 46.10795974731445 2.5
endloop
endfacet
facet normal 0 0 -1
outer loop
vertex 49.361610412597656 44.907958984375 2.5
vertex 49.36255645751953 46.10795974731445 2.5
vertex 68.36160278320312 44.892982482910156 2.5
endloop
endfacet
facet normal 0 0 1
outer loop
vertex 68.36160278320312 44.892982482910156 0.800000011920929
vertex 68.362548828125 46.092979431152344 0.800000011920929
vertex 49.361610412597656 44.907958984375 0.800000011920929
endloop
endfacet
facet normal 0 0 -1
outer loop
vertex 68.36160278320312 44.892982482910156 2.5
vertex 49.36255645751953 46.10795974731445 2.5
vertex 68.362548828125 46.092979431152344 2.5
endloop
endfacet
facet normal -0.000788437764277562 -0.9999996891828976 0
outer loop
vertex 49.36255645751953 46.10795974731445 0.800000011920929
vertex 68.362548828125 46.092979431152344 0.800000011920929
vertex 68.362548828125 46.092979431152344 2.5
endloop
endfacet
facet normal -0.9999996892343302 0.0007883725281656152 0
outer loop
vertex 68.36160278320312 44.892982482910156 0.800000011920929
vertex 68.362548828125 46.092979431152344 2.5
vertex 68.362548828125 46.092979431152344 0.800000011920929
endloop
endfacet
facet normal -0.9999996892343302 0.0007883725281656152 0
outer loop
vertex 68.36160278320312 44.892982482910156 0.800000011920929
vertex 68.36160278320312 44.892982482910156 2.5
vertex 68.362548828125 46.092979431152344 2.5
endloop
endfacet
facet normal 0.9998665783988219 -0.0007882675872070871 0.016315760332984746
outer loop
vertex -68.024658203125 45.000492095947266 0.800000011920929
vertex -68.02371215820312 46.20048904418945 0.800000011920929
vertex -68.05239868164062 45.000511169433594 2.5
endloop
endfacet
facet normal 0 0 1
outer loop
vertex -68.02371215820312 46.20048904418945 0.800000011920929
vertex -68.024658203125 45.000492095947266 0.800000011920929
vertex -49.02371597290039 46.18551254272461 0.800000011920929
endloop
endfacet
facet normal 0 0 -1
outer loop
vertex -49.024662017822266 44.98551559448242 2.5
vertex -68.02371215820312 46.20048904418945 2.5
vertex -49.02371597290039 46.18551254272461 2.5
endloop
endfacet
facet normal -0.9999996892343302 0.0007883725281656152 0
outer loop
vertex -49.024662017822266 44.98551559448242 2.5
vertex -49.02371597290039 46.18551254272461 2.5
vertex -49.024662017822266 44.98551559448242 0.800000011920929
endloop
endfacet
facet normal -0.9999996892343302 0.0007883725281656152 0
outer loop
vertex -49.02371597290039 46.18551254272461 0.800000011920929
vertex -49.024662017822266 44.98551559448242 0.800000011920929
vertex -49.02371597290039 46.18551254272461 2.5
endloop
endfacet
facet normal -0.0007882368325867452 -0.9999996893412997 0
outer loop
vertex -68.02371215820312 46.20048904418945 0.800000011920929
vertex -49.02371597290039 46.18551254272461 0.800000011920929
vertex -49.02371597290039 46.18551254272461 2.5
endloop
endfacet
facet normal 0.9997143769406274 -0.023899048897670506 0
outer loop
vertex -68.02371215820312 46.20048904418945 2.5
vertex -68.05239868164062 45.000511169433594 2.5
vertex -68.02371215820312 46.20048904418945 0.800000011920929
endloop
endfacet
facet normal 0 0 1
outer loop
vertex -49.024662017822266 44.98551559448242 0.800000011920929
vertex -49.02371597290039 46.18551254272461 0.800000011920929
vertex -68.024658203125 45.000492095947266 0.800000011920929
endloop
endfacet
facet normal 0 0 -1
outer loop
vertex -68.05239868164062 45.000511169433594 2.5
vertex -68.02371215820312 46.20048904418945 2.5
vertex -49.024662017822266 44.98551559448242 2.5
endloop
endfacet
facet normal -0.0007882368325867452 -0.9999996893412997 0
outer loop
vertex -68.02371215820312 46.20048904418945 0.800000011920929
vertex -49.02371597290039 46.18551254272461 2.5
vertex -68.02371215820312 46.20048904418945 2.5
endloop
endfacet
facet normal 0 0 1
outer loop
vertex -52.06089401245117 -48.84284973144531 0.800000011920929
vertex -52.05731201171875 -47.64285659790039 0.800000011920929
vertex -58.056331634521484 -47.62495422363281 0.800000011920929
endloop
endfacet
facet normal 0.0029838968510935643 0.9999955481698816 0
outer loop
vertex -52.06089401245117 -48.84284973144531 0.800000011920929
vertex -71.06080627441406 -48.786155700683594 0.800000011920929
vertex -71.06080627441406 -48.786155700683594 2.5
endloop
endfacet
facet normal 0 0 1
outer loop
vertex -66.05633544921875 -47.6010856628418 0.800000011920929
vertex -71.06080627441406 -48.786155700683594 0.800000011920929
vertex -52.06089401245117 -48.84284973144531 0.800000011920929
endloop
endfacet
facet normal -0.9999955448644655 0.0029850043921014115 0
outer loop
vertex -52.05731201171875 -47.64285659790039 2.5
vertex -52.05731201171875 -47.64285659790039 0.800000011920929
vertex -52.06089401245117 -48.84284973144531 0.800000011920929
endloop
endfacet
facet normal 0.999995554348456 -0.0029818255019656986 0
outer loop
vertex -71.0572280883789 -47.58616256713867 0.800000011920929
vertex -71.06080627441406 -48.786155700683594 2.5
vertex -71.06080627441406 -48.786155700683594 0.800000011920929
endloop
endfacet
facet normal 0 0 1
outer loop
vertex -66.05633544921875 -47.6010856628418 0.800000011920929
vertex -71.0572280883789 -47.58616256713867 0.800000011920929
vertex -71.06080627441406 -48.786155700683594 0.800000011920929
endloop
endfacet
facet normal 0.999995554348456 -0.0029818255019656986 0
outer loop
vertex -71.0572280883789 -47.58616256713867 0.800000011920929
vertex -71.0572280883789 -47.58616256713867 2.5
vertex -71.06080627441406 -48.786155700683594 2.5
endloop
endfacet
facet normal 0 0 1
outer loop
vertex -66.05633544921875 -47.313018798828125 0.800000011920929
vertex -52.06089401245117 -48.84284973144531 0.800000011920929
vertex -58.056331634521484 -47.62495422363281 0.800000011920929
endloop
endfacet
facet normal 0 0 -1
outer loop
vertex -71.0572280883789 -47.58616256713867 2.5
vertex -52.06089401245117 -48.84284973144531 2.5
vertex -71.06080627441406 -48.786155700683594 2.5
endloop
endfacet
facet normal 0.0029838968510935643 0.9999955481698816 0
outer loop
vertex -52.06089401245117 -48.84284973144531 0.800000011920929
vertex -71.06080627441406 -48.786155700683594 2.5
vertex -52.06089401245117 -48.84284973144531 2.5
endloop
endfacet
facet normal 0 0 -1
outer loop
vertex -52.05731201171875 -47.64285659790039 2.5
vertex -52.06089401245117 -48.84284973144531 2.5
vertex -71.0572280883789 -47.58616256713867 2.5
endloop
endfacet
facet normal -0.9999955448644655 0.0029850043921014115 0
outer loop
vertex -52.05731201171875 -47.64285659790039 2.5
vertex -52.06089401245117 -48.84284973144531 0.800000011920929
vertex -52.06089401245117 -48.84284973144531 2.5
endloop
endfacet
facet normal 0 0 1
outer loop
vertex -58.056331634521484 -47.62495422363281 0.800000011920929
vertex -58.056331634521484 -47.313018798828125 0.800000011920929
vertex -66.05633544921875 -47.313018798828125 0.800000011920929
endloop
endfacet
facet normal 0 0 1
outer loop
vertex -66.05633544921875 -47.6010856628418 0.800000011920929
vertex -52.06089401245117 -48.84284973144531 0.800000011920929
vertex -66.05633544921875 -47.313018798828125 0.800000011920929
endloop
endfacet
facet normal 0 0 1
outer loop
vertex 55.208465576171875 -47.96293258666992 0.800000011920929
vertex 49.20765686035156 -47.94502639770508 0.800000011920929
vertex 49.20407485961914 -49.145023345947266 0.800000011920929
endloop
endfacet
facet normal 0.9999955448927902 -0.0029849949030884186 0
outer loop
vertex 49.20407485961914 -49.145023345947266 0.800000011920929
vertex 49.20765686035156 -47.94502639770508 0.800000011920929
vertex 49.20407485961914 -49.145023345947266 2.5
endloop
endfacet
facet normal -0.9999955543767205 0.002981816023057881 0
outer loop
vertex 68.20399475097656 -49.201717376708984 2.5
vertex 68.20757293701172 -48.0017204284668 2.5
vertex 68.20399475097656 -49.201717376708984 0.800000011920929
endloop
endfacet
facet normal 0.0029838956529241118 0.9999955481734569 0
outer loop
vertex 68.20399475097656 -49.201717376708984 0.800000011920929
vertex 49.20407485961914 -49.145023345947266 0.800000011920929
vertex 49.20407485961914 -49.145023345947266 2.5
endloop
endfacet
facet normal 0 0 -1
outer loop
vertex 68.20757293701172 -48.0017204284668 2.5
vertex 68.20399475097656 -49.201717376708984 2.5
vertex 49.20765686035156 -47.94502639770508 2.5
endloop
endfacet
facet normal 0.9999955448927902 -0.0029849949030884186 0
outer loop
vertex 49.20765686035156 -47.94502639770508 2.5
vertex 49.20407485961914 -49.145023345947266 2.5
vertex 49.20765686035156 -47.94502639770508 0.800000011920929
endloop
endfacet
facet normal 0 0 -1
outer loop
vertex 49.20765686035156 -47.94502639770508 2.5
vertex 68.20399475097656 -49.201717376708984 2.5
vertex 49.20407485961914 -49.145023345947266 2.5
endloop
endfacet
facet normal 0 0 1
outer loop
vertex 55.208465576171875 -47.96293258666992 0.800000011920929
vertex 68.20399475097656 -49.201717376708984 0.800000011920929
vertex 55.208465576171875 -47.674869537353516 0.800000011920929
endloop
endfacet
facet normal 0 0 1
outer loop
vertex 63.208465576171875 -47.9868049621582 0.800000011920929
vertex 63.208465576171875 -47.674869537353516 0.800000011920929
vertex 55.208465576171875 -47.674869537353516 0.800000011920929
endloop
endfacet
facet normal 0 0 1
outer loop
vertex 55.208465576171875 -47.674869537353516 0.800000011920929
vertex 68.20399475097656 -49.201717376708984 0.800000011920929
vertex 63.208465576171875 -47.9868049621582 0.800000011920929
endloop
endfacet
facet normal 0.0029838956529241118 0.9999955481734569 0
outer loop
vertex 68.20399475097656 -49.201717376708984 0.800000011920929
vertex 49.20407485961914 -49.145023345947266 2.5
vertex 68.20399475097656 -49.201717376708984 2.5
endloop
endfacet
facet normal 0 0 1
outer loop
vertex 68.20399475097656 -49.201717376708984 0.800000011920929
vertex 68.20757293701172 -48.0017204284668 0.800000011920929
vertex 63.208465576171875 -47.9868049621582 0.800000011920929
endloop
endfacet
facet normal -0.9999955543767205 0.002981816023057881 0
outer loop
vertex 68.20757293701172 -48.0017204284668 0.800000011920929
vertex 68.20399475097656 -49.201717376708984 0.800000011920929
vertex 68.20757293701172 -48.0017204284668 2.5
endloop
endfacet
facet normal 0 0 1
outer loop
vertex 55.208465576171875 -47.96293258666992 0.800000011920929
vertex 49.20407485961914 -49.145023345947266 0.800000011920929
vertex 68.20399475097656 -49.201717376708984 0.800000011920929
endloop
endfacet
endsolid auto-kdk-case
