solid auto-kdk-case
facet normal 1 0 0
outer loop
vertex 11.949980735778809 -34.549949645996094 2.200000047683716
vertex 11.949980735778809 -23.999948501586914 1.7000000476837158
vertex 11.949980735778809 -20.449949264526367 2.200000047683716
endloop
endfacet
facet normal 1 0 0
outer loop
vertex -26.050018310546875 17.550050735473633 2.200000047683716
vertex -26.050018310546875 3.4500508308410645 2.200000047683716
vertex -26.050018310546875 14.00005054473877 1.7000000476837158
endloop
endfacet
facet normal 0 1 0
outer loop
vertex 45.04998016357422 -34.549949645996094 2.200000047683716
vertex 30.949981689453125 -34.549949645996094 0
vertex 30.949981689453125 -34.549949645996094 2.200000047683716
endloop
endfacet
facet normal -1 0 0
outer loop
vertex -49.95001983642578 17.550050735473633 0
vertex -49.95001983642578 14.00005054473877 1.7000000476837158
vertex -49.95001983642578 17.550050735473633 2.200000047683716
endloop
endfacet
facet normal -1 0 0
outer loop
vertex 26.04998207092285 7.000051021575928 1.7000000476837158
vertex 26.04998207092285 7.000051021575928 0
vertex 26.04998207092285 3.4500508308410645 2.200000047683716
endloop
endfacet
facet normal -1 0 0
outer loop
vertex 64.04998016357422 36.550052642822266 2.200000047683716
vertex 64.04998016357422 26.000051498413086 1.7000000476837158
vertex 64.04998016357422 22.450050354003906 2.200000047683716
endloop
endfacet
facet normal -1 0 0
outer loop
vertex 26.04998207092285 -23.999948501586914 1.7000000476837158
vertex 26.04998207092285 -30.999948501586914 1.7000000476837158
vertex 26.04998207092285 -20.449949264526367 2.200000047683716
endloop
endfacet
facet normal 1 0 0
outer loop
vertex 30.949981689453125 -15.549948692321777 0
vertex 30.949981689453125 -11.99994945526123 1.7000000476837158
vertex 30.949981689453125 -15.549948692321777 2.200000047683716
endloop
endfacet
facet normal 0 -1 0
outer loop
vertex 30.949981689453125 -1.4499491453170776 2.200000047683716
vertex 30.949981689453125 -1.4499491453170776 0
vertex 45.04998016357422 -1.4499491453170776 0
endloop
endfacet
facet normal 0 1 0
outer loop
vertex 64.04998016357422 22.450050354003906 2.200000047683716
vertex 49.949981689453125 22.450050354003906 0
vertex 49.949981689453125 22.450050354003906 2.200000047683716
endloop
endfacet
facet normal -1 0 0
outer loop
vertex 26.04998207092285 7.000051021575928 0
vertex 26.04998207092285 3.4500508308410645 0
vertex 26.04998207092285 3.4500508308410645 2.200000047683716
endloop
endfacet
facet normal 1 0 0
outer loop
vertex 49.949981689453125 22.450050354003906 2.200000047683716
vertex 49.949981689453125 33.00004959106445 1.7000000476837158
vertex 49.949981689453125 36.550052642822266 2.200000047683716
endloop
endfacet
facet normal 0 1 0
outer loop
vertex 26.04998207092285 3.4500508308410645 0
vertex 11.949980735778809 3.4500508308410645 0
vertex 26.04998207092285 3.4500508308410645 2.200000047683716
endloop
endfacet
facet normal 1 0 0
outer loop
vertex 49.949981689453125 22.450050354003906 2.200000047683716
vertex 49.949981689453125 26.000051498413086 1.7000000476837158
vertex 49.949981689453125 33.00004959106445 1.7000000476837158
endloop
endfacet
facet normal 1 0 0
outer loop
vertex 11.949980735778809 14.00005054473877 1.7000000476837158
vertex 11.949980735778809 14.00005054473877 0
vertex 11.949980735778809 17.550050735473633 2.200000047683716
endloop
endfacet
facet normal 0 1 0
outer loop
vertex -11.950018882751465 -34.549949645996094 2.200000047683716
vertex -26.050018310546875 -34.549949645996094 0
vertex -26.050018310546875 -34.549949645996094 2.200000047683716
endloop
endfacet
facet normal -1 0 0
outer loop
vertex 26.04998207092285 -20.449949264526367 2.200000047683716
vertex 26.04998207092285 -30.999948501586914 1.7000000476837158
vertex 26.04998207092285 -34.549949645996094 2.200000047683716
endloop
endfacet
facet normal 1 0 0
outer loop
vertex 30.949981689453125 -4.999948978424072 1.7000000476837158
vertex 30.949981689453125 -4.999948978424072 0
vertex 30.949981689453125 -1.4499491453170776 2.200000047683716
endloop
endfacet
facet normal -1 0 0
outer loop
vertex 7.049981117248535 17.550050735473633 0
vertex 7.049981117248535 14.00005054473877 1.7000000476837158
vertex 7.049981117248535 17.550050735473633 2.200000047683716
endloop
endfacet
facet normal -1 0 0
outer loop
vertex -49.95001983642578 -30.999948501586914 0
vertex -49.95001983642578 -34.549949645996094 0
vertex -49.95001983642578 -34.549949645996094 2.200000047683716
endloop
endfacet
facet normal 1 0 0
outer loop
vertex -26.050018310546875 -23.999948501586914 0
vertex -26.050018310546875 -20.449949264526367 0
vertex -26.050018310546875 -20.449949264526367 2.200000047683716
endloop
endfacet
facet normal -1 0 0
outer loop
vertex -45.20001983642578 36.550052642822266 0
vertex -45.20001983642578 33.00004959106445 0
vertex -45.20001983642578 33.00004959106445 1.7000000476837158
endloop
endfacet
facet normal -1 0 0
outer loop
vertex -45.20001983642578 36.550052642822266 0
vertex -45.20001983642578 33.00004959106445 1.7000000476837158
vertex -45.20001983642578 36.550052642822266 2.200000047683716
endloop
endfacet
facet normal -1 0 0
outer loop
vertex -11.950018882751465 -1.4499491453170776 0
vertex -11.950018882751465 -4.999948978424072 1.7000000476837158
vertex -11.950018882751465 -1.4499491453170776 2.200000047683716
endloop
endfacet
facet normal 1 0 0
outer loop
vertex 11.949980735778809 -4.999948978424072 1.7000000476837158
vertex 11.949980735778809 -4.999948978424072 0
vertex 11.949980735778809 -1.4499491453170776 2.200000047683716
endloop
endfacet
facet normal 1 0 0
outer loop
vertex -64.05001831054688 -34.549949645996094 0
vertex -64.05001831054688 -30.999948501586914 1.7000000476837158
vertex -64.05001831054688 -34.549949645996094 2.200000047683716
endloop
endfacet
facet normal -1 0 0
outer loop
vertex 45.04998016357422 26.000051498413086 0
vertex 45.04998016357422 22.450050354003906 0
vertex 45.04998016357422 22.450050354003906 2.200000047683716
endloop
endfacet
facet normal 0 1 0
outer loop
vertex -11.950018882751465 3.4500508308410645 2.200000047683716
vertex -26.050018310546875 3.4500508308410645 0
vertex -26.050018310546875 3.4500508308410645 2.200000047683716
endloop
endfacet
facet normal 1 0 0
outer loop
vertex 11.949980735778809 -23.999948501586914 0
vertex 11.949980735778809 -20.449949264526367 0
vertex 11.949980735778809 -20.449949264526367 2.200000047683716
endloop
endfacet
facet normal 1 0 0
outer loop
vertex 30.949981689453125 -34.549949645996094 2.200000047683716
vertex 30.949981689453125 -23.999948501586914 1.7000000476837158
vertex 30.949981689453125 -20.449949264526367 2.200000047683716
endloop
endfacet
facet normal -1 0 0
outer loop
vertex -11.950018882751465 7.000051021575928 0
vertex -11.950018882751465 3.4500508308410645 0
vertex -11.950018882751465 3.4500508308410645 2.200000047683716
endloop
endfacet
facet normal -1 0 0
outer loop
vertex 7.049981117248535 3.4500508308410645 2.200000047683716
vertex 7.049981117248535 17.550050735473633 2.200000047683716
vertex 7.049981117248535 7.000051021575928 1.7000000476837158
endloop
endfacet
facet normal 1 0 0
outer loop
vertex -26.050018310546875 -4.999948978424072 1.7000000476837158
vertex -26.050018310546875 -4.999948978424072 0
vertex -26.050018310546875 -1.4499491453170776 2.200000047683716
endloop
endfacet
facet normal -1 0 0
outer loop
vertex -30.95001792907715 -20.449949264526367 2.200000047683716
vertex -30.95001792907715 -30.999948501586914 1.7000000476837158
vertex -30.95001792907715 -34.549949645996094 2.200000047683716
endloop
endfacet
facet normal -1 0 0
outer loop
vertex -11.950018882751465 -20.449949264526367 0
vertex -11.950018882751465 -23.999948501586914 0
vertex -11.950018882751465 -23.999948501586914 1.7000000476837158
endloop
endfacet
facet normal -1 0 0
outer loop
vertex 64.04998016357422 -11.99994945526123 0
vertex 64.04998016357422 -15.549948692321777 2.200000047683716
vertex 64.04998016357422 -11.99994945526123 1.7000000476837158
endloop
endfacet
facet normal 1 0 0
outer loop
vertex -26.050018310546875 -11.99994945526123 0
vertex -26.050018310546875 -11.99994945526123 1.7000000476837158
vertex -26.050018310546875 -15.549948692321777 0
endloop
endfacet
facet normal 0 1 0
outer loop
vertex -11.950018882751465 -15.549948692321777 2.200000047683716
vertex -26.050018310546875 -15.549948692321777 0
vertex -26.050018310546875 -15.549948692321777 2.200000047683716
endloop
endfacet
facet normal 0 1 0
outer loop
vertex -30.95001792907715 3.4500508308410645 2.200000047683716
vertex -45.050018310546875 3.4500508308410645 0
vertex -45.050018310546875 3.4500508308410645 2.200000047683716
endloop
endfacet
facet normal -1 0 0
outer loop
vertex 64.04998016357422 36.550052642822266 2.200000047683716
vertex 64.04998016357422 33.00004959106445 1.7000000476837158
vertex 64.04998016357422 26.000051498413086 1.7000000476837158
endloop
endfacet
facet normal 1 0 0
outer loop
vertex 30.949981689453125 -34.549949645996094 2.200000047683716
vertex 30.949981689453125 -30.999948501586914 1.7000000476837158
vertex 30.949981689453125 -23.999948501586914 1.7000000476837158
endloop
endfacet
facet normal 0 -1 0
outer loop
vertex -26.050018310546875 -20.449949264526367 2.200000047683716
vertex -11.950018882751465 -20.449949264526367 0
vertex -11.950018882751465 -20.449949264526367 2.200000047683716
endloop
endfacet
facet normal -1 0 0
outer loop
vertex -49.95001983642578 -20.449949264526367 0
vertex -49.95001983642578 -23.999948501586914 1.7000000476837158
vertex -49.95001983642578 -20.449949264526367 2.200000047683716
endloop
endfacet
facet normal 1 0 0
outer loop
vertex 49.949981689453125 14.00005054473877 1.7000000476837158
vertex 49.949981689453125 14.00005054473877 0
vertex 49.949981689453125 17.550050735473633 2.200000047683716
endloop
endfacet
facet normal 1 0 0
outer loop
vertex -26.050018310546875 3.4500508308410645 0
vertex -26.050018310546875 7.000051021575928 1.7000000476837158
vertex -26.050018310546875 3.4500508308410645 2.200000047683716
endloop
endfacet
facet normal -1 0 0
outer loop
vertex -30.95001792907715 17.550050735473633 0
vertex -30.95001792907715 14.00005054473877 1.7000000476837158
vertex -30.95001792907715 17.550050735473633 2.200000047683716
endloop
endfacet
facet normal -1 0 0
outer loop
vertex 45.04998016357422 17.550050735473633 0
vertex 45.04998016357422 14.00005054473877 0
vertex 45.04998016357422 14.00005054473877 1.7000000476837158
endloop
endfacet
facet normal 0 -1 0
outer loop
vertex -7.050018787384033 17.550050735473633 2.200000047683716
vertex -7.050018787384033 17.550050735473633 0
vertex 7.049981117248535 17.550050735473633 0
endloop
endfacet
facet normal -1 0 0
outer loop
vertex 64.04998016357422 -30.999948501586914 0
vertex 64.04998016357422 -34.549949645996094 0
vertex 64.04998016357422 -34.549949645996094 2.200000047683716
endloop
endfacet
facet normal 1 0 0
outer loop
vertex 49.949981689453125 -34.549949645996094 2.200000047683716
vertex 49.949981689453125 -23.999948501586914 1.7000000476837158
vertex 49.949981689453125 -20.449949264526367 2.200000047683716
endloop
endfacet
facet normal 0 -1 0
outer loop
vertex 7.049981117248535 -1.4499491453170776 2.200000047683716
vertex -7.050018787384033 -1.4499491453170776 2.200000047683716
vertex 7.049981117248535 -1.4499491453170776 0
endloop
endfacet
facet normal 1 0 0
outer loop
vertex -26.050018310546875 -1.4499491453170776 0
vertex -26.050018310546875 -1.4499491453170776 2.200000047683716
vertex -26.050018310546875 -4.999948978424072 0
endloop
endfacet
facet normal 1 0 0
outer loop
vertex -7.050018787384033 -30.999948501586914 0
vertex -7.050018787384033 -30.999948501586914 1.7000000476837158
vertex -7.050018787384033 -34.549949645996094 0
endloop
endfacet
facet normal -1 0 0
outer loop
vertex 64.04998016357422 -11.99994945526123 1.7000000476837158
vertex 64.04998016357422 -15.549948692321777 2.200000047683716
vertex 64.04998016357422 -1.4499491453170776 2.200000047683716
endloop
endfacet
facet normal 1 0 0
outer loop
vertex 11.949980735778809 33.00004959106445 1.7000000476837158
vertex 11.949980735778809 33.00004959106445 0
vertex 11.949980735778809 36.550052642822266 2.200000047683716
endloop
endfacet
facet normal 1 0 0
outer loop
vertex -45.050018310546875 -30.999948501586914 0
vertex -45.050018310546875 -30.999948501586914 1.7000000476837158
vertex -45.050018310546875 -34.549949645996094 0
endloop
endfacet
facet normal 1 0 0
outer loop
vertex 11.949980735778809 -4.999948978424072 0
vertex 11.949980735778809 -1.4499491453170776 0
vertex 11.949980735778809 -1.4499491453170776 2.200000047683716
endloop
endfacet
facet normal 0 1 0
outer loop
vertex 26.04998207092285 -34.549949645996094 0
vertex 11.949980735778809 -34.549949645996094 0
vertex 26.04998207092285 -34.549949645996094 2.200000047683716
endloop
endfacet
facet normal 1 0 0
outer loop
vertex -45.050018310546875 3.4500508308410645 0
vertex -45.050018310546875 7.000051021575928 1.7000000476837158
vertex -45.050018310546875 3.4500508308410645 2.200000047683716
endloop
endfacet
facet normal -1 0 0
outer loop
vertex -16.70001792907715 36.550052642822266 2.200000047683716
vertex -16.70001792907715 36.550052642822266 0
vertex -16.70001792907715 33.00004959106445 1.7000000476837158
endloop
endfacet
facet normal -1 0 0
outer loop
vertex 45.04998016357422 -30.999948501586914 1.7000000476837158
vertex 45.04998016357422 -30.999948501586914 0
vertex 45.04998016357422 -34.549949645996094 2.200000047683716
endloop
endfacet
facet normal -1 0 0
outer loop
vertex -30.95001792907715 -30.999948501586914 1.7000000476837158
vertex -30.95001792907715 -30.999948501586914 0
vertex -30.95001792907715 -34.549949645996094 2.200000047683716
endloop
endfacet
facet normal -1 0 0
outer loop
vertex 26.04998207092285 17.550050735473633 0
vertex 26.04998207092285 14.00005054473877 1.7000000476837158
vertex 26.04998207092285 17.550050735473633 2.200000047683716
endloop
endfacet
facet normal 1 0 0
outer loop
vertex -59.300018310546875 22.450050354003906 2.200000047683716
vertex -59.300018310546875 26.000051498413086 1.7000000476837158
vertex -59.300018310546875 33.00004959106445 1.7000000476837158
endloop
endfacet
facet normal -1 0 0
outer loop
vertex 7.049981117248535 -20.449949264526367 0
vertex 7.049981117248535 -23.999948501586914 1.7000000476837158
vertex 7.049981117248535 -20.449949264526367 2.200000047683716
endloop
endfacet
facet normal 1 0 0
outer loop
vertex -7.050018787384033 3.4500508308410645 2.200000047683716
vertex -7.050018787384033 7.000051021575928 1.7000000476837158
vertex -7.050018787384033 14.00005054473877 1.7000000476837158
endloop
endfacet
facet normal 1 0 0
outer loop
vertex 49.949981689453125 26.000051498413086 0
vertex 49.949981689453125 26.000051498413086 1.7000000476837158
vertex 49.949981689453125 22.450050354003906 0
endloop
endfacet
facet normal 1 0 0
outer loop
vertex 11.949980735778809 3.4500508308410645 0
vertex 11.949980735778809 7.000051021575928 1.7000000476837158
vertex 11.949980735778809 3.4500508308410645 2.200000047683716
endloop
endfacet
facet normal -1 0 0
outer loop
vertex 7.049981117248535 36.550052642822266 2.200000047683716
vertex 7.049981117248535 26.000051498413086 1.7000000476837158
vertex 7.049981117248535 22.450050354003906 2.200000047683716
endloop
endfacet
facet normal 1 0 0
outer loop
vertex -45.050018310546875 -15.549948692321777 0
vertex -45.050018310546875 -11.99994945526123 1.7000000476837158
vertex -45.050018310546875 -15.549948692321777 2.200000047683716
endloop
endfacet
facet normal -1 0 0
outer loop
vertex 64.04998016357422 7.000051021575928 0
vertex 64.04998016357422 3.4500508308410645 0
vertex 64.04998016357422 3.4500508308410645 2.200000047683716
endloop
endfacet
facet normal 1 0 0
outer loop
vertex -7.050018787384033 3.4500508308410645 0
vertex -7.050018787384033 7.000051021575928 0
vertex -7.050018787384033 7.000051021575928 1.7000000476837158
endloop
endfacet
facet normal -1 0 0
outer loop
vertex 26.04998207092285 -20.449949264526367 0
vertex 26.04998207092285 -23.999948501586914 1.7000000476837158
vertex 26.04998207092285 -20.449949264526367 2.200000047683716
endloop
endfacet
facet normal 0 -1 0
outer loop
vertex 7.049981117248535 -20.449949264526367 2.200000047683716
vertex -7.050018787384033 -20.449949264526367 2.200000047683716
vertex 7.049981117248535 -20.449949264526367 0
endloop
endfacet
facet normal 1 0 0
outer loop
vertex 49.949981689453125 14.00005054473877 0
vertex 49.949981689453125 17.550050735473633 0
vertex 49.949981689453125 17.550050735473633 2.200000047683716
endloop
endfacet
facet normal 1 0 0
outer loop
vertex -64.05001831054688 -20.449949264526367 2.200000047683716
vertex -64.05001831054688 -23.999948501586914 1.7000000476837158
vertex -64.05001831054688 -23.999948501586914 0
endloop
endfacet
facet normal -1 0 0
outer loop
vertex -49.95001983642578 -1.4499491453170776 0
vertex -49.95001983642578 -4.999948978424072 0
vertex -49.95001983642578 -4.999948978424072 1.7000000476837158
endloop
endfacet
facet normal 1 0 0
outer loop
vertex 49.949981689453125 -20.449949264526367 2.200000047683716
vertex 49.949981689453125 -23.999948501586914 1.7000000476837158
vertex 49.949981689453125 -23.999948501586914 0
endloop
endfacet
facet normal 0 1 0
outer loop
vertex -11.950018882751465 3.4500508308410645 0
vertex -26.050018310546875 3.4500508308410645 0
vertex -11.950018882751465 3.4500508308410645 2.200000047683716
endloop
endfacet
facet normal 0 -1 0
outer loop
vertex 30.949981689453125 -20.449949264526367 2.200000047683716
vertex 30.949981689453125 -20.449949264526367 0
vertex 45.04998016357422 -20.449949264526367 0
endloop
endfacet
facet normal 1 0 0
outer loop
vertex -45.050018310546875 -11.99994945526123 0
vertex -45.050018310546875 -11.99994945526123 1.7000000476837158
vertex -45.050018310546875 -15.549948692321777 0
endloop
endfacet
facet normal 1 0 0
outer loop
vertex 49.949981689453125 7.000051021575928 0
vertex 49.949981689453125 7.000051021575928 1.7000000476837158
vertex 49.949981689453125 3.4500508308410645 0
endloop
endfacet
facet normal 1 0 0
outer loop
vertex -7.050018787384033 -4.999948978424072 1.7000000476837158
vertex -7.050018787384033 -4.999948978424072 0
vertex -7.050018787384033 -1.4499491453170776 2.200000047683716
endloop
endfacet
facet normal -1 0 0
outer loop
vertex 26.04998207092285 36.550052642822266 2.200000047683716
vertex 26.04998207092285 26.000051498413086 1.7000000476837158
vertex 26.04998207092285 22.450050354003906 2.200000047683716
endloop
endfacet
facet normal 1 0 0
outer loop
vertex -7.050018787384033 -4.999948978424072 0
vertex -7.050018787384033 -1.4499491453170776 0
vertex -7.050018787384033 -1.4499491453170776 2.200000047683716
endloop
endfacet
facet normal 1 0 0
outer loop
vertex 30.949981689453125 33.00004959106445 0
vertex 30.949981689453125 36.550052642822266 0
vertex 30.949981689453125 36.550052642822266 2.200000047683716
endloop
endfacet
facet normal 0 -1 0
outer loop
vertex -7.050018787384033 -20.449949264526367 2.200000047683716
vertex -7.050018787384033 -20.449949264526367 0
vertex 7.049981117248535 -20.449949264526367 0
endloop
endfacet
facet normal -1 0 0
outer loop
vertex 26.04998207092285 36.550052642822266 2.200000047683716
vertex 26.04998207092285 33.00004959106445 1.7000000476837158
vertex 26.04998207092285 26.000051498413086 1.7000000476837158
endloop
endfacet
facet normal -1 0 0
outer loop
vertex -30.95001792907715 -1.4499491453170776 0
vertex -30.95001792907715 -4.999948978424072 1.7000000476837158
vertex -30.95001792907715 -1.4499491453170776 2.200000047683716
endloop
endfacet
facet normal 1 0 0
outer loop
vertex -45.050018310546875 7.000051021575928 0
vertex -45.050018310546875 7.000051021575928 1.7000000476837158
vertex -45.050018310546875 3.4500508308410645 0
endloop
endfacet
facet normal -1 0 0
outer loop
vertex -30.95001792907715 -11.99994945526123 0
vertex -30.95001792907715 -15.549948692321777 2.200000047683716
vertex -30.95001792907715 -11.99994945526123 1.7000000476837158
endloop
endfacet
facet normal 1 0 0
outer loop
vertex 30.949981689453125 -4.999948978424072 0
vertex 30.949981689453125 -1.4499491453170776 0
vertex 30.949981689453125 -1.4499491453170776 2.200000047683716
endloop
endfacet
facet normal 0 -1 0
outer loop
vertex 49.949981689453125 -20.449949264526367 2.200000047683716
vertex 64.04998016357422 -20.449949264526367 0
vertex 64.04998016357422 -20.449949264526367 2.200000047683716
endloop
endfacet
facet normal -1 0 0
outer loop
vertex 7.049981117248535 -1.4499491453170776 0
vertex 7.049981117248535 -4.999948978424072 1.7000000476837158
vertex 7.049981117248535 -1.4499491453170776 2.200000047683716
endloop
endfacet
facet normal 1 0 0
outer loop
vertex -7.050018787384033 14.00005054473877 1.7000000476837158
vertex -7.050018787384033 14.00005054473877 0
vertex -7.050018787384033 17.550050735473633 2.200000047683716
endloop
endfacet
facet normal 0 1 0
outer loop
vertex 64.04998016357422 22.450050354003906 0
vertex 49.949981689453125 22.450050354003906 0
vertex 64.04998016357422 22.450050354003906 2.200000047683716
endloop
endfacet
facet normal 0 1 0
outer loop
vertex -16.70001792907715 22.450050354003906 0
vertex -30.800018310546875 22.450050354003906 0
vertex -16.70001792907715 22.450050354003906 2.200000047683716
endloop
endfacet
facet normal 0 -1 0
outer loop
vertex 11.949980735778809 36.550052642822266 2.200000047683716
vertex 11.949980735778809 36.550052642822266 0
vertex 26.04998207092285 36.550052642822266 0
endloop
endfacet
facet normal -1 0 0
outer loop
vertex 7.049981117248535 7.000051021575928 1.7000000476837158
vertex 7.049981117248535 7.000051021575928 0
vertex 7.049981117248535 3.4500508308410645 2.200000047683716
endloop
endfacet
facet normal -1 0 0
outer loop
vertex -11.950018882751465 -20.449949264526367 2.200000047683716
vertex -11.950018882751465 -30.999948501586914 1.7000000476837158
vertex -11.950018882751465 -34.549949645996094 2.200000047683716
endloop
endfacet
facet normal -1 0 0
outer loop
vertex 26.04998207092285 -30.999948501586914 1.7000000476837158
vertex 26.04998207092285 -30.999948501586914 0
vertex 26.04998207092285 -34.549949645996094 2.200000047683716
endloop
endfacet
facet normal -1 0 0
outer loop
vertex 7.049981117248535 26.000051498413086 0
vertex 7.049981117248535 22.450050354003906 0
vertex 7.049981117248535 22.450050354003906 2.200000047683716
endloop
endfacet
facet normal 1 0 0
outer loop
vertex -30.800018310546875 33.00004959106445 0
vertex -30.800018310546875 36.550052642822266 0
vertex -30.800018310546875 36.550052642822266 2.200000047683716
endloop
endfacet
facet normal 1 0 0
outer loop
vertex 49.949981689453125 22.450050354003906 0
vertex 49.949981689453125 26.000051498413086 1.7000000476837158
vertex 49.949981689453125 22.450050354003906 2.200000047683716
endloop
endfacet
facet normal -1 0 0
outer loop
vertex -16.70001792907715 26.000051498413086 1.7000000476837158
vertex -16.70001792907715 26.000051498413086 0
vertex -16.70001792907715 22.450050354003906 2.200000047683716
endloop
endfacet
facet normal 0 1 0
outer loop
vertex 26.04998207092285 -34.549949645996094 2.200000047683716
vertex 11.949980735778809 -34.549949645996094 0
vertex 11.949980735778809 -34.549949645996094 2.200000047683716
endloop
endfacet
facet normal -1 0 0
outer loop
vertex -49.95001983642578 -30.999948501586914 1.7000000476837158
vertex -49.95001983642578 -30.999948501586914 0
vertex -49.95001983642578 -34.549949645996094 2.200000047683716
endloop
endfacet
facet normal 0 1 0
outer loop
vertex 45.04998016357422 -34.549949645996094 0
vertex 30.949981689453125 -34.549949645996094 0
vertex 45.04998016357422 -34.549949645996094 2.200000047683716
endloop
endfacet
facet normal -1 0 0
outer loop
vertex -16.70001792907715 36.550052642822266 2.200000047683716
vertex -16.70001792907715 26.000051498413086 1.7000000476837158
vertex -16.70001792907715 22.450050354003906 2.200000047683716
endloop
endfacet
facet normal 1 0 0
outer loop
vertex -59.300018310546875 33.00004959106445 1.7000000476837158
vertex -59.300018310546875 33.00004959106445 0
vertex -59.300018310546875 36.550052642822266 2.200000047683716
endloop
endfacet
facet normal 0 1 0
outer loop
vertex -49.95001983642578 3.4500508308410645 2.200000047683716
vertex -64.05001831054688 3.4500508308410645 0
vertex -64.05001831054688 3.4500508308410645 2.200000047683716
endloop
endfacet
facet normal 1 0 0
outer loop
vertex 11.949980735778809 -15.549948692321777 0
vertex 11.949980735778809 -11.99994945526123 1.7000000476837158
vertex 11.949980735778809 -15.549948692321777 2.200000047683716
endloop
endfacet
facet normal 0 -1 0
outer loop
vertex -64.05001831054688 17.550050735473633 2.200000047683716
vertex -49.95001983642578 17.550050735473633 0
vertex -49.95001983642578 17.550050735473633 2.200000047683716
endloop
endfacet
facet normal 1 0 0
outer loop
vertex 30.949981689453125 14.00005054473877 0
vertex 30.949981689453125 17.550050735473633 0
vertex 30.949981689453125 17.550050735473633 2.200000047683716
endloop
endfacet
facet normal -1 0 0
outer loop
vertex -45.20001983642578 36.550052642822266 2.200000047683716
vertex -45.20001983642578 26.000051498413086 1.7000000476837158
vertex -45.20001983642578 22.450050354003906 2.200000047683716
endloop
endfacet
facet normal -1 0 0
outer loop
vertex -30.95001792907715 -11.99994945526123 1.7000000476837158
vertex -30.95001792907715 -15.549948692321777 2.200000047683716
vertex -30.95001792907715 -1.4499491453170776 2.200000047683716
endloop
endfacet
facet normal -1 0 0
outer loop
vertex -11.950018882751465 17.550050735473633 2.200000047683716
vertex -11.950018882751465 14.00005054473877 1.7000000476837158
vertex -11.950018882751465 7.000051021575928 1.7000000476837158
endloop
endfacet
facet normal -1 0 0
outer loop
vertex 45.04998016357422 36.550052642822266 2.200000047683716
vertex 45.04998016357422 33.00004959106445 1.7000000476837158
vertex 45.04998016357422 26.000051498413086 1.7000000476837158
endloop
endfacet
facet normal 0 -1 0
outer loop
vertex -26.050018310546875 -1.4499491453170776 2.200000047683716
vertex -11.950018882751465 -1.4499491453170776 0
vertex -11.950018882751465 -1.4499491453170776 2.200000047683716
endloop
endfacet
facet normal 1 0 0
outer loop
vertex -26.050018310546875 -15.549948692321777 2.200000047683716
vertex -26.050018310546875 -11.99994945526123 1.7000000476837158
vertex -26.050018310546875 -4.999948978424072 1.7000000476837158
endloop
endfacet
facet normal 0 -1 0
outer loop
vertex 11.949980735778809 17.550050735473633 2.200000047683716
vertex 11.949980735778809 17.550050735473633 0
vertex 26.04998207092285 17.550050735473633 0
endloop
endfacet
facet normal -1 0 0
outer loop
vertex 64.04998016357422 17.550050735473633 0
vertex 64.04998016357422 14.00005054473877 1.7000000476837158
vertex 64.04998016357422 17.550050735473633 2.200000047683716
endloop
endfacet
facet normal -1 0 0
outer loop
vertex -45.20001983642578 26.000051498413086 1.7000000476837158
vertex -45.20001983642578 26.000051498413086 0
vertex -45.20001983642578 22.450050354003906 2.200000047683716
endloop
endfacet
facet normal 0 -1 0
outer loop
vertex 30.949981689453125 -1.4499491453170776 2.200000047683716
vertex 45.04998016357422 -1.4499491453170776 0
vertex 45.04998016357422 -1.4499491453170776 2.200000047683716
endloop
endfacet
facet normal 1 0 0
outer loop
vertex -45.050018310546875 -4.999948978424072 0
vertex -45.050018310546875 -1.4499491453170776 0
vertex -45.050018310546875 -1.4499491453170776 2.200000047683716
endloop
endfacet
facet normal -1 0 0
outer loop
vertex 64.04998016357422 7.000051021575928 1.7000000476837158
vertex 64.04998016357422 7.000051021575928 0
vertex 64.04998016357422 3.4500508308410645 2.200000047683716
endloop
endfacet
facet normal -1 0 0
outer loop
vertex -30.95001792907715 17.550050735473633 0
vertex -30.95001792907715 14.00005054473877 0
vertex -30.95001792907715 14.00005054473877 1.7000000476837158
endloop
endfacet
facet normal -1 0 0
outer loop
vertex 64.04998016357422 -20.449949264526367 0
vertex 64.04998016357422 -23.999948501586914 0
vertex 64.04998016357422 -23.999948501586914 1.7000000476837158
endloop
endfacet
facet normal 1 0 0
outer loop
vertex -45.050018310546875 -23.999948501586914 0
vertex -45.050018310546875 -20.449949264526367 0
vertex -45.050018310546875 -20.449949264526367 2.200000047683716
endloop
endfacet
facet normal 0 -1 0
outer loop
vertex 49.949981689453125 -1.4499491453170776 2.200000047683716
vertex 49.949981689453125 -1.4499491453170776 0
vertex 64.04998016357422 -1.4499491453170776 0
endloop
endfacet
facet normal -1 0 0
outer loop
vertex -11.950018882751465 17.550050735473633 0
vertex -11.950018882751465 14.00005054473877 0
vertex -11.950018882751465 14.00005054473877 1.7000000476837158
endloop
endfacet
facet normal 1 0 0
outer loop
vertex 49.949981689453125 -34.549949645996094 0
vertex 49.949981689453125 -30.999948501586914 1.7000000476837158
vertex 49.949981689453125 -34.549949645996094 2.200000047683716
endloop
endfacet
facet normal -1 0 0
outer loop
vertex -30.95001792907715 7.000051021575928 0
vertex -30.95001792907715 3.4500508308410645 0
vertex -30.95001792907715 3.4500508308410645 2.200000047683716
endloop
endfacet
facet normal 0 1 0
outer loop
vertex 45.04998016357422 -15.549948692321777 0
vertex 30.949981689453125 -15.549948692321777 0
vertex 45.04998016357422 -15.549948692321777 2.200000047683716
endloop
endfacet
facet normal 0 1 0
outer loop
vertex 26.04998207092285 -15.549948692321777 2.200000047683716
vertex 11.949980735778809 -15.549948692321777 0
vertex 11.949980735778809 -15.549948692321777 2.200000047683716
endloop
endfacet
facet normal -1 0 0
outer loop
vertex -11.950018882751465 -1.4499491453170776 2.200000047683716
vertex -11.950018882751465 -4.999948978424072 1.7000000476837158
vertex -11.950018882751465 -11.99994945526123 1.7000000476837158
endloop
endfacet
facet normal 0 -1 0
outer loop
vertex -26.050018310546875 17.550050735473633 2.200000047683716
vertex -26.050018310546875 17.550050735473633 0
vertex -11.950018882751465 17.550050735473633 0
endloop
endfacet
facet normal -1 0 0
outer loop
vertex 45.04998016357422 7.000051021575928 1.7000000476837158
vertex 45.04998016357422 7.000051021575928 0
vertex 45.04998016357422 3.4500508308410645 2.200000047683716
endloop
endfacet
facet normal 1 0 0
outer loop
vertex -45.050018310546875 -34.549949645996094 2.200000047683716
vertex -45.050018310546875 -30.999948501586914 1.7000000476837158
vertex -45.050018310546875 -23.999948501586914 1.7000000476837158
endloop
endfacet
facet normal 1 0 0
outer loop
vertex -64.05001831054688 -23.999948501586914 0
vertex -64.05001831054688 -20.449949264526367 0
vertex -64.05001831054688 -20.449949264526367 2.200000047683716
endloop
endfacet
facet normal 0 1 0
outer loop
vertex 45.04998016357422 3.4500508308410645 0
vertex 30.949981689453125 3.4500508308410645 0
vertex 45.04998016357422 3.4500508308410645 2.200000047683716
endloop
endfacet
facet normal -1 0 0
outer loop
vertex 7.049981117248535 -1.4499491453170776 2.200000047683716
vertex 7.049981117248535 -4.999948978424072 1.7000000476837158
vertex 7.049981117248535 -11.99994945526123 1.7000000476837158
endloop
endfacet
facet normal 1 0 0
outer loop
vertex 11.949980735778809 17.550050735473633 2.200000047683716
vertex 11.949980735778809 3.4500508308410645 2.200000047683716
vertex 11.949980735778809 14.00005054473877 1.7000000476837158
endloop
endfacet
facet normal 1 0 0
outer loop
vertex 11.949980735778809 -15.549948692321777 2.200000047683716
vertex 11.949980735778809 -11.99994945526123 1.7000000476837158
vertex 11.949980735778809 -4.999948978424072 1.7000000476837158
endloop
endfacet
facet normal 1 0 0
outer loop
vertex 49.949981689453125 -15.549948692321777 0
vertex 49.949981689453125 -11.99994945526123 1.7000000476837158
vertex 49.949981689453125 -15.549948692321777 2.200000047683716
endloop
endfacet
facet normal 1 0 0
outer loop
vertex 11.949980735778809 -15.549948692321777 2.200000047683716
vertex 11.949980735778809 -4.999948978424072 1.7000000476837158
vertex 11.949980735778809 -1.4499491453170776 2.200000047683716
endloop
endfacet
facet normal 1 0 0
outer loop
vertex 30.949981689453125 17.550050735473633 2.200000047683716
vertex 30.949981689453125 3.4500508308410645 2.200000047683716
vertex 30.949981689453125 14.00005054473877 1.7000000476837158
endloop
endfacet
facet normal 0 1 0
outer loop
vertex 45.04998016357422 -15.549948692321777 2.200000047683716
vertex 30.949981689453125 -15.549948692321777 0
vertex 30.949981689453125 -15.549948692321777 2.200000047683716
endloop
endfacet
facet normal 1 0 0
outer loop
vertex 49.949981689453125 -4.999948978424072 1.7000000476837158
vertex 49.949981689453125 -4.999948978424072 0
vertex 49.949981689453125 -1.4499491453170776 2.200000047683716
endloop
endfacet
facet normal 1 0 0
outer loop
vertex -7.050018787384033 3.4500508308410645 0
vertex -7.050018787384033 7.000051021575928 1.7000000476837158
vertex -7.050018787384033 3.4500508308410645 2.200000047683716
endloop
endfacet
facet normal 1 0 0
outer loop
vertex 30.949981689453125 -20.449949264526367 0
vertex 30.949981689453125 -20.449949264526367 2.200000047683716
vertex 30.949981689453125 -23.999948501586914 0
endloop
endfacet
facet normal -1 0 0
outer loop
vertex 26.04998207092285 -1.4499491453170776 2.200000047683716
vertex 26.04998207092285 -4.999948978424072 1.7000000476837158
vertex 26.04998207092285 -11.99994945526123 1.7000000476837158
endloop
endfacet
facet normal -1 0 0
outer loop
vertex 64.04998016357422 -11.99994945526123 0
vertex 64.04998016357422 -15.549948692321777 0
vertex 64.04998016357422 -15.549948692321777 2.200000047683716
endloop
endfacet
facet normal 1 0 0
outer loop
vertex 30.949981689453125 -15.549948692321777 2.200000047683716
vertex 30.949981689453125 -4.999948978424072 1.7000000476837158
vertex 30.949981689453125 -1.4499491453170776 2.200000047683716
endloop
endfacet
facet normal -1 0 0
outer loop
vertex 45.04998016357422 3.4500508308410645 2.200000047683716
vertex 45.04998016357422 17.550050735473633 2.200000047683716
vertex 45.04998016357422 7.000051021575928 1.7000000476837158
endloop
endfacet
facet normal -1 0 0
outer loop
vertex 45.04998016357422 -23.999948501586914 1.7000000476837158
vertex 45.04998016357422 -30.999948501586914 1.7000000476837158
vertex 45.04998016357422 -20.449949264526367 2.200000047683716
endloop
endfacet
facet normal 0 -1 0
outer loop
vertex -64.05001831054688 17.550050735473633 2.200000047683716
vertex -64.05001831054688 17.550050735473633 0
vertex -49.95001983642578 17.550050735473633 0
endloop
endfacet
facet normal 1 0 0
outer loop
vertex -7.050018787384033 -15.549948692321777 0
vertex -7.050018787384033 -11.99994945526123 1.7000000476837158
vertex -7.050018787384033 -15.549948692321777 2.200000047683716
endloop
endfacet
facet normal 0 1 0
outer loop
vertex 26.04998207092285 3.4500508308410645 2.200000047683716
vertex 11.949980735778809 3.4500508308410645 0
vertex 11.949980735778809 3.4500508308410645 2.200000047683716
endloop
endfacet
facet normal -1 0 0
outer loop
vertex -11.950018882751465 -20.449949264526367 0
vertex -11.950018882751465 -23.999948501586914 1.7000000476837158
vertex -11.950018882751465 -20.449949264526367 2.200000047683716
endloop
endfacet
facet normal 1 0 0
outer loop
vertex 30.949981689453125 22.450050354003906 0
vertex 30.949981689453125 26.000051498413086 1.7000000476837158
vertex 30.949981689453125 22.450050354003906 2.200000047683716
endloop
endfacet
facet normal -1 0 0
outer loop
vertex -11.950018882751465 -11.99994945526123 0
vertex -11.950018882751465 -15.549948692321777 0
vertex -11.950018882751465 -15.549948692321777 2.200000047683716
endloop
endfacet
facet normal 0 -1 0
outer loop
vertex 49.949981689453125 17.550050735473633 2.200000047683716
vertex 64.04998016357422 17.550050735473633 0
vertex 64.04998016357422 17.550050735473633 2.200000047683716
endloop
endfacet
facet normal -1 0 0
outer loop
vertex 26.04998207092285 26.000051498413086 1.7000000476837158
vertex 26.04998207092285 26.000051498413086 0
vertex 26.04998207092285 22.450050354003906 2.200000047683716
endloop
endfacet
facet normal -1 0 0
outer loop
vertex 26.04998207092285 26.000051498413086 0
vertex 26.04998207092285 22.450050354003906 0
vertex 26.04998207092285 22.450050354003906 2.200000047683716
endloop
endfacet
facet normal 0 -1 0
outer loop
vertex 30.949981689453125 -20.449949264526367 2.200000047683716
vertex 45.04998016357422 -20.449949264526367 0
vertex 45.04998016357422 -20.449949264526367 2.200000047683716
endloop
endfacet
facet normal 1 0 0
outer loop
vertex 49.949981689453125 -30.999948501586914 0
vertex 49.949981689453125 -30.999948501586914 1.7000000476837158
vertex 49.949981689453125 -34.549949645996094 0
endloop
endfacet
facet normal 1 0 0
outer loop
vertex -26.050018310546875 -20.449949264526367 2.200000047683716
vertex -26.050018310546875 -23.999948501586914 1.7000000476837158
vertex -26.050018310546875 -23.999948501586914 0
endloop
endfacet
facet normal 0 -1 0
outer loop
vertex 49.949981689453125 36.550052642822266 2.200000047683716
vertex 49.949981689453125 36.550052642822266 0
vertex 64.04998016357422 36.550052642822266 0
endloop
endfacet
facet normal 1 0 0
outer loop
vertex 49.949981689453125 -15.549948692321777 2.200000047683716
vertex 49.949981689453125 -4.999948978424072 1.7000000476837158
vertex 49.949981689453125 -1.4499491453170776 2.200000047683716
endloop
endfacet
facet normal 1 0 0
outer loop
vertex -7.050018787384033 17.550050735473633 2.200000047683716
vertex -7.050018787384033 3.4500508308410645 2.200000047683716
vertex -7.050018787384033 14.00005054473877 1.7000000476837158
endloop
endfacet
facet normal 0 1 0
outer loop
vertex -30.95001792907715 -15.549948692321777 0
vertex -45.050018310546875 -15.549948692321777 0
vertex -30.95001792907715 -15.549948692321777 2.200000047683716
endloop
endfacet
facet normal -1 0 0
outer loop
vertex 64.04998016357422 26.000051498413086 1.7000000476837158
vertex 64.04998016357422 26.000051498413086 0
vertex 64.04998016357422 22.450050354003906 2.200000047683716
endloop
endfacet
facet normal -1 0 0
outer loop
vertex -11.950018882751465 -1.4499491453170776 0
vertex -11.950018882751465 -4.999948978424072 0
vertex -11.950018882751465 -4.999948978424072 1.7000000476837158
endloop
endfacet
facet normal -1 0 0
outer loop
vertex 45.04998016357422 36.550052642822266 2.200000047683716
vertex 45.04998016357422 26.000051498413086 1.7000000476837158
vertex 45.04998016357422 22.450050354003906 2.200000047683716
endloop
endfacet
facet normal 1 0 0
outer loop
vertex 11.949980735778809 3.4500508308410645 0
vertex 11.949980735778809 7.000051021575928 0
vertex 11.949980735778809 7.000051021575928 1.7000000476837158
endloop
endfacet
facet normal -1 0 0
outer loop
vertex 64.04998016357422 26.000051498413086 0
vertex 64.04998016357422 22.450050354003906 0
vertex 64.04998016357422 22.450050354003906 2.200000047683716
endloop
endfacet
facet normal 1 0 0
outer loop
vertex -7.050018787384033 -11.99994945526123 0
vertex -7.050018787384033 -11.99994945526123 1.7000000476837158
vertex -7.050018787384033 -15.549948692321777 0
endloop
endfacet
facet normal 0 -1 0
outer loop
vertex 11.949980735778809 -1.4499491453170776 2.200000047683716
vertex 26.04998207092285 -1.4499491453170776 0
vertex 26.04998207092285 -1.4499491453170776 2.200000047683716
endloop
endfacet
facet normal 1 0 0
outer loop
vertex -7.050018787384033 22.450050354003906 0
vertex -7.050018787384033 26.000051498413086 0
vertex -7.050018787384033 26.000051498413086 1.7000000476837158
endloop
endfacet
facet normal -1 0 0
outer loop
vertex 7.049981117248535 36.550052642822266 0
vertex 7.049981117248535 33.00004959106445 1.7000000476837158
vertex 7.049981117248535 36.550052642822266 2.200000047683716
endloop
endfacet
facet normal 1 0 0
outer loop
vertex -45.050018310546875 -34.549949645996094 0
vertex -45.050018310546875 -30.999948501586914 1.7000000476837158
vertex -45.050018310546875 -34.549949645996094 2.200000047683716
endloop
endfacet
facet normal -1 0 0
outer loop
vertex 45.04998016357422 36.550052642822266 0
vertex 45.04998016357422 33.00004959106445 1.7000000476837158
vertex 45.04998016357422 36.550052642822266 2.200000047683716
endloop
endfacet
facet normal -1 0 0
outer loop
vertex 26.04998207092285 -20.449949264526367 0
vertex 26.04998207092285 -23.999948501586914 0
vertex 26.04998207092285 -23.999948501586914 1.7000000476837158
endloop
endfacet
facet normal 0 -1 0
outer loop
vertex -45.050018310546875 -1.4499491453170776 2.200000047683716
vertex -45.050018310546875 -1.4499491453170776 0
vertex -30.95001792907715 -1.4499491453170776 0
endloop
endfacet
facet normal 0 -1 0
outer loop
vertex 11.949980735778809 -1.4499491453170776 2.200000047683716
vertex 11.949980735778809 -1.4499491453170776 0
vertex 26.04998207092285 -1.4499491453170776 0
endloop
endfacet
facet normal 0 1 0
outer loop
vertex 45.04998016357422 22.450050354003906 2.200000047683716
vertex 30.949981689453125 22.450050354003906 0
vertex 30.949981689453125 22.450050354003906 2.200000047683716
endloop
endfacet
facet normal 0 1 0
outer loop
vertex 7.049981117248535 3.4500508308410645 0
vertex -7.050018787384033 3.4500508308410645 0
vertex 7.049981117248535 3.4500508308410645 2.200000047683716
endloop
endfacet
facet normal -1 0 0
outer loop
vertex 7.049981117248535 26.000051498413086 1.7000000476837158
vertex 7.049981117248535 26.000051498413086 0
vertex 7.049981117248535 22.450050354003906 2.200000047683716
endloop
endfacet
facet normal -1 0 0
outer loop
vertex -30.95001792907715 -1.4499491453170776 0
vertex -30.95001792907715 -4.999948978424072 0
vertex -30.95001792907715 -4.999948978424072 1.7000000476837158
endloop
endfacet
facet normal 0 -1 0
outer loop
vertex -64.05001831054688 -1.4499491453170776 2.200000047683716
vertex -64.05001831054688 -1.4499491453170776 0
vertex -49.95001983642578 -1.4499491453170776 0
endloop
endfacet
facet normal -1 0 0
outer loop
vertex 7.049981117248535 -30.999948501586914 1.7000000476837158
vertex 7.049981117248535 -30.999948501586914 0
vertex 7.049981117248535 -34.549949645996094 2.200000047683716
endloop
endfacet
facet normal -1 0 0
outer loop
vertex 64.04998016357422 -1.4499491453170776 0
vertex 64.04998016357422 -4.999948978424072 1.7000000476837158
vertex 64.04998016357422 -1.4499491453170776 2.200000047683716
endloop
endfacet
facet normal 1 0 0
outer loop
vertex -30.800018310546875 33.00004959106445 1.7000000476837158
vertex -30.800018310546875 33.00004959106445 0
vertex -30.800018310546875 36.550052642822266 2.200000047683716
endloop
endfacet
facet normal 1 0 0
outer loop
vertex -7.050018787384033 -34.549949645996094 2.200000047683716
vertex -7.050018787384033 -23.999948501586914 1.7000000476837158
vertex -7.050018787384033 -20.449949264526367 2.200000047683716
endloop
endfacet
facet normal -1 0 0
outer loop
vertex -30.95001792907715 -20.449949264526367 0
vertex -30.95001792907715 -23.999948501586914 0
vertex -30.95001792907715 -23.999948501586914 1.7000000476837158
endloop
endfacet
facet normal 0 -1 0
outer loop
vertex -45.050018310546875 17.550050735473633 2.200000047683716
vertex -45.050018310546875 17.550050735473633 0
vertex -30.95001792907715 17.550050735473633 0
endloop
endfacet
facet normal 1 0 0
outer loop
vertex -7.050018787384033 33.00004959106445 0
vertex -7.050018787384033 36.550052642822266 0
vertex -7.050018787384033 36.550052642822266 2.200000047683716
endloop
endfacet
facet normal 1 0 0
outer loop
vertex -45.050018310546875 -15.549948692321777 2.200000047683716
vertex -45.050018310546875 -11.99994945526123 1.7000000476837158
vertex -45.050018310546875 -4.999948978424072 1.7000000476837158
endloop
endfacet
facet normal 1 0 0
outer loop
vertex 11.949980735778809 -30.999948501586914 0
vertex 11.949980735778809 -30.999948501586914 1.7000000476837158
vertex 11.949980735778809 -34.549949645996094 0
endloop
endfacet
facet normal 1 0 0
outer loop
vertex -59.300018310546875 26.000051498413086 0
vertex -59.300018310546875 26.000051498413086 1.7000000476837158
vertex -59.300018310546875 22.450050354003906 0
endloop
endfacet
facet normal -1 0 0
outer loop
vertex -11.950018882751465 -30.999948501586914 1.7000000476837158
vertex -11.950018882751465 -30.999948501586914 0
vertex -11.950018882751465 -34.549949645996094 2.200000047683716
endloop
endfacet
facet normal 1 0 0
outer loop
vertex 49.949981689453125 17.550050735473633 2.200000047683716
vertex 49.949981689453125 3.4500508308410645 2.200000047683716
vertex 49.949981689453125 14.00005054473877 1.7000000476837158
endloop
endfacet
facet normal -1 0 0
outer loop
vertex -11.950018882751465 -30.999948501586914 0
vertex -11.950018882751465 -34.549949645996094 0
vertex -11.950018882751465 -34.549949645996094 2.200000047683716
endloop
endfacet
facet normal 1 0 0
outer loop
vertex -59.300018310546875 33.00004959106445 0
vertex -59.300018310546875 36.550052642822266 0
vertex -59.300018310546875 36.550052642822266 2.200000047683716
endloop
endfacet
facet normal -1 0 0
outer loop
vertex -16.70001792907715 36.550052642822266 2.200000047683716
vertex -16.70001792907715 33.00004959106445 1.7000000476837158
vertex -16.70001792907715 26.000051498413086 1.7000000476837158
endloop
endfacet
facet normal -1 0 0
outer loop
vertex 64.04998016357422 36.550052642822266 0
vertex 64.04998016357422 33.00004959106445 0
vertex 64.04998016357422 33.00004959106445 1.7000000476837158
endloop
endfacet
facet normal -1 0 0
outer loop
vertex -30.95001792907715 -30.999948501586914 0
vertex -30.95001792907715 -34.549949645996094 0
vertex -30.95001792907715 -34.549949645996094 2.200000047683716
endloop
endfacet
facet normal 1 0 0
outer loop
vertex 30.949981689453125 14.00005054473877 1.7000000476837158
vertex 30.949981689453125 14.00005054473877 0
vertex 30.949981689453125 17.550050735473633 2.200000047683716
endloop
endfacet
facet normal 1 0 0
outer loop
vertex -64.05001831054688 17.550050735473633 2.200000047683716
vertex -64.05001831054688 3.4500508308410645 2.200000047683716
vertex -64.05001831054688 14.00005054473877 1.7000000476837158
endloop
endfacet
facet normal 1 0 0
outer loop
vertex 49.949981689453125 -11.99994945526123 0
vertex 49.949981689453125 -11.99994945526123 1.7000000476837158
vertex 49.949981689453125 -15.549948692321777 0
endloop
endfacet
facet normal -1 0 0
outer loop
vertex -49.95001983642578 3.4500508308410645 2.200000047683716
vertex -49.95001983642578 17.550050735473633 2.200000047683716
vertex -49.95001983642578 7.000051021575928 1.7000000476837158
endloop
endfacet
facet normal 1 0 0
outer loop
vertex 11.949980735778809 -34.549949645996094 2.200000047683716
vertex 11.949980735778809 -30.999948501586914 1.7000000476837158
vertex 11.949980735778809 -23.999948501586914 1.7000000476837158
endloop
endfacet
facet normal -1 0 0
outer loop
vertex -49.95001983642578 17.550050735473633 2.200000047683716
vertex -49.95001983642578 14.00005054473877 1.7000000476837158
vertex -49.95001983642578 7.000051021575928 1.7000000476837158
endloop
endfacet
facet normal -1 0 0
outer loop
vertex 7.049981117248535 -11.99994945526123 0
vertex 7.049981117248535 -15.549948692321777 2.200000047683716
vertex 7.049981117248535 -11.99994945526123 1.7000000476837158
endloop
endfacet
facet normal 0 1 0
outer loop
vertex -45.20001983642578 22.450050354003906 2.200000047683716
vertex -59.300018310546875 22.450050354003906 0
vertex -59.300018310546875 22.450050354003906 2.200000047683716
endloop
endfacet
facet normal 1 0 0
outer loop
vertex 30.949981689453125 -20.449949264526367 2.200000047683716
vertex 30.949981689453125 -23.999948501586914 1.7000000476837158
vertex 30.949981689453125 -23.999948501586914 0
endloop
endfacet
facet normal 0 -1 0
outer loop
vertex -45.050018310546875 -1.4499491453170776 2.200000047683716
vertex -30.95001792907715 -1.4499491453170776 0
vertex -30.95001792907715 -1.4499491453170776 2.200000047683716
endloop
endfacet
facet normal 1 0 0
outer loop
vertex 11.949980735778809 22.450050354003906 2.200000047683716
vertex 11.949980735778809 33.00004959106445 1.7000000476837158
vertex 11.949980735778809 36.550052642822266 2.200000047683716
endloop
endfacet
facet normal -1 0 0
outer loop
vertex -30.95001792907715 3.4500508308410645 2.200000047683716
vertex -30.95001792907715 17.550050735473633 2.200000047683716
vertex -30.95001792907715 7.000051021575928 1.7000000476837158
endloop
endfacet
facet normal 0 -1 0
outer loop
vertex 30.949981689453125 36.550052642822266 2.200000047683716
vertex 45.04998016357422 36.550052642822266 0
vertex 45.04998016357422 36.550052642822266 2.200000047683716
endloop
endfacet
facet normal 0 -1 0
outer loop
vertex -26.050018310546875 17.550050735473633 2.200000047683716
vertex -11.950018882751465 17.550050735473633 0
vertex -11.950018882751465 17.550050735473633 2.200000047683716
endloop
endfacet
facet normal 0 -1 0
outer loop
vertex -64.05001831054688 -20.449949264526367 2.200000047683716
vertex -49.95001983642578 -20.449949264526367 0
vertex -49.95001983642578 -20.449949264526367 2.200000047683716
endloop
endfacet
facet normal 1 0 0
outer loop
vertex -26.050018310546875 -30.999948501586914 0
vertex -26.050018310546875 -30.999948501586914 1.7000000476837158
vertex -26.050018310546875 -34.549949645996094 0
endloop
endfacet
facet normal -1 0 0
outer loop
vertex -30.95001792907715 -23.999948501586914 1.7000000476837158
vertex -30.95001792907715 -30.999948501586914 1.7000000476837158
vertex -30.95001792907715 -20.449949264526367 2.200000047683716
endloop
endfacet
facet normal -1 0 0
outer loop
vertex 64.04998016357422 17.550050735473633 2.200000047683716
vertex 64.04998016357422 14.00005054473877 1.7000000476837158
vertex 64.04998016357422 7.000051021575928 1.7000000476837158
endloop
endfacet
facet normal 1 0 0
outer loop
vertex 11.949980735778809 22.450050354003906 2.200000047683716
vertex 11.949980735778809 26.000051498413086 1.7000000476837158
vertex 11.949980735778809 33.00004959106445 1.7000000476837158
endloop
endfacet
facet normal 1 0 0
outer loop
vertex -45.050018310546875 -4.999948978424072 1.7000000476837158
vertex -45.050018310546875 -4.999948978424072 0
vertex -45.050018310546875 -1.4499491453170776 2.200000047683716
endloop
endfacet
facet normal 1 0 0
outer loop
vertex -64.05001831054688 14.00005054473877 0
vertex -64.05001831054688 17.550050735473633 0
vertex -64.05001831054688 17.550050735473633 2.200000047683716
endloop
endfacet
facet normal 1 0 0
outer loop
vertex 11.949980735778809 17.550050735473633 0
vertex 11.949980735778809 17.550050735473633 2.200000047683716
vertex 11.949980735778809 14.00005054473877 0
endloop
endfacet
facet normal 1 0 0
outer loop
vertex -26.050018310546875 -1.4499491453170776 2.200000047683716
vertex -26.050018310546875 -15.549948692321777 2.200000047683716
vertex -26.050018310546875 -4.999948978424072 1.7000000476837158
endloop
endfacet
facet normal -1 0 0
outer loop
vertex -45.20001983642578 26.000051498413086 0
vertex -45.20001983642578 22.450050354003906 0
vertex -45.20001983642578 22.450050354003906 2.200000047683716
endloop
endfacet
facet normal 0 -1 0
outer loop
vertex 11.949980735778809 -20.449949264526367 2.200000047683716
vertex 11.949980735778809 -20.449949264526367 0
vertex 26.04998207092285 -20.449949264526367 0
endloop
endfacet
facet normal 0 -1 0
outer loop
vertex -59.300018310546875 36.550052642822266 2.200000047683716
vertex -59.300018310546875 36.550052642822266 0
vertex -45.20001983642578 36.550052642822266 0
endloop
endfacet
facet normal -1 0 0
outer loop
vertex 45.04998016357422 17.550050735473633 2.200000047683716
vertex 45.04998016357422 14.00005054473877 1.7000000476837158
vertex 45.04998016357422 7.000051021575928 1.7000000476837158
endloop
endfacet
facet normal -1 0 0
outer loop
vertex -49.95001983642578 -1.4499491453170776 0
vertex -49.95001983642578 -4.999948978424072 1.7000000476837158
vertex -49.95001983642578 -1.4499491453170776 2.200000047683716
endloop
endfacet
facet normal 0 -1 0
outer loop
vertex 49.949981689453125 17.550050735473633 2.200000047683716
vertex 49.949981689453125 17.550050735473633 0
vertex 64.04998016357422 17.550050735473633 0
endloop
endfacet
facet normal 1 0 0
outer loop
vertex -26.050018310546875 7.000051021575928 0
vertex -26.050018310546875 7.000051021575928 1.7000000476837158
vertex -26.050018310546875 3.4500508308410645 0
endloop
endfacet
facet normal 0 1 0
outer loop
vertex -7.050018787384033 -15.549948692321777 2.200000047683716
vertex 7.049981117248535 -15.549948692321777 2.200000047683716
vertex -7.050018787384033 -15.549948692321777 0
endloop
endfacet
facet normal 1 0 0
outer loop
vertex -45.050018310546875 -20.449949264526367 2.200000047683716
vertex -45.050018310546875 -23.999948501586914 1.7000000476837158
vertex -45.050018310546875 -23.999948501586914 0
endloop
endfacet
facet normal -1 0 0
outer loop
vertex 7.049981117248535 -11.99994945526123 0
vertex 7.049981117248535 -15.549948692321777 0
vertex 7.049981117248535 -15.549948692321777 2.200000047683716
endloop
endfacet
facet normal -1 0 0
outer loop
vertex -49.95001983642578 -11.99994945526123 0
vertex -49.95001983642578 -15.549948692321777 2.200000047683716
vertex -49.95001983642578 -11.99994945526123 1.7000000476837158
endloop
endfacet
facet normal -1 0 0
outer loop
vertex 7.049981117248535 36.550052642822266 2.200000047683716
vertex 7.049981117248535 33.00004959106445 1.7000000476837158
vertex 7.049981117248535 26.000051498413086 1.7000000476837158
endloop
endfacet
facet normal 0 -1 0
outer loop
vertex -45.050018310546875 -20.449949264526367 2.200000047683716
vertex -45.050018310546875 -20.449949264526367 0
vertex -30.95001792907715 -20.449949264526367 0
endloop
endfacet
facet normal 0 1 0
outer loop
vertex 64.04998016357422 3.4500508308410645 0
vertex 49.949981689453125 3.4500508308410645 0
vertex 64.04998016357422 3.4500508308410645 2.200000047683716
endloop
endfacet
facet normal -1 0 0
outer loop
vertex -49.95001983642578 -11.99994945526123 0
vertex -49.95001983642578 -15.549948692321777 0
vertex -49.95001983642578 -15.549948692321777 2.200000047683716
endloop
endfacet
facet normal -1 0 0
outer loop
vertex 64.04998016357422 -1.4499491453170776 0
vertex 64.04998016357422 -4.999948978424072 0
vertex 64.04998016357422 -4.999948978424072 1.7000000476837158
endloop
endfacet
facet normal 0 1 0
outer loop
vertex -49.95001983642578 -15.549948692321777 0
vertex -64.05001831054688 -15.549948692321777 0
vertex -49.95001983642578 -15.549948692321777 2.200000047683716
endloop
endfacet
facet normal -1 0 0
outer loop
vertex 45.04998016357422 17.550050735473633 0
vertex 45.04998016357422 14.00005054473877 1.7000000476837158
vertex 45.04998016357422 17.550050735473633 2.200000047683716
endloop
endfacet
facet normal 1 0 0
outer loop
vertex -64.05001831054688 -4.999948978424072 1.7000000476837158
vertex -64.05001831054688 -4.999948978424072 0
vertex -64.05001831054688 -1.4499491453170776 2.200000047683716
endloop
endfacet
facet normal 0 -1 0
outer loop
vertex 26.04998207092285 36.550052642822266 2.200000047683716
vertex 11.949980735778809 36.550052642822266 2.200000047683716
vertex 26.04998207092285 36.550052642822266 0
endloop
endfacet
facet normal 0 1 0
outer loop
vertex -30.95001792907715 3.4500508308410645 0
vertex -45.050018310546875 3.4500508308410645 0
vertex -30.95001792907715 3.4500508308410645 2.200000047683716
endloop
endfacet
facet normal 0 1 0
outer loop
vertex 7.049981117248535 -15.549948692321777 0
vertex -7.050018787384033 -15.549948692321777 0
vertex 7.049981117248535 -15.549948692321777 2.200000047683716
endloop
endfacet
facet normal 0 -1 0
outer loop
vertex -26.050018310546875 -1.4499491453170776 2.200000047683716
vertex -26.050018310546875 -1.4499491453170776 0
vertex -11.950018882751465 -1.4499491453170776 0
endloop
endfacet
facet normal -1 0 0
outer loop
vertex -11.950018882751465 -11.99994945526123 1.7000000476837158
vertex -11.950018882751465 -15.549948692321777 2.200000047683716
vertex -11.950018882751465 -1.4499491453170776 2.200000047683716
endloop
endfacet
facet normal -1 0 0
outer loop
vertex -30.95001792907715 7.000051021575928 1.7000000476837158
vertex -30.95001792907715 7.000051021575928 0
vertex -30.95001792907715 3.4500508308410645 2.200000047683716
endloop
endfacet
facet normal 1 0 0
outer loop
vertex 49.949981689453125 -23.999948501586914 0
vertex 49.949981689453125 -20.449949264526367 0
vertex 49.949981689453125 -20.449949264526367 2.200000047683716
endloop
endfacet
facet normal 1 0 0
outer loop
vertex -64.05001831054688 -4.999948978424072 0
vertex -64.05001831054688 -1.4499491453170776 0
vertex -64.05001831054688 -1.4499491453170776 2.200000047683716
endloop
endfacet
facet normal 0 1 0
outer loop
vertex -7.050018787384033 -34.549949645996094 2.200000047683716
vertex 7.049981117248535 -34.549949645996094 2.200000047683716
vertex -7.050018787384033 -34.549949645996094 0
endloop
endfacet
facet normal 1 0 0
outer loop
vertex -26.050018310546875 14.00005054473877 0
vertex -26.050018310546875 17.550050735473633 0
vertex -26.050018310546875 17.550050735473633 2.200000047683716
endloop
endfacet
facet normal 1 0 0
outer loop
vertex 49.949981689453125 3.4500508308410645 0
vertex 49.949981689453125 7.000051021575928 1.7000000476837158
vertex 49.949981689453125 3.4500508308410645 2.200000047683716
endloop
endfacet
facet normal 1 0 0
outer loop
vertex -64.05001831054688 -15.549948692321777 0
vertex -64.05001831054688 -11.99994945526123 1.7000000476837158
vertex -64.05001831054688 -15.549948692321777 2.200000047683716
endloop
endfacet
facet normal 1 0 0
outer loop
vertex -7.050018787384033 -15.549948692321777 2.200000047683716
vertex -7.050018787384033 -11.99994945526123 1.7000000476837158
vertex -7.050018787384033 -4.999948978424072 1.7000000476837158
endloop
endfacet
facet normal 1 0 0
outer loop
vertex -45.050018310546875 -20.449949264526367 2.200000047683716
vertex -45.050018310546875 -34.549949645996094 2.200000047683716
vertex -45.050018310546875 -23.999948501586914 1.7000000476837158
endloop
endfacet
facet normal -1 0 0
outer loop
vertex 45.04998016357422 -11.99994945526123 0
vertex 45.04998016357422 -15.549948692321777 0
vertex 45.04998016357422 -15.549948692321777 2.200000047683716
endloop
endfacet
facet normal -1 0 0
outer loop
vertex -49.95001983642578 -20.449949264526367 2.200000047683716
vertex -49.95001983642578 -30.999948501586914 1.7000000476837158
vertex -49.95001983642578 -34.549949645996094 2.200000047683716
endloop
endfacet
facet normal 0 -1 0
outer loop
vertex -64.05001831054688 -20.449949264526367 2.200000047683716
vertex -64.05001831054688 -20.449949264526367 0
vertex -49.95001983642578 -20.449949264526367 0
endloop
endfacet
facet normal -1 0 0
outer loop
vertex 45.04998016357422 7.000051021575928 0
vertex 45.04998016357422 3.4500508308410645 0
vertex 45.04998016357422 3.4500508308410645 2.200000047683716
endloop
endfacet
facet normal 0 1 0
outer loop
vertex -30.95001792907715 -34.549949645996094 2.200000047683716
vertex -45.050018310546875 -34.549949645996094 0
vertex -45.050018310546875 -34.549949645996094 2.200000047683716
endloop
endfacet
facet normal 1 0 0
outer loop
vertex -64.05001831054688 7.000051021575928 0
vertex -64.05001831054688 7.000051021575928 1.7000000476837158
vertex -64.05001831054688 3.4500508308410645 0
endloop
endfacet
facet normal -1 0 0
outer loop
vertex 7.049981117248535 -11.99994945526123 1.7000000476837158
vertex 7.049981117248535 -15.549948692321777 2.200000047683716
vertex 7.049981117248535 -1.4499491453170776 2.200000047683716
endloop
endfacet
facet normal -1 0 0
outer loop
vertex 64.04998016357422 17.550050735473633 0
vertex 64.04998016357422 14.00005054473877 0
vertex 64.04998016357422 14.00005054473877 1.7000000476837158
endloop
endfacet
facet normal 1 0 0
outer loop
vertex -64.05001831054688 -34.549949645996094 2.200000047683716
vertex -64.05001831054688 -23.999948501586914 1.7000000476837158
vertex -64.05001831054688 -20.449949264526367 2.200000047683716
endloop
endfacet
facet normal 0 1 0
outer loop
vertex 64.04998016357422 -34.549949645996094 0
vertex 49.949981689453125 -34.549949645996094 0
vertex 64.04998016357422 -34.549949645996094 2.200000047683716
endloop
endfacet
facet normal 1 0 0
outer loop
vertex -64.05001831054688 -34.549949645996094 2.200000047683716
vertex -64.05001831054688 -30.999948501586914 1.7000000476837158
vertex -64.05001831054688 -23.999948501586914 1.7000000476837158
endloop
endfacet
facet normal -1 0 0
outer loop
vertex 45.04998016357422 -11.99994945526123 0
vertex 45.04998016357422 -15.549948692321777 2.200000047683716
vertex 45.04998016357422 -11.99994945526123 1.7000000476837158
endloop
endfacet
facet normal 1 0 0
outer loop
vertex -26.050018310546875 14.00005054473877 1.7000000476837158
vertex -26.050018310546875 14.00005054473877 0
vertex -26.050018310546875 17.550050735473633 2.200000047683716
endloop
endfacet
facet normal -1 0 0
outer loop
vertex 7.049981117248535 17.550050735473633 2.200000047683716
vertex 7.049981117248535 14.00005054473877 1.7000000476837158
vertex 7.049981117248535 7.000051021575928 1.7000000476837158
endloop
endfacet
facet normal 0 1 0
outer loop
vertex -49.95001983642578 -34.549949645996094 2.200000047683716
vertex -64.05001831054688 -34.549949645996094 0
vertex -64.05001831054688 -34.549949645996094 2.200000047683716
endloop
endfacet
facet normal 1 0 0
outer loop
vertex 49.949981689453125 -4.999948978424072 0
vertex 49.949981689453125 -1.4499491453170776 0
vertex 49.949981689453125 -1.4499491453170776 2.200000047683716
endloop
endfacet
facet normal 0 -1 0
outer loop
vertex 11.949980735778809 -20.449949264526367 2.200000047683716
vertex 26.04998207092285 -20.449949264526367 0
vertex 26.04998207092285 -20.449949264526367 2.200000047683716
endloop
endfacet
facet normal 0 -1 0
outer loop
vertex 30.949981689453125 17.550050735473633 2.200000047683716
vertex 45.04998016357422 17.550050735473633 0
vertex 45.04998016357422 17.550050735473633 2.200000047683716
endloop
endfacet
facet normal 0 -1 0
outer loop
vertex -7.050018787384033 -1.4499491453170776 2.200000047683716
vertex -7.050018787384033 -1.4499491453170776 0
vertex 7.049981117248535 -1.4499491453170776 0
endloop
endfacet
facet normal -1 0 0
outer loop
vertex 45.04998016357422 -1.4499491453170776 0
vertex 45.04998016357422 -4.999948978424072 1.7000000476837158
vertex 45.04998016357422 -1.4499491453170776 2.200000047683716
endloop
endfacet
facet normal -1 0 0
outer loop
vertex -11.950018882751465 7.000051021575928 1.7000000476837158
vertex -11.950018882751465 7.000051021575928 0
vertex -11.950018882751465 3.4500508308410645 2.200000047683716
endloop
endfacet
facet normal 0 -1 0
outer loop
vertex 7.049981117248535 17.550050735473633 2.200000047683716
vertex -7.050018787384033 17.550050735473633 2.200000047683716
vertex 7.049981117248535 17.550050735473633 0
endloop
endfacet
facet normal -1 0 0
outer loop
vertex -49.95001983642578 -20.449949264526367 0
vertex -49.95001983642578 -23.999948501586914 0
vertex -49.95001983642578 -23.999948501586914 1.7000000476837158
endloop
endfacet
facet normal 0 -1 0
outer loop
vertex 49.949981689453125 -20.449949264526367 2.200000047683716
vertex 49.949981689453125 -20.449949264526367 0
vertex 64.04998016357422 -20.449949264526367 0
endloop
endfacet
facet normal 1 0 0
outer loop
vertex -7.050018787384033 14.00005054473877 0
vertex -7.050018787384033 17.550050735473633 0
vertex -7.050018787384033 17.550050735473633 2.200000047683716
endloop
endfacet
facet normal 1 0 0
outer loop
vertex 30.949981689453125 22.450050354003906 2.200000047683716
vertex 30.949981689453125 26.000051498413086 1.7000000476837158
vertex 30.949981689453125 33.00004959106445 1.7000000476837158
endloop
endfacet
facet normal -1 0 0
outer loop
vertex 26.04998207092285 -11.99994945526123 1.7000000476837158
vertex 26.04998207092285 -15.549948692321777 2.200000047683716
vertex 26.04998207092285 -1.4499491453170776 2.200000047683716
endloop
endfacet
facet normal 0 1 0
outer loop
vertex 64.04998016357422 -15.549948692321777 0
vertex 49.949981689453125 -15.549948692321777 0
vertex 64.04998016357422 -15.549948692321777 2.200000047683716
endloop
endfacet
facet normal -1 0 0
outer loop
vertex -11.950018882751465 17.550050735473633 0
vertex -11.950018882751465 14.00005054473877 1.7000000476837158
vertex -11.950018882751465 17.550050735473633 2.200000047683716
endloop
endfacet
facet normal -1 0 0
outer loop
vertex 26.04998207092285 17.550050735473633 2.200000047683716
vertex 26.04998207092285 14.00005054473877 1.7000000476837158
vertex 26.04998207092285 7.000051021575928 1.7000000476837158
endloop
endfacet
facet normal 1 0 0
outer loop
vertex 30.949981689453125 -15.549948692321777 2.200000047683716
vertex 30.949981689453125 -11.99994945526123 1.7000000476837158
vertex 30.949981689453125 -4.999948978424072 1.7000000476837158
endloop
endfacet
facet normal 1 0 0
outer loop
vertex 11.949980735778809 3.4500508308410645 2.200000047683716
vertex 11.949980735778809 7.000051021575928 1.7000000476837158
vertex 11.949980735778809 14.00005054473877 1.7000000476837158
endloop
endfacet
facet normal 1 0 0
outer loop
vertex 30.949981689453125 33.00004959106445 1.7000000476837158
vertex 30.949981689453125 33.00004959106445 0
vertex 30.949981689453125 36.550052642822266 2.200000047683716
endloop
endfacet
facet normal -1 0 0
outer loop
vertex -11.950018882751465 3.4500508308410645 2.200000047683716
vertex -11.950018882751465 17.550050735473633 2.200000047683716
vertex -11.950018882751465 7.000051021575928 1.7000000476837158
endloop
endfacet
facet normal 1 0 0
outer loop
vertex -64.05001831054688 -1.4499491453170776 2.200000047683716
vertex -64.05001831054688 -15.549948692321777 2.200000047683716
vertex -64.05001831054688 -4.999948978424072 1.7000000476837158
endloop
endfacet
facet normal -1 0 0
outer loop
vertex 26.04998207092285 36.550052642822266 0
vertex 26.04998207092285 33.00004959106445 1.7000000476837158
vertex 26.04998207092285 36.550052642822266 2.200000047683716
endloop
endfacet
facet normal 1 0 0
outer loop
vertex 49.949981689453125 -34.549949645996094 2.200000047683716
vertex 49.949981689453125 -30.999948501586914 1.7000000476837158
vertex 49.949981689453125 -23.999948501586914 1.7000000476837158
endloop
endfacet
facet normal -1 0 0
outer loop
vertex 26.04998207092285 -11.99994945526123 0
vertex 26.04998207092285 -15.549948692321777 0
vertex 26.04998207092285 -15.549948692321777 2.200000047683716
endloop
endfacet
facet normal -1 0 0
outer loop
vertex 45.04998016357422 -20.449949264526367 2.200000047683716
vertex 45.04998016357422 -30.999948501586914 1.7000000476837158
vertex 45.04998016357422 -34.549949645996094 2.200000047683716
endloop
endfacet
facet normal 0 -1 0
outer loop
vertex 30.949981689453125 36.550052642822266 2.200000047683716
vertex 30.949981689453125 36.550052642822266 0
vertex 45.04998016357422 36.550052642822266 0
endloop
endfacet
facet normal 1 0 0
outer loop
vertex -7.050018787384033 -20.449949264526367 2.200000047683716
vertex -7.050018787384033 -23.999948501586914 1.7000000476837158
vertex -7.050018787384033 -23.999948501586914 0
endloop
endfacet
facet normal 0 -1 0
outer loop
vertex 11.949980735778809 17.550050735473633 2.200000047683716
vertex 26.04998207092285 17.550050735473633 0
vertex 26.04998207092285 17.550050735473633 2.200000047683716
endloop
endfacet
facet normal -1 0 0
outer loop
vertex -11.950018882751465 -11.99994945526123 0
vertex -11.950018882751465 -15.549948692321777 2.200000047683716
vertex -11.950018882751465 -11.99994945526123 1.7000000476837158
endloop
endfacet
facet normal 1 0 0
outer loop
vertex -64.05001831054688 -15.549948692321777 2.200000047683716
vertex -64.05001831054688 -11.99994945526123 1.7000000476837158
vertex -64.05001831054688 -4.999948978424072 1.7000000476837158
endloop
endfacet
facet normal 0 1 0
outer loop
vertex 64.04998016357422 -34.549949645996094 2.200000047683716
vertex 49.949981689453125 -34.549949645996094 0
vertex 49.949981689453125 -34.549949645996094 2.200000047683716
endloop
endfacet
facet normal 0 1 0
outer loop
vertex 26.04998207092285 -15.549948692321777 0
vertex 11.949980735778809 -15.549948692321777 0
vertex 26.04998207092285 -15.549948692321777 2.200000047683716
endloop
endfacet
facet normal 1 0 0
outer loop
vertex -7.050018787384033 -20.449949264526367 0
vertex -7.050018787384033 -20.449949264526367 2.200000047683716
vertex -7.050018787384033 -23.999948501586914 0
endloop
endfacet
facet normal 1 0 0
outer loop
vertex -64.05001831054688 14.00005054473877 1.7000000476837158
vertex -64.05001831054688 14.00005054473877 0
vertex -64.05001831054688 17.550050735473633 2.200000047683716
endloop
endfacet
facet normal 0 1 0
outer loop
vertex -11.950018882751465 -15.549948692321777 0
vertex -26.050018310546875 -15.549948692321777 0
vertex -11.950018882751465 -15.549948692321777 2.200000047683716
endloop
endfacet
facet normal -1 0 0
outer loop
vertex 26.04998207092285 -1.4499491453170776 0
vertex 26.04998207092285 -4.999948978424072 1.7000000476837158
vertex 26.04998207092285 -1.4499491453170776 2.200000047683716
endloop
endfacet
facet normal 0 1 0
outer loop
vertex -49.95001983642578 3.4500508308410645 0
vertex -64.05001831054688 3.4500508308410645 0
vertex -49.95001983642578 3.4500508308410645 2.200000047683716
endloop
endfacet
facet normal 1 0 0
outer loop
vertex 30.949981689453125 3.4500508308410645 2.200000047683716
vertex 30.949981689453125 7.000051021575928 1.7000000476837158
vertex 30.949981689453125 14.00005054473877 1.7000000476837158
endloop
endfacet
facet normal -1 0 0
outer loop
vertex 64.04998016357422 -23.999948501586914 1.7000000476837158
vertex 64.04998016357422 -30.999948501586914 1.7000000476837158
vertex 64.04998016357422 -20.449949264526367 2.200000047683716
endloop
endfacet
facet normal -1 0 0
outer loop
vertex 64.04998016357422 36.550052642822266 0
vertex 64.04998016357422 33.00004959106445 1.7000000476837158
vertex 64.04998016357422 36.550052642822266 2.200000047683716
endloop
endfacet
facet normal -1 0 0
outer loop
vertex 64.04998016357422 -20.449949264526367 2.200000047683716
vertex 64.04998016357422 -30.999948501586914 1.7000000476837158
vertex 64.04998016357422 -34.549949645996094 2.200000047683716
endloop
endfacet
facet normal 0 1 0
outer loop
vertex 26.04998207092285 22.450050354003906 0
vertex 11.949980735778809 22.450050354003906 0
vertex 26.04998207092285 22.450050354003906 2.200000047683716
endloop
endfacet
facet normal 1 0 0
outer loop
vertex 49.949981689453125 -15.549948692321777 2.200000047683716
vertex 49.949981689453125 -11.99994945526123 1.7000000476837158
vertex 49.949981689453125 -4.999948978424072 1.7000000476837158
endloop
endfacet
facet normal 0 1 0
outer loop
vertex -7.050018787384033 3.4500508308410645 2.200000047683716
vertex 7.049981117248535 3.4500508308410645 2.200000047683716
vertex -7.050018787384033 3.4500508308410645 0
endloop
endfacet
facet normal 1 0 0
outer loop
vertex -26.050018310546875 -15.549948692321777 0
vertex -26.050018310546875 -11.99994945526123 1.7000000476837158
vertex -26.050018310546875 -15.549948692321777 2.200000047683716
endloop
endfacet
facet normal -1 0 0
outer loop
vertex 26.04998207092285 3.4500508308410645 2.200000047683716
vertex 26.04998207092285 17.550050735473633 2.200000047683716
vertex 26.04998207092285 7.000051021575928 1.7000000476837158
endloop
endfacet
facet normal -1 0 0
outer loop
vertex 45.04998016357422 -11.99994945526123 1.7000000476837158
vertex 45.04998016357422 -15.549948692321777 2.200000047683716
vertex 45.04998016357422 -1.4499491453170776 2.200000047683716
endloop
endfacet
facet normal 1 0 0
outer loop
vertex -64.05001831054688 3.4500508308410645 0
vertex -64.05001831054688 7.000051021575928 1.7000000476837158
vertex -64.05001831054688 3.4500508308410645 2.200000047683716
endloop
endfacet
facet normal -1 0 0
outer loop
vertex -30.95001792907715 -20.449949264526367 0
vertex -30.95001792907715 -23.999948501586914 1.7000000476837158
vertex -30.95001792907715 -20.449949264526367 2.200000047683716
endloop
endfacet
facet normal -1 0 0
outer loop
vertex -30.95001792907715 17.550050735473633 2.200000047683716
vertex -30.95001792907715 14.00005054473877 1.7000000476837158
vertex -30.95001792907715 7.000051021575928 1.7000000476837158
endloop
endfacet
facet normal 0 -1 0
outer loop
vertex -26.050018310546875 -20.449949264526367 2.200000047683716
vertex -26.050018310546875 -20.449949264526367 0
vertex -11.950018882751465 -20.449949264526367 0
endloop
endfacet
facet normal -1 0 0
outer loop
vertex 45.04998016357422 -30.999948501586914 0
vertex 45.04998016357422 -34.549949645996094 0
vertex 45.04998016357422 -34.549949645996094 2.200000047683716
endloop
endfacet
facet normal -1 0 0
outer loop
vertex -30.95001792907715 -11.99994945526123 0
vertex -30.95001792907715 -15.549948692321777 0
vertex -30.95001792907715 -15.549948692321777 2.200000047683716
endloop
endfacet
facet normal -1 0 0
outer loop
vertex 64.04998016357422 -30.999948501586914 1.7000000476837158
vertex 64.04998016357422 -30.999948501586914 0
vertex 64.04998016357422 -34.549949645996094 2.200000047683716
endloop
endfacet
facet normal -1 0 0
outer loop
vertex 45.04998016357422 -1.4499491453170776 2.200000047683716
vertex 45.04998016357422 -4.999948978424072 1.7000000476837158
vertex 45.04998016357422 -11.99994945526123 1.7000000476837158
endloop
endfacet
facet normal 0 1 0
outer loop
vertex 64.04998016357422 3.4500508308410645 2.200000047683716
vertex 49.949981689453125 3.4500508308410645 0
vertex 49.949981689453125 3.4500508308410645 2.200000047683716
endloop
endfacet
facet normal 1 0 0
outer loop
vertex -64.05001831054688 -11.99994945526123 0
vertex -64.05001831054688 -11.99994945526123 1.7000000476837158
vertex -64.05001831054688 -15.549948692321777 0
endloop
endfacet
facet normal 1 0 0
outer loop
vertex 49.949981689453125 3.4500508308410645 2.200000047683716
vertex 49.949981689453125 7.000051021575928 1.7000000476837158
vertex 49.949981689453125 14.00005054473877 1.7000000476837158
endloop
endfacet
facet normal 0 1 0
outer loop
vertex 64.04998016357422 -15.549948692321777 2.200000047683716
vertex 49.949981689453125 -15.549948692321777 0
vertex 49.949981689453125 -15.549948692321777 2.200000047683716
endloop
endfacet
facet normal 1 0 0
outer loop
vertex -26.050018310546875 3.4500508308410645 2.200000047683716
vertex -26.050018310546875 7.000051021575928 1.7000000476837158
vertex -26.050018310546875 14.00005054473877 1.7000000476837158
endloop
endfacet
facet normal -1 0 0
outer loop
vertex 64.04998016357422 -1.4499491453170776 2.200000047683716
vertex 64.04998016357422 -4.999948978424072 1.7000000476837158
vertex 64.04998016357422 -11.99994945526123 1.7000000476837158
endloop
endfacet
facet normal 0 1 0
outer loop
vertex 45.04998016357422 3.4500508308410645 2.200000047683716
vertex 30.949981689453125 3.4500508308410645 0
vertex 30.949981689453125 3.4500508308410645 2.200000047683716
endloop
endfacet
facet normal -1 0 0
outer loop
vertex 7.049981117248535 17.550050735473633 0
vertex 7.049981117248535 14.00005054473877 0
vertex 7.049981117248535 14.00005054473877 1.7000000476837158
endloop
endfacet
facet normal 0 1 0
outer loop
vertex -30.95001792907715 -15.549948692321777 2.200000047683716
vertex -45.050018310546875 -15.549948692321777 0
vertex -45.050018310546875 -15.549948692321777 2.200000047683716
endloop
endfacet
facet normal 1 0 0
outer loop
vertex -30.800018310546875 26.000051498413086 0
vertex -30.800018310546875 26.000051498413086 1.7000000476837158
vertex -30.800018310546875 22.450050354003906 0
endloop
endfacet
facet normal 0 -1 0
outer loop
vertex -45.050018310546875 17.550050735473633 2.200000047683716
vertex -30.95001792907715 17.550050735473633 0
vertex -30.95001792907715 17.550050735473633 2.200000047683716
endloop
endfacet
facet normal 1 0 0
outer loop
vertex 30.949981689453125 7.000051021575928 0
vertex 30.949981689453125 7.000051021575928 1.7000000476837158
vertex 30.949981689453125 3.4500508308410645 0
endloop
endfacet
facet normal 1 0 0
outer loop
vertex -26.050018310546875 -34.549949645996094 2.200000047683716
vertex -26.050018310546875 -30.999948501586914 1.7000000476837158
vertex -26.050018310546875 -23.999948501586914 1.7000000476837158
endloop
endfacet
facet normal -1 0 0
outer loop
vertex 26.04998207092285 17.550050735473633 0
vertex 26.04998207092285 14.00005054473877 0
vertex 26.04998207092285 14.00005054473877 1.7000000476837158
endloop
endfacet
facet normal -1 0 0
outer loop
vertex 64.04998016357422 -20.449949264526367 0
vertex 64.04998016357422 -23.999948501586914 1.7000000476837158
vertex 64.04998016357422 -20.449949264526367 2.200000047683716
endloop
endfacet
facet normal -1 0 0
outer loop
vertex -16.70001792907715 36.550052642822266 0
vertex -16.70001792907715 33.00004959106445 0
vertex -16.70001792907715 33.00004959106445 1.7000000476837158
endloop
endfacet
facet normal 1 0 0
outer loop
vertex 49.949981689453125 33.00004959106445 1.7000000476837158
vertex 49.949981689453125 33.00004959106445 0
vertex 49.949981689453125 36.550052642822266 2.200000047683716
endloop
endfacet
facet normal 1 0 0
outer loop
vertex -30.800018310546875 22.450050354003906 0
vertex -30.800018310546875 26.000051498413086 1.7000000476837158
vertex -30.800018310546875 22.450050354003906 2.200000047683716
endloop
endfacet
facet normal -1 0 0
outer loop
vertex -49.95001983642578 7.000051021575928 0
vertex -49.95001983642578 3.4500508308410645 0
vertex -49.95001983642578 3.4500508308410645 2.200000047683716
endloop
endfacet
facet normal -1 0 0
outer loop
vertex 26.04998207092285 -1.4499491453170776 0
vertex 26.04998207092285 -4.999948978424072 0
vertex 26.04998207092285 -4.999948978424072 1.7000000476837158
endloop
endfacet
facet normal -1 0 0
outer loop
vertex -11.950018882751465 -23.999948501586914 1.7000000476837158
vertex -11.950018882751465 -30.999948501586914 1.7000000476837158
vertex -11.950018882751465 -20.449949264526367 2.200000047683716
endloop
endfacet
facet normal 1 0 0
outer loop
vertex 30.949981689453125 -11.99994945526123 0
vertex 30.949981689453125 -11.99994945526123 1.7000000476837158
vertex 30.949981689453125 -15.549948692321777 0
endloop
endfacet
facet normal 1 0 0
outer loop
vertex 11.949980735778809 33.00004959106445 0
vertex 11.949980735778809 36.550052642822266 0
vertex 11.949980735778809 36.550052642822266 2.200000047683716
endloop
endfacet
facet normal -1 0 0
outer loop
vertex 7.049981117248535 -1.4499491453170776 0
vertex 7.049981117248535 -4.999948978424072 0
vertex 7.049981117248535 -4.999948978424072 1.7000000476837158
endloop
endfacet
facet normal -1 0 0
outer loop
vertex -49.95001983642578 17.550050735473633 0
vertex -49.95001983642578 14.00005054473877 0
vertex -49.95001983642578 14.00005054473877 1.7000000476837158
endloop
endfacet
facet normal 1 0 0
outer loop
vertex 11.949980735778809 -11.99994945526123 0
vertex 11.949980735778809 -11.99994945526123 1.7000000476837158
vertex 11.949980735778809 -15.549948692321777 0
endloop
endfacet
facet normal 1 0 0
outer loop
vertex 11.949980735778809 22.450050354003906 0
vertex 11.949980735778809 26.000051498413086 1.7000000476837158
vertex 11.949980735778809 22.450050354003906 2.200000047683716
endloop
endfacet
facet normal -1 0 0
outer loop
vertex 7.049981117248535 -20.449949264526367 0
vertex 7.049981117248535 -23.999948501586914 0
vertex 7.049981117248535 -23.999948501586914 1.7000000476837158
endloop
endfacet
facet normal 1 0 0
outer loop
vertex -64.05001831054688 -30.999948501586914 0
vertex -64.05001831054688 -30.999948501586914 1.7000000476837158
vertex -64.05001831054688 -34.549949645996094 0
endloop
endfacet
facet normal -1 0 0
outer loop
vertex 7.049981117248535 7.000051021575928 0
vertex 7.049981117248535 3.4500508308410645 0
vertex 7.049981117248535 3.4500508308410645 2.200000047683716
endloop
endfacet
facet normal -1 0 0
outer loop
vertex -49.95001983642578 7.000051021575928 1.7000000476837158
vertex -49.95001983642578 7.000051021575928 0
vertex -49.95001983642578 3.4500508308410645 2.200000047683716
endloop
endfacet
facet normal 1 0 0
outer loop
vertex 30.949981689453125 -34.549949645996094 0
vertex 30.949981689453125 -30.999948501586914 1.7000000476837158
vertex 30.949981689453125 -34.549949645996094 2.200000047683716
endloop
endfacet
facet normal 1 0 0
outer loop
vertex 49.949981689453125 33.00004959106445 0
vertex 49.949981689453125 36.550052642822266 0
vertex 49.949981689453125 36.550052642822266 2.200000047683716
endloop
endfacet
facet normal -1 0 0
outer loop
vertex 26.04998207092285 -30.999948501586914 0
vertex 26.04998207092285 -34.549949645996094 0
vertex 26.04998207092285 -34.549949645996094 2.200000047683716
endloop
endfacet
facet normal 0 1 0
outer loop
vertex -49.95001983642578 -15.549948692321777 2.200000047683716
vertex -64.05001831054688 -15.549948692321777 0
vertex -64.05001831054688 -15.549948692321777 2.200000047683716
endloop
endfacet
facet normal -1 0 0
outer loop
vertex 26.04998207092285 -11.99994945526123 0
vertex 26.04998207092285 -15.549948692321777 2.200000047683716
vertex 26.04998207092285 -11.99994945526123 1.7000000476837158
endloop
endfacet
facet normal 1 0 0
outer loop
vertex -7.050018787384033 -34.549949645996094 2.200000047683716
vertex -7.050018787384033 -30.999948501586914 1.7000000476837158
vertex -7.050018787384033 -23.999948501586914 1.7000000476837158
endloop
endfacet
facet normal 1 0 0
outer loop
vertex 11.949980735778809 -34.549949645996094 0
vertex 11.949980735778809 -30.999948501586914 1.7000000476837158
vertex 11.949980735778809 -34.549949645996094 2.200000047683716
endloop
endfacet
facet normal 0 1 0
outer loop
vertex 7.049981117248535 22.450050354003906 0
vertex -7.050018787384033 22.450050354003906 0
vertex 7.049981117248535 22.450050354003906 2.200000047683716
endloop
endfacet
facet normal -1 0 0
outer loop
vertex 7.049981117248535 -30.999948501586914 0
vertex 7.049981117248535 -34.549949645996094 0
vertex 7.049981117248535 -34.549949645996094 2.200000047683716
endloop
endfacet
facet normal 1 0 0
outer loop
vertex -45.050018310546875 -1.4499491453170776 2.200000047683716
vertex -45.050018310546875 -15.549948692321777 2.200000047683716
vertex -45.050018310546875 -4.999948978424072 1.7000000476837158
endloop
endfacet
facet normal 0 -1 0
outer loop
vertex -30.800018310546875 36.550052642822266 2.200000047683716
vertex -30.800018310546875 36.550052642822266 0
vertex -16.70001792907715 36.550052642822266 0
endloop
endfacet
facet normal -1 0 0
outer loop
vertex 26.04998207092285 36.550052642822266 0
vertex 26.04998207092285 33.00004959106445 0
vertex 26.04998207092285 33.00004959106445 1.7000000476837158
endloop
endfacet
facet normal -1 0 0
outer loop
vertex -16.70001792907715 26.000051498413086 0
vertex -16.70001792907715 22.450050354003906 0
vertex -16.70001792907715 22.450050354003906 2.200000047683716
endloop
endfacet
facet normal 1 0 0
outer loop
vertex -26.050018310546875 -20.449949264526367 2.200000047683716
vertex -26.050018310546875 -34.549949645996094 2.200000047683716
vertex -26.050018310546875 -23.999948501586914 1.7000000476837158
endloop
endfacet
facet normal 0 1 0
outer loop
vertex 7.049981117248535 -34.549949645996094 0
vertex -7.050018787384033 -34.549949645996094 0
vertex 7.049981117248535 -34.549949645996094 2.200000047683716
endloop
endfacet
facet normal 1 0 0
outer loop
vertex -45.050018310546875 14.00005054473877 0
vertex -45.050018310546875 17.550050735473633 0
vertex -45.050018310546875 17.550050735473633 2.200000047683716
endloop
endfacet
facet normal 1 0 0
outer loop
vertex 30.949981689453125 -30.999948501586914 0
vertex 30.949981689453125 -30.999948501586914 1.7000000476837158
vertex 30.949981689453125 -34.549949645996094 0
endloop
endfacet
facet normal -1 0 0
outer loop
vertex 45.04998016357422 26.000051498413086 1.7000000476837158
vertex 45.04998016357422 26.000051498413086 0
vertex 45.04998016357422 22.450050354003906 2.200000047683716
endloop
endfacet
facet normal 1 0 0
outer loop
vertex -7.050018787384033 22.450050354003906 0
vertex -7.050018787384033 26.000051498413086 1.7000000476837158
vertex -7.050018787384033 22.450050354003906 2.200000047683716
endloop
endfacet
facet normal 1 0 0
outer loop
vertex 30.949981689453125 26.000051498413086 0
vertex 30.949981689453125 26.000051498413086 1.7000000476837158
vertex 30.949981689453125 22.450050354003906 0
endloop
endfacet
facet normal 0 -1 0
outer loop
vertex -7.050018787384033 36.550052642822266 2.200000047683716
vertex -7.050018787384033 36.550052642822266 0
vertex 7.049981117248535 36.550052642822266 0
endloop
endfacet
facet normal 0 -1 0
outer loop
vertex -45.050018310546875 -20.449949264526367 2.200000047683716
vertex -30.95001792907715 -20.449949264526367 0
vertex -30.95001792907715 -20.449949264526367 2.200000047683716
endloop
endfacet
facet normal 1 0 0
outer loop
vertex -7.050018787384033 33.00004959106445 1.7000000476837158
vertex -7.050018787384033 33.00004959106445 0
vertex -7.050018787384033 36.550052642822266 2.200000047683716
endloop
endfacet
facet normal 1 0 0
outer loop
vertex -45.050018310546875 14.00005054473877 1.7000000476837158
vertex -45.050018310546875 14.00005054473877 0
vertex -45.050018310546875 17.550050735473633 2.200000047683716
endloop
endfacet
facet normal 1 0 0
outer loop
vertex -7.050018787384033 -34.549949645996094 0
vertex -7.050018787384033 -30.999948501586914 1.7000000476837158
vertex -7.050018787384033 -34.549949645996094 2.200000047683716
endloop
endfacet
facet normal -1 0 0
outer loop
vertex -49.95001983642578 -1.4499491453170776 2.200000047683716
vertex -49.95001983642578 -4.999948978424072 1.7000000476837158
vertex -49.95001983642578 -11.99994945526123 1.7000000476837158
endloop
endfacet
facet normal 1 0 0
outer loop
vertex -7.050018787384033 36.550052642822266 2.200000047683716
vertex -7.050018787384033 22.450050354003906 2.200000047683716
vertex -7.050018787384033 33.00004959106445 1.7000000476837158
endloop
endfacet
facet normal -1 0 0
outer loop
vertex 7.049981117248535 36.550052642822266 0
vertex 7.049981117248535 33.00004959106445 0
vertex 7.049981117248535 33.00004959106445 1.7000000476837158
endloop
endfacet
facet normal 0 1 0
outer loop
vertex -49.95001983642578 -34.549949645996094 0
vertex -64.05001831054688 -34.549949645996094 0
vertex -49.95001983642578 -34.549949645996094 2.200000047683716
endloop
endfacet
facet normal -1 0 0
outer loop
vertex 64.04998016357422 7.000051021575928 1.7000000476837158
vertex 64.04998016357422 3.4500508308410645 2.200000047683716
vertex 64.04998016357422 17.550050735473633 2.200000047683716
endloop
endfacet
facet normal 1 0 0
outer loop
vertex -7.050018787384033 22.450050354003906 2.200000047683716
vertex -7.050018787384033 26.000051498413086 1.7000000476837158
vertex -7.050018787384033 33.00004959106445 1.7000000476837158
endloop
endfacet
facet normal 1 0 0
outer loop
vertex -59.300018310546875 22.450050354003906 0
vertex -59.300018310546875 26.000051498413086 1.7000000476837158
vertex -59.300018310546875 22.450050354003906 2.200000047683716
endloop
endfacet
facet normal 0 1 0
outer loop
vertex -11.950018882751465 -34.549949645996094 0
vertex -26.050018310546875 -34.549949645996094 0
vertex -11.950018882751465 -34.549949645996094 2.200000047683716
endloop
endfacet
facet normal 0 1 0
outer loop
vertex 45.04998016357422 22.450050354003906 0
vertex 30.949981689453125 22.450050354003906 0
vertex 45.04998016357422 22.450050354003906 2.200000047683716
endloop
endfacet
facet normal 1 0 0
outer loop
vertex -26.050018310546875 -34.549949645996094 0
vertex -26.050018310546875 -30.999948501586914 1.7000000476837158
vertex -26.050018310546875 -34.549949645996094 2.200000047683716
endloop
endfacet
facet normal 1 0 0
outer loop
vertex 11.949980735778809 26.000051498413086 0
vertex 11.949980735778809 26.000051498413086 1.7000000476837158
vertex 11.949980735778809 22.450050354003906 0
endloop
endfacet
facet normal 0 1 0
outer loop
vertex -7.050018787384033 22.450050354003906 0
vertex -7.050018787384033 22.450050354003906 2.200000047683716
vertex 7.049981117248535 22.450050354003906 2.200000047683716
endloop
endfacet
facet normal -1 0 0
outer loop
vertex 45.04998016357422 -20.449949264526367 0
vertex 45.04998016357422 -23.999948501586914 0
vertex 45.04998016357422 -23.999948501586914 1.7000000476837158
endloop
endfacet
facet normal 0 -1 0
outer loop
vertex -30.800018310546875 36.550052642822266 2.200000047683716
vertex -16.70001792907715 36.550052642822266 0
vertex -16.70001792907715 36.550052642822266 2.200000047683716
endloop
endfacet
facet normal 0 1 0
outer loop
vertex -45.20001983642578 22.450050354003906 0
vertex -59.300018310546875 22.450050354003906 0
vertex -45.20001983642578 22.450050354003906 2.200000047683716
endloop
endfacet
facet normal 0 1 0
outer loop
vertex -30.95001792907715 -34.549949645996094 0
vertex -45.050018310546875 -34.549949645996094 0
vertex -30.95001792907715 -34.549949645996094 2.200000047683716
endloop
endfacet
facet normal -1 0 0
outer loop
vertex -49.95001983642578 -11.99994945526123 1.7000000476837158
vertex -49.95001983642578 -15.549948692321777 2.200000047683716
vertex -49.95001983642578 -1.4499491453170776 2.200000047683716
endloop
endfacet
facet normal 1 0 0
outer loop
vertex -64.05001831054688 3.4500508308410645 2.200000047683716
vertex -64.05001831054688 7.000051021575928 1.7000000476837158
vertex -64.05001831054688 14.00005054473877 1.7000000476837158
endloop
endfacet
facet normal -1 0 0
outer loop
vertex 7.049981117248535 -23.999948501586914 1.7000000476837158
vertex 7.049981117248535 -30.999948501586914 1.7000000476837158
vertex 7.049981117248535 -20.449949264526367 2.200000047683716
endloop
endfacet
facet normal 0 -1 0
outer loop
vertex -64.05001831054688 -1.4499491453170776 2.200000047683716
vertex -49.95001983642578 -1.4499491453170776 0
vertex -49.95001983642578 -1.4499491453170776 2.200000047683716
endloop
endfacet
facet normal 0 -1 0
outer loop
vertex 7.049981117248535 36.550052642822266 2.200000047683716
vertex -7.050018787384033 36.550052642822266 2.200000047683716
vertex 7.049981117248535 36.550052642822266 0
endloop
endfacet
facet normal 1 0 0
outer loop
vertex -30.800018310546875 22.450050354003906 2.200000047683716
vertex -30.800018310546875 33.00004959106445 1.7000000476837158
vertex -30.800018310546875 36.550052642822266 2.200000047683716
endloop
endfacet
facet normal -1 0 0
outer loop
vertex 7.049981117248535 -20.449949264526367 2.200000047683716
vertex 7.049981117248535 -30.999948501586914 1.7000000476837158
vertex 7.049981117248535 -34.549949645996094 2.200000047683716
endloop
endfacet
facet normal 1 0 0
outer loop
vertex -45.050018310546875 3.4500508308410645 2.200000047683716
vertex -45.050018310546875 7.000051021575928 1.7000000476837158
vertex -45.050018310546875 14.00005054473877 1.7000000476837158
endloop
endfacet
facet normal 1 0 0
outer loop
vertex 11.949980735778809 -20.449949264526367 2.200000047683716
vertex 11.949980735778809 -23.999948501586914 1.7000000476837158
vertex 11.949980735778809 -23.999948501586914 0
endloop
endfacet
facet normal 1 0 0
outer loop
vertex -30.800018310546875 22.450050354003906 2.200000047683716
vertex -30.800018310546875 26.000051498413086 1.7000000476837158
vertex -30.800018310546875 33.00004959106445 1.7000000476837158
endloop
endfacet
facet normal 0 -1 0
outer loop
vertex 30.949981689453125 17.550050735473633 2.200000047683716
vertex 30.949981689453125 17.550050735473633 0
vertex 45.04998016357422 17.550050735473633 0
endloop
endfacet
facet normal 1 0 0
outer loop
vertex -45.050018310546875 17.550050735473633 2.200000047683716
vertex -45.050018310546875 3.4500508308410645 2.200000047683716
vertex -45.050018310546875 14.00005054473877 1.7000000476837158
endloop
endfacet
facet normal -1 0 0
outer loop
vertex 45.04998016357422 -1.4499491453170776 0
vertex 45.04998016357422 -4.999948978424072 0
vertex 45.04998016357422 -4.999948978424072 1.7000000476837158
endloop
endfacet
facet normal 1 0 0
outer loop
vertex -59.300018310546875 22.450050354003906 2.200000047683716
vertex -59.300018310546875 33.00004959106445 1.7000000476837158
vertex -59.300018310546875 36.550052642822266 2.200000047683716
endloop
endfacet
facet normal 1 0 0
outer loop
vertex 30.949981689453125 3.4500508308410645 0
vertex 30.949981689453125 7.000051021575928 1.7000000476837158
vertex 30.949981689453125 3.4500508308410645 2.200000047683716
endloop
endfacet
facet normal -1 0 0
outer loop
vertex -45.20001983642578 36.550052642822266 2.200000047683716
vertex -45.20001983642578 33.00004959106445 1.7000000476837158
vertex -45.20001983642578 26.000051498413086 1.7000000476837158
endloop
endfacet
facet normal -1 0 0
outer loop
vertex 45.04998016357422 36.550052642822266 0
vertex 45.04998016357422 33.00004959106445 0
vertex 45.04998016357422 33.00004959106445 1.7000000476837158
endloop
endfacet
facet normal 0 -1 0
outer loop
vertex -59.300018310546875 36.550052642822266 2.200000047683716
vertex -45.20001983642578 36.550052642822266 0
vertex -45.20001983642578 36.550052642822266 2.200000047683716
endloop
endfacet
facet normal 0 -1 0
outer loop
vertex 49.949981689453125 36.550052642822266 2.200000047683716
vertex 64.04998016357422 36.550052642822266 0
vertex 64.04998016357422 36.550052642822266 2.200000047683716
endloop
endfacet
facet normal 0 1 0
outer loop
vertex -16.70001792907715 22.450050354003906 2.200000047683716
vertex -30.800018310546875 22.450050354003906 0
vertex -30.800018310546875 22.450050354003906 2.200000047683716
endloop
endfacet
facet normal -1 0 0
outer loop
vertex -30.95001792907715 -1.4499491453170776 2.200000047683716
vertex -30.95001792907715 -4.999948978424072 1.7000000476837158
vertex -30.95001792907715 -11.99994945526123 1.7000000476837158
endloop
endfacet
facet normal 0 -1 0
outer loop
vertex 49.949981689453125 -1.4499491453170776 2.200000047683716
vertex 64.04998016357422 -1.4499491453170776 0
vertex 64.04998016357422 -1.4499491453170776 2.200000047683716
endloop
endfacet
facet normal 1 0 0
outer loop
vertex 30.949981689453125 22.450050354003906 2.200000047683716
vertex 30.949981689453125 33.00004959106445 1.7000000476837158
vertex 30.949981689453125 36.550052642822266 2.200000047683716
endloop
endfacet
facet normal 0 1 0
outer loop
vertex 26.04998207092285 22.450050354003906 2.200000047683716
vertex 11.949980735778809 22.450050354003906 0
vertex 11.949980735778809 22.450050354003906 2.200000047683716
endloop
endfacet
facet normal 1 0 0
outer loop
vertex -7.050018787384033 -15.549948692321777 2.200000047683716
vertex -7.050018787384033 -4.999948978424072 1.7000000476837158
vertex -7.050018787384033 -1.4499491453170776 2.200000047683716
endloop
endfacet
facet normal -1 0 0
outer loop
vertex 45.04998016357422 -20.449949264526367 0
vertex 45.04998016357422 -23.999948501586914 1.7000000476837158
vertex 45.04998016357422 -20.449949264526367 2.200000047683716
endloop
endfacet
facet normal -1 0 0
outer loop
vertex -49.95001983642578 -23.999948501586914 1.7000000476837158
vertex -49.95001983642578 -30.999948501586914 1.7000000476837158
vertex -49.95001983642578 -20.449949264526367 2.200000047683716
endloop
endfacet
facet normal 0 -1 0
outer loop
vertex 64.04998016357422 -23.999948501586914 1.7000000476837158
vertex 64.74998474121094 -23.999948501586914 0
vertex 64.74998474121094 -23.999948501586914 1.7000000476837158
endloop
endfacet
facet normal 0 -1 0
outer loop
vertex 49.24998092651367 -23.999948501586914 1.7000000476837158
vertex 49.949981689453125 -23.999948501586914 0
vertex 49.949981689453125 -23.999948501586914 1.7000000476837158
endloop
endfacet
facet normal 0 -1 0
outer loop
vertex 64.74998474121094 -23.999948501586914 0
vertex 64.04998016357422 -23.999948501586914 1.7000000476837158
vertex 64.04998016357422 -23.999948501586914 0
endloop
endfacet
facet normal 0 -1 0
outer loop
vertex 49.24998092651367 -23.999948501586914 1.7000000476837158
vertex 49.24998092651367 -23.999948501586914 0
vertex 49.949981689453125 -23.999948501586914 0
endloop
endfacet
facet normal -1 0 0
outer loop
vertex 64.74998474121094 -23.999948501586914 0
vertex 64.74998474121094 -30.999948501586914 1.7000000476837158
vertex 64.74998474121094 -23.999948501586914 1.7000000476837158
endloop
endfacet
facet normal 0 1 0
outer loop
vertex 64.74998474121094 -30.999948501586914 1.7000000476837158
vertex 64.04998016357422 -30.999948501586914 0
vertex 64.04998016357422 -30.999948501586914 1.7000000476837158
endloop
endfacet
facet normal 1 0 0
outer loop
vertex 49.24998092651367 -30.999948501586914 1.7000000476837158
vertex 49.24998092651367 -30.999948501586914 0
vertex 49.24998092651367 -23.999948501586914 1.7000000476837158
endloop
endfacet
facet normal 0 1 0
outer loop
vertex 49.949981689453125 -30.999948501586914 1.7000000476837158
vertex 49.24998092651367 -30.999948501586914 0
vertex 49.24998092651367 -30.999948501586914 1.7000000476837158
endloop
endfacet
facet normal -1 0 0
outer loop
vertex 64.74998474121094 -23.999948501586914 0
vertex 64.74998474121094 -30.999948501586914 0
vertex 64.74998474121094 -30.999948501586914 1.7000000476837158
endloop
endfacet
facet normal 0 1 0
outer loop
vertex 64.74998474121094 -30.999948501586914 0
vertex 64.04998016357422 -30.999948501586914 0
vertex 64.74998474121094 -30.999948501586914 1.7000000476837158
endloop
endfacet
facet normal 1 0 0
outer loop
vertex 49.24998092651367 -30.999948501586914 0
vertex 49.24998092651367 -23.999948501586914 0
vertex 49.24998092651367 -23.999948501586914 1.7000000476837158
endloop
endfacet
facet normal 0 1 0
outer loop
vertex 49.949981689453125 -30.999948501586914 0
vertex 49.24998092651367 -30.999948501586914 0
vertex 49.949981689453125 -30.999948501586914 1.7000000476837158
endloop
endfacet
facet normal 0 0 -1
outer loop
vertex 64.74998474121094 -23.999948501586914 1.7000000476837158
vertex 64.04998016357422 -30.999948501586914 1.7000000476837158
vertex 64.04998016357422 -23.999948501586914 1.7000000476837158
endloop
endfacet
facet normal 0 0 -1
outer loop
vertex 64.74998474121094 -30.999948501586914 1.7000000476837158
vertex 64.04998016357422 -30.999948501586914 1.7000000476837158
vertex 64.74998474121094 -23.999948501586914 1.7000000476837158
endloop
endfacet
facet normal 0 0 -1
outer loop
vertex 49.949981689453125 -30.999948501586914 1.7000000476837158
vertex 49.24998092651367 -23.999948501586914 1.7000000476837158
vertex 49.949981689453125 -23.999948501586914 1.7000000476837158
endloop
endfacet
facet normal 0 0 -1
outer loop
vertex 49.949981689453125 -30.999948501586914 1.7000000476837158
vertex 49.24998092651367 -30.999948501586914 1.7000000476837158
vertex 49.24998092651367 -23.999948501586914 1.7000000476837158
endloop
endfacet
facet normal 0 -1 0
outer loop
vertex 30.249980926513672 -23.999948501586914 1.7000000476837158
vertex 30.949981689453125 -23.999948501586914 0
vertex 30.949981689453125 -23.999948501586914 1.7000000476837158
endloop
endfacet
facet normal 0 0 -1
outer loop
vertex 45.74998092651367 -30.999948501586914 1.7000000476837158
vertex 45.04998016357422 -30.999948501586914 1.7000000476837158
vertex 45.74998092651367 -23.999948501586914 1.7000000476837158
endloop
endfacet
facet normal 0 -1 0
outer loop
vertex 30.249980926513672 -23.999948501586914 1.7000000476837158
vertex 30.249980926513672 -23.999948501586914 0
vertex 30.949981689453125 -23.999948501586914 0
endloop
endfacet
facet normal 0 0 -1
outer loop
vertex 30.949981689453125 -30.999948501586914 1.7000000476837158
vertex 30.249980926513672 -23.999948501586914 1.7000000476837158
vertex 30.949981689453125 -23.999948501586914 1.7000000476837158
endloop
endfacet
facet normal -1 0 0
outer loop
vertex 45.74998092651367 -23.999948501586914 0
vertex 45.74998092651367 -30.999948501586914 1.7000000476837158
vertex 45.74998092651367 -23.999948501586914 1.7000000476837158
endloop
endfacet
facet normal 0 1 0
outer loop
vertex 45.74998092651367 -30.999948501586914 1.7000000476837158
vertex 45.04998016357422 -30.999948501586914 0
vertex 45.04998016357422 -30.999948501586914 1.7000000476837158
endloop
endfacet
facet normal 1 0 0
outer loop
vertex 30.249980926513672 -30.999948501586914 1.7000000476837158
vertex 30.249980926513672 -30.999948501586914 0
vertex 30.249980926513672 -23.999948501586914 1.7000000476837158
endloop
endfacet
facet normal 0 -1 0
outer loop
vertex 45.74998092651367 -23.999948501586914 0
vertex 45.04998016357422 -23.999948501586914 1.7000000476837158
vertex 45.04998016357422 -23.999948501586914 0
endloop
endfacet
facet normal 0 1 0
outer loop
vertex 30.949981689453125 -30.999948501586914 1.7000000476837158
vertex 30.249980926513672 -30.999948501586914 0
vertex 30.249980926513672 -30.999948501586914 1.7000000476837158
endloop
endfacet
facet normal 0 0 -1
outer loop
vertex 30.949981689453125 -30.999948501586914 1.7000000476837158
vertex 30.249980926513672 -30.999948501586914 1.7000000476837158
vertex 30.249980926513672 -23.999948501586914 1.7000000476837158
endloop
endfacet
facet normal -1 0 0
outer loop
vertex 45.74998092651367 -23.999948501586914 0
vertex 45.74998092651367 -30.999948501586914 0
vertex 45.74998092651367 -30.999948501586914 1.7000000476837158
endloop
endfacet
facet normal 0 1 0
outer loop
vertex 45.74998092651367 -30.999948501586914 0
vertex 45.04998016357422 -30.999948501586914 0
vertex 45.74998092651367 -30.999948501586914 1.7000000476837158
endloop
endfacet
facet normal 1 0 0
outer loop
vertex 30.249980926513672 -30.999948501586914 0
vertex 30.249980926513672 -23.999948501586914 0
vertex 30.249980926513672 -23.999948501586914 1.7000000476837158
endloop
endfacet
facet normal 0 1 0
outer loop
vertex 30.949981689453125 -30.999948501586914 0
vertex 30.249980926513672 -30.999948501586914 0
vertex 30.949981689453125 -30.999948501586914 1.7000000476837158
endloop
endfacet
facet normal 0 -1 0
outer loop
vertex 45.04998016357422 -23.999948501586914 1.7000000476837158
vertex 45.74998092651367 -23.999948501586914 0
vertex 45.74998092651367 -23.999948501586914 1.7000000476837158
endloop
endfacet
facet normal 0 0 -1
outer loop
vertex 45.74998092651367 -23.999948501586914 1.7000000476837158
vertex 45.04998016357422 -30.999948501586914 1.7000000476837158
vertex 45.04998016357422 -23.999948501586914 1.7000000476837158
endloop
endfacet
facet normal 0 -1 0
outer loop
vertex 26.749980926513672 -23.999948501586914 0
vertex 26.04998207092285 -23.999948501586914 1.7000000476837158
vertex 26.04998207092285 -23.999948501586914 0
endloop
endfacet
facet normal 0 1 0
outer loop
vertex 11.949980735778809 -30.999948501586914 0
vertex 11.249980926513672 -30.999948501586914 0
vertex 11.949980735778809 -30.999948501586914 1.7000000476837158
endloop
endfacet
facet normal 0 -1 0
outer loop
vertex 26.04998207092285 -23.999948501586914 1.7000000476837158
vertex 26.749980926513672 -23.999948501586914 0
vertex 26.749980926513672 -23.999948501586914 1.7000000476837158
endloop
endfacet
facet normal 0 0 -1
outer loop
vertex 26.749980926513672 -30.999948501586914 1.7000000476837158
vertex 26.04998207092285 -30.999948501586914 1.7000000476837158
vertex 26.749980926513672 -23.999948501586914 1.7000000476837158
endloop
endfacet
facet normal 0 0 -1
outer loop
vertex 11.949980735778809 -30.999948501586914 1.7000000476837158
vertex 11.249980926513672 -30.999948501586914 1.7000000476837158
vertex 11.249980926513672 -23.999948501586914 1.7000000476837158
endloop
endfacet
facet normal 1 0 0
outer loop
vertex 11.249980926513672 -30.999948501586914 1.7000000476837158
vertex 11.249980926513672 -30.999948501586914 0
vertex 11.249980926513672 -23.999948501586914 1.7000000476837158
endloop
endfacet
facet normal 0 0 -1
outer loop
vertex 26.749980926513672 -23.999948501586914 1.7000000476837158
vertex 26.04998207092285 -30.999948501586914 1.7000000476837158
vertex 26.04998207092285 -23.999948501586914 1.7000000476837158
endloop
endfacet
facet normal 0 1 0
outer loop
vertex 11.949980735778809 -30.999948501586914 1.7000000476837158
vertex 11.249980926513672 -30.999948501586914 0
vertex 11.249980926513672 -30.999948501586914 1.7000000476837158
endloop
endfacet
facet normal 0 -1 0
outer loop
vertex 11.249980926513672 -23.999948501586914 1.7000000476837158
vertex 11.249980926513672 -23.999948501586914 0
vertex 11.949980735778809 -23.999948501586914 0
endloop
endfacet
facet normal -1 0 0
outer loop
vertex 26.749980926513672 -23.999948501586914 0
vertex 26.749980926513672 -30.999948501586914 1.7000000476837158
vertex 26.749980926513672 -23.999948501586914 1.7000000476837158
endloop
endfacet
facet normal 0 0 -1
outer loop
vertex 11.949980735778809 -30.999948501586914 1.7000000476837158
vertex 11.249980926513672 -23.999948501586914 1.7000000476837158
vertex 11.949980735778809 -23.999948501586914 1.7000000476837158
endloop
endfacet
facet normal 0 -1 0
outer loop
vertex 11.249980926513672 -23.999948501586914 1.7000000476837158
vertex 11.949980735778809 -23.999948501586914 0
vertex 11.949980735778809 -23.999948501586914 1.7000000476837158
endloop
endfacet
facet normal -1 0 0
outer loop
vertex 26.749980926513672 -23.999948501586914 0
vertex 26.749980926513672 -30.999948501586914 0
vertex 26.749980926513672 -30.999948501586914 1.7000000476837158
endloop
endfacet
facet normal 0 1 0
outer loop
vertex 26.749980926513672 -30.999948501586914 0
vertex 26.04998207092285 -30.999948501586914 0
vertex 26.749980926513672 -30.999948501586914 1.7000000476837158
endloop
endfacet
facet normal 1 0 0
outer loop
vertex 11.249980926513672 -30.999948501586914 0
vertex 11.249980926513672 -23.999948501586914 0
vertex 11.249980926513672 -23.999948501586914 1.7000000476837158
endloop
endfacet
facet normal 0 1 0
outer loop
vertex 26.749980926513672 -30.999948501586914 1.7000000476837158
vertex 26.04998207092285 -30.999948501586914 0
vertex 26.04998207092285 -30.999948501586914 1.7000000476837158
endloop
endfacet
facet normal 1 0 0
outer loop
vertex -7.750019073486328 -30.999948501586914 1.7000000476837158
vertex -7.750019073486328 -30.999948501586914 0
vertex -7.750019073486328 -23.999948501586914 1.7000000476837158
endloop
endfacet
facet normal -1 0 0
outer loop
vertex 7.749980926513672 -23.999948501586914 0
vertex 7.749980926513672 -30.999948501586914 0
vertex 7.749980926513672 -30.999948501586914 1.7000000476837158
endloop
endfacet
facet normal 0 1 0
outer loop
vertex 7.749980926513672 -30.999948501586914 0
vertex 7.049981117248535 -30.999948501586914 0
vertex 7.749980926513672 -30.999948501586914 1.7000000476837158
endloop
endfacet
facet normal 0 1 0
outer loop
vertex -7.050018787384033 -30.999948501586914 1.7000000476837158
vertex -7.750019073486328 -30.999948501586914 0
vertex -7.750019073486328 -30.999948501586914 1.7000000476837158
endloop
endfacet
facet normal 0 1 0
outer loop
vertex -7.050018787384033 -30.999948501586914 0
vertex -7.750019073486328 -30.999948501586914 0
vertex -7.050018787384033 -30.999948501586914 1.7000000476837158
endloop
endfacet
facet normal 0 -1 0
outer loop
vertex 7.749980926513672 -23.999948501586914 0
vertex 7.049981117248535 -23.999948501586914 1.7000000476837158
vertex 7.049981117248535 -23.999948501586914 0
endloop
endfacet
facet normal 0 0 -1
outer loop
vertex -7.050018787384033 -30.999948501586914 1.7000000476837158
vertex -7.750019073486328 -23.999948501586914 1.7000000476837158
vertex -7.050018787384033 -23.999948501586914 1.7000000476837158
endloop
endfacet
facet normal 0 -1 0
outer loop
vertex -7.750019073486328 -23.999948501586914 1.7000000476837158
vertex -7.050018787384033 -23.999948501586914 0
vertex -7.050018787384033 -23.999948501586914 1.7000000476837158
endloop
endfacet
facet normal 0 1 0
outer loop
vertex 7.749980926513672 -30.999948501586914 1.7000000476837158
vertex 7.049981117248535 -30.999948501586914 0
vertex 7.049981117248535 -30.999948501586914 1.7000000476837158
endloop
endfacet
facet normal 0 0 -1
outer loop
vertex 7.749980926513672 -30.999948501586914 1.7000000476837158
vertex 7.049981117248535 -30.999948501586914 1.7000000476837158
vertex 7.749980926513672 -23.999948501586914 1.7000000476837158
endloop
endfacet
facet normal -1 0 0
outer loop
vertex 7.749980926513672 -23.999948501586914 0
vertex 7.749980926513672 -30.999948501586914 1.7000000476837158
vertex 7.749980926513672 -23.999948501586914 1.7000000476837158
endloop
endfacet
facet normal 0 -1 0
outer loop
vertex -7.750019073486328 -23.999948501586914 1.7000000476837158
vertex -7.750019073486328 -23.999948501586914 0
vertex -7.050018787384033 -23.999948501586914 0
endloop
endfacet
facet normal 0 -1 0
outer loop
vertex 7.049981117248535 -23.999948501586914 1.7000000476837158
vertex 7.749980926513672 -23.999948501586914 0
vertex 7.749980926513672 -23.999948501586914 1.7000000476837158
endloop
endfacet
facet normal 1 0 0
outer loop
vertex -7.750019073486328 -23.999948501586914 0
vertex -7.750019073486328 -23.999948501586914 1.7000000476837158
vertex -7.750019073486328 -30.999948501586914 0
endloop
endfacet
facet normal 0 0 -1
outer loop
vertex -7.050018787384033 -30.999948501586914 1.7000000476837158
vertex -7.750019073486328 -30.999948501586914 1.7000000476837158
vertex -7.750019073486328 -23.999948501586914 1.7000000476837158
endloop
endfacet
facet normal 0 0 -1
outer loop
vertex 7.749980926513672 -23.999948501586914 1.7000000476837158
vertex 7.049981117248535 -30.999948501586914 1.7000000476837158
vertex 7.049981117248535 -23.999948501586914 1.7000000476837158
endloop
endfacet
facet normal 0 -1 0
outer loop
vertex -11.950018882751465 -23.999948501586914 1.7000000476837158
vertex -11.250019073486328 -23.999948501586914 0
vertex -11.250019073486328 -23.999948501586914 1.7000000476837158
endloop
endfacet
facet normal 0 -1 0
outer loop
vertex -26.750019073486328 -23.999948501586914 1.7000000476837158
vertex -26.050018310546875 -23.999948501586914 0
vertex -26.050018310546875 -23.999948501586914 1.7000000476837158
endloop
endfacet
facet normal 0 0 -1
outer loop
vertex -26.050018310546875 -30.999948501586914 1.7000000476837158
vertex -26.750019073486328 -23.999948501586914 1.7000000476837158
vertex -26.050018310546875 -23.999948501586914 1.7000000476837158
endloop
endfacet
facet normal 0 -1 0
outer loop
vertex -26.750019073486328 -23.999948501586914 1.7000000476837158
vertex -26.750019073486328 -23.999948501586914 0
vertex -26.050018310546875 -23.999948501586914 0
endloop
endfacet
facet normal -1 0 0
outer loop
vertex -11.250019073486328 -23.999948501586914 0
vertex -11.250019073486328 -30.999948501586914 0
vertex -11.250019073486328 -30.999948501586914 1.7000000476837158
endloop
endfacet
facet normal 0 1 0
outer loop
vertex -26.050018310546875 -30.999948501586914 0
vertex -26.750019073486328 -30.999948501586914 0
vertex -26.050018310546875 -30.999948501586914 1.7000000476837158
endloop
endfacet
facet normal 1 0 0
outer loop
vertex -26.750019073486328 -30.999948501586914 0
vertex -26.750019073486328 -30.442306518554688 0
vertex -26.750019073486328 -23.999948501586914 1.7000000476837158
endloop
endfacet
facet normal -1 0 0
outer loop
vertex -11.250019073486328 -23.999948501586914 0
vertex -11.250019073486328 -30.999948501586914 1.7000000476837158
vertex -11.250019073486328 -23.999948501586914 1.7000000476837158
endloop
endfacet
facet normal 0 1 0
outer loop
vertex -11.250019073486328 -30.999948501586914 1.7000000476837158
vertex -11.950018882751465 -30.999948501586914 0
vertex -11.950018882751465 -30.999948501586914 1.7000000476837158
endloop
endfacet
facet normal 1 0 0
outer loop
vertex -26.750019073486328 -30.999948501586914 1.7000000476837158
vertex -26.750019073486328 -30.999948501586914 0
vertex -26.750019073486328 -23.999948501586914 1.7000000476837158
endloop
endfacet
facet normal 1 0 0
outer loop
vertex -26.750019073486328 -23.999948501586914 1.7000000476837158
vertex -26.750019073486328 -30.442306518554688 0
vertex -26.750019073486328 -23.999948501586914 0
endloop
endfacet
facet normal 0 1 0
outer loop
vertex -11.250019073486328 -30.999948501586914 0
vertex -11.950018882751465 -30.999948501586914 0
vertex -11.250019073486328 -30.999948501586914 1.7000000476837158
endloop
endfacet
facet normal 0 1 0
outer loop
vertex -26.050018310546875 -30.999948501586914 1.7000000476837158
vertex -26.750019073486328 -30.999948501586914 0
vertex -26.750019073486328 -30.999948501586914 1.7000000476837158
endloop
endfacet
facet normal 0 -1 0
outer loop
vertex -11.250019073486328 -23.999948501586914 0
vertex -11.950018882751465 -23.999948501586914 1.7000000476837158
vertex -11.950018882751465 -23.999948501586914 0
endloop
endfacet
facet normal 0 0 -1
outer loop
vertex -11.250019073486328 -23.999948501586914 1.7000000476837158
vertex -11.950018882751465 -30.999948501586914 1.7000000476837158
vertex -11.950018882751465 -23.999948501586914 1.7000000476837158
endloop
endfacet
facet normal 0 0 -1
outer loop
vertex -26.050018310546875 -30.999948501586914 1.7000000476837158
vertex -26.750019073486328 -30.999948501586914 1.7000000476837158
vertex -26.750019073486328 -23.999948501586914 1.7000000476837158
endloop
endfacet
facet normal 0 0 -1
outer loop
vertex -11.250019073486328 -30.999948501586914 1.7000000476837158
vertex -11.950018882751465 -30.999948501586914 1.7000000476837158
vertex -11.250019073486328 -23.999948501586914 1.7000000476837158
endloop
endfacet
facet normal 0 0 -1
outer loop
vertex -45.050018310546875 -30.999948501586914 1.7000000476837158
vertex -45.75001907348633 -23.999948501586914 1.7000000476837158
vertex -45.050018310546875 -23.999948501586914 1.7000000476837158
endloop
endfacet
facet normal -1 0 0
outer loop
vertex -30.250019073486328 -23.999948501586914 0
vertex -30.250019073486328 -29.831085205078125 0
vertex -30.250019073486328 -30.999948501586914 1.7000000476837158
endloop
endfacet
facet normal 0 1 0
outer loop
vertex -30.250019073486328 -30.999948501586914 0
vertex -30.95001792907715 -30.999948501586914 0
vertex -30.250019073486328 -30.999948501586914 1.7000000476837158
endloop
endfacet
facet normal 0 -1 0
outer loop
vertex -30.95001792907715 -23.999948501586914 1.7000000476837158
vertex -30.250019073486328 -23.999948501586914 0
vertex -30.250019073486328 -23.999948501586914 1.7000000476837158
endloop
endfacet
facet normal 1 0 0
outer loop
vertex -45.75001907348633 -30.999948501586914 0
vertex -45.75001907348633 -23.999948501586914 1.7000000476837158
vertex -45.75001907348633 -30.999948501586914 1.7000000476837158
endloop
endfacet
facet normal 0 1 0
outer loop
vertex -45.050018310546875 -30.999948501586914 0
vertex -45.75001907348633 -30.999948501586914 0
vertex -45.050018310546875 -30.999948501586914 1.7000000476837158
endloop
endfacet
facet normal 0 0 -1
outer loop
vertex -30.250019073486328 -30.999948501586914 1.7000000476837158
vertex -30.95001792907715 -30.999948501586914 1.7000000476837158
vertex -30.250019073486328 -23.999948501586914 1.7000000476837158
endloop
endfacet
facet normal 0 -1 0
outer loop
vertex -45.75001907348633 -23.999948501586914 1.7000000476837158
vertex -45.75001907348633 -23.999948501586914 0
vertex -45.050018310546875 -23.999948501586914 0
endloop
endfacet
facet normal 0 0 -1
outer loop
vertex -45.050018310546875 -30.999948501586914 1.7000000476837158
vertex -45.75001907348633 -30.999948501586914 1.7000000476837158
vertex -45.75001907348633 -23.999948501586914 1.7000000476837158
endloop
endfacet
facet normal 1 0 0
outer loop
vertex -45.75001907348633 -23.999948501586914 1.7000000476837158
vertex -45.75001907348633 -27.12424659729004 0
vertex -45.75001907348633 -23.999948501586914 0
endloop
endfacet
facet normal 1 0 0
outer loop
vertex -45.75001907348633 -30.999948501586914 0
vertex -45.75001907348633 -27.12424659729004 0
vertex -45.75001907348633 -23.999948501586914 1.7000000476837158
endloop
endfacet
facet normal 0 0 -1
outer loop
vertex -30.250019073486328 -23.999948501586914 1.7000000476837158
vertex -30.95001792907715 -30.999948501586914 1.7000000476837158
vertex -30.95001792907715 -23.999948501586914 1.7000000476837158
endloop
endfacet
facet normal 0 1 0
outer loop
vertex -30.250019073486328 -30.999948501586914 1.7000000476837158
vertex -30.95001792907715 -30.999948501586914 0
vertex -30.95001792907715 -30.999948501586914 1.7000000476837158
endloop
endfacet
facet normal 0 1 0
outer loop
vertex -45.050018310546875 -30.999948501586914 1.7000000476837158
vertex -45.75001907348633 -30.999948501586914 0
vertex -45.75001907348633 -30.999948501586914 1.7000000476837158
endloop
endfacet
facet normal 0 -1 0
outer loop
vertex -30.250019073486328 -23.999948501586914 0
vertex -30.95001792907715 -23.999948501586914 1.7000000476837158
vertex -30.95001792907715 -23.999948501586914 0
endloop
endfacet
facet normal 0 -1 0
outer loop
vertex -45.75001907348633 -23.999948501586914 1.7000000476837158
vertex -45.050018310546875 -23.999948501586914 0
vertex -45.050018310546875 -23.999948501586914 1.7000000476837158
endloop
endfacet
facet normal -1 0 0
outer loop
vertex -30.250019073486328 -23.999948501586914 0
vertex -30.250019073486328 -30.999948501586914 1.7000000476837158
vertex -30.250019073486328 -23.999948501586914 1.7000000476837158
endloop
endfacet
facet normal -1 0 0
outer loop
vertex -30.250019073486328 -29.831085205078125 0
vertex -30.250019073486328 -30.999948501586914 0
vertex -30.250019073486328 -30.999948501586914 1.7000000476837158
endloop
endfacet
facet normal 0 -1 0
outer loop
vertex -49.95001983642578 -23.999948501586914 1.7000000476837158
vertex -49.25001907348633 -23.999948501586914 0
vertex -49.25001907348633 -23.999948501586914 1.7000000476837158
endloop
endfacet
facet normal 0 1 0
outer loop
vertex -64.05001831054688 -30.999948501586914 1.7000000476837158
vertex -64.75001525878906 -30.999948501586914 0
vertex -64.75001525878906 -30.999948501586914 1.7000000476837158
endloop
endfacet
facet normal 0 1 0
outer loop
vertex -64.05001831054688 -30.999948501586914 0
vertex -64.75001525878906 -30.999948501586914 0
vertex -64.05001831054688 -30.999948501586914 1.7000000476837158
endloop
endfacet
facet normal 1 0 0
outer loop
vertex -64.75001525878906 -23.999948501586914 0
vertex -64.75001525878906 -23.999948501586914 1.7000000476837158
vertex -64.75001525878906 -30.999948501586914 0
endloop
endfacet
facet normal -1 0 0
outer loop
vertex -49.25001907348633 -23.999948501586914 0
vertex -49.25001907348633 -30.999948501586914 0
vertex -49.25001907348633 -30.999948501586914 1.7000000476837158
endloop
endfacet
facet normal 0 0 -1
outer loop
vertex -49.25001907348633 -23.999948501586914 1.7000000476837158
vertex -49.95001983642578 -30.999948501586914 1.7000000476837158
vertex -49.95001983642578 -23.999948501586914 1.7000000476837158
endloop
endfacet
facet normal 0 1 0
outer loop
vertex -49.25001907348633 -30.999948501586914 1.7000000476837158
vertex -49.95001983642578 -30.999948501586914 0
vertex -49.95001983642578 -30.999948501586914 1.7000000476837158
endloop
endfacet
facet normal 0 -1 0
outer loop
vertex -49.25001907348633 -23.999948501586914 0
vertex -49.95001983642578 -23.999948501586914 1.7000000476837158
vertex -49.95001983642578 -23.999948501586914 0
endloop
endfacet
facet normal -1 0 0
outer loop
vertex -49.25001907348633 -23.999948501586914 0
vertex -49.25001907348633 -30.999948501586914 1.7000000476837158
vertex -49.25001907348633 -23.999948501586914 1.7000000476837158
endloop
endfacet
facet normal 1 0 0
outer loop
vertex -64.75001525878906 -30.999948501586914 1.7000000476837158
vertex -64.75001525878906 -30.999948501586914 0
vertex -64.75001525878906 -23.999948501586914 1.7000000476837158
endloop
endfacet
facet normal 0 0 -1
outer loop
vertex -64.05001831054688 -30.999948501586914 1.7000000476837158
vertex -64.75001525878906 -30.999948501586914 1.7000000476837158
vertex -64.75001525878906 -23.999948501586914 1.7000000476837158
endloop
endfacet
facet normal 0 0 -1
outer loop
vertex -64.05001831054688 -30.999948501586914 1.7000000476837158
vertex -64.75001525878906 -23.999948501586914 1.7000000476837158
vertex -64.05001831054688 -23.999948501586914 1.7000000476837158
endloop
endfacet
facet normal 0 0 -1
outer loop
vertex -49.25001907348633 -30.999948501586914 1.7000000476837158
vertex -49.95001983642578 -30.999948501586914 1.7000000476837158
vertex -49.25001907348633 -23.999948501586914 1.7000000476837158
endloop
endfacet
facet normal 0 1 0
outer loop
vertex -49.25001907348633 -30.999948501586914 0
vertex -49.95001983642578 -30.999948501586914 0
vertex -49.25001907348633 -30.999948501586914 1.7000000476837158
endloop
endfacet
facet normal 0 -1 0
outer loop
vertex -64.75001525878906 -23.999948501586914 1.7000000476837158
vertex -64.05001831054688 -23.999948501586914 0
vertex -64.05001831054688 -23.999948501586914 1.7000000476837158
endloop
endfacet
facet normal 0 -1 0
outer loop
vertex -64.75001525878906 -23.999948501586914 1.7000000476837158
vertex -64.75001525878906 -23.999948501586914 0
vertex -64.05001831054688 -23.999948501586914 0
endloop
endfacet
facet normal 0 -1 0
outer loop
vertex 64.04998016357422 -4.999948978424072 1.7000000476837158
vertex 64.04998016357422 -4.999948978424072 0
vertex 64.74998474121094 -4.999948978424072 1.7000000476837158
endloop
endfacet
facet normal 0 1 0
outer loop
vertex 49.949981689453125 -11.99994945526123 0
vertex 49.24998092651367 -11.99994945526123 0
vertex 49.949981689453125 -11.99994945526123 1.7000000476837158
endloop
endfacet
facet normal 0 0 -1
outer loop
vertex 64.74998474121094 -4.999948978424072 1.7000000476837158
vertex 64.04998016357422 -11.99994945526123 1.7000000476837158
vertex 64.04998016357422 -4.999948978424072 1.7000000476837158
endloop
endfacet
facet normal -1 0 0
outer loop
vertex 64.74998474121094 -4.999948978424072 1.7000000476837158
vertex 64.74998474121094 -4.999948978424072 0
vertex 64.74998474121094 -11.99994945526123 1.7000000476837158
endloop
endfacet
facet normal 0 -1 0
outer loop
vertex 64.74998474121094 -4.999948978424072 0
vertex 64.74998474121094 -4.999948978424072 1.7000000476837158
vertex 64.04998016357422 -4.999948978424072 0
endloop
endfacet
facet normal -1 0 0
outer loop
vertex 64.74998474121094 -4.999948978424072 0
vertex 64.74998474121094 -11.99994945526123 0
vertex 64.74998474121094 -11.99994945526123 1.7000000476837158
endloop
endfacet
facet normal 0 1 0
outer loop
vertex 64.74998474121094 -11.99994945526123 0
vertex 64.04998016357422 -11.99994945526123 0
vertex 64.74998474121094 -11.99994945526123 1.7000000476837158
endloop
endfacet
facet normal 0 0 -1
outer loop
vertex 49.949981689453125 -11.99994945526123 1.7000000476837158
vertex 49.24998092651367 -4.999948978424072 1.7000000476837158
vertex 49.949981689453125 -4.999948978424072 1.7000000476837158
endloop
endfacet
facet normal 0 0 -1
outer loop
vertex 49.949981689453125 -11.99994945526123 1.7000000476837158
vertex 49.24998092651367 -11.99994945526123 1.7000000476837158
vertex 49.24998092651367 -4.999948978424072 1.7000000476837158
endloop
endfacet
facet normal 0 1 0
outer loop
vertex 64.74998474121094 -11.99994945526123 1.7000000476837158
vertex 64.04998016357422 -11.99994945526123 0
vertex 64.04998016357422 -11.99994945526123 1.7000000476837158
endloop
endfacet
facet normal 0 -1 0
outer loop
vertex 49.24998092651367 -4.999948978424072 1.7000000476837158
vertex 49.949981689453125 -4.999948978424072 0
vertex 49.949981689453125 -4.999948978424072 1.7000000476837158
endloop
endfacet
facet normal 0 -1 0
outer loop
vertex 49.24998092651367 -4.999948978424072 1.7000000476837158
vertex 49.24998092651367 -4.999948978424072 0
vertex 49.949981689453125 -4.999948978424072 0
endloop
endfacet
facet normal 1 0 0
outer loop
vertex 49.24998092651367 -11.99994945526123 1.7000000476837158
vertex 49.24998092651367 -11.99994945526123 0
vertex 49.24998092651367 -4.999948978424072 1.7000000476837158
endloop
endfacet
facet normal 0 1 0
outer loop
vertex 49.949981689453125 -11.99994945526123 1.7000000476837158
vertex 49.24998092651367 -11.99994945526123 0
vertex 49.24998092651367 -11.99994945526123 1.7000000476837158
endloop
endfacet
facet normal 0 0 -1
outer loop
vertex 64.74998474121094 -11.99994945526123 1.7000000476837158
vertex 64.04998016357422 -11.99994945526123 1.7000000476837158
vertex 64.74998474121094 -4.999948978424072 1.7000000476837158
endloop
endfacet
facet normal 1 0 0
outer loop
vertex 49.24998092651367 -4.999948978424072 0
vertex 49.24998092651367 -4.999948978424072 1.7000000476837158
vertex 49.24998092651367 -11.99994945526123 0
endloop
endfacet
facet normal 0 1 0
outer loop
vertex 45.74998092651367 -11.99994945526123 1.7000000476837158
vertex 45.04998016357422 -11.99994945526123 0
vertex 45.04998016357422 -11.99994945526123 1.7000000476837158
endloop
endfacet
facet normal -1 0 0
outer loop
vertex 45.74998092651367 -4.999948978424072 0
vertex 45.74998092651367 -11.99994945526123 1.7000000476837158
vertex 45.74998092651367 -4.999948978424072 1.7000000476837158
endloop
endfacet
facet normal 0 -1 0
outer loop
vertex 30.249980926513672 -4.999948978424072 1.7000000476837158
vertex 30.949981689453125 -4.999948978424072 0
vertex 30.949981689453125 -4.999948978424072 1.7000000476837158
endloop
endfacet
facet normal 0 -1 0
outer loop
vertex 45.74998092651367 -4.999948978424072 0
vertex 45.04998016357422 -4.999948978424072 1.7000000476837158
vertex 45.04998016357422 -4.999948978424072 0
endloop
endfacet
facet normal -1 0 0
outer loop
vertex 45.74998092651367 -4.999948978424072 0
vertex 45.74998092651367 -11.99994945526123 0
vertex 45.74998092651367 -11.99994945526123 1.7000000476837158
endloop
endfacet
facet normal 0 1 0
outer loop
vertex 45.74998092651367 -11.99994945526123 0
vertex 45.04998016357422 -11.99994945526123 0
vertex 45.74998092651367 -11.99994945526123 1.7000000476837158
endloop
endfacet
facet normal 0 0 -1
outer loop
vertex 45.74998092651367 -4.999948978424072 1.7000000476837158
vertex 45.04998016357422 -11.99994945526123 1.7000000476837158
vertex 45.04998016357422 -4.999948978424072 1.7000000476837158
endloop
endfacet
facet normal 0 -1 0
outer loop
vertex 30.249980926513672 -4.999948978424072 1.7000000476837158
vertex 30.249980926513672 -4.999948978424072 0
vertex 30.949981689453125 -4.999948978424072 0
endloop
endfacet
facet normal 0 0 -1
outer loop
vertex 45.74998092651367 -11.99994945526123 1.7000000476837158
vertex 45.04998016357422 -11.99994945526123 1.7000000476837158
vertex 45.74998092651367 -4.999948978424072 1.7000000476837158
endloop
endfacet
facet normal 0 1 0
outer loop
vertex 30.949981689453125 -11.99994945526123 1.7000000476837158
vertex 30.249980926513672 -11.99994945526123 0
vertex 30.249980926513672 -11.99994945526123 1.7000000476837158
endloop
endfacet
facet normal 1 0 0
outer loop
vertex 30.249980926513672 -4.999948978424072 0
vertex 30.249980926513672 -4.999948978424072 1.7000000476837158
vertex 30.249980926513672 -11.99994945526123 0
endloop
endfacet
facet normal 0 -1 0
outer loop
vertex 45.04998016357422 -4.999948978424072 1.7000000476837158
vertex 45.74998092651367 -4.999948978424072 0
vertex 45.74998092651367 -4.999948978424072 1.7000000476837158
endloop
endfacet
facet normal 0 1 0
outer loop
vertex 30.949981689453125 -11.99994945526123 0
vertex 30.249980926513672 -11.99994945526123 0
vertex 30.949981689453125 -11.99994945526123 1.7000000476837158
endloop
endfacet
facet normal 0 0 -1
outer loop
vertex 30.949981689453125 -11.99994945526123 1.7000000476837158
vertex 30.249980926513672 -11.99994945526123 1.7000000476837158
vertex 30.249980926513672 -4.999948978424072 1.7000000476837158
endloop
endfacet
facet normal 0 0 -1
outer loop
vertex 30.949981689453125 -11.99994945526123 1.7000000476837158
vertex 30.249980926513672 -4.999948978424072 1.7000000476837158
vertex 30.949981689453125 -4.999948978424072 1.7000000476837158
endloop
endfacet
facet normal 1 0 0
outer loop
vertex 30.249980926513672 -11.99994945526123 1.7000000476837158
vertex 30.249980926513672 -11.99994945526123 0
vertex 30.249980926513672 -4.999948978424072 1.7000000476837158
endloop
endfacet
facet normal 1 0 0
outer loop
vertex 11.249980926513672 -11.99994945526123 1.7000000476837158
vertex 11.249980926513672 -11.99994945526123 0
vertex 11.249980926513672 -4.999948978424072 1.7000000476837158
endloop
endfacet
facet normal 0 1 0
outer loop
vertex 26.749980926513672 -11.99994945526123 1.7000000476837158
vertex 26.04998207092285 -11.99994945526123 0
vertex 26.04998207092285 -11.99994945526123 1.7000000476837158
endloop
endfacet
facet normal 0 0 -1
outer loop
vertex 26.749980926513672 -4.999948978424072 1.7000000476837158
vertex 26.04998207092285 -11.99994945526123 1.7000000476837158
vertex 26.04998207092285 -4.999948978424072 1.7000000476837158
endloop
endfacet
facet normal 0 -1 0
outer loop
vertex 26.749980926513672 -4.999948978424072 0
vertex 26.04998207092285 -4.999948978424072 1.7000000476837158
vertex 26.04998207092285 -4.999948978424072 0
endloop
endfacet
facet normal 0 -1 0
outer loop
vertex 11.249980926513672 -4.999948978424072 1.7000000476837158
vertex 11.949980735778809 -4.999948978424072 0
vertex 11.949980735778809 -4.999948978424072 1.7000000476837158
endloop
endfacet
facet normal -1 0 0
outer loop
vertex 26.749980926513672 -4.999948978424072 0
vertex 26.749980926513672 -11.99994945526123 0
vertex 26.749980926513672 -11.99994945526123 1.7000000476837158
endloop
endfacet
facet normal 0 -1 0
outer loop
vertex 26.04998207092285 -4.999948978424072 1.7000000476837158
vertex 26.749980926513672 -4.999948978424072 0
vertex 26.749980926513672 -4.999948978424072 1.7000000476837158
endloop
endfacet
facet normal 0 0 -1
outer loop
vertex 26.749980926513672 -11.99994945526123 1.7000000476837158
vertex 26.04998207092285 -11.99994945526123 1.7000000476837158
vertex 26.749980926513672 -4.999948978424072 1.7000000476837158
endloop
endfacet
facet normal 0 1 0
outer loop
vertex 11.949980735778809 -11.99994945526123 1.7000000476837158
vertex 11.249980926513672 -11.99994945526123 0
vertex 11.249980926513672 -11.99994945526123 1.7000000476837158
endloop
endfacet
facet normal 0 1 0
outer loop
vertex 26.749980926513672 -11.99994945526123 0
vertex 26.04998207092285 -11.99994945526123 0
vertex 26.749980926513672 -11.99994945526123 1.7000000476837158
endloop
endfacet
facet normal 0 1 0
outer loop
vertex 11.949980735778809 -11.99994945526123 0
vertex 11.249980926513672 -11.99994945526123 0
vertex 11.949980735778809 -11.99994945526123 1.7000000476837158
endloop
endfacet
facet normal 0 0 -1
outer loop
vertex 11.949980735778809 -11.99994945526123 1.7000000476837158
vertex 11.249980926513672 -11.99994945526123 1.7000000476837158
vertex 11.249980926513672 -4.999948978424072 1.7000000476837158
endloop
endfacet
facet normal 1 0 0
outer loop
vertex 11.249980926513672 -11.99994945526123 0
vertex 11.249980926513672 -4.999948978424072 0
vertex 11.249980926513672 -4.999948978424072 1.7000000476837158
endloop
endfacet
facet normal 0 -1 0
outer loop
vertex 11.249980926513672 -4.999948978424072 1.7000000476837158
vertex 11.249980926513672 -4.999948978424072 0
vertex 11.949980735778809 -4.999948978424072 0
endloop
endfacet
facet normal 0 0 -1
outer loop
vertex 11.949980735778809 -11.99994945526123 1.7000000476837158
vertex 11.249980926513672 -4.999948978424072 1.7000000476837158
vertex 11.949980735778809 -4.999948978424072 1.7000000476837158
endloop
endfacet
facet normal -1 0 0
outer loop
vertex 26.749980926513672 -4.999948978424072 0
vertex 26.749980926513672 -11.99994945526123 1.7000000476837158
vertex 26.749980926513672 -4.999948978424072 1.7000000476837158
endloop
endfacet
facet normal 0 -1 0
outer loop
vertex 7.049981117248535 -4.999948978424072 1.7000000476837158
vertex 7.749980926513672 -4.999948978424072 0
vertex 7.749980926513672 -4.999948978424072 1.7000000476837158
endloop
endfacet
facet normal 0 -1 0
outer loop
vertex -7.750019073486328 -4.999948978424072 1.7000000476837158
vertex -7.050018787384033 -4.999948978424072 0
vertex -7.050018787384033 -4.999948978424072 1.7000000476837158
endloop
endfacet
facet normal 1 0 0
outer loop
vertex -7.750019073486328 -11.99994945526123 1.7000000476837158
vertex -7.750019073486328 -11.99994945526123 0
vertex -7.750019073486328 -4.999948978424072 1.7000000476837158
endloop
endfacet
facet normal 0 1 0
outer loop
vertex -7.050018787384033 -11.99994945526123 1.7000000476837158
vertex -7.750019073486328 -11.99994945526123 0
vertex -7.750019073486328 -11.99994945526123 1.7000000476837158
endloop
endfacet
facet normal 0 1 0
outer loop
vertex 7.749980926513672 -11.99994945526123 1.7000000476837158
vertex 7.049981117248535 -11.99994945526123 0
vertex 7.049981117248535 -11.99994945526123 1.7000000476837158
endloop
endfacet
facet normal -1 0 0
outer loop
vertex 7.749980926513672 -4.999948978424072 0
vertex 7.749980926513672 -11.99994945526123 1.7000000476837158
vertex 7.749980926513672 -4.999948978424072 1.7000000476837158
endloop
endfacet
facet normal 0 0 -1
outer loop
vertex -7.050018787384033 -11.99994945526123 1.7000000476837158
vertex -7.750019073486328 -4.999948978424072 1.7000000476837158
vertex -7.050018787384033 -4.999948978424072 1.7000000476837158
endloop
endfacet
facet normal 0 -1 0
outer loop
vertex -7.750019073486328 -4.999948978424072 1.7000000476837158
vertex -7.750019073486328 -4.999948978424072 0
vertex -7.050018787384033 -4.999948978424072 0
endloop
endfacet
facet normal 1 0 0
outer loop
vertex -7.750019073486328 -11.99994945526123 0
vertex -7.750019073486328 -4.999948978424072 0
vertex -7.750019073486328 -4.999948978424072 1.7000000476837158
endloop
endfacet
facet normal 0 1 0
outer loop
vertex -7.050018787384033 -11.99994945526123 0
vertex -7.750019073486328 -11.99994945526123 0
vertex -7.050018787384033 -11.99994945526123 1.7000000476837158
endloop
endfacet
facet normal 0 0 -1
outer loop
vertex -7.050018787384033 -11.99994945526123 1.7000000476837158
vertex -7.750019073486328 -11.99994945526123 1.7000000476837158
vertex -7.750019073486328 -4.999948978424072 1.7000000476837158
endloop
endfacet
facet normal 0 0 -1
outer loop
vertex 7.749980926513672 -4.999948978424072 1.7000000476837158
vertex 7.049981117248535 -11.99994945526123 1.7000000476837158
vertex 7.049981117248535 -4.999948978424072 1.7000000476837158
endloop
endfacet
facet normal 0 1 0
outer loop
vertex 7.749980926513672 -11.99994945526123 0
vertex 7.049981117248535 -11.99994945526123 0
vertex 7.749980926513672 -11.99994945526123 1.7000000476837158
endloop
endfacet
facet normal -1 0 0
outer loop
vertex 7.749980926513672 -4.999948978424072 0
vertex 7.749980926513672 -11.99994945526123 0
vertex 7.749980926513672 -11.99994945526123 1.7000000476837158
endloop
endfacet
facet normal 0 -1 0
outer loop
vertex 7.749980926513672 -4.999948978424072 0
vertex 7.049981117248535 -4.999948978424072 1.7000000476837158
vertex 7.049981117248535 -4.999948978424072 0
endloop
endfacet
facet normal 0 0 -1
outer loop
vertex 7.749980926513672 -11.99994945526123 1.7000000476837158
vertex 7.049981117248535 -11.99994945526123 1.7000000476837158
vertex 7.749980926513672 -4.999948978424072 1.7000000476837158
endloop
endfacet
facet normal 0 1 0
outer loop
vertex -26.050018310546875 -11.99994945526123 0
vertex -26.750019073486328 -11.99994945526123 0
vertex -26.050018310546875 -11.99994945526123 1.7000000476837158
endloop
endfacet
facet normal 0 1 0
outer loop
vertex -26.050018310546875 -11.99994945526123 1.7000000476837158
vertex -26.750019073486328 -11.99994945526123 0
vertex -26.750019073486328 -11.99994945526123 1.7000000476837158
endloop
endfacet
facet normal 0 -1 0
outer loop
vertex -11.250019073486328 -4.999948978424072 0
vertex -11.950018882751465 -4.999948978424072 1.7000000476837158
vertex -11.950018882751465 -4.999948978424072 0
endloop
endfacet
facet normal 0 1 0
outer loop
vertex -11.250019073486328 -11.99994945526123 1.7000000476837158
vertex -11.950018882751465 -11.99994945526123 0
vertex -11.950018882751465 -11.99994945526123 1.7000000476837158
endloop
endfacet
facet normal -1 0 0
outer loop
vertex -11.250019073486328 -4.999948978424072 0
vertex -11.250019073486328 -11.99994945526123 1.7000000476837158
vertex -11.250019073486328 -4.999948978424072 1.7000000476837158
endloop
endfacet
facet normal 0 1 0
outer loop
vertex -11.250019073486328 -11.99994945526123 0
vertex -11.950018882751465 -11.99994945526123 0
vertex -11.250019073486328 -11.99994945526123 1.7000000476837158
endloop
endfacet
facet normal 0 0 -1
outer loop
vertex -11.250019073486328 -11.99994945526123 1.7000000476837158
vertex -11.950018882751465 -11.99994945526123 1.7000000476837158
vertex -11.250019073486328 -4.999948978424072 1.7000000476837158
endloop
endfacet
facet normal 0 0 -1
outer loop
vertex -26.050018310546875 -11.99994945526123 1.7000000476837158
vertex -26.750019073486328 -11.99994945526123 1.7000000476837158
vertex -26.750019073486328 -4.999948978424072 1.7000000476837158
endloop
endfacet
facet normal 0 0 -1
outer loop
vertex -11.950018882751465 -11.99994945526123 1.7000000476837158
vertex -11.950018882751465 -4.999948978424072 1.7000000476837158
vertex -11.250019073486328 -4.999948978424072 1.7000000476837158
endloop
endfacet
facet normal 0 0 -1
outer loop
vertex -26.050018310546875 -11.99994945526123 1.7000000476837158
vertex -26.750019073486328 -4.999948978424072 1.7000000476837158
vertex -26.050018310546875 -4.999948978424072 1.7000000476837158
endloop
endfacet
facet normal 0 -1 0
outer loop
vertex -11.950018882751465 -4.999948978424072 1.7000000476837158
vertex -11.250019073486328 -4.999948978424072 0
vertex -11.250019073486328 -4.999948978424072 1.7000000476837158
endloop
endfacet
facet normal 0 -1 0
outer loop
vertex -26.750019073486328 -4.999948978424072 1.7000000476837158
vertex -26.750019073486328 -4.999948978424072 0
vertex -26.050018310546875 -4.999948978424072 0
endloop
endfacet
facet normal 1 0 0
outer loop
vertex -26.750019073486328 -4.999948978424072 0
vertex -26.750019073486328 -4.999948978424072 1.7000000476837158
vertex -26.750019073486328 -11.99994945526123 0
endloop
endfacet
facet normal 0 -1 0
outer loop
vertex -26.750019073486328 -4.999948978424072 1.7000000476837158
vertex -26.050018310546875 -4.999948978424072 0
vertex -26.050018310546875 -4.999948978424072 1.7000000476837158
endloop
endfacet
facet normal 1 0 0
outer loop
vertex -26.750019073486328 -11.99994945526123 1.7000000476837158
vertex -26.750019073486328 -11.99994945526123 0
vertex -26.750019073486328 -4.999948978424072 1.7000000476837158
endloop
endfacet
facet normal -1 0 0
outer loop
vertex -11.250019073486328 -4.999948978424072 0
vertex -11.250019073486328 -11.99994945526123 0
vertex -11.250019073486328 -11.99994945526123 1.7000000476837158
endloop
endfacet
facet normal 0 -1 0
outer loop
vertex -30.250019073486328 -4.999948978424072 0
vertex -30.95001792907715 -4.999948978424072 1.7000000476837158
vertex -30.95001792907715 -4.999948978424072 0
endloop
endfacet
facet normal 0 -1 0
outer loop
vertex -30.95001792907715 -4.999948978424072 1.7000000476837158
vertex -30.250019073486328 -4.999948978424072 0
vertex -30.250019073486328 -4.999948978424072 1.7000000476837158
endloop
endfacet
facet normal -1 0 0
outer loop
vertex -30.250019073486328 -4.999948978424072 0
vertex -30.250019073486328 -11.99994945526123 1.7000000476837158
vertex -30.250019073486328 -4.999948978424072 1.7000000476837158
endloop
endfacet
facet normal 1 0 0
outer loop
vertex -45.75001907348633 -11.99994945526123 0
vertex -45.75001907348633 -4.999948978424072 1.7000000476837158
vertex -45.75001907348633 -11.99994945526123 1.7000000476837158
endloop
endfacet
facet normal 1 0 0
outer loop
vertex -45.75001907348633 -4.999948978424072 0
vertex -45.75001907348633 -4.999948978424072 1.7000000476837158
vertex -45.75001907348633 -11.99994945526123 0
endloop
endfacet
facet normal 0 0 -1
outer loop
vertex -45.050018310546875 -11.99994945526123 1.7000000476837158
vertex -45.75001907348633 -4.999948978424072 1.7000000476837158
vertex -45.050018310546875 -4.999948978424072 1.7000000476837158
endloop
endfacet
facet normal 0 1 0
outer loop
vertex -45.050018310546875 -11.99994945526123 1.7000000476837158
vertex -45.75001907348633 -11.99994945526123 0
vertex -45.75001907348633 -11.99994945526123 1.7000000476837158
endloop
endfacet
facet normal 0 -1 0
outer loop
vertex -45.75001907348633 -4.999948978424072 1.7000000476837158
vertex -45.050018310546875 -4.999948978424072 0
vertex -45.050018310546875 -4.999948978424072 1.7000000476837158
endloop
endfacet
facet normal -1 0 0
outer loop
vertex -30.250019073486328 -4.999948978424072 0
vertex -30.250019073486328 -11.99994945526123 0
vertex -30.250019073486328 -11.99994945526123 1.7000000476837158
endloop
endfacet
facet normal 0 1 0
outer loop
vertex -30.250019073486328 -11.99994945526123 0
vertex -30.95001792907715 -11.99994945526123 0
vertex -30.250019073486328 -11.99994945526123 1.7000000476837158
endloop
endfacet
facet normal 0 0 -1
outer loop
vertex -30.250019073486328 -4.999948978424072 1.7000000476837158
vertex -30.95001792907715 -11.99994945526123 1.7000000476837158
vertex -30.95001792907715 -4.999948978424072 1.7000000476837158
endloop
endfacet
facet normal 0 0 -1
outer loop
vertex -30.250019073486328 -11.99994945526123 1.7000000476837158
vertex -30.95001792907715 -11.99994945526123 1.7000000476837158
vertex -30.250019073486328 -4.999948978424072 1.7000000476837158
endloop
endfacet
facet normal 0 1 0
outer loop
vertex -45.050018310546875 -11.99994945526123 0
vertex -45.75001907348633 -11.99994945526123 0
vertex -45.050018310546875 -11.99994945526123 1.7000000476837158
endloop
endfacet
facet normal 0 -1 0
outer loop
vertex -45.75001907348633 -4.999948978424072 1.7000000476837158
vertex -45.75001907348633 -4.999948978424072 0
vertex -45.050018310546875 -4.999948978424072 0
endloop
endfacet
facet normal 0 1 0
outer loop
vertex -30.250019073486328 -11.99994945526123 1.7000000476837158
vertex -30.95001792907715 -11.99994945526123 0
vertex -30.95001792907715 -11.99994945526123 1.7000000476837158
endloop
endfacet
facet normal 0 0 -1
outer loop
vertex -45.050018310546875 -11.99994945526123 1.7000000476837158
vertex -45.75001907348633 -11.99994945526123 1.7000000476837158
vertex -45.75001907348633 -4.999948978424072 1.7000000476837158
endloop
endfacet
facet normal 0 -1 0
outer loop
vertex -49.25001907348633 -4.999948978424072 0
vertex -49.95001983642578 -4.999948978424072 1.7000000476837158
vertex -49.95001983642578 -4.999948978424072 0
endloop
endfacet
facet normal 0 0 -1
outer loop
vertex -64.05001831054688 -11.99994945526123 1.7000000476837158
vertex -64.75001525878906 -4.999948978424072 1.7000000476837158
vertex -64.05001831054688 -4.999948978424072 1.7000000476837158
endloop
endfacet
facet normal 1 0 0
outer loop
vertex -64.75001525878906 -11.99994945526123 1.7000000476837158
vertex -64.75001525878906 -11.99994945526123 0
vertex -64.75001525878906 -4.999948978424072 1.7000000476837158
endloop
endfacet
facet normal 0 -1 0
outer loop
vertex -64.75001525878906 -4.999948978424072 1.7000000476837158
vertex -64.75001525878906 -4.999948978424072 0
vertex -64.05001831054688 -4.999948978424072 0
endloop
endfacet
facet normal 0 0 -1
outer loop
vertex -49.25001907348633 -4.999948978424072 1.7000000476837158
vertex -49.95001983642578 -11.99994945526123 1.7000000476837158
vertex -49.95001983642578 -4.999948978424072 1.7000000476837158
endloop
endfacet
facet normal 0 1 0
outer loop
vertex -64.05001831054688 -11.99994945526123 1.7000000476837158
vertex -64.75001525878906 -11.99994945526123 0
vertex -64.75001525878906 -11.99994945526123 1.7000000476837158
endloop
endfacet
facet normal 0 0 -1
outer loop
vertex -49.25001907348633 -11.99994945526123 1.7000000476837158
vertex -49.95001983642578 -11.99994945526123 1.7000000476837158
vertex -49.25001907348633 -4.999948978424072 1.7000000476837158
endloop
endfacet
facet normal 0 -1 0
outer loop
vertex -64.75001525878906 -4.999948978424072 1.7000000476837158
vertex -64.05001831054688 -4.999948978424072 0
vertex -64.05001831054688 -4.999948978424072 1.7000000476837158
endloop
endfacet
facet normal 0 1 0
outer loop
vertex -64.05001831054688 -11.99994945526123 0
vertex -64.75001525878906 -11.99994945526123 0
vertex -64.05001831054688 -11.99994945526123 1.7000000476837158
endloop
endfacet
facet normal 0 -1 0
outer loop
vertex -49.95001983642578 -4.999948978424072 1.7000000476837158
vertex -49.25001907348633 -4.999948978424072 0
vertex -49.25001907348633 -4.999948978424072 1.7000000476837158
endloop
endfacet
facet normal -1 0 0
outer loop
vertex -49.25001907348633 -4.999948978424072 0
vertex -49.25001907348633 -11.99994945526123 1.7000000476837158
vertex -49.25001907348633 -4.999948978424072 1.7000000476837158
endloop
endfacet
facet normal -1 0 0
outer loop
vertex -49.25001907348633 -4.999948978424072 0
vertex -49.25001907348633 -11.99994945526123 0
vertex -49.25001907348633 -11.99994945526123 1.7000000476837158
endloop
endfacet
facet normal 0 1 0
outer loop
vertex -49.25001907348633 -11.99994945526123 0
vertex -49.95001983642578 -11.99994945526123 0
vertex -49.25001907348633 -11.99994945526123 1.7000000476837158
endloop
endfacet
facet normal 1 0 0
outer loop
vertex -64.75001525878906 -4.999948978424072 0
vertex -64.75001525878906 -4.999948978424072 1.7000000476837158
vertex -64.75001525878906 -11.99994945526123 0
endloop
endfacet
facet normal 0 1 0
outer loop
vertex -49.25001907348633 -11.99994945526123 1.7000000476837158
vertex -49.95001983642578 -11.99994945526123 0
vertex -49.95001983642578 -11.99994945526123 1.7000000476837158
endloop
endfacet
facet normal 0 0 -1
outer loop
vertex -64.05001831054688 -11.99994945526123 1.7000000476837158
vertex -64.75001525878906 -11.99994945526123 1.7000000476837158
vertex -64.75001525878906 -4.999948978424072 1.7000000476837158
endloop
endfacet
facet normal 0 1 0
outer loop
vertex 49.949981689453125 7.000051021575928 1.7000000476837158
vertex 49.24998092651367 7.000051021575928 0
vertex 49.24998092651367 7.000051021575928 1.7000000476837158
endloop
endfacet
facet normal -1 0 0
outer loop
vertex 64.74998474121094 14.00005054473877 0
vertex 64.74998474121094 7.000051021575928 1.7000000476837158
vertex 64.74998474121094 14.00005054473877 1.7000000476837158
endloop
endfacet
facet normal 0 0 -1
outer loop
vertex 49.949981689453125 14.00005054473877 1.7000000476837158
vertex 49.949981689453125 7.000051021575928 1.7000000476837158
vertex 49.24998092651367 14.00005054473877 1.7000000476837158
endloop
endfacet
facet normal 0 1 0
outer loop
vertex 49.949981689453125 7.000051021575928 0
vertex 49.24998092651367 7.000051021575928 0
vertex 49.949981689453125 7.000051021575928 1.7000000476837158
endloop
endfacet
facet normal 1 0 0
outer loop
vertex 49.24998092651367 14.00005054473877 0
vertex 49.24998092651367 14.00005054473877 1.7000000476837158
vertex 49.24998092651367 7.000051021575928 0
endloop
endfacet
facet normal 0 -1 0
outer loop
vertex 49.24998092651367 14.00005054473877 1.7000000476837158
vertex 49.949981689453125 14.00005054473877 0
vertex 49.949981689453125 14.00005054473877 1.7000000476837158
endloop
endfacet
facet normal 1 0 0
outer loop
vertex 49.24998092651367 7.000051021575928 1.7000000476837158
vertex 49.24998092651367 7.000051021575928 0
vertex 49.24998092651367 14.00005054473877 1.7000000476837158
endloop
endfacet
facet normal 0 0 -1
outer loop
vertex 64.74998474121094 7.000051021575928 1.7000000476837158
vertex 64.04998016357422 7.000051021575928 1.7000000476837158
vertex 64.74998474121094 14.00005054473877 1.7000000476837158
endloop
endfacet
facet normal 0 0 -1
outer loop
vertex 64.74998474121094 14.00005054473877 1.7000000476837158
vertex 64.04998016357422 7.000051021575928 1.7000000476837158
vertex 64.04998016357422 14.00005054473877 1.7000000476837158
endloop
endfacet
facet normal 0 0 -1
outer loop
vertex 49.949981689453125 7.000051021575928 1.7000000476837158
vertex 49.24998092651367 7.000051021575928 1.7000000476837158
vertex 49.24998092651367 14.00005054473877 1.7000000476837158
endloop
endfacet
facet normal 0 -1 0
outer loop
vertex 64.04998016357422 14.00005054473877 1.7000000476837158
vertex 64.74998474121094 14.00005054473877 0
vertex 64.74998474121094 14.00005054473877 1.7000000476837158
endloop
endfacet
facet normal 0 1 0
outer loop
vertex 64.74998474121094 7.000051021575928 1.7000000476837158
vertex 64.04998016357422 7.000051021575928 0
vertex 64.04998016357422 7.000051021575928 1.7000000476837158
endloop
endfacet
facet normal 0 -1 0
outer loop
vertex 49.24998092651367 14.00005054473877 1.7000000476837158
vertex 49.24998092651367 14.00005054473877 0
vertex 49.949981689453125 14.00005054473877 0
endloop
endfacet
facet normal 0 1 0
outer loop
vertex 64.74998474121094 7.000051021575928 0
vertex 64.04998016357422 7.000051021575928 0
vertex 64.74998474121094 7.000051021575928 1.7000000476837158
endloop
endfacet
facet normal -1 0 0
outer loop
vertex 64.74998474121094 14.00005054473877 0
vertex 64.74998474121094 7.000051021575928 0
vertex 64.74998474121094 7.000051021575928 1.7000000476837158
endloop
endfacet
facet normal 0 -1 0
outer loop
vertex 64.74998474121094 14.00005054473877 0
vertex 64.04998016357422 14.00005054473877 1.7000000476837158
vertex 64.04998016357422 14.00005054473877 0
endloop
endfacet
facet normal 1 0 0
outer loop
vertex 30.249980926513672 7.000051021575928 1.7000000476837158
vertex 30.249980926513672 7.000051021575928 0
vertex 30.249980926513672 14.00005054473877 1.7000000476837158
endloop
endfacet
facet normal 0 1 0
outer loop
vertex 45.74998092651367 7.000051021575928 1.7000000476837158
vertex 45.04998016357422 7.000051021575928 0
vertex 45.04998016357422 7.000051021575928 1.7000000476837158
endloop
endfacet
facet normal 0 1 0
outer loop
vertex 30.949981689453125 7.000051021575928 0
vertex 30.249980926513672 7.000051021575928 0
vertex 30.949981689453125 7.000051021575928 1.7000000476837158
endloop
endfacet
facet normal 1 0 0
outer loop
vertex 30.249980926513672 7.000051021575928 0
vertex 30.249980926513672 14.00005054473877 0
vertex 30.249980926513672 14.00005054473877 1.7000000476837158
endloop
endfacet
facet normal -1 0 0
outer loop
vertex 45.74998092651367 14.00005054473877 0
vertex 45.74998092651367 7.000051021575928 1.7000000476837158
vertex 45.74998092651367 14.00005054473877 1.7000000476837158
endloop
endfacet
facet normal 0 -1 0
outer loop
vertex 45.04998016357422 14.00005054473877 1.7000000476837158
vertex 45.74998092651367 14.00005054473877 0
vertex 45.74998092651367 14.00005054473877 1.7000000476837158
endloop
endfacet
facet normal 0 -1 0
outer loop
vertex 45.74998092651367 14.00005054473877 0
vertex 45.04998016357422 14.00005054473877 1.7000000476837158
vertex 45.04998016357422 14.00005054473877 0
endloop
endfacet
facet normal -1 0 0
outer loop
vertex 45.74998092651367 14.00005054473877 0
vertex 45.74998092651367 7.000051021575928 0
vertex 45.74998092651367 7.000051021575928 1.7000000476837158
endloop
endfacet
facet normal 0 1 0
outer loop
vertex 45.74998092651367 7.000051021575928 0
vertex 45.04998016357422 7.000051021575928 0
vertex 45.74998092651367 7.000051021575928 1.7000000476837158
endloop
endfacet
facet normal 0 0 -1
outer loop
vertex 30.949981689453125 7.000051021575928 1.7000000476837158
vertex 30.249980926513672 7.000051021575928 1.7000000476837158
vertex 30.249980926513672 14.00005054473877 1.7000000476837158
endloop
endfacet
facet normal 0 0 -1
outer loop
vertex 45.74998092651367 7.000051021575928 1.7000000476837158
vertex 45.04998016357422 7.000051021575928 1.7000000476837158
vertex 45.74998092651367 14.00005054473877 1.7000000476837158
endloop
endfacet
facet normal 0 0 -1
outer loop
vertex 45.74998092651367 14.00005054473877 1.7000000476837158
vertex 45.04998016357422 7.000051021575928 1.7000000476837158
vertex 45.04998016357422 14.00005054473877 1.7000000476837158
endloop
endfacet
facet normal 0 -1 0
outer loop
vertex 30.249980926513672 14.00005054473877 1.7000000476837158
vertex 30.949981689453125 14.00005054473877 0
vertex 30.949981689453125 14.00005054473877 1.7000000476837158
endloop
endfacet
facet normal 0 1 0
outer loop
vertex 30.949981689453125 7.000051021575928 1.7000000476837158
vertex 30.249980926513672 7.000051021575928 0
vertex 30.249980926513672 7.000051021575928 1.7000000476837158
endloop
endfacet
facet normal 0 -1 0
outer loop
vertex 30.249980926513672 14.00005054473877 1.7000000476837158
vertex 30.249980926513672 14.00005054473877 0
vertex 30.949981689453125 14.00005054473877 0
endloop
endfacet
facet normal 0 0 -1
outer loop
vertex 30.949981689453125 14.00005054473877 1.7000000476837158
vertex 30.949981689453125 7.000051021575928 1.7000000476837158
vertex 30.249980926513672 14.00005054473877 1.7000000476837158
endloop
endfacet
facet normal 0 1 0
outer loop
vertex 26.749980926513672 7.000051021575928 0
vertex 26.04998207092285 7.000051021575928 0
vertex 26.749980926513672 7.000051021575928 1.7000000476837158
endloop
endfacet
facet normal -1 0 0
outer loop
vertex 26.749980926513672 14.00005054473877 0
vertex 26.749980926513672 7.000051021575928 0
vertex 26.749980926513672 7.000051021575928 1.7000000476837158
endloop
endfacet
facet normal 0 -1 0
outer loop
vertex 11.249980926513672 14.00005054473877 1.7000000476837158
vertex 11.249980926513672 14.00005054473877 0
vertex 11.949980735778809 14.00005054473877 0
endloop
endfacet
facet normal 0 -1 0
outer loop
vertex 26.749980926513672 14.00005054473877 0
vertex 26.04998207092285 14.00005054473877 1.7000000476837158
vertex 26.04998207092285 14.00005054473877 0
endloop
endfacet
facet normal 0 0 -1
outer loop
vertex 26.749980926513672 14.00005054473877 1.7000000476837158
vertex 26.04998207092285 7.000051021575928 1.7000000476837158
vertex 26.04998207092285 14.00005054473877 1.7000000476837158
endloop
endfacet
facet normal 0 0 -1
outer loop
vertex 26.749980926513672 7.000051021575928 1.7000000476837158
vertex 26.04998207092285 7.000051021575928 1.7000000476837158
vertex 26.749980926513672 14.00005054473877 1.7000000476837158
endloop
endfacet
facet normal 1 0 0
outer loop
vertex 11.249980926513672 14.00005054473877 0
vertex 11.249980926513672 14.00005054473877 1.7000000476837158
vertex 11.249980926513672 7.000051021575928 0
endloop
endfacet
facet normal 1 0 0
outer loop
vertex 11.249980926513672 7.000051021575928 1.7000000476837158
vertex 11.249980926513672 7.000051021575928 0
vertex 11.249980926513672 14.00005054473877 1.7000000476837158
endloop
endfacet
facet normal 0 1 0
outer loop
vertex 11.949980735778809 7.000051021575928 1.7000000476837158
vertex 11.249980926513672 7.000051021575928 0
vertex 11.249980926513672 7.000051021575928 1.7000000476837158
endloop
endfacet
facet normal 0 1 0
outer loop
vertex 11.949980735778809 7.000051021575928 0
vertex 11.249980926513672 7.000051021575928 0
vertex 11.949980735778809 7.000051021575928 1.7000000476837158
endloop
endfacet
facet normal 0 0 -1
outer loop
vertex 11.949980735778809 7.000051021575928 1.7000000476837158
vertex 11.249980926513672 7.000051021575928 1.7000000476837158
vertex 11.249980926513672 14.00005054473877 1.7000000476837158
endloop
endfacet
facet normal 0 -1 0
outer loop
vertex 11.249980926513672 14.00005054473877 1.7000000476837158
vertex 11.949980735778809 14.00005054473877 0
vertex 11.949980735778809 14.00005054473877 1.7000000476837158
endloop
endfacet
facet normal 0 0 -1
outer loop
vertex 11.949980735778809 14.00005054473877 1.7000000476837158
vertex 11.949980735778809 7.000051021575928 1.7000000476837158
vertex 11.249980926513672 14.00005054473877 1.7000000476837158
endloop
endfacet
facet normal 0 1 0
outer loop
vertex 26.749980926513672 7.000051021575928 1.7000000476837158
vertex 26.04998207092285 7.000051021575928 0
vertex 26.04998207092285 7.000051021575928 1.7000000476837158
endloop
endfacet
facet normal 0 -1 0
outer loop
vertex 26.04998207092285 14.00005054473877 1.7000000476837158
vertex 26.749980926513672 14.00005054473877 0
vertex 26.749980926513672 14.00005054473877 1.7000000476837158
endloop
endfacet
facet normal -1 0 0
outer loop
vertex 26.749980926513672 14.00005054473877 0
vertex 26.749980926513672 7.000051021575928 1.7000000476837158
vertex 26.749980926513672 14.00005054473877 1.7000000476837158
endloop
endfacet
facet normal 0 0 -1
outer loop
vertex -7.050018787384033 14.00005054473877 1.7000000476837158
vertex -7.050018787384033 7.000051021575928 1.7000000476837158
vertex -7.750019073486328 14.00005054473877 1.7000000476837158
endloop
endfacet
facet normal 0 1 0
outer loop
vertex 7.749980926513672 7.000051021575928 1.7000000476837158
vertex 7.049981117248535 7.000051021575928 0
vertex 7.049981117248535 7.000051021575928 1.7000000476837158
endloop
endfacet
facet normal 0 1 0
outer loop
vertex 7.749980926513672 7.000051021575928 0
vertex 7.049981117248535 7.000051021575928 0
vertex 7.749980926513672 7.000051021575928 1.7000000476837158
endloop
endfacet
facet normal 0 0 -1
outer loop
vertex 7.749980926513672 14.00005054473877 1.7000000476837158
vertex 7.049981117248535 7.000051021575928 1.7000000476837158
vertex 7.049981117248535 14.00005054473877 1.7000000476837158
endloop
endfacet
facet normal 0 -1 0
outer loop
vertex 7.049981117248535 14.00005054473877 1.7000000476837158
vertex 7.749980926513672 14.00005054473877 0
vertex 7.749980926513672 14.00005054473877 1.7000000476837158
endloop
endfacet
facet normal -1 0 0
outer loop
vertex 7.749980926513672 14.00005054473877 0
vertex 7.749980926513672 7.000051021575928 1.7000000476837158
vertex 7.749980926513672 14.00005054473877 1.7000000476837158
endloop
endfacet
facet normal -1 0 0
outer loop
vertex 7.749980926513672 14.00005054473877 0
vertex 7.749980926513672 7.000051021575928 0
vertex 7.749980926513672 7.000051021575928 1.7000000476837158
endloop
endfacet
facet normal 0 -1 0
outer loop
vertex -7.750019073486328 14.00005054473877 1.7000000476837158
vertex -7.050018787384033 14.00005054473877 0
vertex -7.050018787384033 14.00005054473877 1.7000000476837158
endloop
endfacet
facet normal 0 0 -1
outer loop
vertex 7.749980926513672 7.000051021575928 1.7000000476837158
vertex 7.049981117248535 7.000051021575928 1.7000000476837158
vertex 7.749980926513672 14.00005054473877 1.7000000476837158
endloop
endfacet
facet normal 0 -1 0
outer loop
vertex 7.749980926513672 14.00005054473877 0
vertex 7.049981117248535 14.00005054473877 1.7000000476837158
vertex 7.049981117248535 14.00005054473877 0
endloop
endfacet
facet normal 0 1 0
outer loop
vertex -7.050018787384033 7.000051021575928 1.7000000476837158
vertex -7.750019073486328 7.000051021575928 0
vertex -7.750019073486328 7.000051021575928 1.7000000476837158
endloop
endfacet
facet normal 0 -1 0
outer loop
vertex -7.750019073486328 14.00005054473877 1.7000000476837158
vertex -7.750019073486328 14.00005054473877 0
vertex -7.050018787384033 14.00005054473877 0
endloop
endfacet
facet normal 0 1 0
outer loop
vertex -7.050018787384033 7.000051021575928 0
vertex -7.750019073486328 7.000051021575928 0
vertex -7.050018787384033 7.000051021575928 1.7000000476837158
endloop
endfacet
facet normal 0 0 -1
outer loop
vertex -7.050018787384033 7.000051021575928 1.7000000476837158
vertex -7.750019073486328 7.000051021575928 1.7000000476837158
vertex -7.750019073486328 14.00005054473877 1.7000000476837158
endloop
endfacet
facet normal 1 0 0
outer loop
vertex -7.750019073486328 14.00005054473877 0
vertex -7.750019073486328 14.00005054473877 1.7000000476837158
vertex -7.750019073486328 7.000051021575928 0
endloop
endfacet
facet normal 1 0 0
outer loop
vertex -7.750019073486328 7.000051021575928 1.7000000476837158
vertex -7.750019073486328 7.000051021575928 0
vertex -7.750019073486328 14.00005054473877 1.7000000476837158
endloop
endfacet
facet normal 0 0 -1
outer loop
vertex -11.250019073486328 7.000051021575928 1.7000000476837158
vertex -11.950018882751465 7.000051021575928 1.7000000476837158
vertex -11.250019073486328 14.00005054473877 1.7000000476837158
endloop
endfacet
facet normal 0 0 -1
outer loop
vertex -26.050018310546875 14.00005054473877 1.7000000476837158
vertex -26.050018310546875 7.000051021575928 1.7000000476837158
vertex -26.750019073486328 14.00005054473877 1.7000000476837158
endloop
endfacet
facet normal 0 -1 0
outer loop
vertex -11.250019073486328 14.00005054473877 0
vertex -11.950018882751465 14.00005054473877 1.7000000476837158
vertex -11.950018882751465 14.00005054473877 0
endloop
endfacet
facet normal 0 0 -1
outer loop
vertex -11.250019073486328 14.00005054473877 1.7000000476837158
vertex -11.950018882751465 7.000051021575928 1.7000000476837158
vertex -11.950018882751465 14.00005054473877 1.7000000476837158
endloop
endfacet
facet normal 0 1 0
outer loop
vertex -26.050018310546875 7.000051021575928 1.7000000476837158
vertex -26.750019073486328 7.000051021575928 0
vertex -26.750019073486328 7.000051021575928 1.7000000476837158
endloop
endfacet
facet normal 0 -1 0
outer loop
vertex -11.950018882751465 14.00005054473877 1.7000000476837158
vertex -11.250019073486328 14.00005054473877 0
vertex -11.250019073486328 14.00005054473877 1.7000000476837158
endloop
endfacet
facet normal -1 0 0
outer loop
vertex -11.250019073486328 14.00005054473877 0
vertex -11.250019073486328 7.000051021575928 1.7000000476837158
vertex -11.250019073486328 14.00005054473877 1.7000000476837158
endloop
endfacet
facet normal 0 1 0
outer loop
vertex -11.250019073486328 7.000051021575928 1.7000000476837158
vertex -11.950018882751465 7.000051021575928 0
vertex -11.950018882751465 7.000051021575928 1.7000000476837158
endloop
endfacet
facet normal 0 0 -1
outer loop
vertex -26.050018310546875 7.000051021575928 1.7000000476837158
vertex -26.750019073486328 7.000051021575928 1.7000000476837158
vertex -26.750019073486328 14.00005054473877 1.7000000476837158
endloop
endfacet
facet normal 0 -1 0
outer loop
vertex -26.750019073486328 14.00005054473877 1.7000000476837158
vertex -26.050018310546875 14.00005054473877 0
vertex -26.050018310546875 14.00005054473877 1.7000000476837158
endloop
endfacet
facet normal -1 0 0
outer loop
vertex -11.250019073486328 14.00005054473877 0
vertex -11.250019073486328 7.000051021575928 0
vertex -11.250019073486328 7.000051021575928 1.7000000476837158
endloop
endfacet
facet normal 0 1 0
outer loop
vertex -11.250019073486328 7.000051021575928 0
vertex -11.950018882751465 7.000051021575928 0
vertex -11.250019073486328 7.000051021575928 1.7000000476837158
endloop
endfacet
facet normal 0 -1 0
outer loop
vertex -26.750019073486328 14.00005054473877 1.7000000476837158
vertex -26.750019073486328 14.00005054473877 0
vertex -26.050018310546875 14.00005054473877 0
endloop
endfacet
facet normal 1 0 0
outer loop
vertex -26.750019073486328 7.000051021575928 0
vertex -26.750019073486328 14.00005054473877 0
vertex -26.750019073486328 14.00005054473877 1.7000000476837158
endloop
endfacet
facet normal 1 0 0
outer loop
vertex -26.750019073486328 7.000051021575928 1.7000000476837158
vertex -26.750019073486328 7.000051021575928 0
vertex -26.750019073486328 14.00005054473877 1.7000000476837158
endloop
endfacet
facet normal 0 1 0
outer loop
vertex -26.050018310546875 7.000051021575928 0
vertex -26.750019073486328 7.000051021575928 0
vertex -26.050018310546875 7.000051021575928 1.7000000476837158
endloop
endfacet
facet normal -1 0 0
outer loop
vertex -30.250019073486328 14.00005054473877 0
vertex -30.250019073486328 7.000051021575928 0
vertex -30.250019073486328 7.000051021575928 1.7000000476837158
endloop
endfacet
facet normal 0 1 0
outer loop
vertex -30.250019073486328 7.000051021575928 0
vertex -30.95001792907715 7.000051021575928 0
vertex -30.250019073486328 7.000051021575928 1.7000000476837158
endloop
endfacet
facet normal 0 -1 0
outer loop
vertex -30.95001792907715 14.00005054473877 0
vertex -30.250019073486328 14.00005054473877 0
vertex -30.95001792907715 14.00005054473877 1.7000000476837158
endloop
endfacet
facet normal -1 0 0
outer loop
vertex -30.250019073486328 14.00005054473877 0
vertex -30.250019073486328 7.000051021575928 1.7000000476837158
vertex -30.250019073486328 14.00005054473877 1.7000000476837158
endloop
endfacet
facet normal 0 -1 0
outer loop
vertex -30.95001792907715 14.00005054473877 1.7000000476837158
vertex -30.250019073486328 14.00005054473877 0
vertex -30.250019073486328 14.00005054473877 1.7000000476837158
endloop
endfacet
facet normal 0 -1 0
outer loop
vertex -45.75001907348633 14.00005054473877 1.7000000476837158
vertex -45.050018310546875 14.00005054473877 0
vertex -45.050018310546875 14.00005054473877 1.7000000476837158
endloop
endfacet
facet normal 0 1 0
outer loop
vertex -45.050018310546875 7.000051021575928 1.7000000476837158
vertex -45.75001907348633 7.000051021575928 0
vertex -45.75001907348633 7.000051021575928 1.7000000476837158
endloop
endfacet
facet normal 0 0 -1
outer loop
vertex -45.050018310546875 7.000051021575928 1.7000000476837158
vertex -45.75001907348633 7.000051021575928 1.7000000476837158
vertex -45.75001907348633 14.00005054473877 1.7000000476837158
endloop
endfacet
facet normal 0 0 -1
outer loop
vertex -45.050018310546875 14.00005054473877 1.7000000476837158
vertex -45.050018310546875 7.000051021575928 1.7000000476837158
vertex -45.75001907348633 14.00005054473877 1.7000000476837158
endloop
endfacet
facet normal 0 0 -1
outer loop
vertex -30.250019073486328 7.000051021575928 1.7000000476837158
vertex -30.95001792907715 7.000051021575928 1.7000000476837158
vertex -30.250019073486328 14.00005054473877 1.7000000476837158
endloop
endfacet
facet normal 1 0 0
outer loop
vertex -45.75001907348633 7.000051021575928 0
vertex -45.75001907348633 14.00005054473877 1.7000000476837158
vertex -45.75001907348633 7.000051021575928 1.7000000476837158
endloop
endfacet
facet normal 0 0 -1
outer loop
vertex -30.250019073486328 14.00005054473877 1.7000000476837158
vertex -30.95001792907715 7.000051021575928 1.7000000476837158
vertex -30.95001792907715 14.00005054473877 1.7000000476837158
endloop
endfacet
facet normal 0 -1 0
outer loop
vertex -45.75001907348633 14.00005054473877 1.7000000476837158
vertex -45.75001907348633 14.00005054473877 0
vertex -45.050018310546875 14.00005054473877 0
endloop
endfacet
facet normal 1 0 0
outer loop
vertex -45.75001907348633 14.00005054473877 0
vertex -45.75001907348633 14.00005054473877 1.7000000476837158
vertex -45.75001907348633 7.000051021575928 0
endloop
endfacet
facet normal 0 1 0
outer loop
vertex -30.250019073486328 7.000051021575928 1.7000000476837158
vertex -30.95001792907715 7.000051021575928 0
vertex -30.95001792907715 7.000051021575928 1.7000000476837158
endloop
endfacet
facet normal 0 1 0
outer loop
vertex -45.050018310546875 7.000051021575928 0
vertex -45.75001907348633 7.000051021575928 0
vertex -45.050018310546875 7.000051021575928 1.7000000476837158
endloop
endfacet
facet normal -1 0 0
outer loop
vertex -49.25001907348633 14.00005054473877 0
vertex -49.25001907348633 7.000051021575928 1.7000000476837158
vertex -49.25001907348633 14.00005054473877 1.7000000476837158
endloop
endfacet
facet normal 1 0 0
outer loop
vertex -64.75001525878906 14.00005054473877 0
vertex -64.75001525878906 14.00005054473877 1.7000000476837158
vertex -64.75001525878906 7.000051021575928 0
endloop
endfacet
facet normal 0 0 -1
outer loop
vertex -64.05001831054688 7.000051021575928 1.7000000476837158
vertex -64.75001525878906 7.000051021575928 1.7000000476837158
vertex -64.75001525878906 14.00005054473877 1.7000000476837158
endloop
endfacet
facet normal 0 -1 0
outer loop
vertex -49.95001983642578 14.00005054473877 1.7000000476837158
vertex -49.25001907348633 14.00005054473877 0
vertex -49.25001907348633 14.00005054473877 1.7000000476837158
endloop
endfacet
facet normal 0 -1 0
outer loop
vertex -64.75001525878906 14.00005054473877 1.7000000476837158
vertex -64.05001831054688 14.00005054473877 0
vertex -64.05001831054688 14.00005054473877 1.7000000476837158
endloop
endfacet
facet normal 0 -1 0
outer loop
vertex -49.95001983642578 14.00005054473877 0
vertex -49.25001907348633 14.00005054473877 0
vertex -49.95001983642578 14.00005054473877 1.7000000476837158
endloop
endfacet
facet normal -1 0 0
outer loop
vertex -49.25001907348633 14.00005054473877 0
vertex -49.25001907348633 7.000051021575928 0
vertex -49.25001907348633 7.000051021575928 1.7000000476837158
endloop
endfacet
facet normal 1 0 0
outer loop
vertex -64.75001525878906 7.000051021575928 1.7000000476837158
vertex -64.75001525878906 7.000051021575928 0
vertex -64.75001525878906 14.00005054473877 1.7000000476837158
endloop
endfacet
facet normal 0 1 0
outer loop
vertex -64.05001831054688 7.000051021575928 1.7000000476837158
vertex -64.05001831054688 7.000051021575928 0
vertex -64.75001525878906 7.000051021575928 1.7000000476837158
endloop
endfacet
facet normal 0 1 0
outer loop
vertex -49.25001907348633 7.000051021575928 0
vertex -49.95001983642578 7.000051021575928 0
vertex -49.25001907348633 7.000051021575928 1.7000000476837158
endloop
endfacet
facet normal 0 -1 0
outer loop
vertex -64.75001525878906 14.00005054473877 1.7000000476837158
vertex -64.75001525878906 14.00005054473877 0
vertex -64.05001831054688 14.00005054473877 0
endloop
endfacet
facet normal 0 0 -1
outer loop
vertex -64.05001831054688 14.00005054473877 1.7000000476837158
vertex -64.05001831054688 7.000051021575928 1.7000000476837158
vertex -64.75001525878906 14.00005054473877 1.7000000476837158
endloop
endfacet
facet normal 0 0 -1
outer loop
vertex -49.25001907348633 7.000051021575928 1.7000000476837158
vertex -49.95001983642578 7.000051021575928 1.7000000476837158
vertex -49.25001907348633 14.00005054473877 1.7000000476837158
endloop
endfacet
facet normal 0 0 -1
outer loop
vertex -49.25001907348633 14.00005054473877 1.7000000476837158
vertex -49.95001983642578 7.000051021575928 1.7000000476837158
vertex -49.95001983642578 14.00005054473877 1.7000000476837158
endloop
endfacet
facet normal 0 1 0
outer loop
vertex -64.05001831054688 7.000051021575928 0
vertex -64.75001525878906 7.000051021575928 0
vertex -64.75001525878906 7.000051021575928 1.7000000476837158
endloop
endfacet
facet normal 0 1 0
outer loop
vertex -49.25001907348633 7.000051021575928 1.7000000476837158
vertex -49.95001983642578 7.000051021575928 0
vertex -49.95001983642578 7.000051021575928 1.7000000476837158
endloop
endfacet
facet normal 1 0 0
outer loop
vertex 49.24998092651367 26.000051498413086 1.7000000476837158
vertex 49.24998092651367 26.000051498413086 0
vertex 49.24998092651367 33.00004959106445 1.7000000476837158
endloop
endfacet
facet normal 0 1 0
outer loop
vertex 49.949981689453125 26.000051498413086 1.7000000476837158
vertex 49.24998092651367 26.000051498413086 0
vertex 49.24998092651367 26.000051498413086 1.7000000476837158
endloop
endfacet
facet normal 0 -1 0
outer loop
vertex 64.74998474121094 33.00004959106445 0
vertex 64.04998016357422 33.00004959106445 1.7000000476837158
vertex 64.04998016357422 33.00004959106445 0
endloop
endfacet
facet normal -1 0 0
outer loop
vertex 64.74998474121094 33.00004959106445 0
vertex 64.74998474121094 26.000051498413086 0
vertex 64.74998474121094 26.000051498413086 1.7000000476837158
endloop
endfacet
facet normal 0 1 0
outer loop
vertex 64.74998474121094 26.000051498413086 0
vertex 64.04998016357422 26.000051498413086 0
vertex 64.74998474121094 26.000051498413086 1.7000000476837158
endloop
endfacet
facet normal 0 0 -1
outer loop
vertex 49.949981689453125 26.000051498413086 1.7000000476837158
vertex 49.24998092651367 26.000051498413086 1.7000000476837158
vertex 49.24998092651367 33.00004959106445 1.7000000476837158
endloop
endfacet
facet normal 0 -1 0
outer loop
vertex 49.24998092651367 33.00004959106445 1.7000000476837158
vertex 49.24998092651367 33.00004959106445 0
vertex 49.949981689453125 33.00004959106445 0
endloop
endfacet
facet normal 1 0 0
outer loop
vertex 49.24998092651367 33.00004959106445 0
vertex 49.24998092651367 33.00004959106445 1.7000000476837158
vertex 49.24998092651367 26.000051498413086 0
endloop
endfacet
facet normal 0 0 -1
outer loop
vertex 49.949981689453125 26.000051498413086 1.7000000476837158
vertex 49.24998092651367 33.00004959106445 1.7000000476837158
vertex 49.949981689453125 33.00004959106445 1.7000000476837158
endloop
endfacet
facet normal 0 1 0
outer loop
vertex 49.949981689453125 26.000051498413086 0
vertex 49.24998092651367 26.000051498413086 0
vertex 49.949981689453125 26.000051498413086 1.7000000476837158
endloop
endfacet
facet normal 0 0 -1
outer loop
vertex 64.74998474121094 26.000051498413086 1.7000000476837158
vertex 64.04998016357422 26.000051498413086 1.7000000476837158
vertex 64.74998474121094 33.00004959106445 1.7000000476837158
endloop
endfacet
facet normal 0 0 -1
outer loop
vertex 64.74998474121094 33.00004959106445 1.7000000476837158
vertex 64.04998016357422 26.000051498413086 1.7000000476837158
vertex 64.04998016357422 33.00004959106445 1.7000000476837158
endloop
endfacet
facet normal 0 -1 0
outer loop
vertex 49.24998092651367 33.00004959106445 1.7000000476837158
vertex 49.949981689453125 33.00004959106445 0
vertex 49.949981689453125 33.00004959106445 1.7000000476837158
endloop
endfacet
facet normal 0 1 0
outer loop
vertex 64.74998474121094 26.000051498413086 1.7000000476837158
vertex 64.04998016357422 26.000051498413086 0
vertex 64.04998016357422 26.000051498413086 1.7000000476837158
endloop
endfacet
facet normal -1 0 0
outer loop
vertex 64.74998474121094 33.00004959106445 0
vertex 64.74998474121094 26.000051498413086 1.7000000476837158
vertex 64.74998474121094 33.00004959106445 1.7000000476837158
endloop
endfacet
facet normal 0 -1 0
outer loop
vertex 64.04998016357422 33.00004959106445 1.7000000476837158
vertex 64.74998474121094 33.00004959106445 0
vertex 64.74998474121094 33.00004959106445 1.7000000476837158
endloop
endfacet
facet normal 0 -1 0
outer loop
vertex 30.249980926513672 33.00004959106445 1.7000000476837158
vertex 30.249980926513672 33.00004959106445 0
vertex 30.949981689453125 33.00004959106445 0
endloop
endfacet
facet normal 1 0 0
outer loop
vertex 30.249980926513672 33.00004959106445 0
vertex 30.249980926513672 33.00004959106445 1.7000000476837158
vertex 30.249980926513672 26.000051498413086 0
endloop
endfacet
facet normal -1 0 0
outer loop
vertex 45.74998092651367 33.00004959106445 0
vertex 45.74998092651367 26.000051498413086 0
vertex 45.74998092651367 26.000051498413086 1.7000000476837158
endloop
endfacet
facet normal 0 1 0
outer loop
vertex 45.74998092651367 26.000051498413086 0
vertex 45.04998016357422 26.000051498413086 0
vertex 45.74998092651367 26.000051498413086 1.7000000476837158
endloop
endfacet
facet normal 0 0 -1
outer loop
vertex 45.74998092651367 33.00004959106445 1.7000000476837158
vertex 45.04998016357422 26.000051498413086 1.7000000476837158
vertex 45.04998016357422 33.00004959106445 1.7000000476837158
endloop
endfacet
facet normal 0 -1 0
outer loop
vertex 30.249980926513672 33.00004959106445 1.7000000476837158
vertex 30.949981689453125 33.00004959106445 0
vertex 30.949981689453125 33.00004959106445 1.7000000476837158
endloop
endfacet
facet normal 0 -1 0
outer loop
vertex 45.74998092651367 33.00004959106445 0
vertex 45.04998016357422 33.00004959106445 1.7000000476837158
vertex 45.04998016357422 33.00004959106445 0
endloop
endfacet
facet normal 0 1 0
outer loop
vertex 30.949981689453125 26.000051498413086 0
vertex 30.249980926513672 26.000051498413086 0
vertex 30.949981689453125 26.000051498413086 1.7000000476837158
endloop
endfacet
facet normal 1 0 0
outer loop
vertex 30.249980926513672 26.000051498413086 1.7000000476837158
vertex 30.249980926513672 26.000051498413086 0
vertex 30.249980926513672 33.00004959106445 1.7000000476837158
endloop
endfacet
facet normal 0 1 0
outer loop
vertex 45.74998092651367 26.000051498413086 1.7000000476837158
vertex 45.04998016357422 26.000051498413086 0
vertex 45.04998016357422 26.000051498413086 1.7000000476837158
endloop
endfacet
facet normal 0 0 -1
outer loop
vertex 45.74998092651367 26.000051498413086 1.7000000476837158
vertex 45.04998016357422 26.000051498413086 1.7000000476837158
vertex 45.74998092651367 33.00004959106445 1.7000000476837158
endloop
endfacet
facet normal 0 0 -1
outer loop
vertex 30.949981689453125 26.000051498413086 1.7000000476837158
vertex 30.249980926513672 33.00004959106445 1.7000000476837158
vertex 30.949981689453125 33.00004959106445 1.7000000476837158
endloop
endfacet
facet normal 0 1 0
outer loop
vertex 30.949981689453125 26.000051498413086 1.7000000476837158
vertex 30.249980926513672 26.000051498413086 0
vertex 30.249980926513672 26.000051498413086 1.7000000476837158
endloop
endfacet
facet normal 0 -1 0
outer loop
vertex 45.04998016357422 33.00004959106445 1.7000000476837158
vertex 45.74998092651367 33.00004959106445 0
vertex 45.74998092651367 33.00004959106445 1.7000000476837158
endloop
endfacet
facet normal -1 0 0
outer loop
vertex 45.74998092651367 33.00004959106445 0
vertex 45.74998092651367 26.000051498413086 1.7000000476837158
vertex 45.74998092651367 33.00004959106445 1.7000000476837158
endloop
endfacet
facet normal 0 0 -1
outer loop
vertex 30.949981689453125 26.000051498413086 1.7000000476837158
vertex 30.249980926513672 26.000051498413086 1.7000000476837158
vertex 30.249980926513672 33.00004959106445 1.7000000476837158
endloop
endfacet
facet normal 1 0 0
outer loop
vertex 11.249980926513672 26.000051498413086 0
vertex 11.249980926513672 33.00004959106445 0
vertex 11.249980926513672 33.00004959106445 1.7000000476837158
endloop
endfacet
facet normal 0 0 -1
outer loop
vertex 11.949980735778809 26.000051498413086 1.7000000476837158
vertex 11.249980926513672 33.00004959106445 1.7000000476837158
vertex 11.949980735778809 33.00004959106445 1.7000000476837158
endloop
endfacet
facet normal 0 1 0
outer loop
vertex 11.949980735778809 26.000051498413086 0
vertex 11.249980926513672 26.000051498413086 0
vertex 11.949980735778809 26.000051498413086 1.7000000476837158
endloop
endfacet
facet normal 0 1 0
outer loop
vertex 11.949980735778809 26.000051498413086 1.7000000476837158
vertex 11.249980926513672 26.000051498413086 0
vertex 11.249980926513672 26.000051498413086 1.7000000476837158
endloop
endfacet
facet normal 0 -1 0
outer loop
vertex 11.249980926513672 33.00004959106445 1.7000000476837158
vertex 11.949980735778809 33.00004959106445 0
vertex 11.949980735778809 33.00004959106445 1.7000000476837158
endloop
endfacet
facet normal 0 1 0
outer loop
vertex 26.749980926513672 26.000051498413086 1.7000000476837158
vertex 26.04998207092285 26.000051498413086 0
vertex 26.04998207092285 26.000051498413086 1.7000000476837158
endloop
endfacet
facet normal -1 0 0
outer loop
vertex 26.749980926513672 33.00004959106445 0
vertex 26.749980926513672 26.000051498413086 1.7000000476837158
vertex 26.749980926513672 33.00004959106445 1.7000000476837158
endloop
endfacet
facet normal 0 0 -1
outer loop
vertex 26.749980926513672 26.000051498413086 1.7000000476837158
vertex 26.04998207092285 26.000051498413086 1.7000000476837158
vertex 26.749980926513672 33.00004959106445 1.7000000476837158
endloop
endfacet
facet normal 0 -1 0
outer loop
vertex 11.249980926513672 33.00004959106445 1.7000000476837158
vertex 11.249980926513672 33.00004959106445 0
vertex 11.949980735778809 33.00004959106445 0
endloop
endfacet
facet normal 0 -1 0
outer loop
vertex 26.04998207092285 33.00004959106445 1.7000000476837158
vertex 26.749980926513672 33.00004959106445 0
vertex 26.749980926513672 33.00004959106445 1.7000000476837158
endloop
endfacet
facet normal 0 1 0
outer loop
vertex 26.749980926513672 26.000051498413086 0
vertex 26.04998207092285 26.000051498413086 0
vertex 26.749980926513672 26.000051498413086 1.7000000476837158
endloop
endfacet
facet normal -1 0 0
outer loop
vertex 26.749980926513672 33.00004959106445 0
vertex 26.749980926513672 26.000051498413086 0
vertex 26.749980926513672 26.000051498413086 1.7000000476837158
endloop
endfacet
facet normal 0 0 -1
outer loop
vertex 11.949980735778809 26.000051498413086 1.7000000476837158
vertex 11.249980926513672 26.000051498413086 1.7000000476837158
vertex 11.249980926513672 33.00004959106445 1.7000000476837158
endloop
endfacet
facet normal 0 -1 0
outer loop
vertex 26.749980926513672 33.00004959106445 0
vertex 26.04998207092285 33.00004959106445 1.7000000476837158
vertex 26.04998207092285 33.00004959106445 0
endloop
endfacet
facet normal 1 0 0
outer loop
vertex 11.249980926513672 26.000051498413086 1.7000000476837158
vertex 11.249980926513672 26.000051498413086 0
vertex 11.249980926513672 33.00004959106445 1.7000000476837158
endloop
endfacet
facet normal 0 0 -1
outer loop
vertex 26.749980926513672 33.00004959106445 1.7000000476837158
vertex 26.04998207092285 26.000051498413086 1.7000000476837158
vertex 26.04998207092285 33.00004959106445 1.7000000476837158
endloop
endfacet
facet normal 1 0 0
outer loop
vertex -7.750019073486328 33.00004959106445 0
vertex -7.750019073486328 33.00004959106445 1.7000000476837158
vertex -7.750019073486328 26.000051498413086 0
endloop
endfacet
facet normal 0 0 -1
outer loop
vertex -7.050018787384033 26.000051498413086 1.7000000476837158
vertex -7.750019073486328 26.000051498413086 1.7000000476837158
vertex -7.750019073486328 33.00004959106445 1.7000000476837158
endloop
endfacet
facet normal 0 0 -1
outer loop
vertex 7.749980926513672 26.000051498413086 1.7000000476837158
vertex 7.049981117248535 26.000051498413086 1.7000000476837158
vertex 7.749980926513672 33.00004959106445 1.7000000476837158
endloop
endfacet
facet normal 0 0 -1
outer loop
vertex 7.749980926513672 33.00004959106445 1.7000000476837158
vertex 7.049981117248535 26.000051498413086 1.7000000476837158
vertex 7.049981117248535 33.00004959106445 1.7000000476837158
endloop
endfacet
facet normal -1 0 0
outer loop
vertex 7.749980926513672 33.00004959106445 0
vertex 7.749980926513672 26.000051498413086 0
vertex 7.749980926513672 26.000051498413086 1.7000000476837158
endloop
endfacet
facet normal 0 1 0
outer loop
vertex 7.749980926513672 26.000051498413086 0
vertex 7.049981117248535 26.000051498413086 0
vertex 7.749980926513672 26.000051498413086 1.7000000476837158
endloop
endfacet
facet normal 0 -1 0
outer loop
vertex -7.750019073486328 33.00004959106445 1.7000000476837158
vertex -7.750019073486328 33.00004959106445 0
vertex -7.050018787384033 33.00004959106445 0
endloop
endfacet
facet normal 0 -1 0
outer loop
vertex 7.749980926513672 33.00004959106445 0
vertex 7.049981117248535 33.00004959106445 1.7000000476837158
vertex 7.049981117248535 33.00004959106445 0
endloop
endfacet
facet normal 0 -1 0
outer loop
vertex -7.750019073486328 33.00004959106445 1.7000000476837158
vertex -7.050018787384033 33.00004959106445 0
vertex -7.050018787384033 33.00004959106445 1.7000000476837158
endloop
endfacet
facet normal 0 1 0
outer loop
vertex -7.050018787384033 26.000051498413086 0
vertex -7.750019073486328 26.000051498413086 0
vertex -7.050018787384033 26.000051498413086 1.7000000476837158
endloop
endfacet
facet normal 1 0 0
outer loop
vertex -7.750019073486328 26.000051498413086 1.7000000476837158
vertex -7.750019073486328 26.000051498413086 0
vertex -7.750019073486328 33.00004959106445 1.7000000476837158
endloop
endfacet
facet normal 0 1 0
outer loop
vertex -7.050018787384033 26.000051498413086 1.7000000476837158
vertex -7.750019073486328 26.000051498413086 0
vertex -7.750019073486328 26.000051498413086 1.7000000476837158
endloop
endfacet
facet normal 0 1 0
outer loop
vertex 7.749980926513672 26.000051498413086 1.7000000476837158
vertex 7.049981117248535 26.000051498413086 0
vertex 7.049981117248535 26.000051498413086 1.7000000476837158
endloop
endfacet
facet normal -1 0 0
outer loop
vertex 7.749980926513672 33.00004959106445 0
vertex 7.749980926513672 26.000051498413086 1.7000000476837158
vertex 7.749980926513672 33.00004959106445 1.7000000476837158
endloop
endfacet
facet normal 0 0 -1
outer loop
vertex -7.050018787384033 26.000051498413086 1.7000000476837158
vertex -7.750019073486328 33.00004959106445 1.7000000476837158
vertex -7.050018787384033 33.00004959106445 1.7000000476837158
endloop
endfacet
facet normal 0 -1 0
outer loop
vertex 7.049981117248535 33.00004959106445 1.7000000476837158
vertex 7.749980926513672 33.00004959106445 0
vertex 7.749980926513672 33.00004959106445 1.7000000476837158
endloop
endfacet
facet normal 0 -1 0
outer loop
vertex -31.500019073486328 33.00004959106445 1.7000000476837158
vertex -31.500019073486328 33.00004959106445 0
vertex -30.800018310546875 33.00004959106445 0
endloop
endfacet
facet normal 0 0 -1
outer loop
vertex -16.000019073486328 33.00004959106445 1.7000000476837158
vertex -16.70001792907715 26.000051498413086 1.7000000476837158
vertex -16.70001792907715 33.00004959106445 1.7000000476837158
endloop
endfacet
facet normal 0 0 -1
outer loop
vertex -16.000019073486328 26.000051498413086 1.7000000476837158
vertex -16.70001792907715 26.000051498413086 1.7000000476837158
vertex -16.000019073486328 33.00004959106445 1.7000000476837158
endloop
endfacet
facet normal 1 0 0
outer loop
vertex -31.500019073486328 33.00004959106445 0
vertex -31.500019073486328 33.00004959106445 1.7000000476837158
vertex -31.500019073486328 26.000051498413086 0
endloop
endfacet
facet normal 0 1 0
outer loop
vertex -30.800018310546875 26.000051498413086 0
vertex -31.500019073486328 26.000051498413086 0
vertex -30.800018310546875 26.000051498413086 1.7000000476837158
endloop
endfacet
facet normal -1 0 0
outer loop
vertex -16.000019073486328 33.00004959106445 0
vertex -16.000019073486328 26.000051498413086 1.7000000476837158
vertex -16.000019073486328 33.00004959106445 1.7000000476837158
endloop
endfacet
facet normal 0 1 0
outer loop
vertex -16.000019073486328 26.000051498413086 0
vertex -16.70001792907715 26.000051498413086 0
vertex -16.000019073486328 26.000051498413086 1.7000000476837158
endloop
endfacet
facet normal 0 0 -1
outer loop
vertex -30.800018310546875 26.000051498413086 1.7000000476837158
vertex -31.500019073486328 33.00004959106445 1.7000000476837158
vertex -30.800018310546875 33.00004959106445 1.7000000476837158
endloop
endfacet
facet normal 0 0 -1
outer loop
vertex -30.800018310546875 26.000051498413086 1.7000000476837158
vertex -31.500019073486328 26.000051498413086 1.7000000476837158
vertex -31.500019073486328 33.00004959106445 1.7000000476837158
endloop
endfacet
facet normal -1 0 0
outer loop
vertex -16.000019073486328 33.00004959106445 0
vertex -16.000019073486328 26.000051498413086 0
vertex -16.000019073486328 26.000051498413086 1.7000000476837158
endloop
endfacet
facet normal 0 -1 0
outer loop
vertex -16.70001792907715 33.00004959106445 1.7000000476837158
vertex -16.000019073486328 33.00004959106445 0
vertex -16.000019073486328 33.00004959106445 1.7000000476837158
endloop
endfacet
facet normal 0 -1 0
outer loop
vertex -31.500019073486328 33.00004959106445 1.7000000476837158
vertex -30.800018310546875 33.00004959106445 0
vertex -30.800018310546875 33.00004959106445 1.7000000476837158
endloop
endfacet
facet normal 0 -1 0
outer loop
vertex -16.000019073486328 33.00004959106445 0
vertex -16.70001792907715 33.00004959106445 1.7000000476837158
vertex -16.70001792907715 33.00004959106445 0
endloop
endfacet
facet normal 1 0 0
outer loop
vertex -31.500019073486328 26.000051498413086 1.7000000476837158
vertex -31.500019073486328 26.000051498413086 0
vertex -31.500019073486328 33.00004959106445 1.7000000476837158
endloop
endfacet
facet normal 0 1 0
outer loop
vertex -30.800018310546875 26.000051498413086 1.7000000476837158
vertex -31.500019073486328 26.000051498413086 0
vertex -31.500019073486328 26.000051498413086 1.7000000476837158
endloop
endfacet
facet normal 0 1 0
outer loop
vertex -16.000019073486328 26.000051498413086 1.7000000476837158
vertex -16.70001792907715 26.000051498413086 0
vertex -16.70001792907715 26.000051498413086 1.7000000476837158
endloop
endfacet
facet normal 0 0 -1
outer loop
vertex -59.300018310546875 26.000051498413086 1.7000000476837158
vertex -60.00001907348633 33.00004959106445 1.7000000476837158
vertex -59.300018310546875 33.00004959106445 1.7000000476837158
endloop
endfacet
facet normal 0 0 -1
outer loop
vertex -59.300018310546875 26.000051498413086 1.7000000476837158
vertex -60.00001907348633 26.000051498413086 1.7000000476837158
vertex -60.00001907348633 33.00004959106445 1.7000000476837158
endloop
endfacet
facet normal 0 -1 0
outer loop
vertex -60.00001907348633 33.00004959106445 1.7000000476837158
vertex -59.300018310546875 33.00004959106445 0
vertex -59.300018310546875 33.00004959106445 1.7000000476837158
endloop
endfacet
facet normal 0 1 0
outer loop
vertex -59.300018310546875 26.000051498413086 1.7000000476837158
vertex -60.00001907348633 26.000051498413086 0
vertex -60.00001907348633 26.000051498413086 1.7000000476837158
endloop
endfacet
facet normal 0 0 -1
outer loop
vertex -44.50001907348633 26.000051498413086 1.7000000476837158
vertex -45.20001983642578 26.000051498413086 1.7000000476837158
vertex -44.50001907348633 33.00004959106445 1.7000000476837158
endloop
endfacet
facet normal 0 -1 0
outer loop
vertex -45.20001983642578 33.00004959106445 0
vertex -44.50001907348633 33.00004959106445 0
vertex -45.20001983642578 33.00004959106445 1.7000000476837158
endloop
endfacet
facet normal 0 1 0
outer loop
vertex -44.50001907348633 26.000051498413086 1.7000000476837158
vertex -45.20001983642578 26.000051498413086 0
vertex -45.20001983642578 26.000051498413086 1.7000000476837158
endloop
endfacet
facet normal -1 0 0
outer loop
vertex -44.50001907348633 33.00004959106445 0
vertex -44.50001907348633 26.000051498413086 0
vertex -44.50001907348633 26.000051498413086 1.7000000476837158
endloop
endfacet
facet normal 0 1 0
outer loop
vertex -44.50001907348633 26.000051498413086 0
vertex -45.20001983642578 26.000051498413086 0
vertex -44.50001907348633 26.000051498413086 1.7000000476837158
endloop
endfacet
facet normal 0 -1 0
outer loop
vertex -60.00001907348633 33.00004959106445 1.7000000476837158
vertex -60.00001907348633 33.00004959106445 0
vertex -59.300018310546875 33.00004959106445 0
endloop
endfacet
facet normal 1 0 0
outer loop
vertex -60.00001907348633 33.00004959106445 0
vertex -60.00001907348633 33.00004959106445 1.7000000476837158
vertex -60.00001907348633 26.000051498413086 0
endloop
endfacet
facet normal 0 1 0
outer loop
vertex -59.300018310546875 26.000051498413086 0
vertex -60.00001907348633 26.000051498413086 0
vertex -59.300018310546875 26.000051498413086 1.7000000476837158
endloop
endfacet
facet normal 0 0 -1
outer loop
vertex -44.50001907348633 33.00004959106445 1.7000000476837158
vertex -45.20001983642578 26.000051498413086 1.7000000476837158
vertex -45.20001983642578 33.00004959106445 1.7000000476837158
endloop
endfacet
facet normal -1 0 0
outer loop
vertex -44.50001907348633 33.00004959106445 0
vertex -44.50001907348633 26.000051498413086 1.7000000476837158
vertex -44.50001907348633 33.00004959106445 1.7000000476837158
endloop
endfacet
facet normal 1 0 0
outer loop
vertex -60.00001907348633 26.000051498413086 1.7000000476837158
vertex -60.00001907348633 26.000051498413086 0
vertex -60.00001907348633 33.00004959106445 1.7000000476837158
endloop
endfacet
facet normal 0 -1 0
outer loop
vertex -45.20001983642578 33.00004959106445 1.7000000476837158
vertex -44.50001907348633 33.00004959106445 0
vertex -44.50001907348633 33.00004959106445 1.7000000476837158
endloop
endfacet
facet normal 0 0 -1
outer loop
vertex -47.50001907348633 -37.449947357177734 1.7000000476837158
vertex -47.67222595214844 -37.41569519042969 1.7000000476837158
vertex -47.50001907348633 -36.549949645996094 1.7000000476837158
endloop
endfacet
facet normal 0 0 -1
outer loop
vertex -47.67222595214844 -37.41569519042969 1.7000000476837158
vertex -47.81821823120117 -37.318145751953125 1.7000000476837158
vertex -47.67222595214844 -36.58420181274414 1.7000000476837158
endloop
endfacet
facet normal 0.1950798514286955 0.9807873630744628 0
outer loop
vertex -47.50001907348633 -37.449947357177734 1.7000000476837158
vertex -47.50001907348633 -37.449947357177734 0
vertex -47.67222595214844 -37.41569519042969 1.7000000476837158
endloop
endfacet
facet normal -0.1950798514286955 0.9807873630744628 0
outer loop
vertex -47.32781219482422 -37.41569519042969 1.7000000476837158
vertex -47.32781219482422 -37.41569519042969 0
vertex -47.50001907348633 -37.449947357177734 1.7000000476837158
endloop
endfacet
facet normal 0 0 -1
outer loop
vertex -47.181819915771484 -37.318145751953125 1.7000000476837158
vertex -47.32781219482422 -37.41569519042969 1.7000000476837158
vertex -47.181819915771484 -36.6817512512207 1.7000000476837158
endloop
endfacet
facet normal 0.8314715841640199 0.5555672819090188 0
outer loop
vertex -47.81821823120117 -37.318145751953125 1.7000000476837158
vertex -47.81821823120117 -37.318145751953125 0
vertex -47.91576385498047 -37.172157287597656 1.7000000476837158
endloop
endfacet
facet normal 0 0 -1
outer loop
vertex -47.32781219482422 -37.41569519042969 1.7000000476837158
vertex -47.50001907348633 -37.449947357177734 1.7000000476837158
vertex -47.32781219482422 -36.58420181274414 1.7000000476837158
endloop
endfacet
facet normal 0.5555722659416437 0.8314682539438699 0
outer loop
vertex -47.67222595214844 -37.41569519042969 1.7000000476837158
vertex -47.67222595214844 -37.41569519042969 0
vertex -47.81821823120117 -37.318145751953125 1.7000000476837158
endloop
endfacet
facet normal -0.5555722659416437 0.8314682539438699 0
outer loop
vertex -47.181819915771484 -37.318145751953125 1.7000000476837158
vertex -47.181819915771484 -37.318145751953125 0
vertex -47.32781219482422 -37.41569519042969 1.7000000476837158
endloop
endfacet
facet normal -0.8314715841640199 0.5555672819090188 0
outer loop
vertex -47.08427429199219 -37.172157287597656 1.7000000476837158
vertex -47.08427429199219 -37.172157287597656 0
vertex -47.181819915771484 -37.318145751953125 1.7000000476837158
endloop
endfacet
facet normal -0.9807832059488795 0.1951007507126451 0
outer loop
vertex -47.050018310546875 -36.99995040893555 1.7000000476837158
vertex -47.050018310546875 -36.99995040893555 0
vertex -47.08427429199219 -37.172157287597656 1.7000000476837158
endloop
endfacet
facet normal 0.5555722659416437 -0.8314682539438699 0
outer loop
vertex -47.81821823120117 -36.6817512512207 1.7000000476837158
vertex -47.81821823120117 -36.6817512512207 0
vertex -47.67222595214844 -36.58420181274414 1.7000000476837158
endloop
endfacet
facet normal 0.9807840329128791 -0.19509659346884756 0
outer loop
vertex -47.95001983642578 -36.99995040893555 1.7000000476837158
vertex -47.95001983642578 -36.99995040893555 0
vertex -47.91576385498047 -36.82773971557617 1.7000000476837158
endloop
endfacet
facet normal 0.1950798514286955 -0.9807873630744628 0
outer loop
vertex -47.67222595214844 -36.58420181274414 1.7000000476837158
vertex -47.67222595214844 -36.58420181274414 0
vertex -47.50001907348633 -36.549949645996094 1.7000000476837158
endloop
endfacet
facet normal 0 0 -1
outer loop
vertex -47.08427429199219 -37.172157287597656 1.7000000476837158
vertex -47.181819915771484 -37.318145751953125 1.7000000476837158
vertex -47.08427429199219 -36.82773971557617 1.7000000476837158
endloop
endfacet
facet normal 0 0 -1
outer loop
vertex -47.67222595214844 -36.58420181274414 1.7000000476837158
vertex -47.81821823120117 -37.318145751953125 1.7000000476837158
vertex -47.81821823120117 -36.6817512512207 1.7000000476837158
endloop
endfacet
facet normal 0 0 -1
outer loop
vertex -47.50001907348633 -36.549949645996094 1.7000000476837158
vertex -47.67222595214844 -37.41569519042969 1.7000000476837158
vertex -47.67222595214844 -36.58420181274414 1.7000000476837158
endloop
endfacet
facet normal 0.8314715841640199 0.5555672819090188 0
outer loop
vertex -47.81821823120117 -37.318145751953125 0
vertex -47.91576385498047 -37.172157287597656 0
vertex -47.91576385498047 -37.172157287597656 1.7000000476837158
endloop
endfacet
facet normal 0.9807832059488795 0.1951007507126451 0
outer loop
vertex -47.95001983642578 -36.99995040893555 0
vertex -47.95001983642578 -36.99995040893555 1.7000000476837158
vertex -47.91576385498047 -37.172157287597656 0
endloop
endfacet
facet normal 0.9807840329128791 -0.19509659346884756 0
outer loop
vertex -47.91576385498047 -36.82773971557617 0
vertex -47.91576385498047 -36.82773971557617 1.7000000476837158
vertex -47.95001983642578 -36.99995040893555 0
endloop
endfacet
facet normal 0 0 -1
outer loop
vertex -47.32781219482422 -36.58420181274414 1.7000000476837158
vertex -47.50001907348633 -37.449947357177734 1.7000000476837158
vertex -47.50001907348633 -36.549949645996094 1.7000000476837158
endloop
endfacet
facet normal 0 0 -1
outer loop
vertex -47.181819915771484 -36.6817512512207 1.7000000476837158
vertex -47.32781219482422 -37.41569519042969 1.7000000476837158
vertex -47.32781219482422 -36.58420181274414 1.7000000476837158
endloop
endfacet
facet normal 0 0 -1
outer loop
vertex -47.050018310546875 -36.99995040893555 1.7000000476837158
vertex -47.08427429199219 -37.172157287597656 1.7000000476837158
vertex -47.08427429199219 -36.82773971557617 1.7000000476837158
endloop
endfacet
facet normal 0 0 -1
outer loop
vertex -47.181819915771484 -36.6817512512207 1.7000000476837158
vertex -47.08427429199219 -36.82773971557617 1.7000000476837158
vertex -47.181819915771484 -37.318145751953125 1.7000000476837158
endloop
endfacet
facet normal 0.1950798514286955 0.9807873630744628 0
outer loop
vertex -47.50001907348633 -37.449947357177734 0
vertex -47.67222595214844 -37.41569519042969 0
vertex -47.67222595214844 -37.41569519042969 1.7000000476837158
endloop
endfacet
facet normal -0.1950798514286955 0.9807873630744628 0
outer loop
vertex -47.32781219482422 -37.41569519042969 0
vertex -47.50001907348633 -37.449947357177734 0
vertex -47.50001907348633 -37.449947357177734 1.7000000476837158
endloop
endfacet
facet normal 0.5555722659416437 0.8314682539438699 0
outer loop
vertex -47.81821823120117 -37.318145751953125 0
vertex -47.81821823120117 -37.318145751953125 1.7000000476837158
vertex -47.67222595214844 -37.41569519042969 0
endloop
endfacet
facet normal -0.5555722659416437 0.8314682539438699 0
outer loop
vertex -47.181819915771484 -37.318145751953125 0
vertex -47.32781219482422 -37.41569519042969 0
vertex -47.32781219482422 -37.41569519042969 1.7000000476837158
endloop
endfacet
facet normal -0.8314715841640199 0.5555672819090188 0
outer loop
vertex -47.08427429199219 -37.172157287597656 0
vertex -47.181819915771484 -37.318145751953125 0
vertex -47.181819915771484 -37.318145751953125 1.7000000476837158
endloop
endfacet
facet normal -0.9807832059488795 0.1951007507126451 0
outer loop
vertex -47.050018310546875 -36.99995040893555 0
vertex -47.08427429199219 -37.172157287597656 0
vertex -47.08427429199219 -37.172157287597656 1.7000000476837158
endloop
endfacet
facet normal 0.8314715841640199 -0.5555672819090188 0
outer loop
vertex -47.81821823120117 -36.6817512512207 0
vertex -47.81821823120117 -36.6817512512207 1.7000000476837158
vertex -47.91576385498047 -36.82773971557617 0
endloop
endfacet
facet normal 0.5555722659416437 -0.8314682539438699 0
outer loop
vertex -47.67222595214844 -36.58420181274414 0
vertex -47.67222595214844 -36.58420181274414 1.7000000476837158
vertex -47.81821823120117 -36.6817512512207 0
endloop
endfacet
facet normal 0.1950798514286955 -0.9807873630744628 0
outer loop
vertex -47.50001907348633 -36.549949645996094 0
vertex -47.50001907348633 -36.549949645996094 1.7000000476837158
vertex -47.67222595214844 -36.58420181274414 0
endloop
endfacet
facet normal -0.1950798514286955 -0.9807873630744628 0
outer loop
vertex -47.32781219482422 -36.58420181274414 0
vertex -47.32781219482422 -36.58420181274414 1.7000000476837158
vertex -47.50001907348633 -36.549949645996094 0
endloop
endfacet
facet normal -0.9807840329128791 -0.19509659346884756 0
outer loop
vertex -47.08427429199219 -36.82773971557617 0
vertex -47.050018310546875 -36.99995040893555 0
vertex -47.050018310546875 -36.99995040893555 1.7000000476837158
endloop
endfacet
facet normal -0.8314715841640199 -0.5555672819090188 0
outer loop
vertex -47.181819915771484 -36.6817512512207 0
vertex -47.08427429199219 -36.82773971557617 0
vertex -47.08427429199219 -36.82773971557617 1.7000000476837158
endloop
endfacet
facet normal -0.5555722659416437 -0.8314682539438699 0
outer loop
vertex -47.181819915771484 -36.6817512512207 0
vertex -47.181819915771484 -36.6817512512207 1.7000000476837158
vertex -47.32781219482422 -36.58420181274414 0
endloop
endfacet
facet normal -0.1950798514286955 -0.9807873630744628 0
outer loop
vertex -47.50001907348633 -36.549949645996094 1.7000000476837158
vertex -47.50001907348633 -36.549949645996094 0
vertex -47.32781219482422 -36.58420181274414 1.7000000476837158
endloop
endfacet
facet normal -0.9807840329128791 -0.19509659346884756 0
outer loop
vertex -47.08427429199219 -36.82773971557617 1.7000000476837158
vertex -47.08427429199219 -36.82773971557617 0
vertex -47.050018310546875 -36.99995040893555 1.7000000476837158
endloop
endfacet
facet normal -0.8314715841640199 -0.5555672819090188 0
outer loop
vertex -47.181819915771484 -36.6817512512207 1.7000000476837158
vertex -47.181819915771484 -36.6817512512207 0
vertex -47.08427429199219 -36.82773971557617 1.7000000476837158
endloop
endfacet
facet normal -0.5555722659416437 -0.8314682539438699 0
outer loop
vertex -47.32781219482422 -36.58420181274414 1.7000000476837158
vertex -47.32781219482422 -36.58420181274414 0
vertex -47.181819915771484 -36.6817512512207 1.7000000476837158
endloop
endfacet
facet normal 0.9807832059488795 0.1951007507126451 0
outer loop
vertex -47.91576385498047 -37.172157287597656 1.7000000476837158
vertex -47.91576385498047 -37.172157287597656 0
vertex -47.95001983642578 -36.99995040893555 1.7000000476837158
endloop
endfacet
facet normal 0 0 -1
outer loop
vertex -47.91576385498047 -37.172157287597656 1.7000000476837158
vertex -47.95001983642578 -36.99995040893555 1.7000000476837158
vertex -47.91576385498047 -36.82773971557617 1.7000000476837158
endloop
endfacet
facet normal 0 0 -1
outer loop
vertex -47.91576385498047 -37.172157287597656 1.7000000476837158
vertex -47.91576385498047 -36.82773971557617 1.7000000476837158
vertex -47.81821823120117 -36.6817512512207 1.7000000476837158
endloop
endfacet
facet normal 0 0 -1
outer loop
vertex -47.81821823120117 -37.318145751953125 1.7000000476837158
vertex -47.91576385498047 -37.172157287597656 1.7000000476837158
vertex -47.81821823120117 -36.6817512512207 1.7000000476837158
endloop
endfacet
facet normal 0.8314715841640199 -0.5555672819090188 0
outer loop
vertex -47.91576385498047 -36.82773971557617 1.7000000476837158
vertex -47.91576385498047 -36.82773971557617 0
vertex -47.81821823120117 -36.6817512512207 1.7000000476837158
endloop
endfacet
facet normal -0.9807832059488795 0.1951007507126451 0
outer loop
vertex -47.050018310546875 -35.729949951171875 1.7000000476837158
vertex -47.050018310546875 -35.729949951171875 0
vertex -47.08427429199219 -35.902156829833984 1.7000000476837158
endloop
endfacet
facet normal 0 0 -1
outer loop
vertex -47.181819915771484 -35.41175079345703 1.7000000476837158
vertex -47.08427429199219 -35.557743072509766 1.7000000476837158
vertex -47.181819915771484 -36.04814529418945 1.7000000476837158
endloop
endfacet
facet normal 0.1951007507126451 -0.9807832059488795 0
outer loop
vertex -47.67222595214844 -35.314205169677734 1.7000000476837158
vertex -47.67222595214844 -35.314205169677734 0
vertex -47.50001907348633 -35.27994918823242 1.7000000476837158
endloop
endfacet
facet normal 0.9807832059488795 -0.1951007507126451 0
outer loop
vertex -47.91576385498047 -35.557743072509766 0
vertex -47.91576385498047 -35.557743072509766 1.7000000476837158
vertex -47.95001983642578 -35.729949951171875 0
endloop
endfacet
facet normal 0.8314782899626002 -0.5555572457639897 0
outer loop
vertex -47.81821823120117 -35.41175079345703 0
vertex -47.81821823120117 -35.41175079345703 1.7000000476837158
vertex -47.91576385498047 -35.557743072509766 0
endloop
endfacet
facet normal -0.5555572457639897 -0.8314782899626002 0
outer loop
vertex -47.32781219482422 -35.314205169677734 1.7000000476837158
vertex -47.32781219482422 -35.314205169677734 0
vertex -47.181819915771484 -35.41175079345703 1.7000000476837158
endloop
endfacet
facet normal 0 0 -1
outer loop
vertex -47.91576385498047 -35.902156829833984 1.7000000476837158
vertex -47.95001983642578 -35.729949951171875 1.7000000476837158
vertex -47.91576385498047 -35.557743072509766 1.7000000476837158
endloop
endfacet
facet normal -0.9807832059488795 -0.1951007507126451 0
outer loop
vertex -47.08427429199219 -35.557743072509766 0
vertex -47.050018310546875 -35.729949951171875 0
vertex -47.050018310546875 -35.729949951171875 1.7000000476837158
endloop
endfacet
facet normal 0.5555572457639897 -0.8314782899626002 0
outer loop
vertex -47.81821823120117 -35.41175079345703 1.7000000476837158
vertex -47.81821823120117 -35.41175079345703 0
vertex -47.67222595214844 -35.314205169677734 1.7000000476837158
endloop
endfacet
facet normal -0.9807832059488795 0.1951007507126451 0
outer loop
vertex -47.050018310546875 -35.729949951171875 0
vertex -47.08427429199219 -35.902156829833984 0
vertex -47.08427429199219 -35.902156829833984 1.7000000476837158
endloop
endfacet
facet normal -0.8314782899626002 -0.5555572457639897 0
outer loop
vertex -47.181819915771484 -35.41175079345703 1.7000000476837158
vertex -47.181819915771484 -35.41175079345703 0
vertex -47.08427429199219 -35.557743072509766 1.7000000476837158
endloop
endfacet
facet normal -0.9807832059488795 -0.1951007507126451 0
outer loop
vertex -47.08427429199219 -35.557743072509766 1.7000000476837158
vertex -47.08427429199219 -35.557743072509766 0
vertex -47.050018310546875 -35.729949951171875 1.7000000476837158
endloop
endfacet
facet normal 0.9807832059488795 0.1951007507126451 0
outer loop
vertex -47.91576385498047 -35.902156829833984 1.7000000476837158
vertex -47.91576385498047 -35.902156829833984 0
vertex -47.95001983642578 -35.729949951171875 1.7000000476837158
endloop
endfacet
facet normal 0.9807832059488795 -0.1951007507126451 0
outer loop
vertex -47.95001983642578 -35.729949951171875 1.7000000476837158
vertex -47.95001983642578 -35.729949951171875 0
vertex -47.91576385498047 -35.557743072509766 1.7000000476837158
endloop
endfacet
facet normal 0.8314782899626002 -0.5555572457639897 0
outer loop
vertex -47.91576385498047 -35.557743072509766 1.7000000476837158
vertex -47.91576385498047 -35.557743072509766 0
vertex -47.81821823120117 -35.41175079345703 1.7000000476837158
endloop
endfacet
facet normal -0.8314715841640199 0.5555672819090188 0
outer loop
vertex -47.08427429199219 -35.902156829833984 0
vertex -47.181819915771484 -36.04814529418945 0
vertex -47.181819915771484 -36.04814529418945 1.7000000476837158
endloop
endfacet
facet normal -0.8314715841640199 0.5555672819090188 0
outer loop
vertex -47.08427429199219 -35.902156829833984 1.7000000476837158
vertex -47.08427429199219 -35.902156829833984 0
vertex -47.181819915771484 -36.04814529418945 1.7000000476837158
endloop
endfacet
facet normal -0.5555722659416437 0.8314682539438699 0
outer loop
vertex -47.181819915771484 -36.04814529418945 1.7000000476837158
vertex -47.181819915771484 -36.04814529418945 0
vertex -47.32781219482422 -36.145694732666016 1.7000000476837158
endloop
endfacet
facet normal -0.1951007507126451 0.9807832059488795 0
outer loop
vertex -47.32781219482422 -36.145694732666016 1.7000000476837158
vertex -47.32781219482422 -36.145694732666016 0
vertex -47.50001907348633 -36.17995071411133 1.7000000476837158
endloop
endfacet
facet normal 0.1951007507126451 0.9807832059488795 0
outer loop
vertex -47.50001907348633 -36.17995071411133 1.7000000476837158
vertex -47.50001907348633 -36.17995071411133 0
vertex -47.67222595214844 -36.145694732666016 1.7000000476837158
endloop
endfacet
facet normal 0.5555722659416437 0.8314682539438699 0
outer loop
vertex -47.67222595214844 -36.145694732666016 1.7000000476837158
vertex -47.67222595214844 -36.145694732666016 0
vertex -47.81821823120117 -36.04814529418945 1.7000000476837158
endloop
endfacet
facet normal 0.8314715841640199 0.5555672819090188 0
outer loop
vertex -47.81821823120117 -36.04814529418945 1.7000000476837158
vertex -47.81821823120117 -36.04814529418945 0
vertex -47.91576385498047 -35.902156829833984 1.7000000476837158
endloop
endfacet
facet normal -0.5555722659416437 0.8314682539438699 0
outer loop
vertex -47.181819915771484 -36.04814529418945 0
vertex -47.32781219482422 -36.145694732666016 0
vertex -47.32781219482422 -36.145694732666016 1.7000000476837158
endloop
endfacet
facet normal -0.1951007507126451 0.9807832059488795 0
outer loop
vertex -47.32781219482422 -36.145694732666016 0
vertex -47.50001907348633 -36.17995071411133 0
vertex -47.50001907348633 -36.17995071411133 1.7000000476837158
endloop
endfacet
facet normal 0.5555572457639897 -0.8314782899626002 0
outer loop
vertex -47.67222595214844 -35.314205169677734 0
vertex -47.67222595214844 -35.314205169677734 1.7000000476837158
vertex -47.81821823120117 -35.41175079345703 0
endloop
endfacet
facet normal 0.1951007507126451 -0.9807832059488795 0
outer loop
vertex -47.50001907348633 -35.27994918823242 0
vertex -47.50001907348633 -35.27994918823242 1.7000000476837158
vertex -47.67222595214844 -35.314205169677734 0
endloop
endfacet
facet normal -0.1951007507126451 -0.9807832059488795 0
outer loop
vertex -47.32781219482422 -35.314205169677734 0
vertex -47.32781219482422 -35.314205169677734 1.7000000476837158
vertex -47.50001907348633 -35.27994918823242 0
endloop
endfacet
facet normal -0.5555572457639897 -0.8314782899626002 0
outer loop
vertex -47.181819915771484 -35.41175079345703 0
vertex -47.181819915771484 -35.41175079345703 1.7000000476837158
vertex -47.32781219482422 -35.314205169677734 0
endloop
endfacet
facet normal -0.8314782899626002 -0.5555572457639897 0
outer loop
vertex -47.181819915771484 -35.41175079345703 0
vertex -47.08427429199219 -35.557743072509766 0
vertex -47.08427429199219 -35.557743072509766 1.7000000476837158
endloop
endfacet
facet normal 0.8314715841640199 0.5555672819090188 0
outer loop
vertex -47.81821823120117 -36.04814529418945 0
vertex -47.91576385498047 -35.902156829833984 0
vertex -47.91576385498047 -35.902156829833984 1.7000000476837158
endloop
endfacet
facet normal -0.1951007507126451 -0.9807832059488795 0
outer loop
vertex -47.50001907348633 -35.27994918823242 1.7000000476837158
vertex -47.50001907348633 -35.27994918823242 0
vertex -47.32781219482422 -35.314205169677734 1.7000000476837158
endloop
endfacet
facet normal 0.9807832059488795 0.1951007507126451 0
outer loop
vertex -47.95001983642578 -35.729949951171875 0
vertex -47.95001983642578 -35.729949951171875 1.7000000476837158
vertex -47.91576385498047 -35.902156829833984 0
endloop
endfacet
facet normal 0 0 -1
outer loop
vertex -47.67222595214844 -36.145694732666016 1.7000000476837158
vertex -47.81821823120117 -36.04814529418945 1.7000000476837158
vertex -47.67222595214844 -35.314205169677734 1.7000000476837158
endloop
endfacet
facet normal 0 0 -1
outer loop
vertex -47.81821823120117 -36.04814529418945 1.7000000476837158
vertex -47.91576385498047 -35.902156829833984 1.7000000476837158
vertex -47.81821823120117 -35.41175079345703 1.7000000476837158
endloop
endfacet
facet normal 0 0 -1
outer loop
vertex -47.50001907348633 -36.17995071411133 1.7000000476837158
vertex -47.67222595214844 -36.145694732666016 1.7000000476837158
vertex -47.50001907348633 -35.27994918823242 1.7000000476837158
endloop
endfacet
facet normal 0 0 -1
outer loop
vertex -47.32781219482422 -36.145694732666016 1.7000000476837158
vertex -47.50001907348633 -36.17995071411133 1.7000000476837158
vertex -47.32781219482422 -35.314205169677734 1.7000000476837158
endloop
endfacet
facet normal 0 0 -1
outer loop
vertex -47.181819915771484 -35.41175079345703 1.7000000476837158
vertex -47.32781219482422 -36.145694732666016 1.7000000476837158
vertex -47.32781219482422 -35.314205169677734 1.7000000476837158
endloop
endfacet
facet normal 0 0 -1
outer loop
vertex -47.32781219482422 -35.314205169677734 1.7000000476837158
vertex -47.50001907348633 -36.17995071411133 1.7000000476837158
vertex -47.50001907348633 -35.27994918823242 1.7000000476837158
endloop
endfacet
facet normal 0 0 -1
outer loop
vertex -47.50001907348633 -35.27994918823242 1.7000000476837158
vertex -47.67222595214844 -36.145694732666016 1.7000000476837158
vertex -47.67222595214844 -35.314205169677734 1.7000000476837158
endloop
endfacet
facet normal 0 0 -1
outer loop
vertex -47.67222595214844 -35.314205169677734 1.7000000476837158
vertex -47.81821823120117 -36.04814529418945 1.7000000476837158
vertex -47.81821823120117 -35.41175079345703 1.7000000476837158
endloop
endfacet
facet normal 0.1951007507126451 0.9807832059488795 0
outer loop
vertex -47.50001907348633 -36.17995071411133 0
vertex -47.67222595214844 -36.145694732666016 0
vertex -47.67222595214844 -36.145694732666016 1.7000000476837158
endloop
endfacet
facet normal 0.5555722659416437 0.8314682539438699 0
outer loop
vertex -47.67222595214844 -36.145694732666016 0
vertex -47.81821823120117 -36.04814529418945 0
vertex -47.81821823120117 -36.04814529418945 1.7000000476837158
endloop
endfacet
facet normal 0 0 -1
outer loop
vertex -47.181819915771484 -36.04814529418945 1.7000000476837158
vertex -47.32781219482422 -36.145694732666016 1.7000000476837158
vertex -47.181819915771484 -35.41175079345703 1.7000000476837158
endloop
endfacet
facet normal 0 0 -1
outer loop
vertex -47.08427429199219 -35.902156829833984 1.7000000476837158
vertex -47.181819915771484 -36.04814529418945 1.7000000476837158
vertex -47.08427429199219 -35.557743072509766 1.7000000476837158
endloop
endfacet
facet normal 0 0 -1
outer loop
vertex -47.81821823120117 -35.41175079345703 1.7000000476837158
vertex -47.91576385498047 -35.902156829833984 1.7000000476837158
vertex -47.91576385498047 -35.557743072509766 1.7000000476837158
endloop
endfacet
facet normal 0 0 -1
outer loop
vertex -47.050018310546875 -35.729949951171875 1.7000000476837158
vertex -47.08427429199219 -35.902156829833984 1.7000000476837158
vertex -47.08427429199219 -35.557743072509766 1.7000000476837158
endloop
endfacet
facet normal 0.1951007507126451 -0.9807832059488795 0
outer loop
vertex -47.50001907348633 -34.00994873046875 0
vertex -47.50001907348633 -34.00994873046875 1.7000000476837158
vertex -47.67222595214844 -34.04420471191406 0
endloop
endfacet
facet normal -0.1951007507126451 -0.9807832059488795 0
outer loop
vertex -47.50001907348633 -34.00994873046875 1.7000000476837158
vertex -47.50001907348633 -34.00994873046875 0
vertex -47.32781219482422 -34.04420471191406 1.7000000476837158
endloop
endfacet
facet normal 0 0 -1
outer loop
vertex -47.91576385498047 -34.63215637207031 1.7000000476837158
vertex -47.91576385498047 -34.287742614746094 1.7000000476837158
vertex -47.81821823120117 -34.14175033569336 1.7000000476837158
endloop
endfacet
facet normal 0 0 -1
outer loop
vertex -47.67222595214844 -34.875694274902344 1.7000000476837158
vertex -47.81821823120117 -34.77814865112305 1.7000000476837158
vertex -47.67222595214844 -34.04420471191406 1.7000000476837158
endloop
endfacet
facet normal 0 0 -1
outer loop
vertex -47.50001907348633 -34.909950256347656 1.7000000476837158
vertex -47.67222595214844 -34.875694274902344 1.7000000476837158
vertex -47.50001907348633 -34.00994873046875 1.7000000476837158
endloop
endfacet
facet normal 0 0 -1
outer loop
vertex -47.32781219482422 -34.875694274902344 1.7000000476837158
vertex -47.50001907348633 -34.909950256347656 1.7000000476837158
vertex -47.32781219482422 -34.04420471191406 1.7000000476837158
endloop
endfacet
facet normal 0 0 -1
outer loop
vertex -47.81821823120117 -34.77814865112305 1.7000000476837158
vertex -47.91576385498047 -34.63215637207031 1.7000000476837158
vertex -47.81821823120117 -34.14175033569336 1.7000000476837158
endloop
endfacet
facet normal 0 0 -1
outer loop
vertex -47.67222595214844 -34.04420471191406 1.7000000476837158
vertex -47.81821823120117 -34.77814865112305 1.7000000476837158
vertex -47.81821823120117 -34.14175033569336 1.7000000476837158
endloop
endfacet
facet normal 0 0 -1
outer loop
vertex -47.50001907348633 -34.00994873046875 1.7000000476837158
vertex -47.67222595214844 -34.875694274902344 1.7000000476837158
vertex -47.67222595214844 -34.04420471191406 1.7000000476837158
endloop
endfacet
facet normal -0.8314782899626002 -0.5555572457639897 0
outer loop
vertex -47.181819915771484 -34.14175033569336 0
vertex -47.08427429199219 -34.287742614746094 0
vertex -47.08427429199219 -34.287742614746094 1.7000000476837158
endloop
endfacet
facet normal 0 0 -1
outer loop
vertex -47.50001907348633 -34.00994873046875 1.7000000476837158
vertex -47.32781219482422 -34.04420471191406 1.7000000476837158
vertex -47.50001907348633 -34.909950256347656 1.7000000476837158
endloop
endfacet
facet normal -0.9807832059488795 -0.1951007507126451 0
outer loop
vertex -47.08427429199219 -34.287742614746094 0
vertex -47.050018310546875 -34.4599494934082 0
vertex -47.050018310546875 -34.4599494934082 1.7000000476837158
endloop
endfacet
facet normal -0.9807832059488795 0.1951007507126451 0
outer loop
vertex -47.050018310546875 -34.4599494934082 0
vertex -47.08427429199219 -34.63215637207031 0
vertex -47.08427429199219 -34.63215637207031 1.7000000476837158
endloop
endfacet
facet normal 0 0 -1
outer loop
vertex -47.181819915771484 -34.77814865112305 1.7000000476837158
vertex -47.32781219482422 -34.875694274902344 1.7000000476837158
vertex -47.181819915771484 -34.14175033569336 1.7000000476837158
endloop
endfacet
facet normal -0.8314782899626002 0.5555572457639897 0
outer loop
vertex -47.08427429199219 -34.63215637207031 0
vertex -47.181819915771484 -34.77814865112305 0
vertex -47.181819915771484 -34.77814865112305 1.7000000476837158
endloop
endfacet
facet normal -0.5555572457639897 0.8314782899626002 0
outer loop
vertex -47.181819915771484 -34.77814865112305 0
vertex -47.32781219482422 -34.875694274902344 0
vertex -47.32781219482422 -34.875694274902344 1.7000000476837158
endloop
endfacet
facet normal -0.1951007507126451 0.9807832059488795 0
outer loop
vertex -47.32781219482422 -34.875694274902344 0
vertex -47.50001907348633 -34.909950256347656 0
vertex -47.50001907348633 -34.909950256347656 1.7000000476837158
endloop
endfacet
facet normal 0.1951007507126451 0.9807832059488795 0
outer loop
vertex -47.50001907348633 -34.909950256347656 0
vertex -47.67222595214844 -34.875694274902344 0
vertex -47.67222595214844 -34.875694274902344 1.7000000476837158
endloop
endfacet
facet normal 0.5555572457639897 0.8314782899626002 0
outer loop
vertex -47.67222595214844 -34.875694274902344 0
vertex -47.81821823120117 -34.77814865112305 0
vertex -47.81821823120117 -34.77814865112305 1.7000000476837158
endloop
endfacet
facet normal 0 0 -1
outer loop
vertex -47.08427429199219 -34.63215637207031 1.7000000476837158
vertex -47.181819915771484 -34.77814865112305 1.7000000476837158
vertex -47.08427429199219 -34.287742614746094 1.7000000476837158
endloop
endfacet
facet normal 0 0 -1
outer loop
vertex -47.181819915771484 -34.14175033569336 1.7000000476837158
vertex -47.08427429199219 -34.287742614746094 1.7000000476837158
vertex -47.181819915771484 -34.77814865112305 1.7000000476837158
endloop
endfacet
facet normal 0 0 -1
outer loop
vertex -47.050018310546875 -34.4599494934082 1.7000000476837158
vertex -47.08427429199219 -34.63215637207031 1.7000000476837158
vertex -47.08427429199219 -34.287742614746094 1.7000000476837158
endloop
endfacet
facet normal 0 0 -1
outer loop
vertex -47.181819915771484 -34.14175033569336 1.7000000476837158
vertex -47.32781219482422 -34.875694274902344 1.7000000476837158
vertex -47.32781219482422 -34.04420471191406 1.7000000476837158
endloop
endfacet
facet normal 0.9807832059488795 0.1951007507126451 0
outer loop
vertex -47.91576385498047 -34.63215637207031 1.7000000476837158
vertex -47.91576385498047 -34.63215637207031 0
vertex -47.95001983642578 -34.4599494934082 1.7000000476837158
endloop
endfacet
facet normal 0.9807832059488795 -0.1951007507126451 0
outer loop
vertex -47.95001983642578 -34.4599494934082 1.7000000476837158
vertex -47.95001983642578 -34.4599494934082 0
vertex -47.91576385498047 -34.287742614746094 1.7000000476837158
endloop
endfacet
facet normal 0.8314782899626002 -0.5555572457639897 0
outer loop
vertex -47.91576385498047 -34.287742614746094 1.7000000476837158
vertex -47.91576385498047 -34.287742614746094 0
vertex -47.81821823120117 -34.14175033569336 1.7000000476837158
endloop
endfacet
facet normal 0.8314782899626002 -0.5555572457639897 0
outer loop
vertex -47.81821823120117 -34.14175033569336 0
vertex -47.81821823120117 -34.14175033569336 1.7000000476837158
vertex -47.91576385498047 -34.287742614746094 0
endloop
endfacet
facet normal 0.5555572457639897 -0.8314782899626002 0
outer loop
vertex -47.67222595214844 -34.04420471191406 0
vertex -47.67222595214844 -34.04420471191406 1.7000000476837158
vertex -47.81821823120117 -34.14175033569336 0
endloop
endfacet
facet normal 0.5555572457639897 0.8314782899626002 0
outer loop
vertex -47.67222595214844 -34.875694274902344 1.7000000476837158
vertex -47.67222595214844 -34.875694274902344 0
vertex -47.81821823120117 -34.77814865112305 1.7000000476837158
endloop
endfacet
facet normal 0.8314782899626002 0.5555572457639897 0
outer loop
vertex -47.81821823120117 -34.77814865112305 1.7000000476837158
vertex -47.81821823120117 -34.77814865112305 0
vertex -47.91576385498047 -34.63215637207031 1.7000000476837158
endloop
endfacet
facet normal 0.9807832059488795 -0.1951007507126451 0
outer loop
vertex -47.91576385498047 -34.287742614746094 0
vertex -47.91576385498047 -34.287742614746094 1.7000000476837158
vertex -47.95001983642578 -34.4599494934082 0
endloop
endfacet
facet normal 0.1951007507126451 0.9807832059488795 0
outer loop
vertex -47.50001907348633 -34.909950256347656 1.7000000476837158
vertex -47.50001907348633 -34.909950256347656 0
vertex -47.67222595214844 -34.875694274902344 1.7000000476837158
endloop
endfacet
facet normal -0.1951007507126451 0.9807832059488795 0
outer loop
vertex -47.32781219482422 -34.875694274902344 1.7000000476837158
vertex -47.32781219482422 -34.875694274902344 0
vertex -47.50001907348633 -34.909950256347656 1.7000000476837158
endloop
endfacet
facet normal -0.5555572457639897 0.8314782899626002 0
outer loop
vertex -47.181819915771484 -34.77814865112305 1.7000000476837158
vertex -47.181819915771484 -34.77814865112305 0
vertex -47.32781219482422 -34.875694274902344 1.7000000476837158
endloop
endfacet
facet normal -0.8314782899626002 0.5555572457639897 0
outer loop
vertex -47.08427429199219 -34.63215637207031 1.7000000476837158
vertex -47.08427429199219 -34.63215637207031 0
vertex -47.181819915771484 -34.77814865112305 1.7000000476837158
endloop
endfacet
facet normal 0.9807832059488795 0.1951007507126451 0
outer loop
vertex -47.95001983642578 -34.4599494934082 0
vertex -47.95001983642578 -34.4599494934082 1.7000000476837158
vertex -47.91576385498047 -34.63215637207031 0
endloop
endfacet
facet normal -0.9807832059488795 0.1951007507126451 0
outer loop
vertex -47.050018310546875 -34.4599494934082 1.7000000476837158
vertex -47.050018310546875 -34.4599494934082 0
vertex -47.08427429199219 -34.63215637207031 1.7000000476837158
endloop
endfacet
facet normal -0.9807832059488795 -0.1951007507126451 0
outer loop
vertex -47.08427429199219 -34.287742614746094 1.7000000476837158
vertex -47.08427429199219 -34.287742614746094 0
vertex -47.050018310546875 -34.4599494934082 1.7000000476837158
endloop
endfacet
facet normal -0.8314782899626002 -0.5555572457639897 0
outer loop
vertex -47.181819915771484 -34.14175033569336 1.7000000476837158
vertex -47.181819915771484 -34.14175033569336 0
vertex -47.08427429199219 -34.287742614746094 1.7000000476837158
endloop
endfacet
facet normal -0.5555572457639897 -0.8314782899626002 0
outer loop
vertex -47.32781219482422 -34.04420471191406 1.7000000476837158
vertex -47.32781219482422 -34.04420471191406 0
vertex -47.181819915771484 -34.14175033569336 1.7000000476837158
endloop
endfacet
facet normal 0.5555572457639897 -0.8314782899626002 0
outer loop
vertex -47.81821823120117 -34.14175033569336 1.7000000476837158
vertex -47.81821823120117 -34.14175033569336 0
vertex -47.67222595214844 -34.04420471191406 1.7000000476837158
endloop
endfacet
facet normal 0.8314782899626002 0.5555572457639897 0
outer loop
vertex -47.81821823120117 -34.77814865112305 0
vertex -47.91576385498047 -34.63215637207031 0
vertex -47.91576385498047 -34.63215637207031 1.7000000476837158
endloop
endfacet
facet normal -0.1951007507126451 -0.9807832059488795 0
outer loop
vertex -47.50001907348633 -34.00994873046875 0
vertex -47.32781219482422 -34.04420471191406 0
vertex -47.32781219482422 -34.04420471191406 1.7000000476837158
endloop
endfacet
facet normal 0.1951007507126451 -0.9807832059488795 0
outer loop
vertex -47.67222595214844 -34.04420471191406 1.7000000476837158
vertex -47.67222595214844 -34.04420471191406 0
vertex -47.50001907348633 -34.00994873046875 1.7000000476837158
endloop
endfacet
facet normal -0.5555572457639897 -0.8314782899626002 0
outer loop
vertex -47.181819915771484 -34.14175033569336 0
vertex -47.181819915771484 -34.14175033569336 1.7000000476837158
vertex -47.32781219482422 -34.04420471191406 0
endloop
endfacet
facet normal 0 0 -1
outer loop
vertex -47.91576385498047 -34.63215637207031 1.7000000476837158
vertex -47.95001983642578 -34.4599494934082 1.7000000476837158
vertex -47.91576385498047 -34.287742614746094 1.7000000476837158
endloop
endfacet
facet normal -0.5555572457639897 0.8314782899626002 0
outer loop
vertex -47.181819915771484 -33.508148193359375 1.7000000476837158
vertex -47.181819915771484 -33.508148193359375 0
vertex -47.32781219482422 -33.60569381713867 1.7000000476837158
endloop
endfacet
facet normal 0.5555572457639897 0.8314782899626002 0
outer loop
vertex -47.67222595214844 -33.60569381713867 0
vertex -47.81821823120117 -33.508148193359375 0
vertex -47.81821823120117 -33.508148193359375 1.7000000476837158
endloop
endfacet
facet normal 0.1951007507126451 0.9807832059488795 0
outer loop
vertex -47.50001907348633 -33.639949798583984 1.7000000476837158
vertex -47.50001907348633 -33.639949798583984 0
vertex -47.67222595214844 -33.60569381713867 1.7000000476837158
endloop
endfacet
facet normal -0.1951007507126451 0.9807832059488795 0
outer loop
vertex -47.32781219482422 -33.60569381713867 1.7000000476837158
vertex -47.32781219482422 -33.60569381713867 0
vertex -47.50001907348633 -33.639949798583984 1.7000000476837158
endloop
endfacet
facet normal -0.1951007507126451 0.9807832059488795 0
outer loop
vertex -47.32781219482422 -33.60569381713867 0
vertex -47.50001907348633 -33.639949798583984 0
vertex -47.50001907348633 -33.639949798583984 1.7000000476837158
endloop
endfacet
facet normal 0.8314782899626002 0.5555572457639897 0
outer loop
vertex -47.81821823120117 -33.508148193359375 1.7000000476837158
vertex -47.81821823120117 -33.508148193359375 0
vertex -47.91576385498047 -33.36215591430664 1.7000000476837158
endloop
endfacet
facet normal 0.5555572457639897 -0.8314782899626002 0
outer loop
vertex -47.81821823120117 -32.87174987792969 1.7000000476837158
vertex -47.81821823120117 -32.87174987792969 0
vertex -47.67222595214844 -32.77420425415039 1.7000000476837158
endloop
endfacet
facet normal -0.8314782899626002 0.5555572457639897 0
outer loop
vertex -47.08427429199219 -33.36215591430664 1.7000000476837158
vertex -47.08427429199219 -33.36215591430664 0
vertex -47.181819915771484 -33.508148193359375 1.7000000476837158
endloop
endfacet
facet normal -0.9807832059488795 0.1951007507126451 0
outer loop
vertex -47.050018310546875 -33.18994903564453 1.7000000476837158
vertex -47.050018310546875 -33.18994903564453 0
vertex -47.08427429199219 -33.36215591430664 1.7000000476837158
endloop
endfacet
facet normal -0.9807832059488795 -0.1951007507126451 0
outer loop
vertex -47.08427429199219 -33.01774215698242 1.7000000476837158
vertex -47.08427429199219 -33.01774215698242 0
vertex -47.050018310546875 -33.18994903564453 1.7000000476837158
endloop
endfacet
facet normal -0.5555572457639897 -0.8314782899626002 0
outer loop
vertex -47.32781219482422 -32.77420425415039 1.7000000476837158
vertex -47.32781219482422 -32.77420425415039 0
vertex -47.181819915771484 -32.87174987792969 1.7000000476837158
endloop
endfacet
facet normal -0.8314782899626002 -0.5555572457639897 0
outer loop
vertex -47.181819915771484 -32.87174987792969 1.7000000476837158
vertex -47.181819915771484 -32.87174987792969 0
vertex -47.08427429199219 -33.01774215698242 1.7000000476837158
endloop
endfacet
facet normal -0.5555572457639897 0.8314782899626002 0
outer loop
vertex -47.181819915771484 -33.508148193359375 0
vertex -47.32781219482422 -33.60569381713867 0
vertex -47.32781219482422 -33.60569381713867 1.7000000476837158
endloop
endfacet
facet normal 0.8314782899626002 -0.5555572457639897 0
outer loop
vertex -47.81821823120117 -32.87174987792969 0
vertex -47.81821823120117 -32.87174987792969 1.7000000476837158
vertex -47.91576385498047 -33.01774215698242 0
endloop
endfacet
facet normal 0.5555572457639897 -0.8314782899626002 0
outer loop
vertex -47.67222595214844 -32.77420425415039 0
vertex -47.67222595214844 -32.77420425415039 1.7000000476837158
vertex -47.81821823120117 -32.87174987792969 0
endloop
endfacet
facet normal 0.9807832059488795 0.1951007507126451 0
outer loop
vertex -47.91576385498047 -33.36215591430664 1.7000000476837158
vertex -47.91576385498047 -33.36215591430664 0
vertex -47.95001983642578 -33.18994903564453 1.7000000476837158
endloop
endfacet
facet normal 0.9807832059488795 -0.1951007507126451 0
outer loop
vertex -47.95001983642578 -33.18994903564453 1.7000000476837158
vertex -47.95001983642578 -33.18994903564453 0
vertex -47.91576385498047 -33.01774215698242 1.7000000476837158
endloop
endfacet
facet normal 0.8314782899626002 -0.5555572457639897 0
outer loop
vertex -47.91576385498047 -33.01774215698242 1.7000000476837158
vertex -47.91576385498047 -33.01774215698242 0
vertex -47.81821823120117 -32.87174987792969 1.7000000476837158
endloop
endfacet
facet normal 0.1951007507126451 -0.9807832059488795 0
outer loop
vertex -47.67222595214844 -32.77420425415039 1.7000000476837158
vertex -47.67222595214844 -32.77420425415039 0
vertex -47.50001907348633 -32.73994827270508 1.7000000476837158
endloop
endfacet
facet normal -0.1951007507126451 -0.9807832059488795 0
outer loop
vertex -47.50001907348633 -32.73994827270508 1.7000000476837158
vertex -47.50001907348633 -32.73994827270508 0
vertex -47.32781219482422 -32.77420425415039 1.7000000476837158
endloop
endfacet
facet normal -0.8314782899626002 0.5555572457639897 0
outer loop
vertex -47.08427429199219 -33.36215591430664 0
vertex -47.181819915771484 -33.508148193359375 0
vertex -47.181819915771484 -33.508148193359375 1.7000000476837158
endloop
endfacet
facet normal -0.9807832059488795 0.1951007507126451 0
outer loop
vertex -47.050018310546875 -33.18994903564453 0
vertex -47.08427429199219 -33.36215591430664 0
vertex -47.08427429199219 -33.36215591430664 1.7000000476837158
endloop
endfacet
facet normal -0.9807832059488795 -0.1951007507126451 0
outer loop
vertex -47.08427429199219 -33.01774215698242 0
vertex -47.050018310546875 -33.18994903564453 0
vertex -47.050018310546875 -33.18994903564453 1.7000000476837158
endloop
endfacet
facet normal -0.8314782899626002 -0.5555572457639897 0
outer loop
vertex -47.181819915771484 -32.87174987792969 0
vertex -47.08427429199219 -33.01774215698242 0
vertex -47.08427429199219 -33.01774215698242 1.7000000476837158
endloop
endfacet
facet normal -0.5555572457639897 -0.8314782899626002 0
outer loop
vertex -47.32781219482422 -32.77420425415039 0
vertex -47.181819915771484 -32.87174987792969 0
vertex -47.181819915771484 -32.87174987792969 1.7000000476837158
endloop
endfacet
facet normal 0.5555572457639897 0.8314782899626002 0
outer loop
vertex -47.67222595214844 -33.60569381713867 1.7000000476837158
vertex -47.67222595214844 -33.60569381713867 0
vertex -47.81821823120117 -33.508148193359375 1.7000000476837158
endloop
endfacet
facet normal 0.1951007507126451 -0.9807832059488795 0
outer loop
vertex -47.50001907348633 -32.73994827270508 0
vertex -47.50001907348633 -32.73994827270508 1.7000000476837158
vertex -47.67222595214844 -32.77420425415039 0
endloop
endfacet
facet normal 0.9807832059488795 -0.1951007507126451 0
outer loop
vertex -47.91576385498047 -33.01774215698242 0
vertex -47.91576385498047 -33.01774215698242 1.7000000476837158
vertex -47.95001983642578 -33.18994903564453 0
endloop
endfacet
facet normal 0 0 -1
outer loop
vertex -47.91576385498047 -33.36215591430664 1.7000000476837158
vertex -47.95001983642578 -33.18994903564453 1.7000000476837158
vertex -47.91576385498047 -33.01774215698242 1.7000000476837158
endloop
endfacet
facet normal 0 0 -1
outer loop
vertex -47.91576385498047 -33.36215591430664 1.7000000476837158
vertex -47.91576385498047 -33.01774215698242 1.7000000476837158
vertex -47.81821823120117 -32.87174987792969 1.7000000476837158
endloop
endfacet
facet normal 0 0 -1
outer loop
vertex -47.81821823120117 -33.508148193359375 1.7000000476837158
vertex -47.91576385498047 -33.36215591430664 1.7000000476837158
vertex -47.81821823120117 -32.87174987792969 1.7000000476837158
endloop
endfacet
facet normal 0 0 -1
outer loop
vertex -47.67222595214844 -33.60569381713867 1.7000000476837158
vertex -47.81821823120117 -33.508148193359375 1.7000000476837158
vertex -47.67222595214844 -32.77420425415039 1.7000000476837158
endloop
endfacet
facet normal 0 0 -1
outer loop
vertex -47.50001907348633 -33.639949798583984 1.7000000476837158
vertex -47.67222595214844 -33.60569381713867 1.7000000476837158
vertex -47.50001907348633 -32.73994827270508 1.7000000476837158
endloop
endfacet
facet normal 0 0 -1
outer loop
vertex -47.32781219482422 -33.60569381713867 1.7000000476837158
vertex -47.50001907348633 -33.639949798583984 1.7000000476837158
vertex -47.32781219482422 -32.77420425415039 1.7000000476837158
endloop
endfacet
facet normal 0 0 -1
outer loop
vertex -47.67222595214844 -32.77420425415039 1.7000000476837158
vertex -47.81821823120117 -33.508148193359375 1.7000000476837158
vertex -47.81821823120117 -32.87174987792969 1.7000000476837158
endloop
endfacet
facet normal 0 0 -1
outer loop
vertex -47.50001907348633 -32.73994827270508 1.7000000476837158
vertex -47.67222595214844 -33.60569381713867 1.7000000476837158
vertex -47.67222595214844 -32.77420425415039 1.7000000476837158
endloop
endfacet
facet normal 0 0 -1
outer loop
vertex -47.32781219482422 -32.77420425415039 1.7000000476837158
vertex -47.50001907348633 -33.639949798583984 1.7000000476837158
vertex -47.50001907348633 -32.73994827270508 1.7000000476837158
endloop
endfacet
facet normal 0 0 -1
outer loop
vertex -47.181819915771484 -33.508148193359375 1.7000000476837158
vertex -47.32781219482422 -33.60569381713867 1.7000000476837158
vertex -47.181819915771484 -32.87174987792969 1.7000000476837158
endloop
endfacet
facet normal 0 0 -1
outer loop
vertex -47.08427429199219 -33.36215591430664 1.7000000476837158
vertex -47.181819915771484 -33.508148193359375 1.7000000476837158
vertex -47.08427429199219 -33.01774215698242 1.7000000476837158
endloop
endfacet
facet normal 0 0 -1
outer loop
vertex -47.050018310546875 -33.18994903564453 1.7000000476837158
vertex -47.08427429199219 -33.36215591430664 1.7000000476837158
vertex -47.08427429199219 -33.01774215698242 1.7000000476837158
endloop
endfacet
facet normal 0 0 -1
outer loop
vertex -47.32781219482422 -32.77420425415039 1.7000000476837158
vertex -47.181819915771484 -32.87174987792969 1.7000000476837158
vertex -47.32781219482422 -33.60569381713867 1.7000000476837158
endloop
endfacet
facet normal 0 0 -1
outer loop
vertex -47.181819915771484 -32.87174987792969 1.7000000476837158
vertex -47.08427429199219 -33.01774215698242 1.7000000476837158
vertex -47.181819915771484 -33.508148193359375 1.7000000476837158
endloop
endfacet
facet normal 0.9807832059488795 0.1951007507126451 0
outer loop
vertex -47.95001983642578 -33.18994903564453 0
vertex -47.95001983642578 -33.18994903564453 1.7000000476837158
vertex -47.91576385498047 -33.36215591430664 0
endloop
endfacet
facet normal 0.8314782899626002 0.5555572457639897 0
outer loop
vertex -47.81821823120117 -33.508148193359375 0
vertex -47.91576385498047 -33.36215591430664 0
vertex -47.91576385498047 -33.36215591430664 1.7000000476837158
endloop
endfacet
facet normal -0.1951007507126451 -0.9807832059488795 0
outer loop
vertex -47.32781219482422 -32.77420425415039 0
vertex -47.32781219482422 -32.77420425415039 1.7000000476837158
vertex -47.50001907348633 -32.73994827270508 0
endloop
endfacet
facet normal 0.1951007507126451 0.9807832059488795 0
outer loop
vertex -47.50001907348633 -33.639949798583984 0
vertex -47.67222595214844 -33.60569381713867 0
vertex -47.67222595214844 -33.60569381713867 1.7000000476837158
endloop
endfacet
facet normal 0 0 -1
outer loop
vertex -47.91576385498047 -32.09215545654297 1.7000000476837158
vertex -47.95001983642578 -31.91994857788086 1.7000000476837158
vertex -47.91576385498047 -31.74774169921875 1.7000000476837158
endloop
endfacet
facet normal -0.8314749371087372 -0.5555622638012966 0
outer loop
vertex -47.181819915771484 -31.60175132751465 0
vertex -47.08427429199219 -31.74774169921875 0
vertex -47.08427429199219 -31.74774169921875 1.7000000476837158
endloop
endfacet
facet normal -0.5555647559208026 -0.8314732719568675 0
outer loop
vertex -47.181819915771484 -31.60175132751465 0
vertex -47.181819915771484 -31.60175132751465 1.7000000476837158
vertex -47.32781219482422 -31.50420379638672 0
endloop
endfacet
facet normal 0 0 -1
outer loop
vertex -47.81821823120117 -32.2381477355957 1.7000000476837158
vertex -47.91576385498047 -32.09215545654297 1.7000000476837158
vertex -47.81821823120117 -31.60175132751465 1.7000000476837158
endloop
endfacet
facet normal 0 0 -1
outer loop
vertex -47.67222595214844 -32.335693359375 1.7000000476837158
vertex -47.81821823120117 -32.2381477355957 1.7000000476837158
vertex -47.67222595214844 -31.50420379638672 1.7000000476837158
endloop
endfacet
facet normal 0 0 -1
outer loop
vertex -47.67222595214844 -31.50420379638672 1.7000000476837158
vertex -47.81821823120117 -32.2381477355957 1.7000000476837158
vertex -47.81821823120117 -31.60175132751465 1.7000000476837158
endloop
endfacet
facet normal 0 0 -1
outer loop
vertex -47.67222595214844 -32.335693359375 1.7000000476837158
vertex -47.67222595214844 -31.50420379638672 1.7000000476837158
vertex -47.50001907348633 -31.46994972229004 1.7000000476837158
endloop
endfacet
facet normal 0 0 -1
outer loop
vertex -47.50001907348633 -32.36994934082031 1.7000000476837158
vertex -47.67222595214844 -32.335693359375 1.7000000476837158
vertex -47.50001907348633 -31.46994972229004 1.7000000476837158
endloop
endfacet
facet normal 0 0 -1
outer loop
vertex -47.32781219482422 -32.335693359375 1.7000000476837158
vertex -47.50001907348633 -32.36994934082031 1.7000000476837158
vertex -47.32781219482422 -31.50420379638672 1.7000000476837158
endloop
endfacet
facet normal 0 0 -1
outer loop
vertex -47.32781219482422 -31.50420379638672 1.7000000476837158
vertex -47.50001907348633 -32.36994934082031 1.7000000476837158
vertex -47.50001907348633 -31.46994972229004 1.7000000476837158
endloop
endfacet
facet normal 0 0 -1
outer loop
vertex -47.181819915771484 -32.2381477355957 1.7000000476837158
vertex -47.32781219482422 -32.335693359375 1.7000000476837158
vertex -47.181819915771484 -31.60175132751465 1.7000000476837158
endloop
endfacet
facet normal 0 0 -1
outer loop
vertex -47.08427429199219 -32.09215545654297 1.7000000476837158
vertex -47.181819915771484 -32.2381477355957 1.7000000476837158
vertex -47.08427429199219 -31.74774169921875 1.7000000476837158
endloop
endfacet
facet normal 0 0 -1
outer loop
vertex -47.050018310546875 -31.91994857788086 1.7000000476837158
vertex -47.08427429199219 -32.09215545654297 1.7000000476837158
vertex -47.08427429199219 -31.74774169921875 1.7000000476837158
endloop
endfacet
facet normal 0 0 -1
outer loop
vertex -47.181819915771484 -31.60175132751465 1.7000000476837158
vertex -47.32781219482422 -32.335693359375 1.7000000476837158
vertex -47.32781219482422 -31.50420379638672 1.7000000476837158
endloop
endfacet
facet normal 0 0 -1
outer loop
vertex -47.181819915771484 -31.60175132751465 1.7000000476837158
vertex -47.08427429199219 -31.74774169921875 1.7000000476837158
vertex -47.181819915771484 -32.2381477355957 1.7000000476837158
endloop
endfacet
facet normal -0.9807832059488795 -0.1951007507126451 0
outer loop
vertex -47.08427429199219 -31.74774169921875 0
vertex -47.050018310546875 -31.91994857788086 0
vertex -47.050018310546875 -31.91994857788086 1.7000000476837158
endloop
endfacet
facet normal -0.9807832059488795 0.1951007507126451 0
outer loop
vertex -47.050018310546875 -31.91994857788086 0
vertex -47.08427429199219 -32.09215545654297 0
vertex -47.08427429199219 -32.09215545654297 1.7000000476837158
endloop
endfacet
facet normal -0.19509030110388895 -0.9807852845629332 0
outer loop
vertex -47.32781219482422 -31.50420379638672 0
vertex -47.32781219482422 -31.50420379638672 1.7000000476837158
vertex -47.50001907348633 -31.46994972229004 0
endloop
endfacet
facet normal 0.19509030110388895 -0.9807852845629332 0
outer loop
vertex -47.50001907348633 -31.46994972229004 0
vertex -47.50001907348633 -31.46994972229004 1.7000000476837158
vertex -47.67222595214844 -31.50420379638672 0
endloop
endfacet
facet normal -0.8314749371087372 -0.5555622638012966 0
outer loop
vertex -47.181819915771484 -31.60175132751465 1.7000000476837158
vertex -47.181819915771484 -31.60175132751465 0
vertex -47.08427429199219 -31.74774169921875 1.7000000476837158
endloop
endfacet
facet normal -0.5555647559208026 -0.8314732719568675 0
outer loop
vertex -47.32781219482422 -31.50420379638672 1.7000000476837158
vertex -47.32781219482422 -31.50420379638672 0
vertex -47.181819915771484 -31.60175132751465 1.7000000476837158
endloop
endfacet
facet normal 0.5555647559208026 -0.8314732719568675 0
outer loop
vertex -47.67222595214844 -31.50420379638672 0
vertex -47.67222595214844 -31.50420379638672 1.7000000476837158
vertex -47.81821823120117 -31.60175132751465 0
endloop
endfacet
facet normal 0.8314749371087372 -0.5555622638012966 0
outer loop
vertex -47.81821823120117 -31.60175132751465 0
vertex -47.81821823120117 -31.60175132751465 1.7000000476837158
vertex -47.91576385498047 -31.74774169921875 0
endloop
endfacet
facet normal -0.8314782899626002 0.5555572457639897 0
outer loop
vertex -47.08427429199219 -32.09215545654297 0
vertex -47.181819915771484 -32.2381477355957 0
vertex -47.181819915771484 -32.2381477355957 1.7000000476837158
endloop
endfacet
facet normal -0.5555572457639897 0.8314782899626002 0
outer loop
vertex -47.181819915771484 -32.2381477355957 0
vertex -47.32781219482422 -32.335693359375 0
vertex -47.32781219482422 -32.335693359375 1.7000000476837158
endloop
endfacet
facet normal -0.1951007507126451 0.9807832059488795 0
outer loop
vertex -47.32781219482422 -32.335693359375 0
vertex -47.50001907348633 -32.36994934082031 0
vertex -47.50001907348633 -32.36994934082031 1.7000000476837158
endloop
endfacet
facet normal 0.1951007507126451 0.9807832059488795 0
outer loop
vertex -47.50001907348633 -32.36994934082031 0
vertex -47.67222595214844 -32.335693359375 0
vertex -47.67222595214844 -32.335693359375 1.7000000476837158
endloop
endfacet
facet normal 0.5555572457639897 0.8314782899626002 0
outer loop
vertex -47.81821823120117 -32.2381477355957 0
vertex -47.81821823120117 -32.2381477355957 1.7000000476837158
vertex -47.67222595214844 -32.335693359375 0
endloop
endfacet
facet normal -0.9807832059488795 -0.1951007507126451 0
outer loop
vertex -47.08427429199219 -31.74774169921875 1.7000000476837158
vertex -47.08427429199219 -31.74774169921875 0
vertex -47.050018310546875 -31.91994857788086 1.7000000476837158
endloop
endfacet
facet normal -0.9807832059488795 0.1951007507126451 0
outer loop
vertex -47.050018310546875 -31.91994857788086 1.7000000476837158
vertex -47.050018310546875 -31.91994857788086 0
vertex -47.08427429199219 -32.09215545654297 1.7000000476837158
endloop
endfacet
facet normal -0.19509030110388895 -0.9807852845629332 0
outer loop
vertex -47.50001907348633 -31.46994972229004 1.7000000476837158
vertex -47.50001907348633 -31.46994972229004 0
vertex -47.32781219482422 -31.50420379638672 1.7000000476837158
endloop
endfacet
facet normal 0.19509030110388895 -0.9807852845629332 0
outer loop
vertex -47.67222595214844 -31.50420379638672 1.7000000476837158
vertex -47.67222595214844 -31.50420379638672 0
vertex -47.50001907348633 -31.46994972229004 1.7000000476837158
endloop
endfacet
facet normal 0.5555647559208026 -0.8314732719568675 0
outer loop
vertex -47.81821823120117 -31.60175132751465 1.7000000476837158
vertex -47.81821823120117 -31.60175132751465 0
vertex -47.67222595214844 -31.50420379638672 1.7000000476837158
endloop
endfacet
facet normal -0.8314782899626002 0.5555572457639897 0
outer loop
vertex -47.08427429199219 -32.09215545654297 1.7000000476837158
vertex -47.08427429199219 -32.09215545654297 0
vertex -47.181819915771484 -32.2381477355957 1.7000000476837158
endloop
endfacet
facet normal 0.9807832059488795 0.1951007507126451 0
outer loop
vertex -47.95001983642578 -31.91994857788086 0
vertex -47.95001983642578 -31.91994857788086 1.7000000476837158
vertex -47.91576385498047 -32.09215545654297 0
endloop
endfacet
facet normal 0.8314782899626002 0.5555572457639897 0
outer loop
vertex -47.81821823120117 -32.2381477355957 0
vertex -47.91576385498047 -32.09215545654297 0
vertex -47.91576385498047 -32.09215545654297 1.7000000476837158
endloop
endfacet
facet normal -0.5555572457639897 0.8314782899626002 0
outer loop
vertex -47.181819915771484 -32.2381477355957 1.7000000476837158
vertex -47.181819915771484 -32.2381477355957 0
vertex -47.32781219482422 -32.335693359375 1.7000000476837158
endloop
endfacet
facet normal -0.1951007507126451 0.9807832059488795 0
outer loop
vertex -47.32781219482422 -32.335693359375 1.7000000476837158
vertex -47.32781219482422 -32.335693359375 0
vertex -47.50001907348633 -32.36994934082031 1.7000000476837158
endloop
endfacet
facet normal 0.1951007507126451 0.9807832059488795 0
outer loop
vertex -47.50001907348633 -32.36994934082031 1.7000000476837158
vertex -47.50001907348633 -32.36994934082031 0
vertex -47.67222595214844 -32.335693359375 1.7000000476837158
endloop
endfacet
facet normal 0.8314782899626002 0.5555572457639897 0
outer loop
vertex -47.81821823120117 -32.2381477355957 1.7000000476837158
vertex -47.81821823120117 -32.2381477355957 0
vertex -47.91576385498047 -32.09215545654297 1.7000000476837158
endloop
endfacet
facet normal 0.5555572457639897 0.8314782899626002 0
outer loop
vertex -47.67222595214844 -32.335693359375 1.7000000476837158
vertex -47.67222595214844 -32.335693359375 0
vertex -47.81821823120117 -32.2381477355957 1.7000000476837158
endloop
endfacet
facet normal 0.8314749371087372 -0.5555622638012966 0
outer loop
vertex -47.91576385498047 -31.74774169921875 1.7000000476837158
vertex -47.91576385498047 -31.74774169921875 0
vertex -47.81821823120117 -31.60175132751465 1.7000000476837158
endloop
endfacet
facet normal 0.9807832059488795 -0.1951007507126451 0
outer loop
vertex -47.95001983642578 -31.91994857788086 1.7000000476837158
vertex -47.95001983642578 -31.91994857788086 0
vertex -47.91576385498047 -31.74774169921875 1.7000000476837158
endloop
endfacet
facet normal 0.9807832059488795 0.1951007507126451 0
outer loop
vertex -47.91576385498047 -32.09215545654297 1.7000000476837158
vertex -47.91576385498047 -32.09215545654297 0
vertex -47.95001983642578 -31.91994857788086 1.7000000476837158
endloop
endfacet
facet normal 0.9807832059488795 -0.1951007507126451 0
outer loop
vertex -47.91576385498047 -31.74774169921875 0
vertex -47.91576385498047 -31.74774169921875 1.7000000476837158
vertex -47.95001983642578 -31.91994857788086 0
endloop
endfacet
facet normal 0 0 -1
outer loop
vertex -47.91576385498047 -32.09215545654297 1.7000000476837158
vertex -47.91576385498047 -31.74774169921875 1.7000000476837158
vertex -47.81821823120117 -31.60175132751465 1.7000000476837158
endloop
endfacet
facet normal 0 0 -1
outer loop
vertex -47.32781219482422 -30.234203338623047 1.7000000476837158
vertex -47.50001907348633 -31.09994888305664 1.7000000476837158
vertex -47.50001907348633 -30.199949264526367 1.7000000476837158
endloop
endfacet
facet normal 0.5555647559208026 0.8314732719568675 0
outer loop
vertex -47.81821823120117 -30.96814727783203 0
vertex -47.81821823120117 -30.96814727783203 1.7000000476837158
vertex -47.67222595214844 -31.06569480895996 0
endloop
endfacet
facet normal 0 0 -1
outer loop
vertex -47.67222595214844 -30.234203338623047 1.7000000476837158
vertex -47.81821823120117 -30.96814727783203 1.7000000476837158
vertex -47.81821823120117 -30.331750869750977 1.7000000476837158
endloop
endfacet
facet normal 0 0 -1
outer loop
vertex -47.050018310546875 -30.64995002746582 1.7000000476837158
vertex -47.08427429199219 -30.82215690612793 1.7000000476837158
vertex -47.08427429199219 -30.477741241455078 1.7000000476837158
endloop
endfacet
facet normal 0 0 -1
outer loop
vertex -47.08427429199219 -30.82215690612793 1.7000000476837158
vertex -47.181819915771484 -30.96814727783203 1.7000000476837158
vertex -47.08427429199219 -30.477741241455078 1.7000000476837158
endloop
endfacet
facet normal 0 0 -1
outer loop
vertex -47.181819915771484 -30.331750869750977 1.7000000476837158
vertex -47.32781219482422 -31.06569480895996 1.7000000476837158
vertex -47.32781219482422 -30.234203338623047 1.7000000476837158
endloop
endfacet
facet normal 0 0 -1
outer loop
vertex -47.181819915771484 -30.331750869750977 1.7000000476837158
vertex -47.08427429199219 -30.477741241455078 1.7000000476837158
vertex -47.181819915771484 -30.96814727783203 1.7000000476837158
endloop
endfacet
facet normal 0.8314749371087372 0.5555622638012966 0
outer loop
vertex -47.81821823120117 -30.96814727783203 0
vertex -47.91576385498047 -30.82215690612793 0
vertex -47.91576385498047 -30.82215690612793 1.7000000476837158
endloop
endfacet
facet normal 0.9807832059488795 0.1951007507126451 0
outer loop
vertex -47.91576385498047 -30.82215690612793 1.7000000476837158
vertex -47.91576385498047 -30.82215690612793 0
vertex -47.95001983642578 -30.64995002746582 1.7000000476837158
endloop
endfacet
facet normal 0.9807836194374872 -0.1950986720690384 0
outer loop
vertex -47.95001983642578 -30.64995002746582 1.7000000476837158
vertex -47.95001983642578 -30.64995002746582 0
vertex -47.91576385498047 -30.477741241455078 1.7000000476837158
endloop
endfacet
facet normal 0.8314749371087372 -0.5555622638012966 0
outer loop
vertex -47.91576385498047 -30.477741241455078 1.7000000476837158
vertex -47.91576385498047 -30.477741241455078 0
vertex -47.81821823120117 -30.331750869750977 1.7000000476837158
endloop
endfacet
facet normal -0.8314749371087372 -0.5555622638012966 0
outer loop
vertex -47.181819915771484 -30.331750869750977 0
vertex -47.08427429199219 -30.477741241455078 0
vertex -47.08427429199219 -30.477741241455078 1.7000000476837158
endloop
endfacet
facet normal -0.5555647559208026 -0.8314732719568675 0
outer loop
vertex -47.181819915771484 -30.331750869750977 0
vertex -47.181819915771484 -30.331750869750977 1.7000000476837158
vertex -47.32781219482422 -30.234203338623047 0
endloop
endfacet
facet normal -0.9807836194374872 -0.1950986720690384 0
outer loop
vertex -47.08427429199219 -30.477741241455078 0
vertex -47.050018310546875 -30.64995002746582 0
vertex -47.050018310546875 -30.64995002746582 1.7000000476837158
endloop
endfacet
facet normal -0.19509030110388895 -0.9807852845629332 0
outer loop
vertex -47.32781219482422 -30.234203338623047 0
vertex -47.32781219482422 -30.234203338623047 1.7000000476837158
vertex -47.50001907348633 -30.199949264526367 0
endloop
endfacet
facet normal -0.5555647559208026 -0.8314732719568675 0
outer loop
vertex -47.32781219482422 -30.234203338623047 1.7000000476837158
vertex -47.32781219482422 -30.234203338623047 0
vertex -47.181819915771484 -30.331750869750977 1.7000000476837158
endloop
endfacet
facet normal -0.8314749371087372 -0.5555622638012966 0
outer loop
vertex -47.181819915771484 -30.331750869750977 1.7000000476837158
vertex -47.181819915771484 -30.331750869750977 0
vertex -47.08427429199219 -30.477741241455078 1.7000000476837158
endloop
endfacet
facet normal -0.9807836194374872 -0.1950986720690384 0
outer loop
vertex -47.08427429199219 -30.477741241455078 1.7000000476837158
vertex -47.08427429199219 -30.477741241455078 0
vertex -47.050018310546875 -30.64995002746582 1.7000000476837158
endloop
endfacet
facet normal -0.19509030110388895 -0.9807852845629332 0
outer loop
vertex -47.50001907348633 -30.199949264526367 1.7000000476837158
vertex -47.50001907348633 -30.199949264526367 0
vertex -47.32781219482422 -30.234203338623047 1.7000000476837158
endloop
endfacet
facet normal 0.19509030110388895 -0.9807852845629332 0
outer loop
vertex -47.50001907348633 -30.199949264526367 0
vertex -47.50001907348633 -30.199949264526367 1.7000000476837158
vertex -47.67222595214844 -30.234203338623047 0
endloop
endfacet
facet normal 0.5555647559208026 -0.8314732719568675 0
outer loop
vertex -47.67222595214844 -30.234203338623047 0
vertex -47.67222595214844 -30.234203338623047 1.7000000476837158
vertex -47.81821823120117 -30.331750869750977 0
endloop
endfacet
facet normal 0.8314749371087372 -0.5555622638012966 0
outer loop
vertex -47.81821823120117 -30.331750869750977 0
vertex -47.81821823120117 -30.331750869750977 1.7000000476837158
vertex -47.91576385498047 -30.477741241455078 0
endloop
endfacet
facet normal -0.9807832059488795 0.1951007507126451 0
outer loop
vertex -47.050018310546875 -30.64995002746582 0
vertex -47.08427429199219 -30.82215690612793 0
vertex -47.08427429199219 -30.82215690612793 1.7000000476837158
endloop
endfacet
facet normal 0.19509030110388895 -0.9807852845629332 0
outer loop
vertex -47.67222595214844 -30.234203338623047 1.7000000476837158
vertex -47.67222595214844 -30.234203338623047 0
vertex -47.50001907348633 -30.199949264526367 1.7000000476837158
endloop
endfacet
facet normal -0.8314749371087372 0.5555622638012966 0
outer loop
vertex -47.08427429199219 -30.82215690612793 0
vertex -47.181819915771484 -30.96814727783203 0
vertex -47.181819915771484 -30.96814727783203 1.7000000476837158
endloop
endfacet
facet normal -0.5555647559208026 0.8314732719568675 0
outer loop
vertex -47.181819915771484 -30.96814727783203 0
vertex -47.32781219482422 -31.06569480895996 0
vertex -47.32781219482422 -31.06569480895996 1.7000000476837158
endloop
endfacet
facet normal 0.9807832059488795 0.1951007507126451 0
outer loop
vertex -47.95001983642578 -30.64995002746582 0
vertex -47.95001983642578 -30.64995002746582 1.7000000476837158
vertex -47.91576385498047 -30.82215690612793 0
endloop
endfacet
facet normal 0.9807836194374872 -0.1950986720690384 0
outer loop
vertex -47.91576385498047 -30.477741241455078 0
vertex -47.91576385498047 -30.477741241455078 1.7000000476837158
vertex -47.95001983642578 -30.64995002746582 0
endloop
endfacet
facet normal 0.5555647559208026 -0.8314732719568675 0
outer loop
vertex -47.81821823120117 -30.331750869750977 1.7000000476837158
vertex -47.81821823120117 -30.331750869750977 0
vertex -47.67222595214844 -30.234203338623047 1.7000000476837158
endloop
endfacet
facet normal -0.9807832059488795 0.1951007507126451 0
outer loop
vertex -47.050018310546875 -30.64995002746582 1.7000000476837158
vertex -47.050018310546875 -30.64995002746582 0
vertex -47.08427429199219 -30.82215690612793 1.7000000476837158
endloop
endfacet
facet normal -0.8314749371087372 0.5555622638012966 0
outer loop
vertex -47.08427429199219 -30.82215690612793 1.7000000476837158
vertex -47.08427429199219 -30.82215690612793 0
vertex -47.181819915771484 -30.96814727783203 1.7000000476837158
endloop
endfacet
facet normal -0.5555647559208026 0.8314732719568675 0
outer loop
vertex -47.181819915771484 -30.96814727783203 1.7000000476837158
vertex -47.181819915771484 -30.96814727783203 0
vertex -47.32781219482422 -31.06569480895996 1.7000000476837158
endloop
endfacet
facet normal 0.8314749371087372 0.5555622638012966 0
outer loop
vertex -47.81821823120117 -30.96814727783203 1.7000000476837158
vertex -47.81821823120117 -30.96814727783203 0
vertex -47.91576385498047 -30.82215690612793 1.7000000476837158
endloop
endfacet
facet normal -0.19509030110388895 0.9807852845629332 0
outer loop
vertex -47.32781219482422 -31.06569480895996 1.7000000476837158
vertex -47.32781219482422 -31.06569480895996 0
vertex -47.50001907348633 -31.09994888305664 1.7000000476837158
endloop
endfacet
facet normal 0.19509030110388895 0.9807852845629332 0
outer loop
vertex -47.50001907348633 -31.09994888305664 1.7000000476837158
vertex -47.50001907348633 -31.09994888305664 0
vertex -47.67222595214844 -31.06569480895996 1.7000000476837158
endloop
endfacet
facet normal 0.5555647559208026 0.8314732719568675 0
outer loop
vertex -47.67222595214844 -31.06569480895996 1.7000000476837158
vertex -47.67222595214844 -31.06569480895996 0
vertex -47.81821823120117 -30.96814727783203 1.7000000476837158
endloop
endfacet
facet normal 0 0 -1
outer loop
vertex -47.181819915771484 -30.96814727783203 1.7000000476837158
vertex -47.32781219482422 -31.06569480895996 1.7000000476837158
vertex -47.181819915771484 -30.331750869750977 1.7000000476837158
endloop
endfacet
facet normal 0 0 -1
outer loop
vertex -47.32781219482422 -31.06569480895996 1.7000000476837158
vertex -47.50001907348633 -31.09994888305664 1.7000000476837158
vertex -47.32781219482422 -30.234203338623047 1.7000000476837158
endloop
endfacet
facet normal 0 0 -1
outer loop
vertex -47.50001907348633 -31.09994888305664 1.7000000476837158
vertex -47.67222595214844 -31.06569480895996 1.7000000476837158
vertex -47.50001907348633 -30.199949264526367 1.7000000476837158
endloop
endfacet
facet normal 0 0 -1
outer loop
vertex -47.67222595214844 -31.06569480895996 1.7000000476837158
vertex -47.81821823120117 -30.96814727783203 1.7000000476837158
vertex -47.67222595214844 -30.234203338623047 1.7000000476837158
endloop
endfacet
facet normal 0 0 -1
outer loop
vertex -47.81821823120117 -30.96814727783203 1.7000000476837158
vertex -47.91576385498047 -30.82215690612793 1.7000000476837158
vertex -47.81821823120117 -30.331750869750977 1.7000000476837158
endloop
endfacet
facet normal 0 0 -1
outer loop
vertex -47.91576385498047 -30.82215690612793 1.7000000476837158
vertex -47.91576385498047 -30.477741241455078 1.7000000476837158
vertex -47.81821823120117 -30.331750869750977 1.7000000476837158
endloop
endfacet
facet normal 0 0 -1
outer loop
vertex -47.91576385498047 -30.82215690612793 1.7000000476837158
vertex -47.95001983642578 -30.64995002746582 1.7000000476837158
vertex -47.91576385498047 -30.477741241455078 1.7000000476837158
endloop
endfacet
facet normal 0.19509030110388895 0.9807852845629332 0
outer loop
vertex -47.50001907348633 -31.09994888305664 0
vertex -47.67222595214844 -31.06569480895996 0
vertex -47.67222595214844 -31.06569480895996 1.7000000476837158
endloop
endfacet
facet normal -0.19509030110388895 0.9807852845629332 0
outer loop
vertex -47.32781219482422 -31.06569480895996 0
vertex -47.50001907348633 -31.09994888305664 0
vertex -47.50001907348633 -31.09994888305664 1.7000000476837158
endloop
endfacet
facet normal 0 0 -1
outer loop
vertex -47.50001907348633 -30.199949264526367 1.7000000476837158
vertex -47.67222595214844 -31.06569480895996 1.7000000476837158
vertex -47.67222595214844 -30.234203338623047 1.7000000476837158
endloop
endfacet
facet normal -0.5555647559208026 -0.8314732719568675 0
outer loop
vertex -47.32781219482422 -28.964202880859375 1.7000000476837158
vertex -47.32781219482422 -28.964202880859375 0
vertex -47.181819915771484 -29.061750411987305 1.7000000476837158
endloop
endfacet
facet normal 0 0 -1
outer loop
vertex -47.08427429199219 -29.207740783691406 1.7000000476837158
vertex -47.181819915771484 -29.69814682006836 1.7000000476837158
vertex -47.181819915771484 -29.061750411987305 1.7000000476837158
endloop
endfacet
facet normal -0.8314749371087372 -0.5555622638012966 0
outer loop
vertex -47.181819915771484 -29.061750411987305 1.7000000476837158
vertex -47.181819915771484 -29.061750411987305 0
vertex -47.08427429199219 -29.207740783691406 1.7000000476837158
endloop
endfacet
facet normal -0.19509030110388895 -0.9807852845629332 0
outer loop
vertex -47.50001907348633 -28.929948806762695 1.7000000476837158
vertex -47.50001907348633 -28.929948806762695 0
vertex -47.32781219482422 -28.964202880859375 1.7000000476837158
endloop
endfacet
facet normal 0.19509030110388895 -0.9807852845629332 0
outer loop
vertex -47.67222595214844 -28.964202880859375 1.7000000476837158
vertex -47.67222595214844 -28.964202880859375 0
vertex -47.50001907348633 -28.929948806762695 1.7000000476837158
endloop
endfacet
facet normal 0.5555647559208026 -0.8314732719568675 0
outer loop
vertex -47.81821823120117 -29.061750411987305 1.7000000476837158
vertex -47.81821823120117 -29.061750411987305 0
vertex -47.67222595214844 -28.964202880859375 1.7000000476837158
endloop
endfacet
facet normal 0.9807832059488795 0.1951007507126451 0
outer loop
vertex -47.91576385498047 -29.552156448364258 1.7000000476837158
vertex -47.91576385498047 -29.552156448364258 0
vertex -47.95001983642578 -29.37994956970215 1.7000000476837158
endloop
endfacet
facet normal 0.9807836194374872 -0.1950986720690384 0
outer loop
vertex -47.95001983642578 -29.37994956970215 1.7000000476837158
vertex -47.95001983642578 -29.37994956970215 0
vertex -47.91576385498047 -29.207740783691406 1.7000000476837158
endloop
endfacet
facet normal 0.8314749371087372 -0.5555622638012966 0
outer loop
vertex -47.91576385498047 -29.207740783691406 1.7000000476837158
vertex -47.91576385498047 -29.207740783691406 0
vertex -47.81821823120117 -29.061750411987305 1.7000000476837158
endloop
endfacet
facet normal -0.5555647559208026 -0.8314732719568675 0
outer loop
vertex -47.181819915771484 -29.061750411987305 0
vertex -47.181819915771484 -29.061750411987305 1.7000000476837158
vertex -47.32781219482422 -28.964202880859375 0
endloop
endfacet
facet normal 0.8314749371087372 0.5555622638012966 0
outer loop
vertex -47.81821823120117 -29.69814682006836 0
vertex -47.91576385498047 -29.552156448364258 0
vertex -47.91576385498047 -29.552156448364258 1.7000000476837158
endloop
endfacet
facet normal 0.9807832059488795 0.1951007507126451 0
outer loop
vertex -47.95001983642578 -29.37994956970215 0
vertex -47.95001983642578 -29.37994956970215 1.7000000476837158
vertex -47.91576385498047 -29.552156448364258 0
endloop
endfacet
facet normal 0.9807836194374872 -0.1950986720690384 0
outer loop
vertex -47.91576385498047 -29.207740783691406 0
vertex -47.91576385498047 -29.207740783691406 1.7000000476837158
vertex -47.95001983642578 -29.37994956970215 0
endloop
endfacet
facet normal 0 0 -1
outer loop
vertex -47.181819915771484 -29.061750411987305 1.7000000476837158
vertex -47.32781219482422 -29.79569435119629 1.7000000476837158
vertex -47.32781219482422 -28.964202880859375 1.7000000476837158
endloop
endfacet
facet normal 0 0 -1
outer loop
vertex -47.08427429199219 -29.552156448364258 1.7000000476837158
vertex -47.181819915771484 -29.69814682006836 1.7000000476837158
vertex -47.08427429199219 -29.207740783691406 1.7000000476837158
endloop
endfacet
facet normal 0 0 -1
outer loop
vertex -47.181819915771484 -29.69814682006836 1.7000000476837158
vertex -47.32781219482422 -29.79569435119629 1.7000000476837158
vertex -47.181819915771484 -29.061750411987305 1.7000000476837158
endloop
endfacet
facet normal -0.8314749371087372 -0.5555622638012966 0
outer loop
vertex -47.08427429199219 -29.207740783691406 0
vertex -47.08427429199219 -29.207740783691406 1.7000000476837158
vertex -47.181819915771484 -29.061750411987305 0
endloop
endfacet
facet normal 0.19509030110388895 0.9807852845629332 0
outer loop
vertex -47.50001907348633 -29.82994842529297 0
vertex -47.67222595214844 -29.79569435119629 0
vertex -47.67222595214844 -29.79569435119629 1.7000000476837158
endloop
endfacet
facet normal 0.5555647559208026 0.8314732719568675 0
outer loop
vertex -47.81821823120117 -29.69814682006836 0
vertex -47.81821823120117 -29.69814682006836 1.7000000476837158
vertex -47.67222595214844 -29.79569435119629 0
endloop
endfacet
facet normal -0.19509030110388895 0.9807852845629332 0
outer loop
vertex -47.32781219482422 -29.79569435119629 0
vertex -47.50001907348633 -29.82994842529297 0
vertex -47.50001907348633 -29.82994842529297 1.7000000476837158
endloop
endfacet
facet normal -0.5555647559208026 0.8314732719568675 0
outer loop
vertex -47.181819915771484 -29.69814682006836 0
vertex -47.32781219482422 -29.79569435119629 0
vertex -47.32781219482422 -29.79569435119629 1.7000000476837158
endloop
endfacet
facet normal -0.8314749371087372 0.5555622638012966 0
outer loop
vertex -47.08427429199219 -29.552156448364258 0
vertex -47.181819915771484 -29.69814682006836 0
vertex -47.181819915771484 -29.69814682006836 1.7000000476837158
endloop
endfacet
facet normal -0.9807832059488795 0.1951007507126451 0
outer loop
vertex -47.050018310546875 -29.37994956970215 0
vertex -47.08427429199219 -29.552156448364258 0
vertex -47.08427429199219 -29.552156448364258 1.7000000476837158
endloop
endfacet
facet normal -0.9807836194374872 -0.1950986720690384 0
outer loop
vertex -47.08427429199219 -29.207740783691406 0
vertex -47.050018310546875 -29.37994956970215 0
vertex -47.050018310546875 -29.37994956970215 1.7000000476837158
endloop
endfacet
facet normal 0.8314749371087372 -0.5555622638012966 0
outer loop
vertex -47.81821823120117 -29.061750411987305 0
vertex -47.81821823120117 -29.061750411987305 1.7000000476837158
vertex -47.91576385498047 -29.207740783691406 0
endloop
endfacet
facet normal 0.5555647559208026 -0.8314732719568675 0
outer loop
vertex -47.67222595214844 -28.964202880859375 0
vertex -47.67222595214844 -28.964202880859375 1.7000000476837158
vertex -47.81821823120117 -29.061750411987305 0
endloop
endfacet
facet normal 0.19509030110388895 -0.9807852845629332 0
outer loop
vertex -47.50001907348633 -28.929948806762695 0
vertex -47.50001907348633 -28.929948806762695 1.7000000476837158
vertex -47.67222595214844 -28.964202880859375 0
endloop
endfacet
facet normal -0.19509030110388895 -0.9807852845629332 0
outer loop
vertex -47.32781219482422 -28.964202880859375 0
vertex -47.32781219482422 -28.964202880859375 1.7000000476837158
vertex -47.50001907348633 -28.929948806762695 0
endloop
endfacet
facet normal 0 0 -1
outer loop
vertex -47.050018310546875 -29.37994956970215 1.7000000476837158
vertex -47.08427429199219 -29.552156448364258 1.7000000476837158
vertex -47.08427429199219 -29.207740783691406 1.7000000476837158
endloop
endfacet
facet normal -0.9807836194374872 -0.1950986720690384 0
outer loop
vertex -47.08427429199219 -29.207740783691406 1.7000000476837158
vertex -47.08427429199219 -29.207740783691406 0
vertex -47.050018310546875 -29.37994956970215 1.7000000476837158
endloop
endfacet
facet normal 0 0 -1
outer loop
vertex -47.32781219482422 -28.964202880859375 1.7000000476837158
vertex -47.50001907348633 -29.82994842529297 1.7000000476837158
vertex -47.50001907348633 -28.929948806762695 1.7000000476837158
endloop
endfacet
facet normal 0 0 -1
outer loop
vertex -47.32781219482422 -29.79569435119629 1.7000000476837158
vertex -47.50001907348633 -29.82994842529297 1.7000000476837158
vertex -47.32781219482422 -28.964202880859375 1.7000000476837158
endloop
endfacet
facet normal 0 0 -1
outer loop
vertex -47.50001907348633 -29.82994842529297 1.7000000476837158
vertex -47.67222595214844 -29.79569435119629 1.7000000476837158
vertex -47.50001907348633 -28.929948806762695 1.7000000476837158
endloop
endfacet
facet normal 0 0 -1
outer loop
vertex -47.67222595214844 -29.79569435119629 1.7000000476837158
vertex -47.67222595214844 -28.964202880859375 1.7000000476837158
vertex -47.50001907348633 -28.929948806762695 1.7000000476837158
endloop
endfacet
facet normal 0 0 -1
outer loop
vertex -47.67222595214844 -28.964202880859375 1.7000000476837158
vertex -47.81821823120117 -29.69814682006836 1.7000000476837158
vertex -47.81821823120117 -29.061750411987305 1.7000000476837158
endloop
endfacet
facet normal 0 0 -1
outer loop
vertex -47.67222595214844 -29.79569435119629 1.7000000476837158
vertex -47.81821823120117 -29.69814682006836 1.7000000476837158
vertex -47.67222595214844 -28.964202880859375 1.7000000476837158
endloop
endfacet
facet normal 0 0 -1
outer loop
vertex -47.81821823120117 -29.69814682006836 1.7000000476837158
vertex -47.91576385498047 -29.552156448364258 1.7000000476837158
vertex -47.81821823120117 -29.061750411987305 1.7000000476837158
endloop
endfacet
facet normal 0 0 -1
outer loop
vertex -47.91576385498047 -29.552156448364258 1.7000000476837158
vertex -47.91576385498047 -29.207740783691406 1.7000000476837158
vertex -47.81821823120117 -29.061750411987305 1.7000000476837158
endloop
endfacet
facet normal 0 0 -1
outer loop
vertex -47.91576385498047 -29.552156448364258 1.7000000476837158
vertex -47.95001983642578 -29.37994956970215 1.7000000476837158
vertex -47.91576385498047 -29.207740783691406 1.7000000476837158
endloop
endfacet
facet normal 0.5555647559208026 0.8314732719568675 0
outer loop
vertex -47.67222595214844 -29.79569435119629 1.7000000476837158
vertex -47.67222595214844 -29.79569435119629 0
vertex -47.81821823120117 -29.69814682006836 1.7000000476837158
endloop
endfacet
facet normal -0.9807832059488795 0.1951007507126451 0
outer loop
vertex -47.050018310546875 -29.37994956970215 1.7000000476837158
vertex -47.050018310546875 -29.37994956970215 0
vertex -47.08427429199219 -29.552156448364258 1.7000000476837158
endloop
endfacet
facet normal -0.8314749371087372 0.5555622638012966 0
outer loop
vertex -47.08427429199219 -29.552156448364258 1.7000000476837158
vertex -47.08427429199219 -29.552156448364258 0
vertex -47.181819915771484 -29.69814682006836 1.7000000476837158
endloop
endfacet
facet normal -0.5555647559208026 0.8314732719568675 0
outer loop
vertex -47.181819915771484 -29.69814682006836 1.7000000476837158
vertex -47.181819915771484 -29.69814682006836 0
vertex -47.32781219482422 -29.79569435119629 1.7000000476837158
endloop
endfacet
facet normal -0.19509030110388895 0.9807852845629332 0
outer loop
vertex -47.32781219482422 -29.79569435119629 1.7000000476837158
vertex -47.32781219482422 -29.79569435119629 0
vertex -47.50001907348633 -29.82994842529297 1.7000000476837158
endloop
endfacet
facet normal 0.8314749371087372 0.5555622638012966 0
outer loop
vertex -47.81821823120117 -29.69814682006836 1.7000000476837158
vertex -47.81821823120117 -29.69814682006836 0
vertex -47.91576385498047 -29.552156448364258 1.7000000476837158
endloop
endfacet
facet normal 0.19509030110388895 0.9807852845629332 0
outer loop
vertex -47.50001907348633 -29.82994842529297 1.7000000476837158
vertex -47.50001907348633 -29.82994842529297 0
vertex -47.67222595214844 -29.79569435119629 1.7000000476837158
endloop
endfacet
facet normal 0.19509030110388895 0.9807852845629332 0
outer loop
vertex -47.50001907348633 -28.55994987487793 1.7000000476837158
vertex -47.50001907348633 -28.55994987487793 0
vertex -47.67222595214844 -28.52569580078125 1.7000000476837158
endloop
endfacet
facet normal -0.5555722659416437 -0.8314682539438699 0
outer loop
vertex -47.181819915771484 -27.791751861572266 0
vertex -47.181819915771484 -27.791751861572266 1.7000000476837158
vertex -47.32781219482422 -27.694202423095703 0
endloop
endfacet
facet normal -0.19509030110388895 -0.9807852845629332 0
outer loop
vertex -47.50001907348633 -27.659948348999023 1.7000000476837158
vertex -47.50001907348633 -27.659948348999023 0
vertex -47.32781219482422 -27.694202423095703 1.7000000476837158
endloop
endfacet
facet normal 0.19509030110388895 -0.9807852845629332 0
outer loop
vertex -47.67222595214844 -27.694202423095703 1.7000000476837158
vertex -47.67222595214844 -27.694202423095703 0
vertex -47.50001907348633 -27.659948348999023 1.7000000476837158
endloop
endfacet
facet normal 0.5555722659416437 -0.8314682539438699 0
outer loop
vertex -47.81821823120117 -27.791751861572266 1.7000000476837158
vertex -47.81821823120117 -27.791751861572266 0
vertex -47.67222595214844 -27.694202423095703 1.7000000476837158
endloop
endfacet
facet normal 0 0 -1
outer loop
vertex -47.91576385498047 -28.282155990600586 1.7000000476837158
vertex -47.95001983642578 -28.109949111938477 1.7000000476837158
vertex -47.91576385498047 -27.937742233276367 1.7000000476837158
endloop
endfacet
facet normal 0 0 -1
outer loop
vertex -47.91576385498047 -28.282155990600586 1.7000000476837158
vertex -47.91576385498047 -27.937742233276367 1.7000000476837158
vertex -47.81821823120117 -27.791751861572266 1.7000000476837158
endloop
endfacet
facet normal -0.8314749371087372 -0.5555622638012966 0
outer loop
vertex -47.181819915771484 -27.791751861572266 1.7000000476837158
vertex -47.181819915771484 -27.791751861572266 0
vertex -47.08427429199219 -27.937742233276367 1.7000000476837158
endloop
endfacet
facet normal -0.9807832059488795 -0.1951007507126451 0
outer loop
vertex -47.08427429199219 -27.937742233276367 1.7000000476837158
vertex -47.08427429199219 -27.937742233276367 0
vertex -47.050018310546875 -28.109949111938477 1.7000000476837158
endloop
endfacet
facet normal -0.9807832059488795 0.1951007507126451 0
outer loop
vertex -47.050018310546875 -28.109949111938477 1.7000000476837158
vertex -47.050018310546875 -28.109949111938477 0
vertex -47.08427429199219 -28.282155990600586 1.7000000476837158
endloop
endfacet
facet normal -0.8314749371087372 0.5555622638012966 0
outer loop
vertex -47.08427429199219 -28.282155990600586 1.7000000476837158
vertex -47.08427429199219 -28.282155990600586 0
vertex -47.181819915771484 -28.428146362304688 1.7000000476837158
endloop
endfacet
facet normal -0.5555722659416437 0.8314682539438699 0
outer loop
vertex -47.181819915771484 -28.428146362304688 1.7000000476837158
vertex -47.181819915771484 -28.428146362304688 0
vertex -47.32781219482422 -28.52569580078125 1.7000000476837158
endloop
endfacet
facet normal 0.5555722659416437 0.8314682539438699 0
outer loop
vertex -47.67222595214844 -28.52569580078125 1.7000000476837158
vertex -47.67222595214844 -28.52569580078125 0
vertex -47.81821823120117 -28.428146362304688 1.7000000476837158
endloop
endfacet
facet normal 0.8314749371087372 0.5555622638012966 0
outer loop
vertex -47.81821823120117 -28.428146362304688 1.7000000476837158
vertex -47.81821823120117 -28.428146362304688 0
vertex -47.91576385498047 -28.282155990600586 1.7000000476837158
endloop
endfacet
facet normal 0.9807832059488795 -0.1951007507126451 0
outer loop
vertex -47.91576385498047 -27.937742233276367 0
vertex -47.91576385498047 -27.937742233276367 1.7000000476837158
vertex -47.95001983642578 -28.109949111938477 0
endloop
endfacet
facet normal 0.9807832059488795 0.1951007507126451 0
outer loop
vertex -47.95001983642578 -28.109949111938477 0
vertex -47.95001983642578 -28.109949111938477 1.7000000476837158
vertex -47.91576385498047 -28.282155990600586 0
endloop
endfacet
facet normal 0.8314749371087372 0.5555622638012966 0
outer loop
vertex -47.81821823120117 -28.428146362304688 0
vertex -47.91576385498047 -28.282155990600586 0
vertex -47.91576385498047 -28.282155990600586 1.7000000476837158
endloop
endfacet
facet normal -0.19509030110388895 0.9807852845629332 0
outer loop
vertex -47.32781219482422 -28.52569580078125 1.7000000476837158
vertex -47.32781219482422 -28.52569580078125 0
vertex -47.50001907348633 -28.55994987487793 1.7000000476837158
endloop
endfacet
facet normal 0.8314749371087372 -0.5555622638012966 0
outer loop
vertex -47.91576385498047 -27.937742233276367 1.7000000476837158
vertex -47.91576385498047 -27.937742233276367 0
vertex -47.81821823120117 -27.791751861572266 1.7000000476837158
endloop
endfacet
facet normal 0 0 -1
outer loop
vertex -47.81821823120117 -28.428146362304688 1.7000000476837158
vertex -47.91576385498047 -28.282155990600586 1.7000000476837158
vertex -47.81821823120117 -27.791751861572266 1.7000000476837158
endloop
endfacet
facet normal 0 0 -1
outer loop
vertex -47.67222595214844 -28.52569580078125 1.7000000476837158
vertex -47.81821823120117 -28.428146362304688 1.7000000476837158
vertex -47.67222595214844 -27.694202423095703 1.7000000476837158
endloop
endfacet
facet normal 0.19509030110388895 0.9807852845629332 0
outer loop
vertex -47.50001907348633 -28.55994987487793 0
vertex -47.67222595214844 -28.52569580078125 0
vertex -47.67222595214844 -28.52569580078125 1.7000000476837158
endloop
endfacet
facet normal 0 0 -1
outer loop
vertex -47.50001907348633 -28.55994987487793 1.7000000476837158
vertex -47.67222595214844 -28.52569580078125 1.7000000476837158
vertex -47.50001907348633 -27.659948348999023 1.7000000476837158
endloop
endfacet
facet normal -0.19509030110388895 0.9807852845629332 0
outer loop
vertex -47.32781219482422 -28.52569580078125 0
vertex -47.50001907348633 -28.55994987487793 0
vertex -47.50001907348633 -28.55994987487793 1.7000000476837158
endloop
endfacet
facet normal 0 0 -1
outer loop
vertex -47.32781219482422 -28.52569580078125 1.7000000476837158
vertex -47.50001907348633 -28.55994987487793 1.7000000476837158
vertex -47.32781219482422 -27.694202423095703 1.7000000476837158
endloop
endfacet
facet normal 0.9807832059488795 -0.1951007507126451 0
outer loop
vertex -47.95001983642578 -28.109949111938477 1.7000000476837158
vertex -47.95001983642578 -28.109949111938477 0
vertex -47.91576385498047 -27.937742233276367 1.7000000476837158
endloop
endfacet
facet normal 0 0 -1
outer loop
vertex -47.67222595214844 -27.694202423095703 1.7000000476837158
vertex -47.81821823120117 -28.428146362304688 1.7000000476837158
vertex -47.81821823120117 -27.791751861572266 1.7000000476837158
endloop
endfacet
facet normal 0.9807832059488795 0.1951007507126451 0
outer loop
vertex -47.91576385498047 -28.282155990600586 1.7000000476837158
vertex -47.91576385498047 -28.282155990600586 0
vertex -47.95001983642578 -28.109949111938477 1.7000000476837158
endloop
endfacet
facet normal 0 0 -1
outer loop
vertex -47.50001907348633 -27.659948348999023 1.7000000476837158
vertex -47.67222595214844 -28.52569580078125 1.7000000476837158
vertex -47.67222595214844 -27.694202423095703 1.7000000476837158
endloop
endfacet
facet normal 0 0 -1
outer loop
vertex -47.32781219482422 -27.694202423095703 1.7000000476837158
vertex -47.50001907348633 -28.55994987487793 1.7000000476837158
vertex -47.50001907348633 -27.659948348999023 1.7000000476837158
endloop
endfacet
facet normal 0.5555722659416437 0.8314682539438699 0
outer loop
vertex -47.81821823120117 -28.428146362304688 0
vertex -47.81821823120117 -28.428146362304688 1.7000000476837158
vertex -47.67222595214844 -28.52569580078125 0
endloop
endfacet
facet normal 0 0 -1
outer loop
vertex -47.181819915771484 -28.428146362304688 1.7000000476837158
vertex -47.32781219482422 -28.52569580078125 1.7000000476837158
vertex -47.181819915771484 -27.791751861572266 1.7000000476837158
endloop
endfacet
facet normal 0 0 -1
outer loop
vertex -47.08427429199219 -28.282155990600586 1.7000000476837158
vertex -47.181819915771484 -28.428146362304688 1.7000000476837158
vertex -47.08427429199219 -27.937742233276367 1.7000000476837158
endloop
endfacet
facet normal 0 0 -1
outer loop
vertex -47.181819915771484 -27.791751861572266 1.7000000476837158
vertex -47.32781219482422 -28.52569580078125 1.7000000476837158
vertex -47.32781219482422 -27.694202423095703 1.7000000476837158
endloop
endfacet
facet normal 0.8314749371087372 -0.5555622638012966 0
outer loop
vertex -47.81821823120117 -27.791751861572266 0
vertex -47.81821823120117 -27.791751861572266 1.7000000476837158
vertex -47.91576385498047 -27.937742233276367 0
endloop
endfacet
facet normal -0.5555722659416437 0.8314682539438699 0
outer loop
vertex -47.181819915771484 -28.428146362304688 0
vertex -47.32781219482422 -28.52569580078125 0
vertex -47.32781219482422 -28.52569580078125 1.7000000476837158
endloop
endfacet
facet normal -0.8314749371087372 0.5555622638012966 0
outer loop
vertex -47.08427429199219 -28.282155990600586 0
vertex -47.181819915771484 -28.428146362304688 0
vertex -47.181819915771484 -28.428146362304688 1.7000000476837158
endloop
endfacet
facet normal -0.9807832059488795 0.1951007507126451 0
outer loop
vertex -47.050018310546875 -28.109949111938477 0
vertex -47.08427429199219 -28.282155990600586 0
vertex -47.08427429199219 -28.282155990600586 1.7000000476837158
endloop
endfacet
facet normal 0 0 -1
outer loop
vertex -47.050018310546875 -28.109949111938477 1.7000000476837158
vertex -47.08427429199219 -28.282155990600586 1.7000000476837158
vertex -47.08427429199219 -27.937742233276367 1.7000000476837158
endloop
endfacet
facet normal 0 0 -1
outer loop
vertex -47.181819915771484 -27.791751861572266 1.7000000476837158
vertex -47.08427429199219 -27.937742233276367 1.7000000476837158
vertex -47.181819915771484 -28.428146362304688 1.7000000476837158
endloop
endfacet
facet normal -0.19509030110388895 -0.9807852845629332 0
outer loop
vertex -47.32781219482422 -27.694202423095703 0
vertex -47.32781219482422 -27.694202423095703 1.7000000476837158
vertex -47.50001907348633 -27.659948348999023 0
endloop
endfacet
facet normal -0.9807832059488795 -0.1951007507126451 0
outer loop
vertex -47.08427429199219 -27.937742233276367 0
vertex -47.050018310546875 -28.109949111938477 0
vertex -47.050018310546875 -28.109949111938477 1.7000000476837158
endloop
endfacet
facet normal -0.8314749371087372 -0.5555622638012966 0
outer loop
vertex -47.181819915771484 -27.791751861572266 0
vertex -47.08427429199219 -27.937742233276367 0
vertex -47.08427429199219 -27.937742233276367 1.7000000476837158
endloop
endfacet
facet normal 0.5555722659416437 -0.8314682539438699 0
outer loop
vertex -47.67222595214844 -27.694202423095703 0
vertex -47.67222595214844 -27.694202423095703 1.7000000476837158
vertex -47.81821823120117 -27.791751861572266 0
endloop
endfacet
facet normal 0.19509030110388895 -0.9807852845629332 0
outer loop
vertex -47.50001907348633 -27.659948348999023 0
vertex -47.50001907348633 -27.659948348999023 1.7000000476837158
vertex -47.67222595214844 -27.694202423095703 0
endloop
endfacet
facet normal -0.5555722659416437 -0.8314682539438699 0
outer loop
vertex -47.32781219482422 -27.694202423095703 1.7000000476837158
vertex -47.32781219482422 -27.694202423095703 0
vertex -47.181819915771484 -27.791751861572266 1.7000000476837158
endloop
endfacet
facet normal 0 0 -1
outer loop
vertex -47.67222595214844 -26.424203872680664 1.7000000476837158
vertex -47.81821823120117 -27.15814781188965 1.7000000476837158
vertex -47.81821823120117 -26.521751403808594 1.7000000476837158
endloop
endfacet
facet normal 0 0 -1
outer loop
vertex -47.181819915771484 -27.15814781188965 1.7000000476837158
vertex -47.32781219482422 -27.255695343017578 1.7000000476837158
vertex -47.181819915771484 -26.521751403808594 1.7000000476837158
endloop
endfacet
facet normal 0.5555647559208026 0.8314732719568675 0
outer loop
vertex -47.67222595214844 -27.255695343017578 0
vertex -47.81821823120117 -27.15814781188965 0
vertex -47.81821823120117 -27.15814781188965 1.7000000476837158
endloop
endfacet
facet normal -0.19509030110388895 0.9807852845629332 0
outer loop
vertex -47.32781219482422 -27.255695343017578 0
vertex -47.50001907348633 -27.289949417114258 0
vertex -47.50001907348633 -27.289949417114258 1.7000000476837158
endloop
endfacet
facet normal -0.5555647559208026 0.8314732719568675 0
outer loop
vertex -47.181819915771484 -27.15814781188965 0
vertex -47.32781219482422 -27.255695343017578 0
vertex -47.32781219482422 -27.255695343017578 1.7000000476837158
endloop
endfacet
facet normal -0.8314749371087372 0.5555622638012966 0
outer loop
vertex -47.08427429199219 -27.012157440185547 0
vertex -47.181819915771484 -27.15814781188965 0
vertex -47.181819915771484 -27.15814781188965 1.7000000476837158
endloop
endfacet
facet normal 0.8314749371087372 0.5555622638012966 0
outer loop
vertex -47.91576385498047 -27.012157440185547 0
vertex -47.91576385498047 -27.012157440185547 1.7000000476837158
vertex -47.81821823120117 -27.15814781188965 0
endloop
endfacet
facet normal 0.9807836194374872 0.1950986720690384 0
outer loop
vertex -47.95001983642578 -26.839948654174805 0
vertex -47.95001983642578 -26.839948654174805 1.7000000476837158
vertex -47.91576385498047 -27.012157440185547 0
endloop
endfacet
facet normal 0 0 -1
outer loop
vertex -47.50001907348633 -26.389949798583984 1.7000000476837158
vertex -47.67222595214844 -27.255695343017578 1.7000000476837158
vertex -47.67222595214844 -26.424203872680664 1.7000000476837158
endloop
endfacet
facet normal 0.8314749371087372 -0.5555622638012966 0
outer loop
vertex -47.81821823120117 -26.521751403808594 0
vertex -47.81821823120117 -26.521751403808594 1.7000000476837158
vertex -47.91576385498047 -26.667741775512695 0
endloop
endfacet
facet normal 0 0 -1
outer loop
vertex -47.32781219482422 -26.424203872680664 1.7000000476837158
vertex -47.50001907348633 -27.289949417114258 1.7000000476837158
vertex -47.50001907348633 -26.389949798583984 1.7000000476837158
endloop
endfacet
facet normal 0.19509030110388895 -0.9807852845629332 0
outer loop
vertex -47.50001907348633 -26.389949798583984 0
vertex -47.50001907348633 -26.389949798583984 1.7000000476837158
vertex -47.67222595214844 -26.424203872680664 0
endloop
endfacet
facet normal -0.19509030110388895 -0.9807852845629332 0
outer loop
vertex -47.32781219482422 -26.424203872680664 0
vertex -47.32781219482422 -26.424203872680664 1.7000000476837158
vertex -47.50001907348633 -26.389949798583984 0
endloop
endfacet
facet normal -0.9807836194374872 0.1950986720690384 0
outer loop
vertex -47.050018310546875 -26.839948654174805 0
vertex -47.08427429199219 -27.012157440185547 0
vertex -47.08427429199219 -27.012157440185547 1.7000000476837158
endloop
endfacet
facet normal -0.9807832059488795 -0.1951007507126451 0
outer loop
vertex -47.08427429199219 -26.667741775512695 0
vertex -47.050018310546875 -26.839948654174805 0
vertex -47.050018310546875 -26.839948654174805 1.7000000476837158
endloop
endfacet
facet normal -0.8314749371087372 -0.5555622638012966 0
outer loop
vertex -47.181819915771484 -26.521751403808594 0
vertex -47.08427429199219 -26.667741775512695 0
vertex -47.08427429199219 -26.667741775512695 1.7000000476837158
endloop
endfacet
facet normal -0.5555647559208026 -0.8314732719568675 0
outer loop
vertex -47.181819915771484 -26.521751403808594 0
vertex -47.181819915771484 -26.521751403808594 1.7000000476837158
vertex -47.32781219482422 -26.424203872680664 0
endloop
endfacet
facet normal 0 0 -1
outer loop
vertex -47.67222595214844 -27.255695343017578 1.7000000476837158
vertex -47.81821823120117 -27.15814781188965 1.7000000476837158
vertex -47.67222595214844 -26.424203872680664 1.7000000476837158
endloop
endfacet
facet normal 0 0 -1
outer loop
vertex -47.91576385498047 -27.012157440185547 1.7000000476837158
vertex -47.91576385498047 -26.667741775512695 1.7000000476837158
vertex -47.81821823120117 -26.521751403808594 1.7000000476837158
endloop
endfacet
facet normal 0 0 -1
outer loop
vertex -47.91576385498047 -27.012157440185547 1.7000000476837158
vertex -47.95001983642578 -26.839948654174805 1.7000000476837158
vertex -47.91576385498047 -26.667741775512695 1.7000000476837158
endloop
endfacet
facet normal -0.5555647559208026 -0.8314732719568675 0
outer loop
vertex -47.32781219482422 -26.424203872680664 1.7000000476837158
vertex -47.32781219482422 -26.424203872680664 0
vertex -47.181819915771484 -26.521751403808594 1.7000000476837158
endloop
endfacet
facet normal -0.8314749371087372 -0.5555622638012966 0
outer loop
vertex -47.181819915771484 -26.521751403808594 1.7000000476837158
vertex -47.181819915771484 -26.521751403808594 0
vertex -47.08427429199219 -26.667741775512695 1.7000000476837158
endloop
endfacet
facet normal -0.9807832059488795 -0.1951007507126451 0
outer loop
vertex -47.08427429199219 -26.667741775512695 1.7000000476837158
vertex -47.08427429199219 -26.667741775512695 0
vertex -47.050018310546875 -26.839948654174805 1.7000000476837158
endloop
endfacet
facet normal -0.9807836194374872 0.1950986720690384 0
outer loop
vertex -47.050018310546875 -26.839948654174805 1.7000000476837158
vertex -47.050018310546875 -26.839948654174805 0
vertex -47.08427429199219 -27.012157440185547 1.7000000476837158
endloop
endfacet
facet normal -0.8314749371087372 0.5555622638012966 0
outer loop
vertex -47.08427429199219 -27.012157440185547 1.7000000476837158
vertex -47.08427429199219 -27.012157440185547 0
vertex -47.181819915771484 -27.15814781188965 1.7000000476837158
endloop
endfacet
facet normal -0.19509030110388895 -0.9807852845629332 0
outer loop
vertex -47.50001907348633 -26.389949798583984 1.7000000476837158
vertex -47.50001907348633 -26.389949798583984 0
vertex -47.32781219482422 -26.424203872680664 1.7000000476837158
endloop
endfacet
facet normal 0.19509030110388895 -0.9807852845629332 0
outer loop
vertex -47.67222595214844 -26.424203872680664 1.7000000476837158
vertex -47.67222595214844 -26.424203872680664 0
vertex -47.50001907348633 -26.389949798583984 1.7000000476837158
endloop
endfacet
facet normal 0.5555647559208026 -0.8314732719568675 0
outer loop
vertex -47.81821823120117 -26.521751403808594 1.7000000476837158
vertex -47.81821823120117 -26.521751403808594 0
vertex -47.67222595214844 -26.424203872680664 1.7000000476837158
endloop
endfacet
facet normal 0.8314749371087372 -0.5555622638012966 0
outer loop
vertex -47.91576385498047 -26.667741775512695 1.7000000476837158
vertex -47.91576385498047 -26.667741775512695 0
vertex -47.81821823120117 -26.521751403808594 1.7000000476837158
endloop
endfacet
facet normal 0.9807832059488795 -0.1951007507126451 0
outer loop
vertex -47.95001983642578 -26.839948654174805 1.7000000476837158
vertex -47.95001983642578 -26.839948654174805 0
vertex -47.91576385498047 -26.667741775512695 1.7000000476837158
endloop
endfacet
facet normal 0.9807836194374872 0.1950986720690384 0
outer loop
vertex -47.91576385498047 -27.012157440185547 1.7000000476837158
vertex -47.91576385498047 -27.012157440185547 0
vertex -47.95001983642578 -26.839948654174805 1.7000000476837158
endloop
endfacet
facet normal -0.5555647559208026 0.8314732719568675 0
outer loop
vertex -47.181819915771484 -27.15814781188965 1.7000000476837158
vertex -47.181819915771484 -27.15814781188965 0
vertex -47.32781219482422 -27.255695343017578 1.7000000476837158
endloop
endfacet
facet normal -0.19509030110388895 0.9807852845629332 0
outer loop
vertex -47.32781219482422 -27.255695343017578 1.7000000476837158
vertex -47.32781219482422 -27.255695343017578 0
vertex -47.50001907348633 -27.289949417114258 1.7000000476837158
endloop
endfacet
facet normal 0.19509030110388895 0.9807852845629332 0
outer loop
vertex -47.50001907348633 -27.289949417114258 1.7000000476837158
vertex -47.50001907348633 -27.289949417114258 0
vertex -47.67222595214844 -27.255695343017578 1.7000000476837158
endloop
endfacet
facet normal 0.5555647559208026 0.8314732719568675 0
outer loop
vertex -47.67222595214844 -27.255695343017578 1.7000000476837158
vertex -47.67222595214844 -27.255695343017578 0
vertex -47.81821823120117 -27.15814781188965 1.7000000476837158
endloop
endfacet
facet normal 0.8314749371087372 0.5555622638012966 0
outer loop
vertex -47.81821823120117 -27.15814781188965 1.7000000476837158
vertex -47.81821823120117 -27.15814781188965 0
vertex -47.91576385498047 -27.012157440185547 1.7000000476837158
endloop
endfacet
facet normal 0 0 -1
outer loop
vertex -47.81821823120117 -27.15814781188965 1.7000000476837158
vertex -47.91576385498047 -27.012157440185547 1.7000000476837158
vertex -47.81821823120117 -26.521751403808594 1.7000000476837158
endloop
endfacet
facet normal 0.19509030110388895 0.9807852845629332 0
outer loop
vertex -47.50001907348633 -27.289949417114258 0
vertex -47.67222595214844 -27.255695343017578 0
vertex -47.67222595214844 -27.255695343017578 1.7000000476837158
endloop
endfacet
facet normal 0 0 -1
outer loop
vertex -47.50001907348633 -27.289949417114258 1.7000000476837158
vertex -47.67222595214844 -27.255695343017578 1.7000000476837158
vertex -47.50001907348633 -26.389949798583984 1.7000000476837158
endloop
endfacet
facet normal 0.5555647559208026 -0.8314732719568675 0
outer loop
vertex -47.67222595214844 -26.424203872680664 0
vertex -47.67222595214844 -26.424203872680664 1.7000000476837158
vertex -47.81821823120117 -26.521751403808594 0
endloop
endfacet
facet normal 0.9807832059488795 -0.1951007507126451 0
outer loop
vertex -47.91576385498047 -26.667741775512695 0
vertex -47.91576385498047 -26.667741775512695 1.7000000476837158
vertex -47.95001983642578 -26.839948654174805 0
endloop
endfacet
facet normal 0 0 -1
outer loop
vertex -47.181819915771484 -26.521751403808594 1.7000000476837158
vertex -47.32781219482422 -27.255695343017578 1.7000000476837158
vertex -47.32781219482422 -26.424203872680664 1.7000000476837158
endloop
endfacet
facet normal 0 0 -1
outer loop
vertex -47.181819915771484 -26.521751403808594 1.7000000476837158
vertex -47.08427429199219 -26.667741775512695 1.7000000476837158
vertex -47.181819915771484 -27.15814781188965 1.7000000476837158
endloop
endfacet
facet normal 0 0 -1
outer loop
vertex -47.050018310546875 -26.839948654174805 1.7000000476837158
vertex -47.08427429199219 -27.012157440185547 1.7000000476837158
vertex -47.08427429199219 -26.667741775512695 1.7000000476837158
endloop
endfacet
facet normal 0 0 -1
outer loop
vertex -47.08427429199219 -27.012157440185547 1.7000000476837158
vertex -47.181819915771484 -27.15814781188965 1.7000000476837158
vertex -47.08427429199219 -26.667741775512695 1.7000000476837158
endloop
endfacet
facet normal 0 0 -1
outer loop
vertex -47.32781219482422 -27.255695343017578 1.7000000476837158
vertex -47.50001907348633 -27.289949417114258 1.7000000476837158
vertex -47.32781219482422 -26.424203872680664 1.7000000476837158
endloop
endfacet
facet normal 0.555569773965375 0.8314699190325903 0
outer loop
vertex -28.672517776489258 -27.255695343017578 0
vertex -28.81850814819336 -27.15814781188965 0
vertex -28.81850814819336 -27.15814781188965 1.7000000476837158
endloop
endfacet
facet normal -0.555569773965375 -0.8314699190325903 0
outer loop
vertex -28.32810401916504 -26.424203872680664 1.7000000476837158
vertex -28.32810401916504 -26.424203872680664 0
vertex -28.182113647460938 -26.521751403808594 1.7000000476837158
endloop
endfacet
facet normal -0.8314649009491799 -0.5555772839934787 0
outer loop
vertex -28.182113647460938 -26.521751403808594 1.7000000476837158
vertex -28.182113647460938 -26.521751403808594 0
vertex -28.084564208984375 -26.667741775512695 1.7000000476837158
endloop
endfacet
facet normal -0.9807852845629332 -0.19509030110388895 0
outer loop
vertex -28.084564208984375 -26.667741775512695 1.7000000476837158
vertex -28.084564208984375 -26.667741775512695 0
vertex -28.050310134887695 -26.839948654174805 1.7000000476837158
endloop
endfacet
facet normal -0.19509030110388895 -0.9807852845629332 0
outer loop
vertex -28.50031089782715 -26.389949798583984 1.7000000476837158
vertex -28.50031089782715 -26.389949798583984 0
vertex -28.32810401916504 -26.424203872680664 1.7000000476837158
endloop
endfacet
facet normal 0.19509030110388895 -0.9807852845629332 0
outer loop
vertex -28.672517776489258 -26.424203872680664 1.7000000476837158
vertex -28.672517776489258 -26.424203872680664 0
vertex -28.50031089782715 -26.389949798583984 1.7000000476837158
endloop
endfacet
facet normal -0.9807856980081253 0.19508822256280442 0
outer loop
vertex -28.050310134887695 -26.839948654174805 1.7000000476837158
vertex -28.050310134887695 -26.839948654174805 0
vertex -28.084564208984375 -27.012157440185547 1.7000000476837158
endloop
endfacet
facet normal -0.8314649009491799 0.5555772839934787 0
outer loop
vertex -28.084564208984375 -27.012157440185547 1.7000000476837158
vertex -28.084564208984375 -27.012157440185547 0
vertex -28.182113647460938 -27.15814781188965 1.7000000476837158
endloop
endfacet
facet normal 0.555569773965375 -0.8314699190325903 0
outer loop
vertex -28.81850814819336 -26.521751403808594 1.7000000476837158
vertex -28.81850814819336 -26.521751403808594 0
vertex -28.672517776489258 -26.424203872680664 1.7000000476837158
endloop
endfacet
facet normal 0.8314649009491799 -0.5555772839934787 0
outer loop
vertex -28.916057586669922 -26.667741775512695 1.7000000476837158
vertex -28.916057586669922 -26.667741775512695 0
vertex -28.81850814819336 -26.521751403808594 1.7000000476837158
endloop
endfacet
facet normal 0.9807852845629332 -0.19509030110388895 0
outer loop
vertex -28.9503116607666 -26.839948654174805 1.7000000476837158
vertex -28.9503116607666 -26.839948654174805 0
vertex -28.916057586669922 -26.667741775512695 1.7000000476837158
endloop
endfacet
facet normal 0.9807856980081253 0.19508822256280442 0
outer loop
vertex -28.916057586669922 -27.012157440185547 1.7000000476837158
vertex -28.916057586669922 -27.012157440185547 0
vertex -28.9503116607666 -26.839948654174805 1.7000000476837158
endloop
endfacet
facet normal -0.555569773965375 0.8314699190325903 0
outer loop
vertex -28.182113647460938 -27.15814781188965 1.7000000476837158
vertex -28.182113647460938 -27.15814781188965 0
vertex -28.32810401916504 -27.255695343017578 1.7000000476837158
endloop
endfacet
facet normal -0.19509030110388895 0.9807852845629332 0
outer loop
vertex -28.32810401916504 -27.255695343017578 1.7000000476837158
vertex -28.32810401916504 -27.255695343017578 0
vertex -28.50031089782715 -27.289949417114258 1.7000000476837158
endloop
endfacet
facet normal 0.19509030110388895 0.9807852845629332 0
outer loop
vertex -28.50031089782715 -27.289949417114258 1.7000000476837158
vertex -28.50031089782715 -27.289949417114258 0
vertex -28.672517776489258 -27.255695343017578 1.7000000476837158
endloop
endfacet
facet normal 0 0 -1
outer loop
vertex -28.916057586669922 -27.012157440185547 1.7000000476837158
vertex -28.9503116607666 -26.839948654174805 1.7000000476837158
vertex -28.916057586669922 -26.667741775512695 1.7000000476837158
endloop
endfacet
facet normal 0 0 -1
outer loop
vertex -28.672517776489258 -27.255695343017578 1.7000000476837158
vertex -28.81850814819336 -27.15814781188965 1.7000000476837158
vertex -28.672517776489258 -26.424203872680664 1.7000000476837158
endloop
endfacet
facet normal 0 0 -1
outer loop
vertex -28.81850814819336 -27.15814781188965 1.7000000476837158
vertex -28.916057586669922 -27.012157440185547 1.7000000476837158
vertex -28.81850814819336 -26.521751403808594 1.7000000476837158
endloop
endfacet
facet normal 0 0 -1
outer loop
vertex -28.81850814819336 -26.521751403808594 1.7000000476837158
vertex -28.916057586669922 -27.012157440185547 1.7000000476837158
vertex -28.916057586669922 -26.667741775512695 1.7000000476837158
endloop
endfacet
facet normal 0 0 -1
outer loop
vertex -28.672517776489258 -26.424203872680664 1.7000000476837158
vertex -28.81850814819336 -27.15814781188965 1.7000000476837158
vertex -28.81850814819336 -26.521751403808594 1.7000000476837158
endloop
endfacet
facet normal 0 0 -1
outer loop
vertex -28.50031089782715 -27.289949417114258 1.7000000476837158
vertex -28.672517776489258 -27.255695343017578 1.7000000476837158
vertex -28.50031089782715 -26.389949798583984 1.7000000476837158
endloop
endfacet
facet normal 0 0 -1
outer loop
vertex -28.32810401916504 -27.255695343017578 1.7000000476837158
vertex -28.50031089782715 -27.289949417114258 1.7000000476837158
vertex -28.32810401916504 -26.424203872680664 1.7000000476837158
endloop
endfacet
facet normal 0 0 -1
outer loop
vertex -28.182113647460938 -27.15814781188965 1.7000000476837158
vertex -28.32810401916504 -27.255695343017578 1.7000000476837158
vertex -28.182113647460938 -26.521751403808594 1.7000000476837158
endloop
endfacet
facet normal 0 0 -1
outer loop
vertex -28.084564208984375 -27.012157440185547 1.7000000476837158
vertex -28.182113647460938 -27.15814781188965 1.7000000476837158
vertex -28.084564208984375 -26.667741775512695 1.7000000476837158
endloop
endfacet
facet normal 0.8314649009491799 0.5555772839934787 0
outer loop
vertex -28.81850814819336 -27.15814781188965 1.7000000476837158
vertex -28.81850814819336 -27.15814781188965 0
vertex -28.916057586669922 -27.012157440185547 1.7000000476837158
endloop
endfacet
facet normal 0.555569773965375 0.8314699190325903 0
outer loop
vertex -28.672517776489258 -27.255695343017578 1.7000000476837158
vertex -28.672517776489258 -27.255695343017578 0
vertex -28.81850814819336 -27.15814781188965 1.7000000476837158
endloop
endfacet
facet normal -0.555569773965375 -0.8314699190325903 0
outer loop
vertex -28.182113647460938 -26.521751403808594 0
vertex -28.182113647460938 -26.521751403808594 1.7000000476837158
vertex -28.32810401916504 -26.424203872680664 0
endloop
endfacet
facet normal -0.8314649009491799 -0.5555772839934787 0
outer loop
vertex -28.182113647460938 -26.521751403808594 0
vertex -28.084564208984375 -26.667741775512695 0
vertex -28.084564208984375 -26.667741775512695 1.7000000476837158
endloop
endfacet
facet normal -0.19509030110388895 -0.9807852845629332 0
outer loop
vertex -28.32810401916504 -26.424203872680664 0
vertex -28.32810401916504 -26.424203872680664 1.7000000476837158
vertex -28.50031089782715 -26.389949798583984 0
endloop
endfacet
facet normal 0.19509030110388895 -0.9807852845629332 0
outer loop
vertex -28.50031089782715 -26.389949798583984 0
vertex -28.50031089782715 -26.389949798583984 1.7000000476837158
vertex -28.672517776489258 -26.424203872680664 0
endloop
endfacet
facet normal -0.9807852845629332 -0.19509030110388895 0
outer loop
vertex -28.050310134887695 -26.839948654174805 0
vertex -28.050310134887695 -26.839948654174805 1.7000000476837158
vertex -28.084564208984375 -26.667741775512695 0
endloop
endfacet
facet normal -0.9807856980081253 0.19508822256280442 0
outer loop
vertex -28.050310134887695 -26.839948654174805 0
vertex -28.084564208984375 -27.012157440185547 0
vertex -28.084564208984375 -27.012157440185547 1.7000000476837158
endloop
endfacet
facet normal 0.555569773965375 -0.8314699190325903 0
outer loop
vertex -28.672517776489258 -26.424203872680664 0
vertex -28.672517776489258 -26.424203872680664 1.7000000476837158
vertex -28.81850814819336 -26.521751403808594 0
endloop
endfacet
facet normal 0.8314649009491799 -0.5555772839934787 0
outer loop
vertex -28.81850814819336 -26.521751403808594 0
vertex -28.81850814819336 -26.521751403808594 1.7000000476837158
vertex -28.916057586669922 -26.667741775512695 0
endloop
endfacet
facet normal 0.9807852845629332 -0.19509030110388895 0
outer loop
vertex -28.916057586669922 -26.667741775512695 0
vertex -28.916057586669922 -26.667741775512695 1.7000000476837158
vertex -28.9503116607666 -26.839948654174805 0
endloop
endfacet
facet normal 0.8314649009491799 0.5555772839934787 0
outer loop
vertex -28.916057586669922 -27.012157440185547 0
vertex -28.916057586669922 -27.012157440185547 1.7000000476837158
vertex -28.81850814819336 -27.15814781188965 0
endloop
endfacet
facet normal 0.9807856980081253 0.19508822256280442 0
outer loop
vertex -28.9503116607666 -26.839948654174805 0
vertex -28.9503116607666 -26.839948654174805 1.7000000476837158
vertex -28.916057586669922 -27.012157440185547 0
endloop
endfacet
facet normal -0.8314649009491799 0.5555772839934787 0
outer loop
vertex -28.084564208984375 -27.012157440185547 0
vertex -28.182113647460938 -27.15814781188965 0
vertex -28.182113647460938 -27.15814781188965 1.7000000476837158
endloop
endfacet
facet normal -0.555569773965375 0.8314699190325903 0
outer loop
vertex -28.182113647460938 -27.15814781188965 0
vertex -28.32810401916504 -27.255695343017578 0
vertex -28.32810401916504 -27.255695343017578 1.7000000476837158
endloop
endfacet
facet normal 0.19509030110388895 0.9807852845629332 0
outer loop
vertex -28.50031089782715 -27.289949417114258 0
vertex -28.672517776489258 -27.255695343017578 0
vertex -28.672517776489258 -27.255695343017578 1.7000000476837158
endloop
endfacet
facet normal -0.19509030110388895 0.9807852845629332 0
outer loop
vertex -28.32810401916504 -27.255695343017578 0
vertex -28.50031089782715 -27.289949417114258 0
vertex -28.50031089782715 -27.289949417114258 1.7000000476837158
endloop
endfacet
facet normal 0 0 -1
outer loop
vertex -28.050310134887695 -26.839948654174805 1.7000000476837158
vertex -28.084564208984375 -27.012157440185547 1.7000000476837158
vertex -28.084564208984375 -26.667741775512695 1.7000000476837158
endloop
endfacet
facet normal 0 0 -1
outer loop
vertex -28.182113647460938 -26.521751403808594 1.7000000476837158
vertex -28.084564208984375 -26.667741775512695 1.7000000476837158
vertex -28.182113647460938 -27.15814781188965 1.7000000476837158
endloop
endfacet
facet normal 0 0 -1
outer loop
vertex -28.50031089782715 -26.389949798583984 1.7000000476837158
vertex -28.672517776489258 -27.255695343017578 1.7000000476837158
vertex -28.672517776489258 -26.424203872680664 1.7000000476837158
endloop
endfacet
facet normal 0 0 -1
outer loop
vertex -28.32810401916504 -26.424203872680664 1.7000000476837158
vertex -28.50031089782715 -27.289949417114258 1.7000000476837158
vertex -28.50031089782715 -26.389949798583984 1.7000000476837158
endloop
endfacet
facet normal 0 0 -1
outer loop
vertex -28.182113647460938 -26.521751403808594 1.7000000476837158
vertex -28.32810401916504 -27.255695343017578 1.7000000476837158
vertex -28.32810401916504 -26.424203872680664 1.7000000476837158
endloop
endfacet
facet normal -0.9807852845629332 0.19509030110388895 0
outer loop
vertex -28.050310134887695 -28.109949111938477 0
vertex -28.084564208984375 -28.282155990600586 0
vertex -28.084564208984375 -28.282155990600586 1.7000000476837158
endloop
endfacet
facet normal 0 0 -1
outer loop
vertex -28.32810401916504 -27.694202423095703 1.7000000476837158
vertex -28.50031089782715 -28.55994987487793 1.7000000476837158
vertex -28.50031089782715 -27.659948348999023 1.7000000476837158
endloop
endfacet
facet normal -0.5555772839934787 0.8314649009491799 0
outer loop
vertex -28.182113647460938 -28.428146362304688 0
vertex -28.32810401916504 -28.52569580078125 0
vertex -28.32810401916504 -28.52569580078125 1.7000000476837158
endloop
endfacet
facet normal -0.8314649009491799 0.5555772839934787 0
outer loop
vertex -28.084564208984375 -28.282155990600586 1.7000000476837158
vertex -28.084564208984375 -28.282155990600586 0
vertex -28.182113647460938 -28.428146362304688 1.7000000476837158
endloop
endfacet
facet normal 0.5555772839934787 -0.8314649009491799 0
outer loop
vertex -28.672517776489258 -27.694202423095703 0
vertex -28.672517776489258 -27.694202423095703 1.7000000476837158
vertex -28.81850814819336 -27.791751861572266 0
endloop
endfacet
facet normal 0.8314649009491799 -0.5555772839934787 0
outer loop
vertex -28.81850814819336 -27.791751861572266 0
vertex -28.81850814819336 -27.791751861572266 1.7000000476837158
vertex -28.916057586669922 -27.937742233276367 0
endloop
endfacet
facet normal 0.9807852845629332 -0.19509030110388895 0
outer loop
vertex -28.916057586669922 -27.937742233276367 0
vertex -28.916057586669922 -27.937742233276367 1.7000000476837158
vertex -28.9503116607666 -28.109949111938477 0
endloop
endfacet
facet normal 0.8314649009491799 0.5555772839934787 0
outer loop
vertex -28.81850814819336 -28.428146362304688 0
vertex -28.916057586669922 -28.282155990600586 0
vertex -28.916057586669922 -28.282155990600586 1.7000000476837158
endloop
endfacet
facet normal 0.5555772839934787 0.8314649009491799 0
outer loop
vertex -28.81850814819336 -28.428146362304688 0
vertex -28.81850814819336 -28.428146362304688 1.7000000476837158
vertex -28.672517776489258 -28.52569580078125 0
endloop
endfacet
facet normal 0.9807852845629332 0.19509030110388895 0
outer loop
vertex -28.9503116607666 -28.109949111938477 0
vertex -28.9503116607666 -28.109949111938477 1.7000000476837158
vertex -28.916057586669922 -28.282155990600586 0
endloop
endfacet
facet normal -0.19509030110388895 0.9807852845629332 0
outer loop
vertex -28.32810401916504 -28.52569580078125 0
vertex -28.50031089782715 -28.55994987487793 0
vertex -28.50031089782715 -28.55994987487793 1.7000000476837158
endloop
endfacet
facet normal 0.19509030110388895 0.9807852845629332 0
outer loop
vertex -28.50031089782715 -28.55994987487793 0
vertex -28.672517776489258 -28.52569580078125 0
vertex -28.672517776489258 -28.52569580078125 1.7000000476837158
endloop
endfacet
facet normal -0.19509030110388895 0.9807852845629332 0
outer loop
vertex -28.32810401916504 -28.52569580078125 1.7000000476837158
vertex -28.32810401916504 -28.52569580078125 0
vertex -28.50031089782715 -28.55994987487793 1.7000000476837158
endloop
endfacet
facet normal 0.19509030110388895 0.9807852845629332 0
outer loop
vertex -28.50031089782715 -28.55994987487793 1.7000000476837158
vertex -28.50031089782715 -28.55994987487793 0
vertex -28.672517776489258 -28.52569580078125 1.7000000476837158
endloop
endfacet
facet normal 0 0 -1
outer loop
vertex -28.81850814819336 -28.428146362304688 1.7000000476837158
vertex -28.916057586669922 -28.282155990600586 1.7000000476837158
vertex -28.81850814819336 -27.791751861572266 1.7000000476837158
endloop
endfacet
facet normal 0 0 -1
outer loop
vertex -28.672517776489258 -28.52569580078125 1.7000000476837158
vertex -28.81850814819336 -28.428146362304688 1.7000000476837158
vertex -28.672517776489258 -27.694202423095703 1.7000000476837158
endloop
endfacet
facet normal 0 0 -1
outer loop
vertex -28.916057586669922 -28.282155990600586 1.7000000476837158
vertex -28.9503116607666 -28.109949111938477 1.7000000476837158
vertex -28.916057586669922 -27.937742233276367 1.7000000476837158
endloop
endfacet
facet normal 0 0 -1
outer loop
vertex -28.81850814819336 -27.791751861572266 1.7000000476837158
vertex -28.916057586669922 -28.282155990600586 1.7000000476837158
vertex -28.916057586669922 -27.937742233276367 1.7000000476837158
endloop
endfacet
facet normal 0 0 -1
outer loop
vertex -28.672517776489258 -27.694202423095703 1.7000000476837158
vertex -28.81850814819336 -28.428146362304688 1.7000000476837158
vertex -28.81850814819336 -27.791751861572266 1.7000000476837158
endloop
endfacet
facet normal 0 0 -1
outer loop
vertex -28.50031089782715 -28.55994987487793 1.7000000476837158
vertex -28.672517776489258 -28.52569580078125 1.7000000476837158
vertex -28.50031089782715 -27.659948348999023 1.7000000476837158
endloop
endfacet
facet normal 0 0 -1
outer loop
vertex -28.32810401916504 -28.52569580078125 1.7000000476837158
vertex -28.50031089782715 -28.55994987487793 1.7000000476837158
vertex -28.32810401916504 -27.694202423095703 1.7000000476837158
endloop
endfacet
facet normal -0.5555772839934787 -0.8314649009491799 0
outer loop
vertex -28.32810401916504 -27.694202423095703 1.7000000476837158
vertex -28.32810401916504 -27.694202423095703 0
vertex -28.182113647460938 -27.791751861572266 1.7000000476837158
endloop
endfacet
facet normal -0.9807852845629332 -0.19509030110388895 0
outer loop
vertex -28.050310134887695 -28.109949111938477 0
vertex -28.050310134887695 -28.109949111938477 1.7000000476837158
vertex -28.084564208984375 -27.937742233276367 0
endloop
endfacet
facet normal 0.9807852845629332 0.19509030110388895 0
outer loop
vertex -28.916057586669922 -28.282155990600586 1.7000000476837158
vertex -28.916057586669922 -28.282155990600586 0
vertex -28.9503116607666 -28.109949111938477 1.7000000476837158
endloop
endfacet
facet normal -0.8314649009491799 0.5555772839934787 0
outer loop
vertex -28.084564208984375 -28.282155990600586 0
vertex -28.182113647460938 -28.428146362304688 0
vertex -28.182113647460938 -28.428146362304688 1.7000000476837158
endloop
endfacet
facet normal -0.19509030110388895 -0.9807852845629332 0
outer loop
vertex -28.50031089782715 -27.659948348999023 1.7000000476837158
vertex -28.50031089782715 -27.659948348999023 0
vertex -28.32810401916504 -27.694202423095703 1.7000000476837158
endloop
endfacet
facet normal 0.19509030110388895 -0.9807852845629332 0
outer loop
vertex -28.672517776489258 -27.694202423095703 1.7000000476837158
vertex -28.672517776489258 -27.694202423095703 0
vertex -28.50031089782715 -27.659948348999023 1.7000000476837158
endloop
endfacet
facet normal -0.8314649009491799 -0.5555772839934787 0
outer loop
vertex -28.182113647460938 -27.791751861572266 1.7000000476837158
vertex -28.182113647460938 -27.791751861572266 0
vertex -28.084564208984375 -27.937742233276367 1.7000000476837158
endloop
endfacet
facet normal -0.5555772839934787 0.8314649009491799 0
outer loop
vertex -28.182113647460938 -28.428146362304688 1.7000000476837158
vertex -28.182113647460938 -28.428146362304688 0
vertex -28.32810401916504 -28.52569580078125 1.7000000476837158
endloop
endfacet
facet normal -0.8314649009491799 -0.5555772839934787 0
outer loop
vertex -28.182113647460938 -27.791751861572266 0
vertex -28.084564208984375 -27.937742233276367 0
vertex -28.084564208984375 -27.937742233276367 1.7000000476837158
endloop
endfacet
facet normal 0.19509030110388895 -0.9807852845629332 0
outer loop
vertex -28.50031089782715 -27.659948348999023 0
vertex -28.50031089782715 -27.659948348999023 1.7000000476837158
vertex -28.672517776489258 -27.694202423095703 0
endloop
endfacet
facet normal -0.19509030110388895 -0.9807852845629332 0
outer loop
vertex -28.32810401916504 -27.694202423095703 0
vertex -28.32810401916504 -27.694202423095703 1.7000000476837158
vertex -28.50031089782715 -27.659948348999023 0
endloop
endfacet
facet normal -0.5555772839934787 -0.8314649009491799 0
outer loop
vertex -28.182113647460938 -27.791751861572266 0
vertex -28.182113647460938 -27.791751861572266 1.7000000476837158
vertex -28.32810401916504 -27.694202423095703 0
endloop
endfacet
facet normal 0.5555772839934787 -0.8314649009491799 0
outer loop
vertex -28.81850814819336 -27.791751861572266 1.7000000476837158
vertex -28.81850814819336 -27.791751861572266 0
vertex -28.672517776489258 -27.694202423095703 1.7000000476837158
endloop
endfacet
facet normal 0.8314649009491799 -0.5555772839934787 0
outer loop
vertex -28.916057586669922 -27.937742233276367 1.7000000476837158
vertex -28.916057586669922 -27.937742233276367 0
vertex -28.81850814819336 -27.791751861572266 1.7000000476837158
endloop
endfacet
facet normal 0.9807852845629332 -0.19509030110388895 0
outer loop
vertex -28.9503116607666 -28.109949111938477 1.7000000476837158
vertex -28.9503116607666 -28.109949111938477 0
vertex -28.916057586669922 -27.937742233276367 1.7000000476837158
endloop
endfacet
facet normal 0.5555772839934787 0.8314649009491799 0
outer loop
vertex -28.672517776489258 -28.52569580078125 1.7000000476837158
vertex -28.672517776489258 -28.52569580078125 0
vertex -28.81850814819336 -28.428146362304688 1.7000000476837158
endloop
endfacet
facet normal 0.8314649009491799 0.5555772839934787 0
outer loop
vertex -28.81850814819336 -28.428146362304688 1.7000000476837158
vertex -28.81850814819336 -28.428146362304688 0
vertex -28.916057586669922 -28.282155990600586 1.7000000476837158
endloop
endfacet
facet normal -0.9807852845629332 -0.19509030110388895 0
outer loop
vertex -28.084564208984375 -27.937742233276367 1.7000000476837158
vertex -28.084564208984375 -27.937742233276367 0
vertex -28.050310134887695 -28.109949111938477 1.7000000476837158
endloop
endfacet
facet normal 0 0 -1
outer loop
vertex -28.182113647460938 -28.428146362304688 1.7000000476837158
vertex -28.32810401916504 -28.52569580078125 1.7000000476837158
vertex -28.182113647460938 -27.791751861572266 1.7000000476837158
endloop
endfacet
facet normal 0 0 -1
outer loop
vertex -28.084564208984375 -28.282155990600586 1.7000000476837158
vertex -28.182113647460938 -28.428146362304688 1.7000000476837158
vertex -28.084564208984375 -27.937742233276367 1.7000000476837158
endloop
endfacet
facet normal 0 0 -1
outer loop
vertex -28.50031089782715 -27.659948348999023 1.7000000476837158
vertex -28.672517776489258 -28.52569580078125 1.7000000476837158
vertex -28.672517776489258 -27.694202423095703 1.7000000476837158
endloop
endfacet
facet normal 0 0 -1
outer loop
vertex -28.182113647460938 -27.791751861572266 1.7000000476837158
vertex -28.084564208984375 -27.937742233276367 1.7000000476837158
vertex -28.182113647460938 -28.428146362304688 1.7000000476837158
endloop
endfacet
facet normal 0 0 -1
outer loop
vertex -28.050310134887695 -28.109949111938477 1.7000000476837158
vertex -28.084564208984375 -28.282155990600586 1.7000000476837158
vertex -28.084564208984375 -27.937742233276367 1.7000000476837158
endloop
endfacet
facet normal 0 0 -1
outer loop
vertex -28.182113647460938 -27.791751861572266 1.7000000476837158
vertex -28.32810401916504 -28.52569580078125 1.7000000476837158
vertex -28.32810401916504 -27.694202423095703 1.7000000476837158
endloop
endfacet
facet normal -0.9807852845629332 0.19509030110388895 0
outer loop
vertex -28.050310134887695 -28.109949111938477 1.7000000476837158
vertex -28.050310134887695 -28.109949111938477 0
vertex -28.084564208984375 -28.282155990600586 1.7000000476837158
endloop
endfacet
facet normal 0.9807856980081253 -0.19508822256280442 0
outer loop
vertex -28.9503116607666 -29.37994956970215 1.7000000476837158
vertex -28.9503116607666 -29.37994956970215 0
vertex -28.916057586669922 -29.207740783691406 1.7000000476837158
endloop
endfacet
facet normal 0.9807852845629332 0.19509030110388895 0
outer loop
vertex -28.916057586669922 -29.552156448364258 1.7000000476837158
vertex -28.916057586669922 -29.552156448364258 0
vertex -28.9503116607666 -29.37994956970215 1.7000000476837158
endloop
endfacet
facet normal 0.8314649009491799 0.5555772839934787 0
outer loop
vertex -28.81850814819336 -29.69814682006836 1.7000000476837158
vertex -28.81850814819336 -29.69814682006836 0
vertex -28.916057586669922 -29.552156448364258 1.7000000476837158
endloop
endfacet
facet normal 0.555569773965375 0.8314699190325903 0
outer loop
vertex -28.672517776489258 -29.79569435119629 1.7000000476837158
vertex -28.672517776489258 -29.79569435119629 0
vertex -28.81850814819336 -29.69814682006836 1.7000000476837158
endloop
endfacet
facet normal 0.555569773965375 0.8314699190325903 0
outer loop
vertex -28.81850814819336 -29.69814682006836 0
vertex -28.81850814819336 -29.69814682006836 1.7000000476837158
vertex -28.672517776489258 -29.79569435119629 0
endloop
endfacet
facet normal 0.8314649009491799 0.5555772839934787 0
outer loop
vertex -28.916057586669922 -29.552156448364258 0
vertex -28.916057586669922 -29.552156448364258 1.7000000476837158
vertex -28.81850814819336 -29.69814682006836 0
endloop
endfacet
facet normal 0.9807852845629332 0.19509030110388895 0
outer loop
vertex -28.9503116607666 -29.37994956970215 0
vertex -28.9503116607666 -29.37994956970215 1.7000000476837158
vertex -28.916057586669922 -29.552156448364258 0
endloop
endfacet
facet normal 0.19509030110388895 0.9807852845629332 0
outer loop
vertex -28.50031089782715 -29.82994842529297 0
vertex -28.672517776489258 -29.79569435119629 0
vertex -28.672517776489258 -29.79569435119629 1.7000000476837158
endloop
endfacet
facet normal 0.8314649009491799 -0.5555772839934787 0
outer loop
vertex -28.916057586669922 -29.207740783691406 1.7000000476837158
vertex -28.916057586669922 -29.207740783691406 0
vertex -28.81850814819336 -29.061750411987305 1.7000000476837158
endloop
endfacet
facet normal 0.555569773965375 -0.8314699190325903 0
outer loop
vertex -28.81850814819336 -29.061750411987305 1.7000000476837158
vertex -28.81850814819336 -29.061750411987305 0
vertex -28.672517776489258 -28.964202880859375 1.7000000476837158
endloop
endfacet
facet normal 0.19509030110388895 0.9807852845629332 0
outer loop
vertex -28.50031089782715 -29.82994842529297 1.7000000476837158
vertex -28.50031089782715 -29.82994842529297 0
vertex -28.672517776489258 -29.79569435119629 1.7000000476837158
endloop
endfacet
facet normal -0.19509030110388895 0.9807852845629332 0
outer loop
vertex -28.32810401916504 -29.79569435119629 1.7000000476837158
vertex -28.32810401916504 -29.79569435119629 0
vertex -28.50031089782715 -29.82994842529297 1.7000000476837158
endloop
endfacet
facet normal -0.555569773965375 0.8314699190325903 0
outer loop
vertex -28.182113647460938 -29.69814682006836 1.7000000476837158
vertex -28.182113647460938 -29.69814682006836 0
vertex -28.32810401916504 -29.79569435119629 1.7000000476837158
endloop
endfacet
facet normal -0.8314649009491799 0.5555772839934787 0
outer loop
vertex -28.084564208984375 -29.552156448364258 1.7000000476837158
vertex -28.084564208984375 -29.552156448364258 0
vertex -28.182113647460938 -29.69814682006836 1.7000000476837158
endloop
endfacet
facet normal -0.9807852845629332 0.19509030110388895 0
outer loop
vertex -28.050310134887695 -29.37994956970215 1.7000000476837158
vertex -28.050310134887695 -29.37994956970215 0
vertex -28.084564208984375 -29.552156448364258 1.7000000476837158
endloop
endfacet
facet normal -0.9807856980081253 -0.19508822256280442 0
outer loop
vertex -28.084564208984375 -29.207740783691406 1.7000000476837158
vertex -28.084564208984375 -29.207740783691406 0
vertex -28.050310134887695 -29.37994956970215 1.7000000476837158
endloop
endfacet
facet normal 0.19509030110388895 -0.9807852845629332 0
outer loop
vertex -28.672517776489258 -28.964202880859375 1.7000000476837158
vertex -28.672517776489258 -28.964202880859375 0
vertex -28.50031089782715 -28.929948806762695 1.7000000476837158
endloop
endfacet
facet normal -0.19509030110388895 -0.9807852845629332 0
outer loop
vertex -28.50031089782715 -28.929948806762695 1.7000000476837158
vertex -28.50031089782715 -28.929948806762695 0
vertex -28.32810401916504 -28.964202880859375 1.7000000476837158
endloop
endfacet
facet normal -0.8314649009491799 -0.5555772839934787 0
outer loop
vertex -28.182113647460938 -29.061750411987305 1.7000000476837158
vertex -28.182113647460938 -29.061750411987305 0
vertex -28.084564208984375 -29.207740783691406 1.7000000476837158
endloop
endfacet
facet normal -0.19509030110388895 0.9807852845629332 0
outer loop
vertex -28.32810401916504 -29.79569435119629 0
vertex -28.50031089782715 -29.82994842529297 0
vertex -28.50031089782715 -29.82994842529297 1.7000000476837158
endloop
endfacet
facet normal -0.555569773965375 0.8314699190325903 0
outer loop
vertex -28.182113647460938 -29.69814682006836 0
vertex -28.32810401916504 -29.79569435119629 0
vertex -28.32810401916504 -29.79569435119629 1.7000000476837158
endloop
endfacet
facet normal -0.8314649009491799 0.5555772839934787 0
outer loop
vertex -28.084564208984375 -29.552156448364258 0
vertex -28.182113647460938 -29.69814682006836 0
vertex -28.182113647460938 -29.69814682006836 1.7000000476837158
endloop
endfacet
facet normal -0.9807852845629332 0.19509030110388895 0
outer loop
vertex -28.050310134887695 -29.37994956970215 0
vertex -28.084564208984375 -29.552156448364258 0
vertex -28.084564208984375 -29.552156448364258 1.7000000476837158
endloop
endfacet
facet normal -0.9807856980081253 -0.19508822256280442 0
outer loop
vertex -28.084564208984375 -29.207740783691406 0
vertex -28.050310134887695 -29.37994956970215 0
vertex -28.050310134887695 -29.37994956970215 1.7000000476837158
endloop
endfacet
facet normal 0.19509030110388895 -0.9807852845629332 0
outer loop
vertex -28.50031089782715 -28.929948806762695 0
vertex -28.50031089782715 -28.929948806762695 1.7000000476837158
vertex -28.672517776489258 -28.964202880859375 0
endloop
endfacet
facet normal -0.19509030110388895 -0.9807852845629332 0
outer loop
vertex -28.32810401916504 -28.964202880859375 0
vertex -28.32810401916504 -28.964202880859375 1.7000000476837158
vertex -28.50031089782715 -28.929948806762695 0
endloop
endfacet
facet normal 0 0 -1
outer loop
vertex -28.050310134887695 -29.37994956970215 1.7000000476837158
vertex -28.084564208984375 -29.552156448364258 1.7000000476837158
vertex -28.084564208984375 -29.207740783691406 1.7000000476837158
endloop
endfacet
facet normal 0 0 -1
outer loop
vertex -28.182113647460938 -29.061750411987305 1.7000000476837158
vertex -28.084564208984375 -29.207740783691406 1.7000000476837158
vertex -28.182113647460938 -29.69814682006836 1.7000000476837158
endloop
endfacet
facet normal 0 0 -1
outer loop
vertex -28.32810401916504 -28.964202880859375 1.7000000476837158
vertex -28.182113647460938 -29.061750411987305 1.7000000476837158
vertex -28.32810401916504 -29.79569435119629 1.7000000476837158
endloop
endfacet
facet normal 0 0 -1
outer loop
vertex -28.084564208984375 -29.552156448364258 1.7000000476837158
vertex -28.182113647460938 -29.69814682006836 1.7000000476837158
vertex -28.084564208984375 -29.207740783691406 1.7000000476837158
endloop
endfacet
facet normal 0 0 -1
outer loop
vertex -28.182113647460938 -29.69814682006836 1.7000000476837158
vertex -28.32810401916504 -29.79569435119629 1.7000000476837158
vertex -28.182113647460938 -29.061750411987305 1.7000000476837158
endloop
endfacet
facet normal 0 0 -1
outer loop
vertex -28.32810401916504 -28.964202880859375 1.7000000476837158
vertex -28.50031089782715 -29.82994842529297 1.7000000476837158
vertex -28.50031089782715 -28.929948806762695 1.7000000476837158
endloop
endfacet
facet normal 0 0 -1
outer loop
vertex -28.50031089782715 -28.929948806762695 1.7000000476837158
vertex -28.672517776489258 -29.79569435119629 1.7000000476837158
vertex -28.672517776489258 -28.964202880859375 1.7000000476837158
endloop
endfacet
facet normal 0 0 -1
outer loop
vertex -28.32810401916504 -29.79569435119629 1.7000000476837158
vertex -28.50031089782715 -29.82994842529297 1.7000000476837158
vertex -28.32810401916504 -28.964202880859375 1.7000000476837158
endloop
endfacet
facet normal 0 0 -1
outer loop
vertex -28.50031089782715 -29.82994842529297 1.7000000476837158
vertex -28.672517776489258 -29.79569435119629 1.7000000476837158
vertex -28.50031089782715 -28.929948806762695 1.7000000476837158
endloop
endfacet
facet normal 0 0 -1
outer loop
vertex -28.672517776489258 -28.964202880859375 1.7000000476837158
vertex -28.81850814819336 -29.69814682006836 1.7000000476837158
vertex -28.81850814819336 -29.061750411987305 1.7000000476837158
endloop
endfacet
facet normal 0 0 -1
outer loop
vertex -28.81850814819336 -29.061750411987305 1.7000000476837158
vertex -28.916057586669922 -29.552156448364258 1.7000000476837158
vertex -28.916057586669922 -29.207740783691406 1.7000000476837158
endloop
endfacet
facet normal 0 0 -1
outer loop
vertex -28.672517776489258 -29.79569435119629 1.7000000476837158
vertex -28.81850814819336 -29.69814682006836 1.7000000476837158
vertex -28.672517776489258 -28.964202880859375 1.7000000476837158
endloop
endfacet
facet normal 0 0 -1
outer loop
vertex -28.81850814819336 -29.69814682006836 1.7000000476837158
vertex -28.916057586669922 -29.552156448364258 1.7000000476837158
vertex -28.81850814819336 -29.061750411987305 1.7000000476837158
endloop
endfacet
facet normal 0 0 -1
outer loop
vertex -28.916057586669922 -29.552156448364258 1.7000000476837158
vertex -28.9503116607666 -29.37994956970215 1.7000000476837158
vertex -28.916057586669922 -29.207740783691406 1.7000000476837158
endloop
endfacet
facet normal -0.555569773965375 -0.8314699190325903 0
outer loop
vertex -28.32810401916504 -28.964202880859375 1.7000000476837158
vertex -28.32810401916504 -28.964202880859375 0
vertex -28.182113647460938 -29.061750411987305 1.7000000476837158
endloop
endfacet
facet normal -0.8314649009491799 -0.5555772839934787 0
outer loop
vertex -28.182113647460938 -29.061750411987305 0
vertex -28.084564208984375 -29.207740783691406 0
vertex -28.084564208984375 -29.207740783691406 1.7000000476837158
endloop
endfacet
facet normal -0.555569773965375 -0.8314699190325903 0
outer loop
vertex -28.32810401916504 -28.964202880859375 0
vertex -28.182113647460938 -29.061750411987305 0
vertex -28.182113647460938 -29.061750411987305 1.7000000476837158
endloop
endfacet
facet normal 0.9807856980081253 -0.19508822256280442 0
outer loop
vertex -28.916057586669922 -29.207740783691406 0
vertex -28.916057586669922 -29.207740783691406 1.7000000476837158
vertex -28.9503116607666 -29.37994956970215 0
endloop
endfacet
facet normal 0.555569773965375 -0.8314699190325903 0
outer loop
vertex -28.672517776489258 -28.964202880859375 0
vertex -28.672517776489258 -28.964202880859375 1.7000000476837158
vertex -28.81850814819336 -29.061750411987305 0
endloop
endfacet
facet normal 0.8314649009491799 -0.5555772839934787 0
outer loop
vertex -28.81850814819336 -29.061750411987305 0
vertex -28.81850814819336 -29.061750411987305 1.7000000476837158
vertex -28.916057586669922 -29.207740783691406 0
endloop
endfacet
facet normal 0 0 -1
outer loop
vertex -28.32810401916504 -30.234203338623047 1.7000000476837158
vertex -28.50031089782715 -31.09994888305664 1.7000000476837158
vertex -28.50031089782715 -30.199949264526367 1.7000000476837158
endloop
endfacet
facet normal -0.19509030110388895 -0.9807852845629332 0
outer loop
vertex -28.32810401916504 -30.234203338623047 0
vertex -28.32810401916504 -30.234203338623047 1.7000000476837158
vertex -28.50031089782715 -30.199949264526367 0
endloop
endfacet
facet normal 0 0 -1
outer loop
vertex -28.50031089782715 -30.199949264526367 1.7000000476837158
vertex -28.672517776489258 -31.06569480895996 1.7000000476837158
vertex -28.672517776489258 -30.234203338623047 1.7000000476837158
endloop
endfacet
facet normal -0.555569773965375 -0.8314699190325903 0
outer loop
vertex -28.32810401916504 -30.234203338623047 1.7000000476837158
vertex -28.32810401916504 -30.234203338623047 0
vertex -28.182113647460938 -30.331750869750977 1.7000000476837158
endloop
endfacet
facet normal -0.19509030110388895 -0.9807852845629332 0
outer loop
vertex -28.50031089782715 -30.199949264526367 1.7000000476837158
vertex -28.50031089782715 -30.199949264526367 0
vertex -28.32810401916504 -30.234203338623047 1.7000000476837158
endloop
endfacet
facet normal 0.19509030110388895 -0.9807852845629332 0
outer loop
vertex -28.672517776489258 -30.234203338623047 1.7000000476837158
vertex -28.672517776489258 -30.234203338623047 0
vertex -28.50031089782715 -30.199949264526367 1.7000000476837158
endloop
endfacet
facet normal -0.8314649009491799 -0.5555772839934787 0
outer loop
vertex -28.182113647460938 -30.331750869750977 1.7000000476837158
vertex -28.182113647460938 -30.331750869750977 0
vertex -28.084564208984375 -30.477741241455078 1.7000000476837158
endloop
endfacet
facet normal -0.9807856980081253 -0.19508822256280442 0
outer loop
vertex -28.084564208984375 -30.477741241455078 1.7000000476837158
vertex -28.084564208984375 -30.477741241455078 0
vertex -28.050310134887695 -30.64995002746582 1.7000000476837158
endloop
endfacet
facet normal -0.9807852845629332 0.19509030110388895 0
outer loop
vertex -28.050310134887695 -30.64995002746582 1.7000000476837158
vertex -28.050310134887695 -30.64995002746582 0
vertex -28.084564208984375 -30.82215690612793 1.7000000476837158
endloop
endfacet
facet normal -0.8314649009491799 0.5555772839934787 0
outer loop
vertex -28.084564208984375 -30.82215690612793 1.7000000476837158
vertex -28.084564208984375 -30.82215690612793 0
vertex -28.182113647460938 -30.96814727783203 1.7000000476837158
endloop
endfacet
facet normal -0.555569773965375 0.8314699190325903 0
outer loop
vertex -28.182113647460938 -30.96814727783203 1.7000000476837158
vertex -28.182113647460938 -30.96814727783203 0
vertex -28.32810401916504 -31.06569480895996 1.7000000476837158
endloop
endfacet
facet normal -0.19509030110388895 0.9807852845629332 0
outer loop
vertex -28.32810401916504 -31.06569480895996 1.7000000476837158
vertex -28.32810401916504 -31.06569480895996 0
vertex -28.50031089782715 -31.09994888305664 1.7000000476837158
endloop
endfacet
facet normal 0.19509030110388895 0.9807852845629332 0
outer loop
vertex -28.50031089782715 -31.09994888305664 1.7000000476837158
vertex -28.50031089782715 -31.09994888305664 0
vertex -28.672517776489258 -31.06569480895996 1.7000000476837158
endloop
endfacet
facet normal 0.555569773965375 -0.8314699190325903 0
outer loop
vertex -28.81850814819336 -30.331750869750977 1.7000000476837158
vertex -28.81850814819336 -30.331750869750977 0
vertex -28.672517776489258 -30.234203338623047 1.7000000476837158
endloop
endfacet
facet normal 0.8314649009491799 -0.5555772839934787 0
outer loop
vertex -28.916057586669922 -30.477741241455078 1.7000000476837158
vertex -28.916057586669922 -30.477741241455078 0
vertex -28.81850814819336 -30.331750869750977 1.7000000476837158
endloop
endfacet
facet normal 0.9807856980081253 -0.19508822256280442 0
outer loop
vertex -28.9503116607666 -30.64995002746582 1.7000000476837158
vertex -28.9503116607666 -30.64995002746582 0
vertex -28.916057586669922 -30.477741241455078 1.7000000476837158
endloop
endfacet
facet normal 0.8314649009491799 0.5555772839934787 0
outer loop
vertex -28.81850814819336 -30.96814727783203 1.7000000476837158
vertex -28.81850814819336 -30.96814727783203 0
vertex -28.916057586669922 -30.82215690612793 1.7000000476837158
endloop
endfacet
facet normal 0.9807852845629332 0.19509030110388895 0
outer loop
vertex -28.916057586669922 -30.82215690612793 1.7000000476837158
vertex -28.916057586669922 -30.82215690612793 0
vertex -28.9503116607666 -30.64995002746582 1.7000000476837158
endloop
endfacet
facet normal 0.555569773965375 0.8314699190325903 0
outer loop
vertex -28.672517776489258 -31.06569480895996 1.7000000476837158
vertex -28.672517776489258 -31.06569480895996 0
vertex -28.81850814819336 -30.96814727783203 1.7000000476837158
endloop
endfacet
facet normal -0.8314649009491799 -0.5555772839934787 0
outer loop
vertex -28.182113647460938 -30.331750869750977 0
vertex -28.084564208984375 -30.477741241455078 0
vertex -28.084564208984375 -30.477741241455078 1.7000000476837158
endloop
endfacet
facet normal -0.555569773965375 -0.8314699190325903 0
outer loop
vertex -28.32810401916504 -30.234203338623047 0
vertex -28.182113647460938 -30.331750869750977 0
vertex -28.182113647460938 -30.331750869750977 1.7000000476837158
endloop
endfacet
facet normal -0.9807856980081253 -0.19508822256280442 0
outer loop
vertex -28.084564208984375 -30.477741241455078 0
vertex -28.050310134887695 -30.64995002746582 0
vertex -28.050310134887695 -30.64995002746582 1.7000000476837158
endloop
endfacet
facet normal -0.9807852845629332 0.19509030110388895 0
outer loop
vertex -28.050310134887695 -30.64995002746582 0
vertex -28.084564208984375 -30.82215690612793 0
vertex -28.084564208984375 -30.82215690612793 1.7000000476837158
endloop
endfacet
facet normal -0.8314649009491799 0.5555772839934787 0
outer loop
vertex -28.084564208984375 -30.82215690612793 0
vertex -28.182113647460938 -30.96814727783203 0
vertex -28.182113647460938 -30.96814727783203 1.7000000476837158
endloop
endfacet
facet normal -0.555569773965375 0.8314699190325903 0
outer loop
vertex -28.182113647460938 -30.96814727783203 0
vertex -28.32810401916504 -31.06569480895996 0
vertex -28.32810401916504 -31.06569480895996 1.7000000476837158
endloop
endfacet
facet normal -0.19509030110388895 0.9807852845629332 0
outer loop
vertex -28.32810401916504 -31.06569480895996 0
vertex -28.50031089782715 -31.09994888305664 0
vertex -28.50031089782715 -31.09994888305664 1.7000000476837158
endloop
endfacet
facet normal 0.19509030110388895 0.9807852845629332 0
outer loop
vertex -28.50031089782715 -31.09994888305664 0
vertex -28.672517776489258 -31.06569480895996 0
vertex -28.672517776489258 -31.06569480895996 1.7000000476837158
endloop
endfacet
facet normal 0.555569773965375 -0.8314699190325903 0
outer loop
vertex -28.672517776489258 -30.234203338623047 0
vertex -28.672517776489258 -30.234203338623047 1.7000000476837158
vertex -28.81850814819336 -30.331750869750977 0
endloop
endfacet
facet normal 0.8314649009491799 -0.5555772839934787 0
outer loop
vertex -28.81850814819336 -30.331750869750977 0
vertex -28.81850814819336 -30.331750869750977 1.7000000476837158
vertex -28.916057586669922 -30.477741241455078 0
endloop
endfacet
facet normal 0 0 -1
outer loop
vertex -28.084564208984375 -30.82215690612793 1.7000000476837158
vertex -28.182113647460938 -30.96814727783203 1.7000000476837158
vertex -28.084564208984375 -30.477741241455078 1.7000000476837158
endloop
endfacet
facet normal 0 0 -1
outer loop
vertex -28.182113647460938 -30.96814727783203 1.7000000476837158
vertex -28.32810401916504 -31.06569480895996 1.7000000476837158
vertex -28.182113647460938 -30.331750869750977 1.7000000476837158
endloop
endfacet
facet normal 0.9807856980081253 -0.19508822256280442 0
outer loop
vertex -28.916057586669922 -30.477741241455078 0
vertex -28.916057586669922 -30.477741241455078 1.7000000476837158
vertex -28.9503116607666 -30.64995002746582 0
endloop
endfacet
facet normal 0.8314649009491799 0.5555772839934787 0
outer loop
vertex -28.81850814819336 -30.96814727783203 0
vertex -28.916057586669922 -30.82215690612793 0
vertex -28.916057586669922 -30.82215690612793 1.7000000476837158
endloop
endfacet
facet normal 0.555569773965375 0.8314699190325903 0
outer loop
vertex -28.81850814819336 -30.96814727783203 0
vertex -28.81850814819336 -30.96814727783203 1.7000000476837158
vertex -28.672517776489258 -31.06569480895996 0
endloop
endfacet
facet normal 0.9807852845629332 0.19509030110388895 0
outer loop
vertex -28.9503116607666 -30.64995002746582 0
vertex -28.9503116607666 -30.64995002746582 1.7000000476837158
vertex -28.916057586669922 -30.82215690612793 0
endloop
endfacet
facet normal 0 0 -1
outer loop
vertex -28.050310134887695 -30.64995002746582 1.7000000476837158
vertex -28.084564208984375 -30.82215690612793 1.7000000476837158
vertex -28.084564208984375 -30.477741241455078 1.7000000476837158
endloop
endfacet
facet normal 0 0 -1
outer loop
vertex -28.32810401916504 -30.234203338623047 1.7000000476837158
vertex -28.182113647460938 -30.331750869750977 1.7000000476837158
vertex -28.32810401916504 -31.06569480895996 1.7000000476837158
endloop
endfacet
facet normal 0 0 -1
outer loop
vertex -28.32810401916504 -31.06569480895996 1.7000000476837158
vertex -28.50031089782715 -31.09994888305664 1.7000000476837158
vertex -28.32810401916504 -30.234203338623047 1.7000000476837158
endloop
endfacet
facet normal 0 0 -1
outer loop
vertex -28.50031089782715 -31.09994888305664 1.7000000476837158
vertex -28.672517776489258 -31.06569480895996 1.7000000476837158
vertex -28.50031089782715 -30.199949264526367 1.7000000476837158
endloop
endfacet
facet normal 0 0 -1
outer loop
vertex -28.672517776489258 -30.234203338623047 1.7000000476837158
vertex -28.81850814819336 -30.96814727783203 1.7000000476837158
vertex -28.81850814819336 -30.331750869750977 1.7000000476837158
endloop
endfacet
facet normal 0 0 -1
outer loop
vertex -28.81850814819336 -30.331750869750977 1.7000000476837158
vertex -28.916057586669922 -30.82215690612793 1.7000000476837158
vertex -28.916057586669922 -30.477741241455078 1.7000000476837158
endloop
endfacet
facet normal 0 0 -1
outer loop
vertex -28.672517776489258 -31.06569480895996 1.7000000476837158
vertex -28.81850814819336 -30.96814727783203 1.7000000476837158
vertex -28.672517776489258 -30.234203338623047 1.7000000476837158
endloop
endfacet
facet normal 0 0 -1
outer loop
vertex -28.81850814819336 -30.96814727783203 1.7000000476837158
vertex -28.916057586669922 -30.82215690612793 1.7000000476837158
vertex -28.81850814819336 -30.331750869750977 1.7000000476837158
endloop
endfacet
facet normal 0 0 -1
outer loop
vertex -28.916057586669922 -30.82215690612793 1.7000000476837158
vertex -28.9503116607666 -30.64995002746582 1.7000000476837158
vertex -28.916057586669922 -30.477741241455078 1.7000000476837158
endloop
endfacet
facet normal 0 0 -1
outer loop
vertex -28.182113647460938 -30.331750869750977 1.7000000476837158
vertex -28.084564208984375 -30.477741241455078 1.7000000476837158
vertex -28.182113647460938 -30.96814727783203 1.7000000476837158
endloop
endfacet
facet normal 0.19509030110388895 -0.9807852845629332 0
outer loop
vertex -28.50031089782715 -30.199949264526367 0
vertex -28.50031089782715 -30.199949264526367 1.7000000476837158
vertex -28.672517776489258 -30.234203338623047 0
endloop
endfacet
facet normal 0 0 -1
outer loop
vertex -28.32810401916504 -31.50420379638672 1.7000000476837158
vertex -28.182113647460938 -31.60175132751465 1.7000000476837158
vertex -28.32810401916504 -32.335693359375 1.7000000476837158
endloop
endfacet
facet normal 0 0 -1
outer loop
vertex -28.084564208984375 -32.09215545654297 1.7000000476837158
vertex -28.182113647460938 -32.2381477355957 1.7000000476837158
vertex -28.084564208984375 -31.74774169921875 1.7000000476837158
endloop
endfacet
facet normal 0 0 -1
outer loop
vertex -28.182113647460938 -32.2381477355957 1.7000000476837158
vertex -28.32810401916504 -32.335693359375 1.7000000476837158
vertex -28.182113647460938 -31.60175132751465 1.7000000476837158
endloop
endfacet
facet normal 0 0 -1
outer loop
vertex -28.32810401916504 -31.50420379638672 1.7000000476837158
vertex -28.50031089782715 -32.36994934082031 1.7000000476837158
vertex -28.50031089782715 -31.46994972229004 1.7000000476837158
endloop
endfacet
facet normal 0 0 -1
outer loop
vertex -28.50031089782715 -31.46994972229004 1.7000000476837158
vertex -28.672517776489258 -32.335693359375 1.7000000476837158
vertex -28.672517776489258 -31.50420379638672 1.7000000476837158
endloop
endfacet
facet normal 0 0 -1
outer loop
vertex -28.32810401916504 -32.335693359375 1.7000000476837158
vertex -28.50031089782715 -32.36994934082031 1.7000000476837158
vertex -28.32810401916504 -31.50420379638672 1.7000000476837158
endloop
endfacet
facet normal 0 0 -1
outer loop
vertex -28.50031089782715 -32.36994934082031 1.7000000476837158
vertex -28.672517776489258 -32.335693359375 1.7000000476837158
vertex -28.50031089782715 -31.46994972229004 1.7000000476837158
endloop
endfacet
facet normal 0 0 -1
outer loop
vertex -28.672517776489258 -31.50420379638672 1.7000000476837158
vertex -28.81850814819336 -32.2381477355957 1.7000000476837158
vertex -28.81850814819336 -31.60175132751465 1.7000000476837158
endloop
endfacet
facet normal 0 0 -1
outer loop
vertex -28.81850814819336 -31.60175132751465 1.7000000476837158
vertex -28.916057586669922 -32.09215545654297 1.7000000476837158
vertex -28.916057586669922 -31.74774169921875 1.7000000476837158
endloop
endfacet
facet normal 0 0 -1
outer loop
vertex -28.672517776489258 -32.335693359375 1.7000000476837158
vertex -28.81850814819336 -32.2381477355957 1.7000000476837158
vertex -28.672517776489258 -31.50420379638672 1.7000000476837158
endloop
endfacet
facet normal 0 0 -1
outer loop
vertex -28.81850814819336 -32.2381477355957 1.7000000476837158
vertex -28.916057586669922 -32.09215545654297 1.7000000476837158
vertex -28.81850814819336 -31.60175132751465 1.7000000476837158
endloop
endfacet
facet normal 0 0 -1
outer loop
vertex -28.916057586669922 -32.09215545654297 1.7000000476837158
vertex -28.9503116607666 -31.91994857788086 1.7000000476837158
vertex -28.916057586669922 -31.74774169921875 1.7000000476837158
endloop
endfacet
facet normal 0 0 -1
outer loop
vertex -28.182113647460938 -31.60175132751465 1.7000000476837158
vertex -28.084564208984375 -31.74774169921875 1.7000000476837158
vertex -28.182113647460938 -32.2381477355957 1.7000000476837158
endloop
endfacet
facet normal 0.5555622638012966 0.8314749371087372 0
outer loop
vertex -28.672517776489258 -32.335693359375 1.7000000476837158
vertex -28.672517776489258 -32.335693359375 0
vertex -28.81850814819336 -32.2381477355957 1.7000000476837158
endloop
endfacet
facet normal 0.8314682539438699 0.5555722659416437 0
outer loop
vertex -28.81850814819336 -32.2381477355957 1.7000000476837158
vertex -28.81850814819336 -32.2381477355957 0
vertex -28.916057586669922 -32.09215545654297 1.7000000476837158
endloop
endfacet
facet normal 0.5555622638012966 0.8314749371087372 0
outer loop
vertex -28.81850814819336 -32.2381477355957 0
vertex -28.81850814819336 -32.2381477355957 1.7000000476837158
vertex -28.672517776489258 -32.335693359375 0
endloop
endfacet
facet normal 0.8314682539438699 0.5555722659416437 0
outer loop
vertex -28.81850814819336 -32.2381477355957 0
vertex -28.916057586669922 -32.09215545654297 0
vertex -28.916057586669922 -32.09215545654297 1.7000000476837158
endloop
endfacet
facet normal 0.9807852845629332 0.19509030110388895 0
outer loop
vertex -28.9503116607666 -31.91994857788086 0
vertex -28.9503116607666 -31.91994857788086 1.7000000476837158
vertex -28.916057586669922 -32.09215545654297 0
endloop
endfacet
facet normal 0.9807852845629332 -0.19509030110388895 0
outer loop
vertex -28.916057586669922 -31.74774169921875 0
vertex -28.916057586669922 -31.74774169921875 1.7000000476837158
vertex -28.9503116607666 -31.91994857788086 0
endloop
endfacet
facet normal 0.8314649009491799 -0.5555772839934787 0
outer loop
vertex -28.81850814819336 -31.60175132751465 0
vertex -28.81850814819336 -31.60175132751465 1.7000000476837158
vertex -28.916057586669922 -31.74774169921875 0
endloop
endfacet
facet normal 0.555569773965375 -0.8314699190325903 0
outer loop
vertex -28.672517776489258 -31.50420379638672 0
vertex -28.672517776489258 -31.50420379638672 1.7000000476837158
vertex -28.81850814819336 -31.60175132751465 0
endloop
endfacet
facet normal 0.1951007507126451 0.9807832059488795 0
outer loop
vertex -28.50031089782715 -32.36994934082031 0
vertex -28.672517776489258 -32.335693359375 0
vertex -28.672517776489258 -32.335693359375 1.7000000476837158
endloop
endfacet
facet normal -0.1951007507126451 0.9807832059488795 0
outer loop
vertex -28.32810401916504 -32.335693359375 0
vertex -28.50031089782715 -32.36994934082031 0
vertex -28.50031089782715 -32.36994934082031 1.7000000476837158
endloop
endfacet
facet normal -0.5555622638012966 0.8314749371087372 0
outer loop
vertex -28.182113647460938 -32.2381477355957 0
vertex -28.32810401916504 -32.335693359375 0
vertex -28.32810401916504 -32.335693359375 1.7000000476837158
endloop
endfacet
facet normal -0.8314682539438699 0.5555722659416437 0
outer loop
vertex -28.084564208984375 -32.09215545654297 0
vertex -28.182113647460938 -32.2381477355957 0
vertex -28.182113647460938 -32.2381477355957 1.7000000476837158
endloop
endfacet
facet normal -0.9807852845629332 0.19509030110388895 0
outer loop
vertex -28.050310134887695 -31.91994857788086 0
vertex -28.084564208984375 -32.09215545654297 0
vertex -28.084564208984375 -32.09215545654297 1.7000000476837158
endloop
endfacet
facet normal -0.9807852845629332 -0.19509030110388895 0
outer loop
vertex -28.050310134887695 -31.91994857788086 0
vertex -28.050310134887695 -31.91994857788086 1.7000000476837158
vertex -28.084564208984375 -31.74774169921875 0
endloop
endfacet
facet normal 0.19509030110388895 -0.9807852845629332 0
outer loop
vertex -28.50031089782715 -31.46994972229004 0
vertex -28.50031089782715 -31.46994972229004 1.7000000476837158
vertex -28.672517776489258 -31.50420379638672 0
endloop
endfacet
facet normal -0.19509030110388895 -0.9807852845629332 0
outer loop
vertex -28.32810401916504 -31.50420379638672 0
vertex -28.32810401916504 -31.50420379638672 1.7000000476837158
vertex -28.50031089782715 -31.46994972229004 0
endloop
endfacet
facet normal -0.555569773965375 -0.8314699190325903 0
outer loop
vertex -28.32810401916504 -31.50420379638672 0
vertex -28.182113647460938 -31.60175132751465 0
vertex -28.182113647460938 -31.60175132751465 1.7000000476837158
endloop
endfacet
facet normal -0.8314649009491799 -0.5555772839934787 0
outer loop
vertex -28.182113647460938 -31.60175132751465 0
vertex -28.084564208984375 -31.74774169921875 0
vertex -28.084564208984375 -31.74774169921875 1.7000000476837158
endloop
endfacet
facet normal 0.9807852845629332 0.19509030110388895 0
outer loop
vertex -28.916057586669922 -32.09215545654297 1.7000000476837158
vertex -28.916057586669922 -32.09215545654297 0
vertex -28.9503116607666 -31.91994857788086 1.7000000476837158
endloop
endfacet
facet normal 0.9807852845629332 -0.19509030110388895 0
outer loop
vertex -28.9503116607666 -31.91994857788086 1.7000000476837158
vertex -28.9503116607666 -31.91994857788086 0
vertex -28.916057586669922 -31.74774169921875 1.7000000476837158
endloop
endfacet
facet normal 0.8314649009491799 -0.5555772839934787 0
outer loop
vertex -28.916057586669922 -31.74774169921875 1.7000000476837158
vertex -28.916057586669922 -31.74774169921875 0
vertex -28.81850814819336 -31.60175132751465 1.7000000476837158
endloop
endfacet
facet normal 0.555569773965375 -0.8314699190325903 0
outer loop
vertex -28.81850814819336 -31.60175132751465 1.7000000476837158
vertex -28.81850814819336 -31.60175132751465 0
vertex -28.672517776489258 -31.50420379638672 1.7000000476837158
endloop
endfacet
facet normal 0.1951007507126451 0.9807832059488795 0
outer loop
vertex -28.50031089782715 -32.36994934082031 1.7000000476837158
vertex -28.50031089782715 -32.36994934082031 0
vertex -28.672517776489258 -32.335693359375 1.7000000476837158
endloop
endfacet
facet normal -0.1951007507126451 0.9807832059488795 0
outer loop
vertex -28.32810401916504 -32.335693359375 1.7000000476837158
vertex -28.32810401916504 -32.335693359375 0
vertex -28.50031089782715 -32.36994934082031 1.7000000476837158
endloop
endfacet
facet normal -0.5555622638012966 0.8314749371087372 0
outer loop
vertex -28.182113647460938 -32.2381477355957 1.7000000476837158
vertex -28.182113647460938 -32.2381477355957 0
vertex -28.32810401916504 -32.335693359375 1.7000000476837158
endloop
endfacet
facet normal -0.8314682539438699 0.5555722659416437 0
outer loop
vertex -28.084564208984375 -32.09215545654297 1.7000000476837158
vertex -28.084564208984375 -32.09215545654297 0
vertex -28.182113647460938 -32.2381477355957 1.7000000476837158
endloop
endfacet
facet normal -0.9807852845629332 0.19509030110388895 0
outer loop
vertex -28.050310134887695 -31.91994857788086 1.7000000476837158
vertex -28.050310134887695 -31.91994857788086 0
vertex -28.084564208984375 -32.09215545654297 1.7000000476837158
endloop
endfacet
facet normal -0.9807852845629332 -0.19509030110388895 0
outer loop
vertex -28.084564208984375 -31.74774169921875 1.7000000476837158
vertex -28.084564208984375 -31.74774169921875 0
vertex -28.050310134887695 -31.91994857788086 1.7000000476837158
endloop
endfacet
facet normal 0.19509030110388895 -0.9807852845629332 0
outer loop
vertex -28.672517776489258 -31.50420379638672 1.7000000476837158
vertex -28.672517776489258 -31.50420379638672 0
vertex -28.50031089782715 -31.46994972229004 1.7000000476837158
endloop
endfacet
facet normal -0.19509030110388895 -0.9807852845629332 0
outer loop
vertex -28.50031089782715 -31.46994972229004 1.7000000476837158
vertex -28.50031089782715 -31.46994972229004 0
vertex -28.32810401916504 -31.50420379638672 1.7000000476837158
endloop
endfacet
facet normal -0.8314649009491799 -0.5555772839934787 0
outer loop
vertex -28.182113647460938 -31.60175132751465 1.7000000476837158
vertex -28.182113647460938 -31.60175132751465 0
vertex -28.084564208984375 -31.74774169921875 1.7000000476837158
endloop
endfacet
facet normal -0.555569773965375 -0.8314699190325903 0
outer loop
vertex -28.32810401916504 -31.50420379638672 1.7000000476837158
vertex -28.32810401916504 -31.50420379638672 0
vertex -28.182113647460938 -31.60175132751465 1.7000000476837158
endloop
endfacet
facet normal 0 0 -1
outer loop
vertex -28.050310134887695 -31.91994857788086 1.7000000476837158
vertex -28.084564208984375 -32.09215545654297 1.7000000476837158
vertex -28.084564208984375 -31.74774169921875 1.7000000476837158
endloop
endfacet
facet normal -0.5555622638012966 0.8314749371087372 0
outer loop
vertex -28.182113647460938 -33.508148193359375 0
vertex -28.32810401916504 -33.60569381713867 0
vertex -28.32810401916504 -33.60569381713867 1.7000000476837158
endloop
endfacet
facet normal -0.8314682539438699 0.5555722659416437 0
outer loop
vertex -28.084564208984375 -33.36215591430664 0
vertex -28.182113647460938 -33.508148193359375 0
vertex -28.182113647460938 -33.508148193359375 1.7000000476837158
endloop
endfacet
facet normal -0.1951007507126451 -0.9807832059488795 0
outer loop
vertex -28.50031089782715 -32.73994827270508 1.7000000476837158
vertex -28.50031089782715 -32.73994827270508 0
vertex -28.32810401916504 -32.77420425415039 1.7000000476837158
endloop
endfacet
facet normal 0.1951007507126451 -0.9807832059488795 0
outer loop
vertex -28.672517776489258 -32.77420425415039 1.7000000476837158
vertex -28.672517776489258 -32.77420425415039 0
vertex -28.50031089782715 -32.73994827270508 1.7000000476837158
endloop
endfacet
facet normal -0.8314682539438699 -0.5555722659416437 0
outer loop
vertex -28.182113647460938 -32.87174987792969 1.7000000476837158
vertex -28.182113647460938 -32.87174987792969 0
vertex -28.084564208984375 -33.01774215698242 1.7000000476837158
endloop
endfacet
facet normal -0.5555622638012966 -0.8314749371087372 0
outer loop
vertex -28.32810401916504 -32.77420425415039 1.7000000476837158
vertex -28.32810401916504 -32.77420425415039 0
vertex -28.182113647460938 -32.87174987792969 1.7000000476837158
endloop
endfacet
facet normal -0.9807852845629332 -0.19509030110388895 0
outer loop
vertex -28.084564208984375 -33.01774215698242 1.7000000476837158
vertex -28.084564208984375 -33.01774215698242 0
vertex -28.050310134887695 -33.18994903564453 1.7000000476837158
endloop
endfacet
facet normal -0.9807852845629332 0.19509030110388895 0
outer loop
vertex -28.050310134887695 -33.18994903564453 1.7000000476837158
vertex -28.050310134887695 -33.18994903564453 0
vertex -28.084564208984375 -33.36215591430664 1.7000000476837158
endloop
endfacet
facet normal -0.8314682539438699 0.5555722659416437 0
outer loop
vertex -28.084564208984375 -33.36215591430664 1.7000000476837158
vertex -28.084564208984375 -33.36215591430664 0
vertex -28.182113647460938 -33.508148193359375 1.7000000476837158
endloop
endfacet
facet normal -0.5555622638012966 0.8314749371087372 0
outer loop
vertex -28.182113647460938 -33.508148193359375 1.7000000476837158
vertex -28.182113647460938 -33.508148193359375 0
vertex -28.32810401916504 -33.60569381713867 1.7000000476837158
endloop
endfacet
facet normal -0.1951007507126451 0.9807832059488795 0
outer loop
vertex -28.32810401916504 -33.60569381713867 1.7000000476837158
vertex -28.32810401916504 -33.60569381713867 0
vertex -28.50031089782715 -33.639949798583984 1.7000000476837158
endloop
endfacet
facet normal 0.1951007507126451 0.9807832059488795 0
outer loop
vertex -28.50031089782715 -33.639949798583984 1.7000000476837158
vertex -28.50031089782715 -33.639949798583984 0
vertex -28.672517776489258 -33.60569381713867 1.7000000476837158
endloop
endfacet
facet normal 0 0 -1
outer loop
vertex -28.916057586669922 -33.36215591430664 1.7000000476837158
vertex -28.9503116607666 -33.18994903564453 1.7000000476837158
vertex -28.916057586669922 -33.01774215698242 1.7000000476837158
endloop
endfacet
facet normal 0 0 -1
outer loop
vertex -28.81850814819336 -33.508148193359375 1.7000000476837158
vertex -28.916057586669922 -33.36215591430664 1.7000000476837158
vertex -28.81850814819336 -32.87174987792969 1.7000000476837158
endloop
endfacet
facet normal 0 0 -1
outer loop
vertex -28.672517776489258 -33.60569381713867 1.7000000476837158
vertex -28.81850814819336 -33.508148193359375 1.7000000476837158
vertex -28.672517776489258 -32.77420425415039 1.7000000476837158
endloop
endfacet
facet normal 0 0 -1
outer loop
vertex -28.81850814819336 -32.87174987792969 1.7000000476837158
vertex -28.916057586669922 -33.36215591430664 1.7000000476837158
vertex -28.916057586669922 -33.01774215698242 1.7000000476837158
endloop
endfacet
facet normal 0.5555622638012966 -0.8314749371087372 0
outer loop
vertex -28.81850814819336 -32.87174987792969 1.7000000476837158
vertex -28.81850814819336 -32.87174987792969 0
vertex -28.672517776489258 -32.77420425415039 1.7000000476837158
endloop
endfacet
facet normal 0.8314682539438699 -0.5555722659416437 0
outer loop
vertex -28.916057586669922 -33.01774215698242 1.7000000476837158
vertex -28.916057586669922 -33.01774215698242 0
vertex -28.81850814819336 -32.87174987792969 1.7000000476837158
endloop
endfacet
facet normal 0.9807852845629332 -0.19509030110388895 0
outer loop
vertex -28.9503116607666 -33.18994903564453 1.7000000476837158
vertex -28.9503116607666 -33.18994903564453 0
vertex -28.916057586669922 -33.01774215698242 1.7000000476837158
endloop
endfacet
facet normal 0.8314682539438699 0.5555722659416437 0
outer loop
vertex -28.81850814819336 -33.508148193359375 1.7000000476837158
vertex -28.81850814819336 -33.508148193359375 0
vertex -28.916057586669922 -33.36215591430664 1.7000000476837158
endloop
endfacet
facet normal 0.9807852845629332 0.19509030110388895 0
outer loop
vertex -28.916057586669922 -33.36215591430664 1.7000000476837158
vertex -28.916057586669922 -33.36215591430664 0
vertex -28.9503116607666 -33.18994903564453 1.7000000476837158
endloop
endfacet
facet normal 0.5555622638012966 0.8314749371087372 0
outer loop
vertex -28.672517776489258 -33.60569381713867 1.7000000476837158
vertex -28.672517776489258 -33.60569381713867 0
vertex -28.81850814819336 -33.508148193359375 1.7000000476837158
endloop
endfacet
facet normal 0 0 -1
outer loop
vertex -28.672517776489258 -32.77420425415039 1.7000000476837158
vertex -28.81850814819336 -33.508148193359375 1.7000000476837158
vertex -28.81850814819336 -32.87174987792969 1.7000000476837158
endloop
endfacet
facet normal 0 0 -1
outer loop
vertex -28.50031089782715 -33.639949798583984 1.7000000476837158
vertex -28.672517776489258 -33.60569381713867 1.7000000476837158
vertex -28.50031089782715 -32.73994827270508 1.7000000476837158
endloop
endfacet
facet normal 0.5555622638012966 0.8314749371087372 0
outer loop
vertex -28.672517776489258 -33.60569381713867 0
vertex -28.81850814819336 -33.508148193359375 0
vertex -28.81850814819336 -33.508148193359375 1.7000000476837158
endloop
endfacet
facet normal 0 0 -1
outer loop
vertex -28.182113647460938 -32.87174987792969 1.7000000476837158
vertex -28.084564208984375 -33.01774215698242 1.7000000476837158
vertex -28.182113647460938 -33.508148193359375 1.7000000476837158
endloop
endfacet
facet normal 0 0 -1
outer loop
vertex -28.32810401916504 -32.77420425415039 1.7000000476837158
vertex -28.182113647460938 -32.87174987792969 1.7000000476837158
vertex -28.32810401916504 -33.60569381713867 1.7000000476837158
endloop
endfacet
facet normal 0 0 -1
outer loop
vertex -28.32810401916504 -32.77420425415039 1.7000000476837158
vertex -28.50031089782715 -33.639949798583984 1.7000000476837158
vertex -28.50031089782715 -32.73994827270508 1.7000000476837158
endloop
endfacet
facet normal 0.9807852845629332 0.19509030110388895 0
outer loop
vertex -28.9503116607666 -33.18994903564453 0
vertex -28.9503116607666 -33.18994903564453 1.7000000476837158
vertex -28.916057586669922 -33.36215591430664 0
endloop
endfacet
facet normal 0.8314682539438699 0.5555722659416437 0
outer loop
vertex -28.916057586669922 -33.36215591430664 0
vertex -28.916057586669922 -33.36215591430664 1.7000000476837158
vertex -28.81850814819336 -33.508148193359375 0
endloop
endfacet
facet normal 0.9807852845629332 -0.19509030110388895 0
outer loop
vertex -28.916057586669922 -33.01774215698242 0
vertex -28.916057586669922 -33.01774215698242 1.7000000476837158
vertex -28.9503116607666 -33.18994903564453 0
endloop
endfacet
facet normal 0.8314682539438699 -0.5555722659416437 0
outer loop
vertex -28.81850814819336 -32.87174987792969 0
vertex -28.81850814819336 -32.87174987792969 1.7000000476837158
vertex -28.916057586669922 -33.01774215698242 0
endloop
endfacet
facet normal 0.5555622638012966 -0.8314749371087372 0
outer loop
vertex -28.672517776489258 -32.77420425415039 0
vertex -28.672517776489258 -32.77420425415039 1.7000000476837158
vertex -28.81850814819336 -32.87174987792969 0
endloop
endfacet
facet normal -0.1951007507126451 -0.9807832059488795 0
outer loop
vertex -28.32810401916504 -32.77420425415039 0
vertex -28.32810401916504 -32.77420425415039 1.7000000476837158
vertex -28.50031089782715 -32.73994827270508 0
endloop
endfacet
facet normal 0.1951007507126451 -0.9807832059488795 0
outer loop
vertex -28.50031089782715 -32.73994827270508 0
vertex -28.50031089782715 -32.73994827270508 1.7000000476837158
vertex -28.672517776489258 -32.77420425415039 0
endloop
endfacet
facet normal 0 0 -1
outer loop
vertex -28.50031089782715 -32.73994827270508 1.7000000476837158
vertex -28.672517776489258 -33.60569381713867 1.7000000476837158
vertex -28.672517776489258 -32.77420425415039 1.7000000476837158
endloop
endfacet
facet normal 0 0 -1
outer loop
vertex -28.050310134887695 -33.18994903564453 1.7000000476837158
vertex -28.084564208984375 -33.36215591430664 1.7000000476837158
vertex -28.084564208984375 -33.01774215698242 1.7000000476837158
endloop
endfacet
facet normal 0 0 -1
outer loop
vertex -28.084564208984375 -33.36215591430664 1.7000000476837158
vertex -28.182113647460938 -33.508148193359375 1.7000000476837158
vertex -28.084564208984375 -33.01774215698242 1.7000000476837158
endloop
endfacet
facet normal 0 0 -1
outer loop
vertex -28.182113647460938 -33.508148193359375 1.7000000476837158
vertex -28.32810401916504 -33.60569381713867 1.7000000476837158
vertex -28.182113647460938 -32.87174987792969 1.7000000476837158
endloop
endfacet
facet normal 0 0 -1
outer loop
vertex -28.32810401916504 -33.60569381713867 1.7000000476837158
vertex -28.50031089782715 -33.639949798583984 1.7000000476837158
vertex -28.32810401916504 -32.77420425415039 1.7000000476837158
endloop
endfacet
facet normal 0.1951007507126451 0.9807832059488795 0
outer loop
vertex -28.50031089782715 -33.639949798583984 0
vertex -28.672517776489258 -33.60569381713867 0
vertex -28.672517776489258 -33.60569381713867 1.7000000476837158
endloop
endfacet
facet normal -0.5555622638012966 -0.8314749371087372 0
outer loop
vertex -28.32810401916504 -32.77420425415039 0
vertex -28.182113647460938 -32.87174987792969 0
vertex -28.182113647460938 -32.87174987792969 1.7000000476837158
endloop
endfacet
facet normal -0.8314682539438699 -0.5555722659416437 0
outer loop
vertex -28.182113647460938 -32.87174987792969 0
vertex -28.084564208984375 -33.01774215698242 0
vertex -28.084564208984375 -33.01774215698242 1.7000000476837158
endloop
endfacet
facet normal -0.9807852845629332 -0.19509030110388895 0
outer loop
vertex -28.050310134887695 -33.18994903564453 0
vertex -28.050310134887695 -33.18994903564453 1.7000000476837158
vertex -28.084564208984375 -33.01774215698242 0
endloop
endfacet
facet normal -0.9807852845629332 0.19509030110388895 0
outer loop
vertex -28.050310134887695 -33.18994903564453 0
vertex -28.084564208984375 -33.36215591430664 0
vertex -28.084564208984375 -33.36215591430664 1.7000000476837158
endloop
endfacet
facet normal -0.1951007507126451 0.9807832059488795 0
outer loop
vertex -28.32810401916504 -33.60569381713867 0
vertex -28.50031089782715 -33.639949798583984 0
vertex -28.50031089782715 -33.639949798583984 1.7000000476837158
endloop
endfacet
facet normal -0.8314682539438699 0.5555722659416437 0
outer loop
vertex -28.084564208984375 -34.63215637207031 1.7000000476837158
vertex -28.084564208984375 -34.63215637207031 0
vertex -28.182113647460938 -34.77814865112305 1.7000000476837158
endloop
endfacet
facet normal 0 0 -1
outer loop
vertex -28.672517776489258 -34.875694274902344 1.7000000476837158
vertex -28.81850814819336 -34.77814865112305 1.7000000476837158
vertex -28.672517776489258 -34.04420471191406 1.7000000476837158
endloop
endfacet
facet normal 0.1951007507126451 0.9807832059488795 0
outer loop
vertex -28.50031089782715 -34.909950256347656 1.7000000476837158
vertex -28.50031089782715 -34.909950256347656 0
vertex -28.672517776489258 -34.875694274902344 1.7000000476837158
endloop
endfacet
facet normal -0.5555622638012966 -0.8314749371087372 0
outer loop
vertex -28.182113647460938 -34.14175033569336 0
vertex -28.182113647460938 -34.14175033569336 1.7000000476837158
vertex -28.32810401916504 -34.04420471191406 0
endloop
endfacet
facet normal 0.1951007507126451 -0.9807832059488795 0
outer loop
vertex -28.50031089782715 -34.00994873046875 0
vertex -28.50031089782715 -34.00994873046875 1.7000000476837158
vertex -28.672517776489258 -34.04420471191406 0
endloop
endfacet
facet normal -0.1951007507126451 -0.9807832059488795 0
outer loop
vertex -28.32810401916504 -34.04420471191406 0
vertex -28.32810401916504 -34.04420471191406 1.7000000476837158
vertex -28.50031089782715 -34.00994873046875 0
endloop
endfacet
facet normal 0.8314682539438699 -0.5555722659416437 0
outer loop
vertex -28.916057586669922 -34.287742614746094 1.7000000476837158
vertex -28.916057586669922 -34.287742614746094 0
vertex -28.81850814819336 -34.14175033569336 1.7000000476837158
endloop
endfacet
facet normal 0.9807852845629332 -0.19509030110388895 0
outer loop
vertex -28.9503116607666 -34.4599494934082 1.7000000476837158
vertex -28.9503116607666 -34.4599494934082 0
vertex -28.916057586669922 -34.287742614746094 1.7000000476837158
endloop
endfacet
facet normal 0.8314682539438699 0.5555722659416437 0
outer loop
vertex -28.81850814819336 -34.77814865112305 1.7000000476837158
vertex -28.81850814819336 -34.77814865112305 0
vertex -28.916057586669922 -34.63215637207031 1.7000000476837158
endloop
endfacet
facet normal 0.5555622638012966 0.8314749371087372 0
outer loop
vertex -28.672517776489258 -34.875694274902344 1.7000000476837158
vertex -28.672517776489258 -34.875694274902344 0
vertex -28.81850814819336 -34.77814865112305 1.7000000476837158
endloop
endfacet
facet normal 0.9807852845629332 0.19509030110388895 0
outer loop
vertex -28.916057586669922 -34.63215637207031 1.7000000476837158
vertex -28.916057586669922 -34.63215637207031 0
vertex -28.9503116607666 -34.4599494934082 1.7000000476837158
endloop
endfacet
facet normal -0.9807852845629332 0.19509030110388895 0
outer loop
vertex -28.050310134887695 -34.4599494934082 1.7000000476837158
vertex -28.050310134887695 -34.4599494934082 0
vertex -28.084564208984375 -34.63215637207031 1.7000000476837158
endloop
endfacet
facet normal 0.5555622638012966 -0.8314749371087372 0
outer loop
vertex -28.672517776489258 -34.04420471191406 0
vertex -28.672517776489258 -34.04420471191406 1.7000000476837158
vertex -28.81850814819336 -34.14175033569336 0
endloop
endfacet
facet normal 0.8314682539438699 -0.5555722659416437 0
outer loop
vertex -28.81850814819336 -34.14175033569336 0
vertex -28.81850814819336 -34.14175033569336 1.7000000476837158
vertex -28.916057586669922 -34.287742614746094 0
endloop
endfacet
facet normal -0.8314682539438699 -0.5555722659416437 0
outer loop
vertex -28.182113647460938 -34.14175033569336 0
vertex -28.084564208984375 -34.287742614746094 0
vertex -28.084564208984375 -34.287742614746094 1.7000000476837158
endloop
endfacet
facet normal -0.9807852845629332 -0.19509030110388895 0
outer loop
vertex -28.050310134887695 -34.4599494934082 0
vertex -28.050310134887695 -34.4599494934082 1.7000000476837158
vertex -28.084564208984375 -34.287742614746094 0
endloop
endfacet
facet normal -0.9807852845629332 0.19509030110388895 0
outer loop
vertex -28.050310134887695 -34.4599494934082 0
vertex -28.084564208984375 -34.63215637207031 0
vertex -28.084564208984375 -34.63215637207031 1.7000000476837158
endloop
endfacet
facet normal -0.8314682539438699 0.5555722659416437 0
outer loop
vertex -28.084564208984375 -34.63215637207031 0
vertex -28.182113647460938 -34.77814865112305 0
vertex -28.182113647460938 -34.77814865112305 1.7000000476837158
endloop
endfacet
facet normal -0.5555622638012966 0.8314749371087372 0
outer loop
vertex -28.182113647460938 -34.77814865112305 0
vertex -28.32810401916504 -34.875694274902344 0
vertex -28.32810401916504 -34.875694274902344 1.7000000476837158
endloop
endfacet
facet normal -0.1951007507126451 0.9807832059488795 0
outer loop
vertex -28.32810401916504 -34.875694274902344 0
vertex -28.50031089782715 -34.909950256347656 0
vertex -28.50031089782715 -34.909950256347656 1.7000000476837158
endloop
endfacet
facet normal 0.1951007507126451 0.9807832059488795 0
outer loop
vertex -28.50031089782715 -34.909950256347656 0
vertex -28.672517776489258 -34.875694274902344 0
vertex -28.672517776489258 -34.875694274902344 1.7000000476837158
endloop
endfacet
facet normal -0.9807852845629332 -0.19509030110388895 0
outer loop
vertex -28.084564208984375 -34.287742614746094 1.7000000476837158
vertex -28.084564208984375 -34.287742614746094 0
vertex -28.050310134887695 -34.4599494934082 1.7000000476837158
endloop
endfacet
facet normal 0.5555622638012966 -0.8314749371087372 0
outer loop
vertex -28.81850814819336 -34.14175033569336 1.7000000476837158
vertex -28.81850814819336 -34.14175033569336 0
vertex -28.672517776489258 -34.04420471191406 1.7000000476837158
endloop
endfacet
facet normal 0.1951007507126451 -0.9807832059488795 0
outer loop
vertex -28.672517776489258 -34.04420471191406 1.7000000476837158
vertex -28.672517776489258 -34.04420471191406 0
vertex -28.50031089782715 -34.00994873046875 1.7000000476837158
endloop
endfacet
facet normal -0.1951007507126451 -0.9807832059488795 0
outer loop
vertex -28.50031089782715 -34.00994873046875 1.7000000476837158
vertex -28.50031089782715 -34.00994873046875 0
vertex -28.32810401916504 -34.04420471191406 1.7000000476837158
endloop
endfacet
facet normal 0.9807852845629332 -0.19509030110388895 0
outer loop
vertex -28.916057586669922 -34.287742614746094 0
vertex -28.916057586669922 -34.287742614746094 1.7000000476837158
vertex -28.9503116607666 -34.4599494934082 0
endloop
endfacet
facet normal 0.9807852845629332 0.19509030110388895 0
outer loop
vertex -28.9503116607666 -34.4599494934082 0
vertex -28.9503116607666 -34.4599494934082 1.7000000476837158
vertex -28.916057586669922 -34.63215637207031 0
endloop
endfacet
facet normal 0.8314682539438699 0.5555722659416437 0
outer loop
vertex -28.81850814819336 -34.77814865112305 0
vertex -28.916057586669922 -34.63215637207031 0
vertex -28.916057586669922 -34.63215637207031 1.7000000476837158
endloop
endfacet
facet normal 0.5555622638012966 0.8314749371087372 0
outer loop
vertex -28.672517776489258 -34.875694274902344 0
vertex -28.81850814819336 -34.77814865112305 0
vertex -28.81850814819336 -34.77814865112305 1.7000000476837158
endloop
endfacet
facet normal -0.5555622638012966 -0.8314749371087372 0
outer loop
vertex -28.32810401916504 -34.04420471191406 1.7000000476837158
vertex -28.32810401916504 -34.04420471191406 0
vertex -28.182113647460938 -34.14175033569336 1.7000000476837158
endloop
endfacet
facet normal -0.8314682539438699 -0.5555722659416437 0
outer loop
vertex -28.182113647460938 -34.14175033569336 1.7000000476837158
vertex -28.182113647460938 -34.14175033569336 0
vertex -28.084564208984375 -34.287742614746094 1.7000000476837158
endloop
endfacet
facet normal 0 0 -1
outer loop
vertex -28.182113647460938 -34.14175033569336 1.7000000476837158
vertex -28.32810401916504 -34.875694274902344 1.7000000476837158
vertex -28.32810401916504 -34.04420471191406 1.7000000476837158
endloop
endfacet
facet normal -0.5555622638012966 0.8314749371087372 0
outer loop
vertex -28.182113647460938 -34.77814865112305 1.7000000476837158
vertex -28.182113647460938 -34.77814865112305 0
vertex -28.32810401916504 -34.875694274902344 1.7000000476837158
endloop
endfacet
facet normal 0 0 -1
outer loop
vertex -28.050310134887695 -34.4599494934082 1.7000000476837158
vertex -28.084564208984375 -34.63215637207031 1.7000000476837158
vertex -28.084564208984375 -34.287742614746094 1.7000000476837158
endloop
endfacet
facet normal 0 0 -1
outer loop
vertex -28.182113647460938 -34.14175033569336 1.7000000476837158
vertex -28.084564208984375 -34.287742614746094 1.7000000476837158
vertex -28.182113647460938 -34.77814865112305 1.7000000476837158
endloop
endfacet
facet normal 0 0 -1
outer loop
vertex -28.32810401916504 -34.04420471191406 1.7000000476837158
vertex -28.50031089782715 -34.909950256347656 1.7000000476837158
vertex -28.50031089782715 -34.00994873046875 1.7000000476837158
endloop
endfacet
facet normal 0 0 -1
outer loop
vertex -28.50031089782715 -34.00994873046875 1.7000000476837158
vertex -28.672517776489258 -34.875694274902344 1.7000000476837158
vertex -28.672517776489258 -34.04420471191406 1.7000000476837158
endloop
endfacet
facet normal 0 0 -1
outer loop
vertex -28.084564208984375 -34.63215637207031 1.7000000476837158
vertex -28.182113647460938 -34.77814865112305 1.7000000476837158
vertex -28.084564208984375 -34.287742614746094 1.7000000476837158
endloop
endfacet
facet normal 0 0 -1
outer loop
vertex -28.182113647460938 -34.77814865112305 1.7000000476837158
vertex -28.32810401916504 -34.875694274902344 1.7000000476837158
vertex -28.182113647460938 -34.14175033569336 1.7000000476837158
endloop
endfacet
facet normal 0 0 -1
outer loop
vertex -28.32810401916504 -34.875694274902344 1.7000000476837158
vertex -28.50031089782715 -34.909950256347656 1.7000000476837158
vertex -28.32810401916504 -34.04420471191406 1.7000000476837158
endloop
endfacet
facet normal 0 0 -1
outer loop
vertex -28.50031089782715 -34.909950256347656 1.7000000476837158
vertex -28.672517776489258 -34.875694274902344 1.7000000476837158
vertex -28.50031089782715 -34.00994873046875 1.7000000476837158
endloop
endfacet
facet normal 0 0 -1
outer loop
vertex -28.672517776489258 -34.04420471191406 1.7000000476837158
vertex -28.81850814819336 -34.77814865112305 1.7000000476837158
vertex -28.81850814819336 -34.14175033569336 1.7000000476837158
endloop
endfacet
facet normal 0 0 -1
outer loop
vertex -28.81850814819336 -34.14175033569336 1.7000000476837158
vertex -28.916057586669922 -34.63215637207031 1.7000000476837158
vertex -28.916057586669922 -34.287742614746094 1.7000000476837158
endloop
endfacet
facet normal 0 0 -1
outer loop
vertex -28.81850814819336 -34.77814865112305 1.7000000476837158
vertex -28.916057586669922 -34.63215637207031 1.7000000476837158
vertex -28.81850814819336 -34.14175033569336 1.7000000476837158
endloop
endfacet
facet normal 0 0 -1
outer loop
vertex -28.916057586669922 -34.63215637207031 1.7000000476837158
vertex -28.9503116607666 -34.4599494934082 1.7000000476837158
vertex -28.916057586669922 -34.287742614746094 1.7000000476837158
endloop
endfacet
facet normal -0.1951007507126451 0.9807832059488795 0
outer loop
vertex -28.32810401916504 -34.875694274902344 1.7000000476837158
vertex -28.32810401916504 -34.875694274902344 0
vertex -28.50031089782715 -34.909950256347656 1.7000000476837158
endloop
endfacet
facet normal -0.9807852845629332 -0.19509030110388895 0
outer loop
vertex -28.084564208984375 -35.557743072509766 0
vertex -28.050310134887695 -35.729949951171875 0
vertex -28.050310134887695 -35.729949951171875 1.7000000476837158
endloop
endfacet
facet normal 0.8314682539438699 -0.5555722659416437 0
outer loop
vertex -28.81850814819336 -35.41175079345703 0
vertex -28.81850814819336 -35.41175079345703 1.7000000476837158
vertex -28.916057586669922 -35.557743072509766 0
endloop
endfacet
facet normal 0.9807852845629332 0.19509030110388895 0
outer loop
vertex -28.9503116607666 -35.729949951171875 0
vertex -28.9503116607666 -35.729949951171875 1.7000000476837158
vertex -28.916057586669922 -35.902156829833984 0
endloop
endfacet
facet normal -0.8314615478636338 0.5555823021157262 0
outer loop
vertex -28.084564208984375 -35.902156829833984 0
vertex -28.182113647460938 -36.04814529418945 0
vertex -28.182113647460938 -36.04814529418945 1.7000000476837158
endloop
endfacet
facet normal 0.8314615478636338 0.5555823021157262 0
outer loop
vertex -28.81850814819336 -36.04814529418945 1.7000000476837158
vertex -28.81850814819336 -36.04814529418945 0
vertex -28.916057586669922 -35.902156829833984 1.7000000476837158
endloop
endfacet
facet normal 0.5555772839934787 0.8314649009491799 0
outer loop
vertex -28.672517776489258 -36.145694732666016 1.7000000476837158
vertex -28.672517776489258 -36.145694732666016 0
vertex -28.81850814819336 -36.04814529418945 1.7000000476837158
endloop
endfacet
facet normal -0.1951007507126451 0.9807832059488795 0
outer loop
vertex -28.32810401916504 -36.145694732666016 0
vertex -28.50031089782715 -36.17995071411133 0
vertex -28.50031089782715 -36.17995071411133 1.7000000476837158
endloop
endfacet
facet normal 0.1951007507126451 0.9807832059488795 0
outer loop
vertex -28.50031089782715 -36.17995071411133 0
vertex -28.672517776489258 -36.145694732666016 0
vertex -28.672517776489258 -36.145694732666016 1.7000000476837158
endloop
endfacet
facet normal -0.5555772839934787 0.8314649009491799 0
outer loop
vertex -28.182113647460938 -36.04814529418945 0
vertex -28.32810401916504 -36.145694732666016 0
vertex -28.32810401916504 -36.145694732666016 1.7000000476837158
endloop
endfacet
facet normal 0.8314615478636338 0.5555823021157262 0
outer loop
vertex -28.916057586669922 -35.902156829833984 0
vertex -28.916057586669922 -35.902156829833984 1.7000000476837158
vertex -28.81850814819336 -36.04814529418945 0
endloop
endfacet
facet normal 0.9807852845629332 0.19509030110388895 0
outer loop
vertex -28.916057586669922 -35.902156829833984 1.7000000476837158
vertex -28.916057586669922 -35.902156829833984 0
vertex -28.9503116607666 -35.729949951171875 1.7000000476837158
endloop
endfacet
facet normal 0.9807852845629332 -0.19509030110388895 0
outer loop
vertex -28.9503116607666 -35.729949951171875 1.7000000476837158
vertex -28.9503116607666 -35.729949951171875 0
vertex -28.916057586669922 -35.557743072509766 1.7000000476837158
endloop
endfacet
facet normal 0.1951007507126451 0.9807832059488795 0
outer loop
vertex -28.50031089782715 -36.17995071411133 1.7000000476837158
vertex -28.50031089782715 -36.17995071411133 0
vertex -28.672517776489258 -36.145694732666016 1.7000000476837158
endloop
endfacet
facet normal -0.1951007507126451 0.9807832059488795 0
outer loop
vertex -28.32810401916504 -36.145694732666016 1.7000000476837158
vertex -28.32810401916504 -36.145694732666016 0
vertex -28.50031089782715 -36.17995071411133 1.7000000476837158
endloop
endfacet
facet normal -0.5555772839934787 0.8314649009491799 0
outer loop
vertex -28.182113647460938 -36.04814529418945 1.7000000476837158
vertex -28.182113647460938 -36.04814529418945 0
vertex -28.32810401916504 -36.145694732666016 1.7000000476837158
endloop
endfacet
facet normal -0.8314615478636338 0.5555823021157262 0
outer loop
vertex -28.084564208984375 -35.902156829833984 1.7000000476837158
vertex -28.084564208984375 -35.902156829833984 0
vertex -28.182113647460938 -36.04814529418945 1.7000000476837158
endloop
endfacet
facet normal -0.9807852845629332 0.19509030110388895 0
outer loop
vertex -28.050310134887695 -35.729949951171875 1.7000000476837158
vertex -28.050310134887695 -35.729949951171875 0
vertex -28.084564208984375 -35.902156829833984 1.7000000476837158
endloop
endfacet
facet normal 0.8314682539438699 -0.5555722659416437 0
outer loop
vertex -28.916057586669922 -35.557743072509766 1.7000000476837158
vertex -28.916057586669922 -35.557743072509766 0
vertex -28.81850814819336 -35.41175079345703 1.7000000476837158
endloop
endfacet
facet normal 0.5555622638012966 -0.8314749371087372 0
outer loop
vertex -28.81850814819336 -35.41175079345703 1.7000000476837158
vertex -28.81850814819336 -35.41175079345703 0
vertex -28.672517776489258 -35.314205169677734 1.7000000476837158
endloop
endfacet
facet normal 0 0 -1
outer loop
vertex -28.916057586669922 -35.902156829833984 1.7000000476837158
vertex -28.9503116607666 -35.729949951171875 1.7000000476837158
vertex -28.916057586669922 -35.557743072509766 1.7000000476837158
endloop
endfacet
facet normal 0 0 -1
outer loop
vertex -28.672517776489258 -36.145694732666016 1.7000000476837158
vertex -28.81850814819336 -36.04814529418945 1.7000000476837158
vertex -28.672517776489258 -35.314205169677734 1.7000000476837158
endloop
endfacet
facet normal 0 0 -1
outer loop
vertex -28.81850814819336 -36.04814529418945 1.7000000476837158
vertex -28.916057586669922 -35.902156829833984 1.7000000476837158
vertex -28.81850814819336 -35.41175079345703 1.7000000476837158
endloop
endfacet
facet normal 0.1951007507126451 -0.9807832059488795 0
outer loop
vertex -28.672517776489258 -35.314205169677734 1.7000000476837158
vertex -28.672517776489258 -35.314205169677734 0
vertex -28.50031089782715 -35.27994918823242 1.7000000476837158
endloop
endfacet
facet normal -0.1951007507126451 -0.9807832059488795 0
outer loop
vertex -28.50031089782715 -35.27994918823242 1.7000000476837158
vertex -28.50031089782715 -35.27994918823242 0
vertex -28.32810401916504 -35.314205169677734 1.7000000476837158
endloop
endfacet
facet normal -0.9807852845629332 -0.19509030110388895 0
outer loop
vertex -28.084564208984375 -35.557743072509766 1.7000000476837158
vertex -28.084564208984375 -35.557743072509766 0
vertex -28.050310134887695 -35.729949951171875 1.7000000476837158
endloop
endfacet
facet normal -0.8314682539438699 -0.5555722659416437 0
outer loop
vertex -28.182113647460938 -35.41175079345703 1.7000000476837158
vertex -28.182113647460938 -35.41175079345703 0
vertex -28.084564208984375 -35.557743072509766 1.7000000476837158
endloop
endfacet
facet normal -0.5555622638012966 -0.8314749371087372 0
outer loop
vertex -28.32810401916504 -35.314205169677734 1.7000000476837158
vertex -28.32810401916504 -35.314205169677734 0
vertex -28.182113647460938 -35.41175079345703 1.7000000476837158
endloop
endfacet
facet normal 0 0 -1
outer loop
vertex -28.50031089782715 -36.17995071411133 1.7000000476837158
vertex -28.672517776489258 -36.145694732666016 1.7000000476837158
vertex -28.50031089782715 -35.27994918823242 1.7000000476837158
endloop
endfacet
facet normal 0 0 -1
outer loop
vertex -28.32810401916504 -36.145694732666016 1.7000000476837158
vertex -28.50031089782715 -36.17995071411133 1.7000000476837158
vertex -28.32810401916504 -35.314205169677734 1.7000000476837158
endloop
endfacet
facet normal 0 0 -1
outer loop
vertex -28.182113647460938 -36.04814529418945 1.7000000476837158
vertex -28.32810401916504 -36.145694732666016 1.7000000476837158
vertex -28.182113647460938 -35.41175079345703 1.7000000476837158
endloop
endfacet
facet normal 0 0 -1
outer loop
vertex -28.084564208984375 -35.902156829833984 1.7000000476837158
vertex -28.182113647460938 -36.04814529418945 1.7000000476837158
vertex -28.084564208984375 -35.557743072509766 1.7000000476837158
endloop
endfacet
facet normal 0 0 -1
outer loop
vertex -28.050310134887695 -35.729949951171875 1.7000000476837158
vertex -28.084564208984375 -35.902156829833984 1.7000000476837158
vertex -28.084564208984375 -35.557743072509766 1.7000000476837158
endloop
endfacet
facet normal 0 0 -1
outer loop
vertex -28.182113647460938 -35.41175079345703 1.7000000476837158
vertex -28.084564208984375 -35.557743072509766 1.7000000476837158
vertex -28.182113647460938 -36.04814529418945 1.7000000476837158
endloop
endfacet
facet normal 0 0 -1
outer loop
vertex -28.81850814819336 -35.41175079345703 1.7000000476837158
vertex -28.916057586669922 -35.902156829833984 1.7000000476837158
vertex -28.916057586669922 -35.557743072509766 1.7000000476837158
endloop
endfacet
facet normal 0 0 -1
outer loop
vertex -28.672517776489258 -35.314205169677734 1.7000000476837158
vertex -28.81850814819336 -36.04814529418945 1.7000000476837158
vertex -28.81850814819336 -35.41175079345703 1.7000000476837158
endloop
endfacet
facet normal -0.9807852845629332 0.19509030110388895 0
outer loop
vertex -28.050310134887695 -35.729949951171875 0
vertex -28.084564208984375 -35.902156829833984 0
vertex -28.084564208984375 -35.902156829833984 1.7000000476837158
endloop
endfacet
facet normal 0.5555772839934787 0.8314649009491799 0
outer loop
vertex -28.672517776489258 -36.145694732666016 0
vertex -28.81850814819336 -36.04814529418945 0
vertex -28.81850814819336 -36.04814529418945 1.7000000476837158
endloop
endfacet
facet normal -0.5555622638012966 -0.8314749371087372 0
outer loop
vertex -28.182113647460938 -35.41175079345703 0
vertex -28.182113647460938 -35.41175079345703 1.7000000476837158
vertex -28.32810401916504 -35.314205169677734 0
endloop
endfacet
facet normal -0.8314682539438699 -0.5555722659416437 0
outer loop
vertex -28.182113647460938 -35.41175079345703 0
vertex -28.084564208984375 -35.557743072509766 0
vertex -28.084564208984375 -35.557743072509766 1.7000000476837158
endloop
endfacet
facet normal -0.1951007507126451 -0.9807832059488795 0
outer loop
vertex -28.32810401916504 -35.314205169677734 0
vertex -28.32810401916504 -35.314205169677734 1.7000000476837158
vertex -28.50031089782715 -35.27994918823242 0
endloop
endfacet
facet normal 0 0 -1
outer loop
vertex -28.50031089782715 -35.27994918823242 1.7000000476837158
vertex -28.672517776489258 -36.145694732666016 1.7000000476837158
vertex -28.672517776489258 -35.314205169677734 1.7000000476837158
endloop
endfacet
facet normal 0 0 -1
outer loop
vertex -28.32810401916504 -35.314205169677734 1.7000000476837158
vertex -28.50031089782715 -36.17995071411133 1.7000000476837158
vertex -28.50031089782715 -35.27994918823242 1.7000000476837158
endloop
endfacet
facet normal 0 0 -1
outer loop
vertex -28.182113647460938 -35.41175079345703 1.7000000476837158
vertex -28.32810401916504 -36.145694732666016 1.7000000476837158
vertex -28.32810401916504 -35.314205169677734 1.7000000476837158
endloop
endfacet
facet normal 0.1951007507126451 -0.9807832059488795 0
outer loop
vertex -28.50031089782715 -35.27994918823242 0
vertex -28.50031089782715 -35.27994918823242 1.7000000476837158
vertex -28.672517776489258 -35.314205169677734 0
endloop
endfacet
facet normal 0.5555622638012966 -0.8314749371087372 0
outer loop
vertex -28.672517776489258 -35.314205169677734 0
vertex -28.672517776489258 -35.314205169677734 1.7000000476837158
vertex -28.81850814819336 -35.41175079345703 0
endloop
endfacet
facet normal 0.9807852845629332 -0.19509030110388895 0
outer loop
vertex -28.916057586669922 -35.557743072509766 0
vertex -28.916057586669922 -35.557743072509766 1.7000000476837158
vertex -28.9503116607666 -35.729949951171875 0
endloop
endfacet
facet normal 0.1950798514286955 0.9807873630744628 0
outer loop
vertex -28.50031089782715 -37.449947357177734 1.7000000476837158
vertex -28.50031089782715 -37.449947357177734 0
vertex -28.672517776489258 -37.41569519042969 1.7000000476837158
endloop
endfacet
facet normal -0.5555772839934787 0.8314649009491799 0
outer loop
vertex -28.182113647460938 -37.318145751953125 1.7000000476837158
vertex -28.182113647460938 -37.318145751953125 0
vertex -28.32810401916504 -37.41569519042969 1.7000000476837158
endloop
endfacet
facet normal 0.8314615478636338 0.5555823021157262 0
outer loop
vertex -28.81850814819336 -37.318145751953125 0
vertex -28.916057586669922 -37.172157287597656 0
vertex -28.916057586669922 -37.172157287597656 1.7000000476837158
endloop
endfacet
facet normal 0.5555772839934787 0.8314649009491799 0
outer loop
vertex -28.81850814819336 -37.318145751953125 0
vertex -28.81850814819336 -37.318145751953125 1.7000000476837158
vertex -28.672517776489258 -37.41569519042969 0
endloop
endfacet
facet normal 0.9807852845629332 0.19509030110388895 0
outer loop
vertex -28.9503116607666 -36.99995040893555 0
vertex -28.9503116607666 -36.99995040893555 1.7000000476837158
vertex -28.916057586669922 -37.172157287597656 0
endloop
endfacet
facet normal -0.1950798514286955 0.9807873630744628 0
outer loop
vertex -28.32810401916504 -37.41569519042969 0
vertex -28.50031089782715 -37.449947357177734 0
vertex -28.50031089782715 -37.449947357177734 1.7000000476837158
endloop
endfacet
facet normal -0.5555772839934787 0.8314649009491799 0
outer loop
vertex -28.182113647460938 -37.318145751953125 0
vertex -28.32810401916504 -37.41569519042969 0
vertex -28.32810401916504 -37.41569519042969 1.7000000476837158
endloop
endfacet
facet normal -0.8314615478636338 0.5555823021157262 0
outer loop
vertex -28.084564208984375 -37.172157287597656 0
vertex -28.182113647460938 -37.318145751953125 0
vertex -28.182113647460938 -37.318145751953125 1.7000000476837158
endloop
endfacet
facet normal -0.9807852845629332 0.19509030110388895 0
outer loop
vertex -28.050310134887695 -36.99995040893555 0
vertex -28.084564208984375 -37.172157287597656 0
vertex -28.084564208984375 -37.172157287597656 1.7000000476837158
endloop
endfacet
facet normal 0.9807861114401027 -0.19508614406513386 0
outer loop
vertex -28.916057586669922 -36.82773971557617 0
vertex -28.916057586669922 -36.82773971557617 1.7000000476837158
vertex -28.9503116607666 -36.99995040893555 0
endloop
endfacet
facet normal 0.8314615478636338 -0.5555823021157262 0
outer loop
vertex -28.81850814819336 -36.6817512512207 0
vertex -28.81850814819336 -36.6817512512207 1.7000000476837158
vertex -28.916057586669922 -36.82773971557617 0
endloop
endfacet
facet normal 0.5555772839934787 -0.8314649009491799 0
outer loop
vertex -28.672517776489258 -36.58420181274414 0
vertex -28.672517776489258 -36.58420181274414 1.7000000476837158
vertex -28.81850814819336 -36.6817512512207 0
endloop
endfacet
facet normal 0 0 -1
outer loop
vertex -28.182113647460938 -36.6817512512207 1.7000000476837158
vertex -28.084564208984375 -36.82773971557617 1.7000000476837158
vertex -28.182113647460938 -37.318145751953125 1.7000000476837158
endloop
endfacet
facet normal 0 0 -1
outer loop
vertex -28.050310134887695 -36.99995040893555 1.7000000476837158
vertex -28.084564208984375 -37.172157287597656 1.7000000476837158
vertex -28.084564208984375 -36.82773971557617 1.7000000476837158
endloop
endfacet
facet normal 0 0 -1
outer loop
vertex -28.182113647460938 -36.6817512512207 1.7000000476837158
vertex -28.32810401916504 -37.41569519042969 1.7000000476837158
vertex -28.32810401916504 -36.58420181274414 1.7000000476837158
endloop
endfacet
facet normal 0 0 -1
outer loop
vertex -28.32810401916504 -36.58420181274414 1.7000000476837158
vertex -28.50031089782715 -37.449947357177734 1.7000000476837158
vertex -28.50031089782715 -36.549949645996094 1.7000000476837158
endloop
endfacet
facet normal 0 0 -1
outer loop
vertex -28.50031089782715 -36.549949645996094 1.7000000476837158
vertex -28.672517776489258 -37.41569519042969 1.7000000476837158
vertex -28.672517776489258 -36.58420181274414 1.7000000476837158
endloop
endfacet
facet normal 0 0 -1
outer loop
vertex -28.672517776489258 -36.58420181274414 1.7000000476837158
vertex -28.81850814819336 -37.318145751953125 1.7000000476837158
vertex -28.81850814819336 -36.6817512512207 1.7000000476837158
endloop
endfacet
facet normal 0 0 -1
outer loop
vertex -28.81850814819336 -36.6817512512207 1.7000000476837158
vertex -28.916057586669922 -37.172157287597656 1.7000000476837158
vertex -28.916057586669922 -36.82773971557617 1.7000000476837158
endloop
endfacet
facet normal 0 0 -1
outer loop
vertex -28.916057586669922 -37.172157287597656 1.7000000476837158
vertex -28.9503116607666 -36.99995040893555 1.7000000476837158
vertex -28.916057586669922 -36.82773971557617 1.7000000476837158
endloop
endfacet
facet normal 0 0 -1
outer loop
vertex -28.084564208984375 -37.172157287597656 1.7000000476837158
vertex -28.182113647460938 -37.318145751953125 1.7000000476837158
vertex -28.084564208984375 -36.82773971557617 1.7000000476837158
endloop
endfacet
facet normal 0 0 -1
outer loop
vertex -28.182113647460938 -37.318145751953125 1.7000000476837158
vertex -28.32810401916504 -37.41569519042969 1.7000000476837158
vertex -28.182113647460938 -36.6817512512207 1.7000000476837158
endloop
endfacet
facet normal 0 0 -1
outer loop
vertex -28.32810401916504 -37.41569519042969 1.7000000476837158
vertex -28.50031089782715 -37.449947357177734 1.7000000476837158
vertex -28.32810401916504 -36.58420181274414 1.7000000476837158
endloop
endfacet
facet normal 0 0 -1
outer loop
vertex -28.50031089782715 -37.449947357177734 1.7000000476837158
vertex -28.672517776489258 -37.41569519042969 1.7000000476837158
vertex -28.50031089782715 -36.549949645996094 1.7000000476837158
endloop
endfacet
facet normal -0.5555772839934787 -0.8314649009491799 0
outer loop
vertex -28.32810401916504 -36.58420181274414 1.7000000476837158
vertex -28.32810401916504 -36.58420181274414 0
vertex -28.182113647460938 -36.6817512512207 1.7000000476837158
endloop
endfacet
facet normal -0.1950798514286955 -0.9807873630744628 0
outer loop
vertex -28.50031089782715 -36.549949645996094 1.7000000476837158
vertex -28.50031089782715 -36.549949645996094 0
vertex -28.32810401916504 -36.58420181274414 1.7000000476837158
endloop
endfacet
facet normal 0.1950798514286955 -0.9807873630744628 0
outer loop
vertex -28.672517776489258 -36.58420181274414 1.7000000476837158
vertex -28.672517776489258 -36.58420181274414 0
vertex -28.50031089782715 -36.549949645996094 1.7000000476837158
endloop
endfacet
facet normal -0.8314615478636338 -0.5555823021157262 0
outer loop
vertex -28.182113647460938 -36.6817512512207 1.7000000476837158
vertex -28.182113647460938 -36.6817512512207 0
vertex -28.084564208984375 -36.82773971557617 1.7000000476837158
endloop
endfacet
facet normal -0.9807861114401027 -0.19508614406513386 0
outer loop
vertex -28.084564208984375 -36.82773971557617 1.7000000476837158
vertex -28.084564208984375 -36.82773971557617 0
vertex -28.050310134887695 -36.99995040893555 1.7000000476837158
endloop
endfacet
facet normal 0 0 -1
outer loop
vertex -28.672517776489258 -37.41569519042969 1.7000000476837158
vertex -28.81850814819336 -37.318145751953125 1.7000000476837158
vertex -28.672517776489258 -36.58420181274414 1.7000000476837158
endloop
endfacet
facet normal 0 0 -1
outer loop
vertex -28.81850814819336 -37.318145751953125 1.7000000476837158
vertex -28.916057586669922 -37.172157287597656 1.7000000476837158
vertex -28.81850814819336 -36.6817512512207 1.7000000476837158
endloop
endfacet
facet normal -0.5555772839934787 -0.8314649009491799 0
outer loop
vertex -28.182113647460938 -36.6817512512207 0
vertex -28.182113647460938 -36.6817512512207 1.7000000476837158
vertex -28.32810401916504 -36.58420181274414 0
endloop
endfacet
facet normal -0.1950798514286955 -0.9807873630744628 0
outer loop
vertex -28.32810401916504 -36.58420181274414 0
vertex -28.32810401916504 -36.58420181274414 1.7000000476837158
vertex -28.50031089782715 -36.549949645996094 0
endloop
endfacet
facet normal 0.5555772839934787 -0.8314649009491799 0
outer loop
vertex -28.81850814819336 -36.6817512512207 1.7000000476837158
vertex -28.81850814819336 -36.6817512512207 0
vertex -28.672517776489258 -36.58420181274414 1.7000000476837158
endloop
endfacet
facet normal 0.8314615478636338 -0.5555823021157262 0
outer loop
vertex -28.916057586669922 -36.82773971557617 1.7000000476837158
vertex -28.916057586669922 -36.82773971557617 0
vertex -28.81850814819336 -36.6817512512207 1.7000000476837158
endloop
endfacet
facet normal 0.9807861114401027 -0.19508614406513386 0
outer loop
vertex -28.9503116607666 -36.99995040893555 1.7000000476837158
vertex -28.9503116607666 -36.99995040893555 0
vertex -28.916057586669922 -36.82773971557617 1.7000000476837158
endloop
endfacet
facet normal -0.9807852845629332 0.19509030110388895 0
outer loop
vertex -28.050310134887695 -36.99995040893555 1.7000000476837158
vertex -28.050310134887695 -36.99995040893555 0
vertex -28.084564208984375 -37.172157287597656 1.7000000476837158
endloop
endfacet
facet normal -0.8314615478636338 0.5555823021157262 0
outer loop
vertex -28.084564208984375 -37.172157287597656 1.7000000476837158
vertex -28.084564208984375 -37.172157287597656 0
vertex -28.182113647460938 -37.318145751953125 1.7000000476837158
endloop
endfacet
facet normal 0.9807852845629332 0.19509030110388895 0
outer loop
vertex -28.916057586669922 -37.172157287597656 1.7000000476837158
vertex -28.916057586669922 -37.172157287597656 0
vertex -28.9503116607666 -36.99995040893555 1.7000000476837158
endloop
endfacet
facet normal 0.8314615478636338 0.5555823021157262 0
outer loop
vertex -28.81850814819336 -37.318145751953125 1.7000000476837158
vertex -28.81850814819336 -37.318145751953125 0
vertex -28.916057586669922 -37.172157287597656 1.7000000476837158
endloop
endfacet
facet normal 0.5555772839934787 0.8314649009491799 0
outer loop
vertex -28.672517776489258 -37.41569519042969 1.7000000476837158
vertex -28.672517776489258 -37.41569519042969 0
vertex -28.81850814819336 -37.318145751953125 1.7000000476837158
endloop
endfacet
facet normal 0.1950798514286955 -0.9807873630744628 0
outer loop
vertex -28.50031089782715 -36.549949645996094 0
vertex -28.50031089782715 -36.549949645996094 1.7000000476837158
vertex -28.672517776489258 -36.58420181274414 0
endloop
endfacet
facet normal -0.8314615478636338 -0.5555823021157262 0
outer loop
vertex -28.182113647460938 -36.6817512512207 0
vertex -28.084564208984375 -36.82773971557617 0
vertex -28.084564208984375 -36.82773971557617 1.7000000476837158
endloop
endfacet
facet normal -0.9807861114401027 -0.19508614406513386 0
outer loop
vertex -28.050310134887695 -36.99995040893555 0
vertex -28.050310134887695 -36.99995040893555 1.7000000476837158
vertex -28.084564208984375 -36.82773971557617 0
endloop
endfacet
facet normal -0.1950798514286955 0.9807873630744628 0
outer loop
vertex -28.32810401916504 -37.41569519042969 1.7000000476837158
vertex -28.32810401916504 -37.41569519042969 0
vertex -28.50031089782715 -37.449947357177734 1.7000000476837158
endloop
endfacet
facet normal 0.1950798514286955 0.9807873630744628 0
outer loop
vertex -28.50031089782715 -37.449947357177734 0
vertex -28.672517776489258 -37.41569519042969 0
vertex -28.672517776489258 -37.41569519042969 1.7000000476837158
endloop
endfacet
facet normal 0 0 -1
outer loop
vertex -70.76319122314453 -46.5870361328125 0
vertex -71.81775665283203 -45.52043914794922 0
vertex -70.81040954589844 -45.52886199951172 0
endloop
endfacet
facet normal 0 0 -1
outer loop
vertex -47.50001907348633 -27.659948348999023 0
vertex -47.50001907348633 -27.289949417114258 0
vertex -47.32781219482422 -27.694202423095703 0
endloop
endfacet
facet normal 0 0 -1
outer loop
vertex -30.95001792907715 -34.549949645996094 0
vertex -28.916057586669922 -34.63215637207031 0
vertex -28.81850814819336 -34.77814865112305 0
endloop
endfacet
facet normal 0 0 1
outer loop
vertex 70.19998168945312 40.526676177978516 2.200000047683716
vertex 64.84998321533203 37.35005187988281 2.200000047683716
vertex 64.84998321533203 21.65005111694336 2.200000047683716
endloop
endfacet
facet normal 0 0 1
outer loop
vertex 64.84998321533203 37.35005187988281 2.200000047683716
vertex 70.19998168945312 40.526676177978516 2.200000047683716
vertex 49.14998245239258 37.35005187988281 2.200000047683716
endloop
endfacet
facet normal 0 0 1
outer loop
vertex 70.19998168945312 21.52667808532715 2.200000047683716
vertex 70.19998168945312 40.526676177978516 2.200000047683716
vertex 64.84998321533203 21.65005111694336 2.200000047683716
endloop
endfacet
facet normal 0 0 1
outer loop
vertex 45.849979400634766 37.35005187988281 2.200000047683716
vertex 49.14998245239258 21.65005111694336 2.200000047683716
vertex 49.14998245239258 37.35005187988281 2.200000047683716
endloop
endfacet
facet normal 0 0 1
outer loop
vertex 49.14998245239258 21.65005111694336 2.200000047683716
vertex 45.849979400634766 37.35005187988281 2.200000047683716
vertex 49.14998245239258 18.35004997253418 2.200000047683716
endloop
endfacet
facet normal 0 0 1
outer loop
vertex 45.849979400634766 21.65005111694336 2.200000047683716
vertex 49.14998245239258 18.35004997253418 2.200000047683716
vertex 45.849979400634766 37.35005187988281 2.200000047683716
endloop
endfacet
facet normal 0.9328989937298812 0.3601381228053693 0
outer loop
vertex 71.19131469726562 41.19581604003906 2.200000047683716
vertex 71.44963073730469 40.526676177978516 2.200000047683716
vertex 71.44963073730469 40.526676177978516 1.7000000476837158
endloop
endfacet
facet normal 0 0 -1
outer loop
vertex 30.249980926513672 7.000051021575928 0
vertex 26.749980926513672 7.000051021575928 0
vertex 26.749980926513672 14.00005054473877 0
endloop
endfacet
facet normal 0 0 -1
outer loop
vertex 30.249980926513672 7.000051021575928 0
vertex 30.949981689453125 7.000051021575928 0
vertex 30.949981689453125 3.4500508308410645 0
endloop
endfacet
facet normal 0 0 -1
outer loop
vertex 30.249980926513672 7.000051021575928 0
vertex 26.04998207092285 3.4500508308410645 0
vertex 26.749980926513672 7.000051021575928 0
endloop
endfacet
facet normal 0 0 -1
outer loop
vertex 30.949981689453125 3.4500508308410645 0
vertex 26.04998207092285 3.4500508308410645 0
vertex 30.249980926513672 7.000051021575928 0
endloop
endfacet
facet normal 0 0 -1
outer loop
vertex 30.949981689453125 -1.4499491453170776 0
vertex 30.949981689453125 3.4500508308410645 0
vertex 45.04998016357422 -1.4499491453170776 0
endloop
endfacet
facet normal 0.7406001066868182 0.6719460409701612 0
outer loop
vertex 71.19131469726562 41.19581604003906 2.200000047683716
vertex 69.10165405273438 43.49898147583008 0
vertex 69.10165405273438 43.49898147583008 2.200000047683716
endloop
endfacet
facet normal 0.4053647279590031 0.9141550400926112 0
outer loop
vertex 69.10165405273438 43.49898147583008 2.200000047683716
vertex 68.2128677368164 43.893096923828125 0
vertex 68.2128677368164 43.893096923828125 2.200000047683716
endloop
endfacet
facet normal 0 0 -1
outer loop
vertex 30.949981689453125 -1.4499491453170776 0
vertex 26.04998207092285 3.4500508308410645 0
vertex 30.949981689453125 3.4500508308410645 0
endloop
endfacet
facet normal 0 0 -1
outer loop
vertex 30.949981689453125 -1.4499491453170776 0
vertex 26.04998207092285 -1.4499491453170776 0
vertex 26.04998207092285 3.4500508308410645 0
endloop
endfacet
facet normal 0 0 -1
outer loop
vertex 26.04998207092285 3.4500508308410645 0
vertex 26.04998207092285 7.000051021575928 0
vertex 26.749980926513672 7.000051021575928 0
endloop
endfacet
facet normal 0 0 -1
outer loop
vertex 11.949980735778809 -1.4499491453170776 0
vertex 26.04998207092285 3.4500508308410645 0
vertex 26.04998207092285 -1.4499491453170776 0
endloop
endfacet
facet normal 0 0 -1
outer loop
vertex -64.75001525878906 -23.999948501586914 0
vertex -70.62261199951172 -23.06519317626953 0
vertex -70.4637680053711 -4.06585693359375 0
endloop
endfacet
facet normal 0 0 -1
outer loop
vertex -64.75001525878906 -23.999948501586914 0
vertex -70.4637680053711 -4.06585693359375 0
vertex -64.05001831054688 -23.999948501586914 0
endloop
endfacet
facet normal 0 0 -1
outer loop
vertex 11.949980735778809 22.450050354003906 0
vertex 26.04998207092285 22.450050354003906 0
vertex 11.949980735778809 17.550050735473633 0
endloop
endfacet
facet normal 0 0 -1
outer loop
vertex 7.049981117248535 22.450050354003906 0
vertex 11.949980735778809 22.450050354003906 0
vertex 11.949980735778809 17.550050735473633 0
endloop
endfacet
facet normal 0 0 -1
outer loop
vertex 11.249980926513672 14.00005054473877 0
vertex 7.049981117248535 17.550050735473633 0
vertex 11.949980735778809 17.550050735473633 0
endloop
endfacet
facet normal 0 0 -1
outer loop
vertex 11.249980926513672 14.00005054473877 0
vertex 11.949980735778809 17.550050735473633 0
vertex 11.949980735778809 14.00005054473877 0
endloop
endfacet
facet normal 0 0 -1
outer loop
vertex 11.249980926513672 7.000051021575928 0
vertex 7.749980926513672 14.00005054473877 0
vertex 11.249980926513672 14.00005054473877 0
endloop
endfacet
facet normal 0 0 -1
outer loop
vertex 7.049981117248535 17.550050735473633 0
vertex 7.049981117248535 22.450050354003906 0
vertex 11.949980735778809 17.550050735473633 0
endloop
endfacet
facet normal 0 0 -1
outer loop
vertex 7.049981117248535 17.550050735473633 0
vertex -7.050018787384033 17.550050735473633 0
vertex 7.049981117248535 22.450050354003906 0
endloop
endfacet
facet normal 0 0 1
outer loop
vertex -45.85001754760742 -0.6499490737915039 2.200000047683716
vertex -49.150020599365234 -0.6499490737915039 2.200000047683716
vertex -45.85001754760742 -16.34994888305664 2.200000047683716
endloop
endfacet
facet normal 0 0 -1
outer loop
vertex 7.749980926513672 14.00005054473877 0
vertex 7.049981117248535 17.550050735473633 0
vertex 11.249980926513672 14.00005054473877 0
endloop
endfacet
facet normal 0 0 -1
outer loop
vertex 7.049981117248535 14.00005054473877 0
vertex 7.049981117248535 17.550050735473633 0
vertex 7.749980926513672 14.00005054473877 0
endloop
endfacet
facet normal 0 0 1
outer loop
vertex -45.85001754760742 -16.34994888305664 2.200000047683716
vertex -49.150020599365234 -0.6499490737915039 2.200000047683716
vertex -49.150020599365234 -16.34994888305664 2.200000047683716
endloop
endfacet
facet normal 0 0 -1
outer loop
vertex -70.81040954589844 -45.52886199951172 0
vertex -64.75001525878906 -30.999948501586914 0
vertex -64.05001831054688 -34.549949645996094 0
endloop
endfacet
facet normal 0 0 -1
outer loop
vertex -64.05001831054688 -23.999948501586914 0
vertex -70.4637680053711 -4.06585693359375 0
vertex -64.05001831054688 -20.449949264526367 0
endloop
endfacet
facet normal 0 0 -1
outer loop
vertex -64.05001831054688 -34.549949645996094 0
vertex -47.95001983642578 -36.99995040893555 0
vertex -70.81040954589844 -45.52886199951172 0
endloop
endfacet
facet normal 0 0 -1
outer loop
vertex -70.81040954589844 -45.52886199951172 0
vertex -47.95001983642578 -36.99995040893555 0
vertex -47.91576385498047 -37.172157287597656 0
endloop
endfacet
facet normal 0 0 -1
outer loop
vertex -70.81040954589844 -45.52886199951172 0
vertex -47.81821823120117 -37.318145751953125 0
vertex -47.67222595214844 -37.41569519042969 0
endloop
endfacet
facet normal 0 0 -1
outer loop
vertex -47.81821823120117 -37.318145751953125 0
vertex -70.81040954589844 -45.52886199951172 0
vertex -47.91576385498047 -37.172157287597656 0
endloop
endfacet
facet normal -0.7111061589516071 -0.7030846540076747 0
outer loop
vertex -71.81775665283203 -45.52043914794922 0.20000000298023224
vertex -70.76319122314453 -46.5870361328125 0
vertex -71.81775665283203 -45.52043914794922 1.7000000476837158
endloop
endfacet
facet normal -0.008359654256673853 -0.9999650574798645 0
outer loop
vertex -72.10618591308594 -45.01801300048828 0.20000000298023224
vertex -72.80615997314453 -45.01216125488281 1.7000000476837158
vertex -72.80615997314453 -45.01216125488281 0.20000000298023224
endloop
endfacet
facet normal -0.7111067934748697 -0.703084012244546 0
outer loop
vertex -72.1079330444336 -45.226951599121094 0.20000000298023224
vertex -71.81775665283203 -45.52043914794922 0.20000000298023224
vertex -71.81775665283203 -45.52043914794922 1.7000000476837158
endloop
endfacet
facet normal 0 0 1
outer loop
vertex 70.19998168945312 21.52667808532715 2.200000047683716
vertex 71.49998474121094 18.779430389404297 2.200000047683716
vertex 71.49998474121094 21.52667808532715 2.200000047683716
endloop
endfacet
facet normal 0 0 1
outer loop
vertex -45.85001754760742 -35.34994888305664 2.200000047683716
vertex -31.1500186920166 -42.49995040893555 2.200000047683716
vertex -31.12792205810547 -42.275596618652344 2.200000047683716
endloop
endfacet
facet normal 0 0 1
outer loop
vertex -45.85001754760742 -35.34994888305664 2.200000047683716
vertex -31.12792205810547 -42.275596618652344 2.200000047683716
vertex -30.1500186920166 -35.34994888305664 2.200000047683716
endloop
endfacet
facet normal 0 0 1
outer loop
vertex -30.1500186920166 -35.34994888305664 2.200000047683716
vertex -31.12792205810547 -42.275596618652344 2.200000047683716
vertex -31.062480926513672 -42.05986404418945 2.200000047683716
endloop
endfacet
facet normal 0 0 1
outer loop
vertex -31.062480926513672 -42.05986404418945 2.200000047683716
vertex -30.956209182739258 -41.86104202270508 2.200000047683716
vertex -30.1500186920166 -35.34994888305664 2.200000047683716
endloop
endfacet
facet normal 0 0 1
outer loop
vertex -30.81319236755371 -41.68677520751953 2.200000047683716
vertex -30.1500186920166 -35.34994888305664 2.200000047683716
vertex -30.956209182739258 -41.86104202270508 2.200000047683716
endloop
endfacet
facet normal 0 0 1
outer loop
vertex -30.638925552368164 -41.543758392333984 2.200000047683716
vertex -30.1500186920166 -35.34994888305664 2.200000047683716
vertex -30.81319236755371 -41.68677520751953 2.200000047683716
endloop
endfacet
facet normal 0 0 1
outer loop
vertex -30.440105438232422 -41.4374885559082 2.200000047683716
vertex -30.1500186920166 -35.34994888305664 2.200000047683716
vertex -30.638925552368164 -41.543758392333984 2.200000047683716
endloop
endfacet
facet normal 0 0 1
outer loop
vertex -30.1500186920166 -35.34994888305664 2.200000047683716
vertex -30.440105438232422 -41.4374885559082 2.200000047683716
vertex -30.22437286376953 -41.372047424316406 2.200000047683716
endloop
endfacet
facet normal 0 0 1
outer loop
vertex -30.000019073486328 -41.34994888305664 2.200000047683716
vertex -30.1500186920166 -35.34994888305664 2.200000047683716
vertex -30.22437286376953 -41.372047424316406 2.200000047683716
endloop
endfacet
facet normal 0 0 1
outer loop
vertex -29.775665283203125 -41.372047424316406 2.200000047683716
vertex -30.1500186920166 -35.34994888305664 2.200000047683716
vertex -30.000019073486328 -41.34994888305664 2.200000047683716
endloop
endfacet
facet normal 0 0 1
outer loop
vertex -30.1500186920166 -35.34994888305664 2.200000047683716
vertex -29.775665283203125 -41.372047424316406 2.200000047683716
vertex -26.850019454956055 -35.34994888305664 2.200000047683716
endloop
endfacet
facet normal 0 0 1
outer loop
vertex -70.81040954589844 -45.52886199951172 2.200000047683716
vertex -70.76319122314453 -46.5870361328125 2.200000047683716
vertex 68.0707778930664 -47.00130844116211 2.200000047683716
endloop
endfacet
facet normal 0 0 1
outer loop
vertex -29.0438289642334 -41.86104202270508 2.200000047683716
vertex -28.937557220458984 -42.05986404418945 2.200000047683716
vertex -11.150018692016602 -35.34994888305664 2.200000047683716
endloop
endfacet
facet normal 0 0 1
outer loop
vertex -29.186845779418945 -41.68677520751953 2.200000047683716
vertex -29.0438289642334 -41.86104202270508 2.200000047683716
vertex -11.150018692016602 -35.34994888305664 2.200000047683716
endloop
endfacet
facet normal 0 0 1
outer loop
vertex -29.559932708740234 -41.4374885559082 2.200000047683716
vertex -11.150018692016602 -35.34994888305664 2.200000047683716
vertex -29.775665283203125 -41.372047424316406 2.200000047683716
endloop
endfacet
facet normal 0 0 1
outer loop
vertex -29.361112594604492 -41.543758392333984 2.200000047683716
vertex -11.150018692016602 -35.34994888305664 2.200000047683716
vertex -29.559932708740234 -41.4374885559082 2.200000047683716
endloop
endfacet
facet normal 0 0 1
outer loop
vertex -29.361112594604492 -41.543758392333984 2.200000047683716
vertex -29.186845779418945 -41.68677520751953 2.200000047683716
vertex -11.150018692016602 -35.34994888305664 2.200000047683716
endloop
endfacet
facet normal 0 0 1
outer loop
vertex -29.775665283203125 -41.372047424316406 2.200000047683716
vertex -11.150018692016602 -35.34994888305664 2.200000047683716
vertex -26.850019454956055 -35.34994888305664 2.200000047683716
endloop
endfacet
facet normal 0 0 1
outer loop
vertex -30.1500186920166 -35.34994888305664 2.200000047683716
vertex -26.850019454956055 -35.34994888305664 2.200000047683716
vertex -30.1500186920166 -19.64995002746582 2.200000047683716
endloop
endfacet
facet normal 0 0 1
outer loop
vertex 71.49998474121094 18.779430389404297 2.200000047683716
vertex 70.19998168945312 21.52667808532715 2.200000047683716
vertex 64.84998321533203 21.65005111694336 2.200000047683716
endloop
endfacet
facet normal 0 0 1
outer loop
vertex 70.19998168945312 18.779430389404297 2.200000047683716
vertex 71.49998474121094 18.779430389404297 2.200000047683716
vertex 64.84998321533203 21.65005111694336 2.200000047683716
endloop
endfacet
facet normal 0 0 1
outer loop
vertex 64.84998321533203 18.35004997253418 2.200000047683716
vertex 70.19998168945312 18.779430389404297 2.200000047683716
vertex 64.84998321533203 21.65005111694336 2.200000047683716
endloop
endfacet
facet normal 0 0 1
outer loop
vertex 70.19998168945312 -0.22056891024112701 2.200000047683716
vertex 70.19998168945312 18.779430389404297 2.200000047683716
vertex 64.84998321533203 18.35004997253418 2.200000047683716
endloop
endfacet
facet normal 0 0 1
outer loop
vertex 64.84998321533203 18.35004997253418 2.200000047683716
vertex 64.84998321533203 21.65005111694336 2.200000047683716
vertex 49.14998245239258 18.35004997253418 2.200000047683716
endloop
endfacet
facet normal 0 0 1
outer loop
vertex 64.84998321533203 21.65005111694336 2.200000047683716
vertex 49.14998245239258 21.65005111694336 2.200000047683716
vertex 49.14998245239258 18.35004997253418 2.200000047683716
endloop
endfacet
facet normal 0 0 1
outer loop
vertex 70.19998168945312 -0.22056891024112701 2.200000047683716
vertex 64.84998321533203 18.35004997253418 2.200000047683716
vertex 64.84998321533203 2.6500508785247803 2.200000047683716
endloop
endfacet
facet normal 0 0 1
outer loop
vertex 70.19998168945312 -0.22056891024112701 2.200000047683716
vertex 71.49998474121094 -2.96781587600708 2.200000047683716
vertex 71.49998474121094 -0.22056891024112701 2.200000047683716
endloop
endfacet
facet normal 0 0 1
outer loop
vertex 64.84998321533203 -0.6499490737915039 2.200000047683716
vertex 70.19998168945312 -2.96781587600708 2.200000047683716
vertex 70.19998168945312 -0.22056891024112701 2.200000047683716
endloop
endfacet
facet normal 0 0 1
outer loop
vertex 64.84998321533203 -0.6499490737915039 2.200000047683716
vertex 70.19998168945312 -0.22056891024112701 2.200000047683716
vertex 64.84998321533203 2.6500508785247803 2.200000047683716
endloop
endfacet
facet normal 0 0 1
outer loop
vertex 64.84998321533203 -0.6499490737915039 2.200000047683716
vertex 64.84998321533203 2.6500508785247803 2.200000047683716
vertex 49.14998245239258 -0.6499490737915039 2.200000047683716
endloop
endfacet
facet normal 0 0 1
outer loop
vertex -30.000019073486328 -43.64994812011719 2.200000047683716
vertex -70.81040954589844 -45.52886199951172 2.200000047683716
vertex 68.0707778930664 -47.00130844116211 2.200000047683716
endloop
endfacet
facet normal 0 0 1
outer loop
vertex -7.8500189781188965 -35.34994888305664 2.200000047683716
vertex -11.150018692016602 -19.64995002746582 2.200000047683716
vertex -11.150018692016602 -35.34994888305664 2.200000047683716
endloop
endfacet
facet normal 0 0 1
outer loop
vertex 49.14998245239258 -0.6499490737915039 2.200000047683716
vertex 64.84998321533203 2.6500508785247803 2.200000047683716
vertex 49.14998245239258 2.6500508785247803 2.200000047683716
endloop
endfacet
facet normal 0 0 1
outer loop
vertex 49.14998245239258 18.35004997253418 2.200000047683716
vertex 45.849979400634766 21.65005111694336 2.200000047683716
vertex 45.849979400634766 18.35004997253418 2.200000047683716
endloop
endfacet
facet normal 0 0 1
outer loop
vertex -7.8500189781188965 -35.34994888305664 2.200000047683716
vertex -7.8500189781188965 -19.64995002746582 2.200000047683716
vertex -11.150018692016602 -19.64995002746582 2.200000047683716
endloop
endfacet
facet normal 0 0 1
outer loop
vertex 49.14998245239258 18.35004997253418 2.200000047683716
vertex 45.849979400634766 18.35004997253418 2.200000047683716
vertex 49.14998245239258 2.6500508785247803 2.200000047683716
endloop
endfacet
facet normal 0 0 1
outer loop
vertex 45.849979400634766 21.65005111694336 2.200000047683716
vertex 30.149980545043945 18.35004997253418 2.200000047683716
vertex 45.849979400634766 18.35004997253418 2.200000047683716
endloop
endfacet
facet normal 0 0 1
outer loop
vertex 45.849979400634766 2.6500508785247803 2.200000047683716
vertex 49.14998245239258 2.6500508785247803 2.200000047683716
vertex 45.849979400634766 18.35004997253418 2.200000047683716
endloop
endfacet
facet normal 0 0 1
outer loop
vertex 45.849979400634766 2.6500508785247803 2.200000047683716
vertex 49.14998245239258 -0.6499490737915039 2.200000047683716
vertex 49.14998245239258 2.6500508785247803 2.200000047683716
endloop
endfacet
facet normal 0 0 1
outer loop
vertex 45.849979400634766 -0.6499490737915039 2.200000047683716
vertex 49.14998245239258 -0.6499490737915039 2.200000047683716
vertex 45.849979400634766 2.6500508785247803 2.200000047683716
endloop
endfacet
facet normal 0 0 1
outer loop
vertex 45.849979400634766 -0.6499490737915039 2.200000047683716
vertex 45.849979400634766 2.6500508785247803 2.200000047683716
vertex 30.149980545043945 -0.6499490737915039 2.200000047683716
endloop
endfacet
facet normal 1 0 0
outer loop
vertex 71.49998474121094 18.779430389404297 2.200000047683716
vertex 71.49998474121094 18.779430389404297 1.7000000476837158
vertex 71.49998474121094 21.52667808532715 2.200000047683716
endloop
endfacet
facet normal 0 0 -1
outer loop
vertex -64.05001831054688 -20.449949264526367 0
vertex -70.4637680053711 -4.06585693359375 0
vertex -64.05001831054688 -15.549948692321777 0
endloop
endfacet
facet normal 0 0 1
outer loop
vertex -45.85001754760742 -19.64995002746582 2.200000047683716
vertex -30.1500186920166 -16.34994888305664 2.200000047683716
vertex -45.85001754760742 -16.34994888305664 2.200000047683716
endloop
endfacet
facet normal 0 0 1
outer loop
vertex -45.85001754760742 -19.64995002746582 2.200000047683716
vertex -45.85001754760742 -16.34994888305664 2.200000047683716
vertex -49.150020599365234 -19.64995002746582 2.200000047683716
endloop
endfacet
facet normal 0 0 1
outer loop
vertex -49.150020599365234 -19.64995002746582 2.200000047683716
vertex -45.85001754760742 -16.34994888305664 2.200000047683716
vertex -49.150020599365234 -16.34994888305664 2.200000047683716
endloop
endfacet
facet normal 0 0 1
outer loop
vertex -64.85002136230469 -19.64995002746582 2.200000047683716
vertex -49.150020599365234 -19.64995002746582 2.200000047683716
vertex -49.150020599365234 -16.34994888305664 2.200000047683716
endloop
endfacet
facet normal 1 0 0
outer loop
vertex 71.49998474121094 18.779430389404297 1.7000000476837158
vertex 71.49998474121094 21.52667808532715 1.7000000476837158
vertex 71.49998474121094 21.52667808532715 2.200000047683716
endloop
endfacet
facet normal 0 0 -1
outer loop
vertex -64.75001525878906 -11.99994945526123 0
vertex -64.05001831054688 -11.99994945526123 0
vertex -64.05001831054688 -15.549948692321777 0
endloop
endfacet
facet normal 0 0 -1
outer loop
vertex 11.249980926513672 7.000051021575928 0
vertex 11.949980735778809 3.4500508308410645 0
vertex 7.749980926513672 14.00005054473877 0
endloop
endfacet
facet normal -0.9999650408401439 0.00836164442972296 0
outer loop
vertex -72.10618591308594 -45.01801300048828 0.20000000298023224
vertex -72.1079330444336 -45.226951599121094 0.20000000298023224
vertex -72.10618591308594 -45.01801300048828 1.7000000476837158
endloop
endfacet
facet normal 0 0 -1
outer loop
vertex 11.949980735778809 3.4500508308410645 0
vertex 7.749980926513672 7.000051021575928 0
vertex 7.749980926513672 14.00005054473877 0
endloop
endfacet
facet normal 0 0 -1
outer loop
vertex 11.249980926513672 7.000051021575928 0
vertex 11.949980735778809 7.000051021575928 0
vertex 11.949980735778809 3.4500508308410645 0
endloop
endfacet
facet normal 0 0 -1
outer loop
vertex 11.949980735778809 3.4500508308410645 0
vertex 7.049981117248535 7.000051021575928 0
vertex 7.749980926513672 7.000051021575928 0
endloop
endfacet
facet normal -0.9999650571344957 0.008359695568890171 0
outer loop
vertex -72.79248046875 -43.3758544921875 0.20000000298023224
vertex -72.80615997314453 -45.01216125488281 0.20000000298023224
vertex -72.80615997314453 -45.01216125488281 1.7000000476837158
endloop
endfacet
facet normal 0 0 1
outer loop
vertex -70.43480682373047 -0.6015232801437378 2.200000047683716
vertex -64.85002136230469 -16.34994888305664 2.200000047683716
vertex -64.85002136230469 -0.6499490737915039 2.200000047683716
endloop
endfacet
facet normal 0 0 1
outer loop
vertex -71.7347640991211 -0.5906553268432617 2.200000047683716
vertex -70.4637680053711 -4.06585693359375 2.200000047683716
vertex -70.43480682373047 -0.6015232801437378 2.200000047683716
endloop
endfacet
facet normal 0 0 1
outer loop
vertex -71.7347640991211 -0.5906553268432617 2.200000047683716
vertex -71.76372528076172 -4.054988861083984 2.200000047683716
vertex -70.4637680053711 -4.06585693359375 2.200000047683716
endloop
endfacet
facet normal 0 0 1
outer loop
vertex -70.4637680053711 -4.06585693359375 2.200000047683716
vertex -64.85002136230469 -16.34994888305664 2.200000047683716
vertex -70.43480682373047 -0.6015232801437378 2.200000047683716
endloop
endfacet
facet normal 0 0 1
outer loop
vertex -30.1500186920166 -19.64995002746582 2.200000047683716
vertex -26.850019454956055 -35.34994888305664 2.200000047683716
vertex -30.1500186920166 -16.34994888305664 2.200000047683716
endloop
endfacet
facet normal 0 0 1
outer loop
vertex -26.850019454956055 -19.64995002746582 2.200000047683716
vertex -30.1500186920166 -16.34994888305664 2.200000047683716
vertex -26.850019454956055 -35.34994888305664 2.200000047683716
endloop
endfacet
facet normal 0 0 -1
outer loop
vertex 11.949980735778809 3.4500508308410645 0
vertex 26.04998207092285 3.4500508308410645 0
vertex 11.949980735778809 -1.4499491453170776 0
endloop
endfacet
facet normal 0 0 -1
outer loop
vertex 11.949980735778809 -1.4499491453170776 0
vertex 7.049981117248535 -1.4499491453170776 0
vertex 11.949980735778809 3.4500508308410645 0
endloop
endfacet
facet normal 0 0 1
outer loop
vertex -30.1500186920166 -19.64995002746582 2.200000047683716
vertex -30.1500186920166 -16.34994888305664 2.200000047683716
vertex -45.85001754760742 -19.64995002746582 2.200000047683716
endloop
endfacet
facet normal 0 0 1
outer loop
vertex -26.850019454956055 -16.34994888305664 2.200000047683716
vertex -26.850019454956055 -19.64995002746582 2.200000047683716
vertex -11.150018692016602 -16.34994888305664 2.200000047683716
endloop
endfacet
facet normal 0 0 -1
outer loop
vertex -64.75001525878906 -30.999948501586914 0
vertex -70.81040954589844 -45.52886199951172 0
vertex -70.65157318115234 -26.529525756835938 0
endloop
endfacet
facet normal 0 0 -1
outer loop
vertex 11.949980735778809 3.4500508308410645 0
vertex 7.049981117248535 3.4500508308410645 0
vertex 7.049981117248535 7.000051021575928 0
endloop
endfacet
facet normal 1 0 0
outer loop
vertex 71.49998474121094 -0.22056891024112701 2.200000047683716
vertex 71.49998474121094 -2.96781587600708 1.7000000476837158
vertex 71.49998474121094 -0.22056891024112701 1.7000000476837158
endloop
endfacet
facet normal 0 0 -1
outer loop
vertex 7.049981117248535 -1.4499491453170776 0
vertex 7.049981117248535 3.4500508308410645 0
vertex 11.949980735778809 3.4500508308410645 0
endloop
endfacet
facet normal 0 0 -1
outer loop
vertex 7.049981117248535 -1.4499491453170776 0
vertex -7.050018787384033 -1.4499491453170776 0
vertex 7.049981117248535 3.4500508308410645 0
endloop
endfacet
facet normal 0 0 -1
outer loop
vertex -64.75001525878906 -30.999948501586914 0
vertex -64.05001831054688 -30.999948501586914 0
vertex -64.05001831054688 -34.549949645996094 0
endloop
endfacet
facet normal 0 0 -1
outer loop
vertex 11.949980735778809 17.550050735473633 0
vertex 26.04998207092285 22.450050354003906 0
vertex 26.04998207092285 17.550050735473633 0
endloop
endfacet
facet normal 0 0 -1
outer loop
vertex 30.249980926513672 7.000051021575928 0
vertex 26.749980926513672 14.00005054473877 0
vertex 30.249980926513672 14.00005054473877 0
endloop
endfacet
facet normal 0 0 -1
outer loop
vertex 30.249980926513672 14.00005054473877 0
vertex 26.749980926513672 14.00005054473877 0
vertex 26.04998207092285 17.550050735473633 0
endloop
endfacet
facet normal 0 0 -1
outer loop
vertex 30.249980926513672 14.00005054473877 0
vertex 30.949981689453125 17.550050735473633 0
vertex 30.949981689453125 14.00005054473877 0
endloop
endfacet
facet normal 0 0 1
outer loop
vertex -30.1500186920166 -16.34994888305664 2.200000047683716
vertex -26.850019454956055 -19.64995002746582 2.200000047683716
vertex -30.1500186920166 -0.6499490737915039 2.200000047683716
endloop
endfacet
facet normal 0 0 1
outer loop
vertex -26.850019454956055 -16.34994888305664 2.200000047683716
vertex -30.1500186920166 -0.6499490737915039 2.200000047683716
vertex -26.850019454956055 -19.64995002746582 2.200000047683716
endloop
endfacet
facet normal 0 0 1
outer loop
vertex 70.19998168945312 -2.96781587600708 2.200000047683716
vertex 71.49998474121094 -2.96781587600708 2.200000047683716
vertex 70.19998168945312 -0.22056891024112701 2.200000047683716
endloop
endfacet
facet normal 0 0 1
outer loop
vertex 64.84998321533203 -16.34994888305664 2.200000047683716
vertex 70.19998168945312 -2.96781587600708 2.200000047683716
vertex 64.84998321533203 -0.6499490737915039 2.200000047683716
endloop
endfacet
facet normal 0 0 1
outer loop
vertex -30.1500186920166 -0.6499490737915039 2.200000047683716
vertex -26.850019454956055 -16.34994888305664 2.200000047683716
vertex -26.850019454956055 -0.6499490737915039 2.200000047683716
endloop
endfacet
facet normal 0 0 -1
outer loop
vertex -70.65157318115234 -26.529525756835938 0
vertex -71.95152282714844 -26.518657684326172 0
vertex -64.75001525878906 -23.999948501586914 0
endloop
endfacet
facet normal 0 0 -1
outer loop
vertex -64.75001525878906 -23.999948501586914 0
vertex -71.95152282714844 -26.518657684326172 0
vertex -70.62261199951172 -23.06519317626953 0
endloop
endfacet
facet normal -0.99996505857279 0.008359523522094955 0
outer loop
vertex -71.95152282714844 -26.518657684326172 0
vertex -71.95152282714844 -26.518657684326172 0.20000000298023224
vertex -71.92256164550781 -23.054325103759766 0.20000000298023224
endloop
endfacet
facet normal 0 0 -1
outer loop
vertex -64.75001525878906 -30.999948501586914 0
vertex -70.65157318115234 -26.529525756835938 0
vertex -64.75001525878906 -23.999948501586914 0
endloop
endfacet
facet normal 0 0 -1
outer loop
vertex 30.249980926513672 14.00005054473877 0
vertex 26.04998207092285 17.550050735473633 0
vertex 30.949981689453125 17.550050735473633 0
endloop
endfacet
facet normal -0.9999650571231098 0.008359696543236707 0.0000025457000461796874
outer loop
vertex -72.65568542480469 -27.012788772583008 0.20000000298023224
vertex -72.79248046875 -43.3758544921875 0.20000000298023224
vertex -72.68988037109375 -31.10355567932129 1.7000000476837158
endloop
endfacet
facet normal 0.008359563147657184 0.999965058241527 0
outer loop
vertex -71.95570373535156 -27.018640518188477 0.20000000298023224
vertex -72.65568542480469 -27.012788772583008 0.20000000298023224
vertex -71.95570373535156 -27.018640518188477 1.7000000476837158
endloop
endfacet
facet normal -0.999965039432046 0.008361811152402558 -0.000005283777539523226
outer loop
vertex -71.95152282714844 -26.518657684326172 0.20000000298023224
vertex -71.95570373535156 -27.018640518188477 0.20000000298023224
vertex -71.92256164550781 -23.054325103759766 1.7000000476837158
endloop
endfacet
facet normal 0 0 1
outer loop
vertex 71.19131469726562 41.19581604003906 2.200000047683716
vertex -67.8948745727539 44.000389099121094 2.200000047683716
vertex 71.44963073730469 40.526676177978516 2.200000047683716
endloop
endfacet
facet normal 0 0 1
outer loop
vertex 69.10165405273438 43.49898147583008 2.200000047683716
vertex -67.8948745727539 44.000389099121094 2.200000047683716
vertex 71.19131469726562 41.19581604003906 2.200000047683716
endloop
endfacet
facet normal 0 0 1
outer loop
vertex -11.150018692016602 -19.64995002746582 2.200000047683716
vertex -11.150018692016602 -16.34994888305664 2.200000047683716
vertex -26.850019454956055 -19.64995002746582 2.200000047683716
endloop
endfacet
facet normal 0 0 1
outer loop
vertex -11.150018692016602 -19.64995002746582 2.200000047683716
vertex -7.8500189781188965 -19.64995002746582 2.200000047683716
vertex -11.150018692016602 -16.34994888305664 2.200000047683716
endloop
endfacet
facet normal 0 0 1
outer loop
vertex -11.150018692016602 -16.34994888305664 2.200000047683716
vertex -7.8500189781188965 -19.64995002746582 2.200000047683716
vertex -7.8500189781188965 -16.34994888305664 2.200000047683716
endloop
endfacet
facet normal 0 0 1
outer loop
vertex -7.8500189781188965 -19.64995002746582 2.200000047683716
vertex 7.849981307983398 -16.34994888305664 2.200000047683716
vertex -7.8500189781188965 -16.34994888305664 2.200000047683716
endloop
endfacet
facet normal 0 0 1
outer loop
vertex 68.2128677368164 43.893096923828125 2.200000047683716
vertex -67.8948745727539 44.000389099121094 2.200000047683716
vertex 69.10165405273438 43.49898147583008 2.200000047683716
endloop
endfacet
facet normal 0 0 1
outer loop
vertex -67.8948745727539 44.000389099121094 2.200000047683716
vertex 70.19998168945312 40.526676177978516 2.200000047683716
vertex 71.44963073730469 40.526676177978516 2.200000047683716
endloop
endfacet
facet normal 0 0 1
outer loop
vertex 26.8499813079834 37.35005187988281 2.200000047683716
vertex 30.149980545043945 21.65005111694336 2.200000047683716
vertex 30.149980545043945 37.35005187988281 2.200000047683716
endloop
endfacet
facet normal 0 0 1
outer loop
vertex 30.149980545043945 21.65005111694336 2.200000047683716
vertex 26.8499813079834 37.35005187988281 2.200000047683716
vertex 26.8499813079834 21.65005111694336 2.200000047683716
endloop
endfacet
facet normal 0 0 1
outer loop
vertex -7.8500189781188965 -16.34994888305664 2.200000047683716
vertex -11.150018692016602 -0.6499490737915039 2.200000047683716
vertex -11.150018692016602 -16.34994888305664 2.200000047683716
endloop
endfacet
facet normal 0 0 1
outer loop
vertex 49.14998245239258 37.35005187988281 2.200000047683716
vertex 70.19998168945312 40.526676177978516 2.200000047683716
vertex -67.8948745727539 44.000389099121094 2.200000047683716
endloop
endfacet
facet normal 0 0 1
outer loop
vertex -7.8500189781188965 -16.34994888305664 2.200000047683716
vertex -7.8500189781188965 -0.6499490737915039 2.200000047683716
vertex -11.150018692016602 -0.6499490737915039 2.200000047683716
endloop
endfacet
facet normal 0 0 1
outer loop
vertex 45.849979400634766 37.35005187988281 2.200000047683716
vertex 49.14998245239258 37.35005187988281 2.200000047683716
vertex -67.8948745727539 44.000389099121094 2.200000047683716
endloop
endfacet
facet normal 0 0 1
outer loop
vertex 45.849979400634766 37.35005187988281 2.200000047683716
vertex -67.8948745727539 44.000389099121094 2.200000047683716
vertex 30.149980545043945 37.35005187988281 2.200000047683716
endloop
endfacet
facet normal 0 0 1
outer loop
vertex 7.849981307983398 37.35005187988281 2.200000047683716
vertex 11.149981498718262 21.65005111694336 2.200000047683716
vertex 11.149981498718262 37.35005187988281 2.200000047683716
endloop
endfacet
facet normal 0 0 1
outer loop
vertex 11.149981498718262 21.65005111694336 2.200000047683716
vertex 7.849981307983398 37.35005187988281 2.200000047683716
vertex 11.149981498718262 18.35004997253418 2.200000047683716
endloop
endfacet
facet normal 0 0 1
outer loop
vertex 7.849981307983398 21.65005111694336 2.200000047683716
vertex 11.149981498718262 18.35004997253418 2.200000047683716
vertex 7.849981307983398 37.35005187988281 2.200000047683716
endloop
endfacet
facet normal 0 0 -1
outer loop
vertex 30.949981689453125 17.550050735473633 0
vertex 26.04998207092285 17.550050735473633 0
vertex 26.04998207092285 22.450050354003906 0
endloop
endfacet
facet normal 0 0 -1
outer loop
vertex 26.04998207092285 22.450050354003906 0
vertex 30.949981689453125 22.450050354003906 0
vertex 30.949981689453125 17.550050735473633 0
endloop
endfacet
facet normal 0 0 -1
outer loop
vertex 30.949981689453125 22.450050354003906 0
vertex 45.04998016357422 17.550050735473633 0
vertex 30.949981689453125 17.550050735473633 0
endloop
endfacet
facet normal -0.99996505857279 0.008359523522094955 0
outer loop
vertex -71.92256164550781 -23.054325103759766 0
vertex -71.95152282714844 -26.518657684326172 0
vertex -71.92256164550781 -23.054325103759766 0.20000000298023224
endloop
endfacet
facet normal 0 0 -1
outer loop
vertex -70.62261199951172 -23.06519317626953 0
vertex -71.95152282714844 -26.518657684326172 0
vertex -71.92256164550781 -23.054325103759766 0
endloop
endfacet
facet normal 0 0 -1
outer loop
vertex -64.05001831054688 -1.4499491453170776 0
vertex -70.43480682373047 -0.6015232801437378 0
vertex -70.27596282958984 18.397811889648438 0
endloop
endfacet
facet normal 0 0 -1
outer loop
vertex -64.05001831054688 -1.4499491453170776 0
vertex -70.27596282958984 18.397811889648438 0
vertex -64.05001831054688 3.4500508308410645 0
endloop
endfacet
facet normal 0 0 -1
outer loop
vertex -64.75001525878906 7.000051021575928 0
vertex -64.05001831054688 7.000051021575928 0
vertex -64.05001831054688 3.4500508308410645 0
endloop
endfacet
facet normal 0 0 -1
outer loop
vertex -64.75001525878906 7.000051021575928 0
vertex -64.05001831054688 3.4500508308410645 0
vertex -70.27596282958984 18.397811889648438 0
endloop
endfacet
facet normal -0.9999650585724994 0.008359523522092526 7.625705837526356e-7
outer loop
vertex -71.92256164550781 -23.054325103759766 1.7000000476837158
vertex -71.95570373535156 -27.018640518188477 0.20000000298023224
vertex -71.95152282714844 -26.518657684326172 1.7000000476837158
endloop
endfacet
facet normal 0 0 -1
outer loop
vertex -64.05001831054688 3.4500508308410645 0
vertex -49.95001983642578 -1.4499491453170776 0
vertex -64.05001831054688 -1.4499491453170776 0
endloop
endfacet
facet normal -0.008360016117490756 -0.999965054454662 0
outer loop
vertex -71.73058319091797 -0.09067279100418091 0.20000000298023224
vertex -72.43055725097656 -0.08482079207897186 1.7000000476837158
vertex -72.43055725097656 -0.08482079207897186 0.20000000298023224
endloop
endfacet
facet normal -0.9999650394043291 0.008361816136372711 0
outer loop
vertex -71.73058319091797 -0.09067279100418091 0.20000000298023224
vertex -71.7347640991211 -0.5906553268432617 0.20000000298023224
vertex -71.7347640991211 -0.5906553268432617 1.7000000476837158
endloop
endfacet
facet normal -0.9999650571211316 0.008359697167472016 0
outer loop
vertex -72.41687774658203 1.5514856576919556 0.20000000298023224
vertex -72.43055725097656 -0.08482079207897186 0.20000000298023224
vertex -72.43055725097656 -0.08482079207897186 1.7000000476837158
endloop
endfacet
facet normal -0.9999650394460047 0.008361811152519282 0
outer loop
vertex -71.95570373535156 -27.018640518188477 0.20000000298023224
vertex -71.95570373535156 -27.018640518188477 1.7000000476837158
vertex -71.95152282714844 -26.518657684326172 1.7000000476837158
endloop
endfacet
facet normal 0 0 -1
outer loop
vertex -64.75001525878906 7.000051021575928 0
vertex -70.27596282958984 18.397811889648438 0
vertex -64.75001525878906 14.00005054473877 0
endloop
endfacet
facet normal 0 0 -1
outer loop
vertex -64.75001525878906 14.00005054473877 0
vertex -70.27596282958984 18.397811889648438 0
vertex -64.05001831054688 14.00005054473877 0
endloop
endfacet
facet normal 0.008359563147657184 0.999965058241527 0
outer loop
vertex -71.95570373535156 -27.018640518188477 1.7000000476837158
vertex -72.65568542480469 -27.012788772583008 0.20000000298023224
vertex -72.65568542480469 -27.012788772583008 1.7000000476837158
endloop
endfacet
facet normal -0.9999650649290491 0.008358763152665588 0
outer loop
vertex -72.68988037109375 -31.10355567932129 1.7000000476837158
vertex -72.65568542480469 -27.012788772583008 1.7000000476837158
vertex -72.65568542480469 -27.012788772583008 0.20000000298023224
endloop
endfacet
facet normal 0 0 1
outer loop
vertex 64.84998321533203 -16.34994888305664 2.200000047683716
vertex 70.19998168945312 -21.967815399169922 2.200000047683716
vertex 70.19998168945312 -2.96781587600708 2.200000047683716
endloop
endfacet
facet normal 0 0 1
outer loop
vertex 71.49998474121094 -21.967815399169922 2.200000047683716
vertex 70.19998168945312 -21.967815399169922 2.200000047683716
vertex 71.49998474121094 -24.715063095092773 2.200000047683716
endloop
endfacet
facet normal 0 0 -1
outer loop
vertex -71.57592010498047 18.408679962158203 0
vertex -70.24700164794922 21.862146377563477 0
vertex -70.27596282958984 18.397811889648438 0
endloop
endfacet
facet normal 0 0 -1
outer loop
vertex -70.24700164794922 21.862146377563477 0
vertex -71.57592010498047 18.408679962158203 0
vertex -71.54695892333984 21.873014450073242 0
endloop
endfacet
facet normal -0.9999650586112633 0.008359518919937864 0
outer loop
vertex -71.54695892333984 21.873014450073242 0
vertex -71.57592010498047 18.408679962158203 0
vertex -71.54695892333984 21.873014450073242 0.20000000298023224
endloop
endfacet
facet normal -0.9999650586112633 0.008359518919937864 0
outer loop
vertex -71.54695892333984 21.873014450073242 0.20000000298023224
vertex -71.57592010498047 18.408679962158203 0
vertex -71.57592010498047 18.408679962158203 0.20000000298023224
endloop
endfacet
facet normal 0 0 -1
outer loop
vertex -64.05001831054688 14.00005054473877 0
vertex -70.27596282958984 18.397811889648438 0
vertex -64.05001831054688 17.550050735473633 0
endloop
endfacet
facet normal 0 0 -1
outer loop
vertex -64.05001831054688 17.550050735473633 0
vertex -70.27596282958984 18.397811889648438 0
vertex -70.24700164794922 21.862146377563477 0
endloop
endfacet
facet normal 0 0 1
outer loop
vertex 70.19998168945312 -21.967815399169922 2.200000047683716
vertex 70.19998168945312 -24.715063095092773 2.200000047683716
vertex 71.49998474121094 -24.715063095092773 2.200000047683716
endloop
endfacet
facet normal 0 0 -1
outer loop
vertex -64.05001831054688 17.550050735473633 0
vertex -59.300018310546875 22.450050354003906 0
vertex -49.95001983642578 17.550050735473633 0
endloop
endfacet
facet normal -0.9999650532253966 0.008360163055924304 -0.0000012680331484516712
outer loop
vertex -72.28007507324219 17.91455078125 0.20000000298023224
vertex -72.41687774658203 1.5514856576919556 0.20000000298023224
vertex -72.31427764892578 13.823783874511719 1.7000000476837158
endloop
endfacet
facet normal 0.008359654256673853 0.9999650574798645 0
outer loop
vertex -71.5801010131836 17.90869903564453 0.20000000298023224
vertex -72.28007507324219 17.91455078125 0.20000000298023224
vertex -71.5801010131836 17.90869903564453 1.7000000476837158
endloop
endfacet
facet normal -0.9999650391648726 0.008361843049163407 -0.00000536808265393582
outer loop
vertex -71.57592010498047 18.408679962158203 0.20000000298023224
vertex -71.5801010131836 17.90869903564453 0.20000000298023224
vertex -71.54695892333984 21.873014450073242 1.7000000476837158
endloop
endfacet
facet normal -0.9999650586112633 0.008359518919937864 0
outer loop
vertex -71.54695892333984 21.873014450073242 0.20000000298023224
vertex -71.57592010498047 18.408679962158203 0.20000000298023224
vertex -71.54695892333984 21.873014450073242 1.7000000476837158
endloop
endfacet
facet normal 0 0 -1
outer loop
vertex -49.95001983642578 -1.4499491453170776 0
vertex -64.05001831054688 3.4500508308410645 0
vertex -49.95001983642578 3.4500508308410645 0
endloop
endfacet
facet normal 0 0 -1
outer loop
vertex -45.050018310546875 -1.4499491453170776 0
vertex -49.95001983642578 -1.4499491453170776 0
vertex -49.95001983642578 3.4500508308410645 0
endloop
endfacet
facet normal 0 0 -1
outer loop
vertex -45.050018310546875 -1.4499491453170776 0
vertex -49.95001983642578 3.4500508308410645 0
vertex -45.050018310546875 3.4500508308410645 0
endloop
endfacet
facet normal 0 0 -1
outer loop
vertex -45.050018310546875 3.4500508308410645 0
vertex -49.95001983642578 3.4500508308410645 0
vertex -49.25001907348633 7.000051021575928 0
endloop
endfacet
facet normal 0 0 -1
outer loop
vertex -49.25001907348633 7.000051021575928 0
vertex -49.95001983642578 3.4500508308410645 0
vertex -49.95001983642578 7.000051021575928 0
endloop
endfacet
facet normal 0 0 -1
outer loop
vertex -45.050018310546875 3.4500508308410645 0
vertex -49.25001907348633 7.000051021575928 0
vertex -49.25001907348633 14.00005054473877 0
endloop
endfacet
facet normal 0 0 -1
outer loop
vertex -45.75001907348633 7.000051021575928 0
vertex -45.050018310546875 3.4500508308410645 0
vertex -49.25001907348633 14.00005054473877 0
endloop
endfacet
facet normal 0 0 -1
outer loop
vertex -45.050018310546875 3.4500508308410645 0
vertex -30.95001792907715 3.4500508308410645 0
vertex -45.050018310546875 -1.4499491453170776 0
endloop
endfacet
facet normal 0 0 -1
outer loop
vertex -45.050018310546875 3.4500508308410645 0
vertex -45.75001907348633 7.000051021575928 0
vertex -45.050018310546875 7.000051021575928 0
endloop
endfacet
facet normal 0 0 -1
outer loop
vertex -70.81040954589844 -45.52886199951172 0
vertex -47.67222595214844 -37.41569519042969 0
vertex -31.12792205810547 -42.72430419921875 0
endloop
endfacet
facet normal 0 0 -1
outer loop
vertex -47.95001983642578 -36.99995040893555 0
vertex -64.05001831054688 -34.549949645996094 0
vertex -47.91576385498047 -36.82773971557617 0
endloop
endfacet
facet normal 0 0 -1
outer loop
vertex -47.91576385498047 -36.82773971557617 0
vertex -64.05001831054688 -34.549949645996094 0
vertex -47.81821823120117 -36.6817512512207 0
endloop
endfacet
facet normal 0 0 -1
outer loop
vertex -45.75001907348633 7.000051021575928 0
vertex -49.25001907348633 14.00005054473877 0
vertex -45.75001907348633 14.00005054473877 0
endloop
endfacet
facet normal 0 0 -1
outer loop
vertex -49.95001983642578 14.00005054473877 0
vertex -49.95001983642578 17.550050735473633 0
vertex -49.25001907348633 14.00005054473877 0
endloop
endfacet
facet normal 0 0 -1
outer loop
vertex -45.75001907348633 14.00005054473877 0
vertex -49.25001907348633 14.00005054473877 0
vertex -45.050018310546875 17.550050735473633 0
endloop
endfacet
facet normal 0 0 -1
outer loop
vertex -59.300018310546875 22.450050354003906 0
vertex -45.20001983642578 22.450050354003906 0
vertex -49.95001983642578 17.550050735473633 0
endloop
endfacet
facet normal 0 0 -1
outer loop
vertex -45.050018310546875 17.550050735473633 0
vertex -49.25001907348633 14.00005054473877 0
vertex -49.95001983642578 17.550050735473633 0
endloop
endfacet
facet normal 0 0 -1
outer loop
vertex -45.050018310546875 17.550050735473633 0
vertex -49.95001983642578 17.550050735473633 0
vertex -45.20001983642578 22.450050354003906 0
endloop
endfacet
facet normal 0 0 -1
outer loop
vertex -45.75001907348633 14.00005054473877 0
vertex -45.050018310546875 17.550050735473633 0
vertex -45.050018310546875 14.00005054473877 0
endloop
endfacet
facet normal 0 0 -1
outer loop
vertex -45.20001983642578 26.000051498413086 0
vertex -30.95001792907715 17.550050735473633 0
vertex -45.050018310546875 17.550050735473633 0
endloop
endfacet
facet normal 0 0 1
outer loop
vertex -64.85002136230469 -19.64995002746582 2.200000047683716
vertex -49.150020599365234 -16.34994888305664 2.200000047683716
vertex -64.85002136230469 -16.34994888305664 2.200000047683716
endloop
endfacet
facet normal 0 0 1
outer loop
vertex -70.62261199951172 -23.06519317626953 2.200000047683716
vertex -64.85002136230469 -16.34994888305664 2.200000047683716
vertex -70.4637680053711 -4.06585693359375 2.200000047683716
endloop
endfacet
facet normal 0 0 1
outer loop
vertex -64.85002136230469 -19.64995002746582 2.200000047683716
vertex -64.85002136230469 -16.34994888305664 2.200000047683716
vertex -70.62261199951172 -23.06519317626953 2.200000047683716
endloop
endfacet
facet normal 0 0 1
outer loop
vertex -71.92256164550781 -23.054325103759766 2.200000047683716
vertex -70.65157318115234 -26.529525756835938 2.200000047683716
vertex -70.62261199951172 -23.06519317626953 2.200000047683716
endloop
endfacet
facet normal -0.008360016117490756 -0.999965054454662 0
outer loop
vertex -72.43055725097656 -0.08482079207897186 1.7000000476837158
vertex -71.73058319091797 -0.09067279100418091 0.20000000298023224
vertex -71.73058319091797 -0.09067279100418091 1.7000000476837158
endloop
endfacet
facet normal -0.9999650394043291 0.008361816136372711 0
outer loop
vertex -71.73058319091797 -0.09067279100418091 1.7000000476837158
vertex -71.73058319091797 -0.09067279100418091 0.20000000298023224
vertex -71.7347640991211 -0.5906553268432617 1.7000000476837158
endloop
endfacet
facet normal -0.9999650548276187 0.00835997150162331 2.992840679310042e-7
outer loop
vertex -72.31427764892578 13.823783874511719 1.7000000476837158
vertex -72.41687774658203 1.5514856576919556 0.20000000298023224
vertex -72.43055725097656 -0.08482079207897186 1.7000000476837158
endloop
endfacet
facet normal -0.9999650585920267 0.008359521221015777 0
outer loop
vertex -71.7347640991211 -0.5906553268432617 1.7000000476837158
vertex -71.76372528076172 -4.054988861083984 2.200000047683716
vertex -71.7347640991211 -0.5906553268432617 2.200000047683716
endloop
endfacet
facet normal 0 0 1
outer loop
vertex 70.19998168945312 -24.715063095092773 2.200000047683716
vertex 70.19998168945312 -21.967815399169922 2.200000047683716
vertex 64.84998321533203 -19.64995002746582 2.200000047683716
endloop
endfacet
facet normal -0.9999650585920267 0.008359521221015777 0
outer loop
vertex -71.7347640991211 -0.5906553268432617 1.7000000476837158
vertex -71.76372528076172 -4.054988861083984 1.7000000476837158
vertex -71.76372528076172 -4.054988861083984 2.200000047683716
endloop
endfacet
facet normal 0 0 1
outer loop
vertex 70.19998168945312 -21.967815399169922 2.200000047683716
vertex 64.84998321533203 -16.34994888305664 2.200000047683716
vertex 64.84998321533203 -19.64995002746582 2.200000047683716
endloop
endfacet
facet normal -0.9999650548321858 0.008359970955311232 3.0043209611002246e-7
outer loop
vertex -72.68988037109375 -31.10355567932129 1.7000000476837158
vertex -72.79248046875 -43.3758544921875 0.20000000298023224
vertex -72.80615997314453 -45.01216125488281 1.7000000476837158
endloop
endfacet
facet normal -0.7111061589516071 -0.7030846540076747 0
outer loop
vertex -71.81775665283203 -45.52043914794922 1.7000000476837158
vertex -70.76319122314453 -46.5870361328125 0
vertex -70.76319122314453 -46.5870361328125 2.200000047683716
endloop
endfacet
facet normal -0.999965049339073 0.008360627985092952 0
outer loop
vertex -72.31427764892578 13.823783874511719 1.7000000476837158
vertex -72.28007507324219 17.91455078125 1.7000000476837158
vertex -72.28007507324219 17.91455078125 0.20000000298023224
endloop
endfacet
facet normal 0.008359654256673853 0.9999650574798645 0
outer loop
vertex -71.5801010131836 17.90869903564453 1.7000000476837158
vertex -72.28007507324219 17.91455078125 0.20000000298023224
vertex -72.28007507324219 17.91455078125 1.7000000476837158
endloop
endfacet
facet normal -0.9999650391792801 0.008361843049283885 0
outer loop
vertex -71.5801010131836 17.90869903564453 0.20000000298023224
vertex -71.5801010131836 17.90869903564453 1.7000000476837158
vertex -71.57592010498047 18.408679962158203 1.7000000476837158
endloop
endfacet
facet normal -0.9999650586109632 0.008359518919935355 7.747343683103872e-7
outer loop
vertex -71.54695892333984 21.873014450073242 1.7000000476837158
vertex -71.5801010131836 17.90869903564453 0.20000000298023224
vertex -71.57592010498047 18.408679962158203 1.7000000476837158
endloop
endfacet
facet normal 0 0 1
outer loop
vertex 64.84998321533203 -16.34994888305664 2.200000047683716
vertex 49.14998245239258 -19.64995002746582 2.200000047683716
vertex 64.84998321533203 -19.64995002746582 2.200000047683716
endloop
endfacet
facet normal 0 0 1
outer loop
vertex 49.14998245239258 -19.64995002746582 2.200000047683716
vertex 64.84998321533203 -16.34994888305664 2.200000047683716
vertex 49.14998245239258 -16.34994888305664 2.200000047683716
endloop
endfacet
facet normal -0.9999650408401439 0.00836164442972296 0
outer loop
vertex -72.10618591308594 -45.01801300048828 1.7000000476837158
vertex -72.1079330444336 -45.226951599121094 0.20000000298023224
vertex -72.1079330444336 -45.226951599121094 1.7000000476837158
endloop
endfacet
facet normal -0.99996505857279 0.008359523522094956 0
outer loop
vertex -71.92256164550781 -23.054325103759766 1.7000000476837158
vertex -71.95152282714844 -26.518657684326172 2.200000047683716
vertex -71.92256164550781 -23.054325103759766 2.200000047683716
endloop
endfacet
facet normal -0.7111067934748697 -0.703084012244546 0
outer loop
vertex -72.1079330444336 -45.226951599121094 0.20000000298023224
vertex -71.81775665283203 -45.52043914794922 1.7000000476837158
vertex -72.1079330444336 -45.226951599121094 1.7000000476837158
endloop
endfacet
facet normal -0.008359654256673853 -0.9999650574798645 0
outer loop
vertex -72.80615997314453 -45.01216125488281 1.7000000476837158
vertex -72.10618591308594 -45.01801300048828 0.20000000298023224
vertex -72.10618591308594 -45.01801300048828 1.7000000476837158
endloop
endfacet
facet normal 0 0 -1
outer loop
vertex -47.81821823120117 -36.6817512512207 0
vertex -64.05001831054688 -34.549949645996094 0
vertex -47.91576385498047 -35.902156829833984 0
endloop
endfacet
facet normal -0.711106158951607 -0.7030846540076747 0
outer loop
vertex -71.81775665283203 -45.52043914794922 0
vertex -70.76319122314453 -46.5870361328125 0
vertex -71.81775665283203 -45.52043914794922 0.20000000298023224
endloop
endfacet
facet normal 0 0 -1
outer loop
vertex -47.81821823120117 -36.6817512512207 0
vertex -47.67222595214844 -36.145694732666016 0
vertex -47.67222595214844 -36.58420181274414 0
endloop
endfacet
facet normal 0 0 -1
outer loop
vertex -47.050018310546875 -34.4599494934082 0
vertex -45.050018310546875 -34.549949645996094 0
vertex -28.672517776489258 -35.314205169677734 0
endloop
endfacet
facet normal 0 0 -1
outer loop
vertex -47.67222595214844 -36.58420181274414 0
vertex -47.67222595214844 -36.145694732666016 0
vertex -47.50001907348633 -36.549949645996094 0
endloop
endfacet
facet normal 0 0 -1
outer loop
vertex -47.50001907348633 -36.549949645996094 0
vertex -47.50001907348633 -36.17995071411133 0
vertex -47.32781219482422 -36.58420181274414 0
endloop
endfacet
facet normal 0 0 -1
outer loop
vertex -28.81850814819336 -35.41175079345703 0
vertex -47.08427429199219 -34.63215637207031 0
vertex -47.050018310546875 -34.4599494934082 0
endloop
endfacet
facet normal 0 0 -1
outer loop
vertex -28.81850814819336 -35.41175079345703 0
vertex -47.181819915771484 -34.77814865112305 0
vertex -47.08427429199219 -34.63215637207031 0
endloop
endfacet
facet normal 0 0 -1
outer loop
vertex -64.05001831054688 17.550050735473633 0
vertex -70.24700164794922 21.862146377563477 0
vertex -70.08816528320312 40.861480712890625 0
endloop
endfacet
facet normal 0 0 -1
outer loop
vertex -47.181819915771484 -35.41175079345703 0
vertex -47.181819915771484 -34.77814865112305 0
vertex -28.81850814819336 -35.41175079345703 0
endloop
endfacet
facet normal 0 0 -1
outer loop
vertex -28.916057586669922 -35.557743072509766 0
vertex -47.08427429199219 -35.557743072509766 0
vertex -47.181819915771484 -35.41175079345703 0
endloop
endfacet
facet normal 0 0 -1
outer loop
vertex -47.050018310546875 -35.729949951171875 0
vertex -47.08427429199219 -35.557743072509766 0
vertex -28.916057586669922 -35.557743072509766 0
endloop
endfacet
facet normal 0 0 -1
outer loop
vertex -45.050018310546875 -34.549949645996094 0
vertex -45.75001907348633 -30.999948501586914 0
vertex -45.050018310546875 -30.999948501586914 0
endloop
endfacet
facet normal 0 0 -1
outer loop
vertex -59.300018310546875 22.450050354003906 0
vertex -64.05001831054688 17.550050735473633 0
vertex -70.08816528320312 40.861480712890625 0
endloop
endfacet
facet normal 0 0 -1
outer loop
vertex -45.75001907348633 -23.999948501586914 0
vertex -47.50001907348633 -26.389949798583984 0
vertex -49.25001907348633 -23.999948501586914 0
endloop
endfacet
facet normal 0 0 -1
outer loop
vertex -60.00001907348633 26.000051498413086 0
vertex -59.300018310546875 26.000051498413086 0
vertex -59.300018310546875 22.450050354003906 0
endloop
endfacet
facet normal 0 0 -1
outer loop
vertex -60.00001907348633 26.000051498413086 0
vertex -59.300018310546875 22.450050354003906 0
vertex -70.08816528320312 40.861480712890625 0
endloop
endfacet
facet normal -0.008359654256673853 -0.9999650574798645 0
outer loop
vertex -71.54277801513672 22.372997283935547 0.20000000298023224
vertex -72.24275207519531 22.378849029541016 1.7000000476837158
vertex -72.24275207519531 22.378849029541016 0.20000000298023224
endloop
endfacet
facet normal -0.9999650394460047 0.008361811152519282 0
outer loop
vertex -71.54277801513672 22.372997283935547 0.20000000298023224
vertex -71.54695892333984 21.873014450073242 0.20000000298023224
vertex -71.54695892333984 21.873014450073242 1.7000000476837158
endloop
endfacet
facet normal -0.9999650571344957 0.008359695568890171 0
outer loop
vertex -72.22907257080078 24.015155792236328 0.20000000298023224
vertex -72.24275207519531 22.378849029541016 0.20000000298023224
vertex -72.24275207519531 22.378849029541016 1.7000000476837158
endloop
endfacet
facet normal 0 0 -1
outer loop
vertex -47.32781219482422 -36.58420181274414 0
vertex -47.32781219482422 -36.145694732666016 0
vertex -47.181819915771484 -36.6817512512207 0
endloop
endfacet
facet normal 0 0 -1
outer loop
vertex -47.67222595214844 -36.145694732666016 0
vertex -47.81821823120117 -36.6817512512207 0
vertex -47.81821823120117 -36.04814529418945 0
endloop
endfacet
facet normal 0 0 -1
outer loop
vertex -47.81821823120117 -36.6817512512207 0
vertex -47.91576385498047 -35.902156829833984 0
vertex -47.81821823120117 -36.04814529418945 0
endloop
endfacet
facet normal 0 0 -1
outer loop
vertex -45.75001907348633 -23.999948501586914 0
vertex -47.32781219482422 -26.424203872680664 0
vertex -47.50001907348633 -26.389949798583984 0
endloop
endfacet
facet normal 0 0 1
outer loop
vertex 45.849979400634766 -0.6499490737915039 2.200000047683716
vertex 49.14998245239258 -16.34994888305664 2.200000047683716
vertex 49.14998245239258 -0.6499490737915039 2.200000047683716
endloop
endfacet
facet normal 0 0 -1
outer loop
vertex -71.32392883300781 40.8718147277832 0
vertex -70.9955825805664 41.60478210449219 0
vertex -70.08816528320312 40.861480712890625 0
endloop
endfacet
facet normal -0.9126140175712779 0.40882227793065673 0
outer loop
vertex -70.9955825805664 41.60478210449219 0
vertex -71.32392883300781 40.8718147277832 0
vertex -71.32392883300781 40.8718147277832 0.20000000298023224
endloop
endfacet
facet normal 0 0 -1
outer loop
vertex -45.75001907348633 -23.999948501586914 0
vertex -47.181819915771484 -26.521751403808594 0
vertex -47.32781219482422 -26.424203872680664 0
endloop
endfacet
facet normal 0 0 -1
outer loop
vertex -45.75001907348633 -27.12424659729004 0
vertex -47.050018310546875 -26.839948654174805 0
vertex -45.75001907348633 -23.999948501586914 0
endloop
endfacet
facet normal 0 0 -1
outer loop
vertex -70.9955825805664 41.60478210449219 0
vertex -59.300018310546875 33.00004959106445 0
vertex -70.08816528320312 40.861480712890625 0
endloop
endfacet
facet normal 0 0 -1
outer loop
vertex -68.6954345703125 43.69169998168945 0
vertex -59.300018310546875 36.550052642822266 0
vertex -70.9955825805664 41.60478210449219 0
endloop
endfacet
facet normal 0 0 -1
outer loop
vertex -59.300018310546875 36.550052642822266 0
vertex -68.6954345703125 43.69169998168945 0
vertex -67.8948745727539 44.000389099121094 0
endloop
endfacet
facet normal 0 0 -1
outer loop
vertex -70.08816528320312 40.861480712890625 0
vertex -60.00001907348633 33.00004959106445 0
vertex -60.00001907348633 26.000051498413086 0
endloop
endfacet
facet normal 0 0 -1
outer loop
vertex -60.00001907348633 33.00004959106445 0
vertex -70.08816528320312 40.861480712890625 0
vertex -59.300018310546875 33.00004959106445 0
endloop
endfacet
facet normal 0 0 -1
outer loop
vertex -59.300018310546875 33.00004959106445 0
vertex -70.9955825805664 41.60478210449219 0
vertex -59.300018310546875 36.550052642822266 0
endloop
endfacet
facet normal 0 0 -1
outer loop
vertex -59.300018310546875 36.550052642822266 0
vertex -67.8948745727539 44.000389099121094 0
vertex -45.20001983642578 36.550052642822266 0
endloop
endfacet
facet normal -0.9999650571149573 0.0083596975176105 0.0000025483575226613243
outer loop
vertex -72.09227752685547 40.37821960449219 0.20000000298023224
vertex -72.22907257080078 24.015155792236328 0.20000000298023224
vertex -72.12647247314453 36.287452697753906 1.7000000476837158
endloop
endfacet
facet normal 0.008359563147657184 0.999965058241527 0
outer loop
vertex -71.39229583740234 40.37236785888672 0.20000000298023224
vertex -72.09227752685547 40.37821960449219 0.20000000298023224
vertex -71.39229583740234 40.37236785888672 1.7000000476837158
endloop
endfacet
facet normal -0.9999651047373923 0.008353999493418477 0
outer loop
vertex -71.38934326171875 40.72578811645508 0.20000000298023224
vertex -71.39229583740234 40.37236785888672 0.20000000298023224
vertex -71.38934326171875 40.72578811645508 1.7000000476837158
endloop
endfacet
facet normal -0.9126160801809929 0.4088176735356235 0
outer loop
vertex -71.32392883300781 40.8718147277832 0.20000000298023224
vertex -71.38934326171875 40.72578811645508 0.20000000298023224
vertex -71.38934326171875 40.72578811645508 1.7000000476837158
endloop
endfacet
facet normal 0 0 -1
outer loop
vertex -47.50001907348633 -36.17995071411133 0
vertex -47.50001907348633 -36.549949645996094 0
vertex -47.67222595214844 -36.145694732666016 0
endloop
endfacet
facet normal 0 0 -1
outer loop
vertex -45.20001983642578 26.000051498413086 0
vertex -45.050018310546875 17.550050735473633 0
vertex -45.20001983642578 22.450050354003906 0
endloop
endfacet
facet normal 0 0 -1
outer loop
vertex -30.95001792907715 17.550050735473633 0
vertex -45.20001983642578 26.000051498413086 0
vertex -44.50001907348633 26.000051498413086 0
endloop
endfacet
facet normal 0 0 -1
outer loop
vertex -30.95001792907715 17.550050735473633 0
vertex -44.50001907348633 26.000051498413086 0
vertex -44.50001907348633 33.00004959106445 0
endloop
endfacet
facet normal 0 0 -1
outer loop
vertex -47.32781219482422 -36.145694732666016 0
vertex -47.32781219482422 -36.58420181274414 0
vertex -47.50001907348633 -36.17995071411133 0
endloop
endfacet
facet normal 0 0 -1
outer loop
vertex -47.181819915771484 -36.6817512512207 0
vertex -47.32781219482422 -36.145694732666016 0
vertex -47.181819915771484 -36.04814529418945 0
endloop
endfacet
facet normal 0 0 -1
outer loop
vertex -45.20001983642578 36.550052642822266 0
vertex -67.8948745727539 44.000389099121094 0
vertex -31.500019073486328 33.00004959106445 0
endloop
endfacet
facet normal 0 0 -1
outer loop
vertex -45.20001983642578 33.00004959106445 0
vertex -45.20001983642578 36.550052642822266 0
vertex -44.50001907348633 33.00004959106445 0
endloop
endfacet
facet normal 0 0 -1
outer loop
vertex -31.500019073486328 33.00004959106445 0
vertex -67.8948745727539 44.000389099121094 0
vertex -30.800018310546875 36.550052642822266 0
endloop
endfacet
facet normal 0 0 -1
outer loop
vertex -44.50001907348633 33.00004959106445 0
vertex -45.20001983642578 36.550052642822266 0
vertex -31.500019073486328 33.00004959106445 0
endloop
endfacet
facet normal 0 0 -1
outer loop
vertex -30.800018310546875 36.550052642822266 0
vertex -67.8948745727539 44.000389099121094 0
vertex -16.70001792907715 36.550052642822266 0
endloop
endfacet
facet normal 0 0 -1
outer loop
vertex -70.81040954589844 -45.52886199951172 0
vertex -30.638925552368164 -43.456138610839844 0
vertex -30.440105438232422 -43.56241226196289 0
endloop
endfacet
facet normal 0 0 -1
outer loop
vertex -70.81040954589844 -45.52886199951172 0
vertex -30.440105438232422 -43.56241226196289 0
vertex -30.22437286376953 -43.62785339355469 0
endloop
endfacet
facet normal -0.008359654256673853 -0.9999650574798645 0
outer loop
vertex -72.24275207519531 22.378849029541016 1.7000000476837158
vertex -71.54277801513672 22.372997283935547 0.20000000298023224
vertex -71.54277801513672 22.372997283935547 1.7000000476837158
endloop
endfacet
facet normal -0.9999650394460047 0.008361811152519282 0
outer loop
vertex -71.54277801513672 22.372997283935547 1.7000000476837158
vertex -71.54277801513672 22.372997283935547 0.20000000298023224
vertex -71.54695892333984 21.873014450073242 1.7000000476837158
endloop
endfacet
facet normal -0.9999650548226015 0.008359972101671076 3.01682714387137e-7
outer loop
vertex -72.12647247314453 36.287452697753906 1.7000000476837158
vertex -72.22907257080078 24.015155792236328 0.20000000298023224
vertex -72.24275207519531 22.378849029541016 1.7000000476837158
endloop
endfacet
facet normal 0 0 -1
outer loop
vertex -70.81040954589844 -45.52886199951172 0
vertex -30.22437286376953 -43.62785339355469 0
vertex -30.000019073486328 -43.64994812011719 0
endloop
endfacet
facet normal -0.912614017571278 0.4088222779306568 0
outer loop
vertex -70.9955825805664 41.60478210449219 0
vertex -71.32392883300781 40.8718147277832 0.20000000298023224
vertex -70.9955825805664 41.60478210449219 2.200000047683716
endloop
endfacet
facet normal -0.6719451475535151 0.7406009172822329 0
outer loop
vertex -68.6954345703125 43.69169998168945 0
vertex -70.9955825805664 41.60478210449219 0
vertex -68.6954345703125 43.69169998168945 2.200000047683716
endloop
endfacet
facet normal -0.3597723260611144 0.9330401242179112 0
outer loop
vertex -67.8948745727539 44.000389099121094 0
vertex -68.6954345703125 43.69169998168945 0
vertex -67.8948745727539 44.000389099121094 2.200000047683716
endloop
endfacet
facet normal 0 0 -1
outer loop
vertex -70.81040954589844 -45.52886199951172 0
vertex -31.062480926513672 -42.94003677368164 0
vertex -30.956209182739258 -43.13885498046875 0
endloop
endfacet
facet normal -0.9999650649290491 0.008358763152665588 0
outer loop
vertex -72.12647247314453 36.287452697753906 1.7000000476837158
vertex -72.09227752685547 40.37821960449219 1.7000000476837158
vertex -72.09227752685547 40.37821960449219 0.20000000298023224
endloop
endfacet
facet normal 0.008359563147657184 0.999965058241527 0
outer loop
vertex -71.39229583740234 40.37236785888672 1.7000000476837158
vertex -72.09227752685547 40.37821960449219 0.20000000298023224
vertex -72.09227752685547 40.37821960449219 1.7000000476837158
endloop
endfacet
facet normal -0.9999651047373923 0.008353999493418477 0
outer loop
vertex -71.38934326171875 40.72578811645508 1.7000000476837158
vertex -71.39229583740234 40.37236785888672 0.20000000298023224
vertex -71.39229583740234 40.37236785888672 1.7000000476837158
endloop
endfacet
facet normal -0.9126160801809929 0.4088176735356235 0
outer loop
vertex -71.32392883300781 40.8718147277832 0.20000000298023224
vertex -71.38934326171875 40.72578811645508 1.7000000476837158
vertex -71.32392883300781 40.8718147277832 1.7000000476837158
endloop
endfacet
facet normal -0.912614017571278 0.4088222779306568 0
outer loop
vertex -70.9955825805664 41.60478210449219 2.200000047683716
vertex -71.32392883300781 40.8718147277832 0.20000000298023224
vertex -71.32392883300781 40.8718147277832 1.7000000476837158
endloop
endfacet
facet normal 0 0 -1
outer loop
vertex -30.638925552368164 -43.456138610839844 0
vertex -70.81040954589844 -45.52886199951172 0
vertex -30.81319236755371 -43.3131217956543 0
endloop
endfacet
facet normal 0 0 -1
outer loop
vertex -30.81319236755371 -43.3131217956543 0
vertex -70.81040954589844 -45.52886199951172 0
vertex -30.956209182739258 -43.13885498046875 0
endloop
endfacet
facet normal 0 0 -1
outer loop
vertex -31.062480926513672 -42.94003677368164 0
vertex -70.81040954589844 -45.52886199951172 0
vertex -31.12792205810547 -42.72430419921875 0
endloop
endfacet
facet normal 0 0 1
outer loop
vertex -45.85001754760742 -19.64995002746582 2.200000047683716
vertex -49.150020599365234 -19.64995002746582 2.200000047683716
vertex -45.85001754760742 -35.34994888305664 2.200000047683716
endloop
endfacet
facet normal 0 0 1
outer loop
vertex 30.149980545043945 18.35004997253418 2.200000047683716
vertex 45.849979400634766 21.65005111694336 2.200000047683716
vertex 30.149980545043945 21.65005111694336 2.200000047683716
endloop
endfacet
facet normal 0 0 1
outer loop
vertex -49.150020599365234 -35.34994888305664 2.200000047683716
vertex -45.85001754760742 -35.34994888305664 2.200000047683716
vertex -49.150020599365234 -19.64995002746582 2.200000047683716
endloop
endfacet
facet normal 0 0 -1
outer loop
vertex -30.95001792907715 -1.4499491453170776 0
vertex -45.050018310546875 -1.4499491453170776 0
vertex -30.95001792907715 3.4500508308410645 0
endloop
endfacet
facet normal 0 0 -1
outer loop
vertex -26.050018310546875 -1.4499491453170776 0
vertex -30.95001792907715 -1.4499491453170776 0
vertex -30.95001792907715 3.4500508308410645 0
endloop
endfacet
facet normal 0 0 -1
outer loop
vertex -26.050018310546875 -1.4499491453170776 0
vertex -30.95001792907715 3.4500508308410645 0
vertex -26.050018310546875 3.4500508308410645 0
endloop
endfacet
facet normal 0 0 -1
outer loop
vertex -30.95001792907715 3.4500508308410645 0
vertex -30.95001792907715 7.000051021575928 0
vertex -30.250019073486328 7.000051021575928 0
endloop
endfacet
facet normal 0 0 -1
outer loop
vertex -26.050018310546875 3.4500508308410645 0
vertex -30.95001792907715 3.4500508308410645 0
vertex -26.750019073486328 7.000051021575928 0
endloop
endfacet
facet normal 0 0 -1
outer loop
vertex -26.750019073486328 7.000051021575928 0
vertex -30.95001792907715 3.4500508308410645 0
vertex -30.250019073486328 7.000051021575928 0
endloop
endfacet
facet normal 0 0 -1
outer loop
vertex -26.750019073486328 7.000051021575928 0
vertex -30.250019073486328 7.000051021575928 0
vertex -26.750019073486328 14.00005054473877 0
endloop
endfacet
facet normal 0 0 -1
outer loop
vertex -26.050018310546875 3.4500508308410645 0
vertex -11.950018882751465 3.4500508308410645 0
vertex -26.050018310546875 -1.4499491453170776 0
endloop
endfacet
facet normal 0 0 -1
outer loop
vertex -26.750019073486328 7.000051021575928 0
vertex -26.050018310546875 7.000051021575928 0
vertex -26.050018310546875 3.4500508308410645 0
endloop
endfacet
facet normal 0 0 1
outer loop
vertex -31.12792205810547 -42.72430419921875 2.200000047683716
vertex -49.150020599365234 -35.34994888305664 2.200000047683716
vertex -31.062480926513672 -42.94003677368164 2.200000047683716
endloop
endfacet
facet normal 0 0 1
outer loop
vertex -31.1500186920166 -42.49995040893555 2.200000047683716
vertex -49.150020599365234 -35.34994888305664 2.200000047683716
vertex -31.12792205810547 -42.72430419921875 2.200000047683716
endloop
endfacet
facet normal 0 0 1
outer loop
vertex -45.85001754760742 -35.34994888305664 2.200000047683716
vertex -49.150020599365234 -35.34994888305664 2.200000047683716
vertex -31.1500186920166 -42.49995040893555 2.200000047683716
endloop
endfacet
facet normal 0 0 1
outer loop
vertex -30.956209182739258 -43.13885498046875 2.200000047683716
vertex -70.81040954589844 -45.52886199951172 2.200000047683716
vertex -30.81319236755371 -43.3131217956543 2.200000047683716
endloop
endfacet
facet normal 0 0 -1
outer loop
vertex -26.750019073486328 14.00005054473877 0
vertex -30.250019073486328 7.000051021575928 0
vertex -30.250019073486328 14.00005054473877 0
endloop
endfacet
facet normal 0 0 -1
outer loop
vertex -30.95001792907715 14.00005054473877 0
vertex -30.95001792907715 17.550050735473633 0
vertex -30.250019073486328 14.00005054473877 0
endloop
endfacet
facet normal 0 0 -1
outer loop
vertex -26.750019073486328 14.00005054473877 0
vertex -30.250019073486328 14.00005054473877 0
vertex -30.95001792907715 17.550050735473633 0
endloop
endfacet
facet normal 0 0 -1
outer loop
vertex -26.750019073486328 14.00005054473877 0
vertex -30.95001792907715 17.550050735473633 0
vertex -26.050018310546875 14.00005054473877 0
endloop
endfacet
facet normal 0 0 -1
outer loop
vertex -30.800018310546875 22.450050354003906 0
vertex -16.70001792907715 22.450050354003906 0
vertex -26.050018310546875 17.550050735473633 0
endloop
endfacet
facet normal 0 0 1
outer loop
vertex -30.638925552368164 -43.456138610839844 2.200000047683716
vertex -30.81319236755371 -43.3131217956543 2.200000047683716
vertex -70.81040954589844 -45.52886199951172 2.200000047683716
endloop
endfacet
facet normal 0 0 1
outer loop
vertex -31.062480926513672 -42.94003677368164 2.200000047683716
vertex -70.81040954589844 -45.52886199951172 2.200000047683716
vertex -30.956209182739258 -43.13885498046875 2.200000047683716
endloop
endfacet
facet normal 0 0 1
outer loop
vertex -30.22437286376953 -43.62785339355469 2.200000047683716
vertex -70.81040954589844 -45.52886199951172 2.200000047683716
vertex -30.000019073486328 -43.64994812011719 2.200000047683716
endloop
endfacet
facet normal 0 0 1
outer loop
vertex -30.440105438232422 -43.56241226196289 2.200000047683716
vertex -70.81040954589844 -45.52886199951172 2.200000047683716
vertex -30.22437286376953 -43.62785339355469 2.200000047683716
endloop
endfacet
facet normal 0 0 -1
outer loop
vertex -26.050018310546875 -1.4499491453170776 0
vertex -11.950018882751465 3.4500508308410645 0
vertex -11.950018882751465 -1.4499491453170776 0
endloop
endfacet
facet normal 0 0 -1
outer loop
vertex -7.050018787384033 -1.4499491453170776 0
vertex -11.950018882751465 -1.4499491453170776 0
vertex -11.950018882751465 3.4500508308410645 0
endloop
endfacet
facet normal 0 0 -1
outer loop
vertex -7.050018787384033 -1.4499491453170776 0
vertex -11.950018882751465 3.4500508308410645 0
vertex -11.950018882751465 7.000051021575928 0
endloop
endfacet
facet normal 0 0 -1
outer loop
vertex -11.250019073486328 7.000051021575928 0
vertex -7.050018787384033 3.4500508308410645 0
vertex -11.950018882751465 7.000051021575928 0
endloop
endfacet
facet normal 0 0 -1
outer loop
vertex -7.050018787384033 3.4500508308410645 0
vertex -11.250019073486328 7.000051021575928 0
vertex -11.250019073486328 14.00005054473877 0
endloop
endfacet
facet normal 0 0 -1
outer loop
vertex -7.050018787384033 -1.4499491453170776 0
vertex -11.950018882751465 7.000051021575928 0
vertex -7.050018787384033 3.4500508308410645 0
endloop
endfacet
facet normal 0 0 -1
outer loop
vertex -7.050018787384033 -1.4499491453170776 0
vertex -7.050018787384033 3.4500508308410645 0
vertex 7.049981117248535 3.4500508308410645 0
endloop
endfacet
facet normal 0 0 -1
outer loop
vertex -7.750019073486328 7.000051021575928 0
vertex -7.050018787384033 7.000051021575928 0
vertex -7.050018787384033 3.4500508308410645 0
endloop
endfacet
facet normal 0 0 -1
outer loop
vertex -7.750019073486328 7.000051021575928 0
vertex -7.050018787384033 3.4500508308410645 0
vertex -11.250019073486328 14.00005054473877 0
endloop
endfacet
facet normal 0 0 1
outer loop
vertex -70.81040954589844 -45.52886199951172 2.200000047683716
vertex -30.440105438232422 -43.56241226196289 2.200000047683716
vertex -30.638925552368164 -43.456138610839844 2.200000047683716
endloop
endfacet
facet normal 0 0 1
outer loop
vertex -70.81040954589844 -45.52886199951172 2.200000047683716
vertex -31.062480926513672 -42.94003677368164 2.200000047683716
vertex -49.150020599365234 -35.34994888305664 2.200000047683716
endloop
endfacet
facet normal 0 0 1
outer loop
vertex 26.8499813079834 18.35004997253418 2.200000047683716
vertex 30.149980545043945 21.65005111694336 2.200000047683716
vertex 26.8499813079834 21.65005111694336 2.200000047683716
endloop
endfacet
facet normal 0 0 -1
outer loop
vertex -11.950018882751465 14.00005054473877 0
vertex -11.950018882751465 17.550050735473633 0
vertex -11.250019073486328 14.00005054473877 0
endloop
endfacet
facet normal 0 0 -1
outer loop
vertex -11.250019073486328 14.00005054473877 0
vertex -11.950018882751465 17.550050735473633 0
vertex -7.750019073486328 14.00005054473877 0
endloop
endfacet
facet normal 0 0 -1
outer loop
vertex -26.050018310546875 17.550050735473633 0
vertex -16.70001792907715 22.450050354003906 0
vertex -11.950018882751465 17.550050735473633 0
endloop
endfacet
facet normal 0 0 -1
outer loop
vertex -11.950018882751465 17.550050735473633 0
vertex -16.70001792907715 22.450050354003906 0
vertex -7.050018787384033 17.550050735473633 0
endloop
endfacet
facet normal 0 0 -1
outer loop
vertex -16.70001792907715 22.450050354003906 0
vertex -7.050018787384033 22.450050354003906 0
vertex -7.050018787384033 17.550050735473633 0
endloop
endfacet
facet normal 0 0 -1
outer loop
vertex -7.750019073486328 7.000051021575928 0
vertex -11.250019073486328 14.00005054473877 0
vertex -7.750019073486328 14.00005054473877 0
endloop
endfacet
facet normal 0 0 -1
outer loop
vertex -7.750019073486328 14.00005054473877 0
vertex -7.050018787384033 17.550050735473633 0
vertex -7.050018787384033 14.00005054473877 0
endloop
endfacet
facet normal 0 0 -1
outer loop
vertex -7.750019073486328 14.00005054473877 0
vertex -11.950018882751465 17.550050735473633 0
vertex -7.050018787384033 17.550050735473633 0
endloop
endfacet
facet normal 0 0 -1
outer loop
vertex -7.050018787384033 22.450050354003906 0
vertex 7.049981117248535 22.450050354003906 0
vertex -7.050018787384033 17.550050735473633 0
endloop
endfacet
facet normal 0 0 1
outer loop
vertex 30.149980545043945 18.35004997253418 2.200000047683716
vertex 30.149980545043945 21.65005111694336 2.200000047683716
vertex 26.8499813079834 18.35004997253418 2.200000047683716
endloop
endfacet
facet normal 0 0 1
outer loop
vertex 30.149980545043945 18.35004997253418 2.200000047683716
vertex 26.8499813079834 18.35004997253418 2.200000047683716
vertex 30.149980545043945 2.6500508785247803 2.200000047683716
endloop
endfacet
facet normal 0 0 1
outer loop
vertex 26.8499813079834 18.35004997253418 2.200000047683716
vertex 26.8499813079834 21.65005111694336 2.200000047683716
vertex 11.149981498718262 18.35004997253418 2.200000047683716
endloop
endfacet
facet normal 0 0 1
outer loop
vertex -64.85002136230469 -19.64995002746582 2.200000047683716
vertex -70.62261199951172 -23.06519317626953 2.200000047683716
vertex -64.85002136230469 -35.34994888305664 2.200000047683716
endloop
endfacet
facet normal 0 0 1
outer loop
vertex -71.95152282714844 -26.518657684326172 2.200000047683716
vertex -70.65157318115234 -26.529525756835938 2.200000047683716
vertex -71.92256164550781 -23.054325103759766 2.200000047683716
endloop
endfacet
facet normal 0 0 1
outer loop
vertex -70.65157318115234 -26.529525756835938 2.200000047683716
vertex -64.85002136230469 -35.34994888305664 2.200000047683716
vertex -70.62261199951172 -23.06519317626953 2.200000047683716
endloop
endfacet
facet normal 0 0 1
outer loop
vertex -70.81040954589844 -45.52886199951172 2.200000047683716
vertex -49.150020599365234 -35.34994888305664 2.200000047683716
vertex -64.85002136230469 -35.34994888305664 2.200000047683716
endloop
endfacet
facet normal 0 0 1
outer loop
vertex -64.85002136230469 -35.34994888305664 2.200000047683716
vertex -70.65157318115234 -26.529525756835938 2.200000047683716
vertex -70.81040954589844 -45.52886199951172 2.200000047683716
endloop
endfacet
facet normal 0 0 1
outer loop
vertex -71.81775665283203 -45.52043914794922 2.200000047683716
vertex -70.76319122314453 -46.5870361328125 2.200000047683716
vertex -70.81040954589844 -45.52886199951172 2.200000047683716
endloop
endfacet
facet normal 0 0 1
outer loop
vertex 45.849979400634766 -16.34994888305664 2.200000047683716
vertex 49.14998245239258 -16.34994888305664 2.200000047683716
vertex 45.849979400634766 -0.6499490737915039 2.200000047683716
endloop
endfacet
facet normal -0.99996505857279 0.008359523522094956 0
outer loop
vertex -71.92256164550781 -23.054325103759766 1.7000000476837158
vertex -71.95152282714844 -26.518657684326172 1.7000000476837158
vertex -71.95152282714844 -26.518657684326172 2.200000047683716
endloop
endfacet
facet normal 0 0 -1
outer loop
vertex -45.75001907348633 -23.999948501586914 0
vertex -47.08427429199219 -26.667741775512695 0
vertex -47.181819915771484 -26.521751403808594 0
endloop
endfacet
facet normal 0 0 -1
outer loop
vertex -47.050018310546875 -26.839948654174805 0
vertex -47.08427429199219 -26.667741775512695 0
vertex -45.75001907348633 -23.999948501586914 0
endloop
endfacet
facet normal 0 0 -1
outer loop
vertex -47.08427429199219 -27.012157440185547 0
vertex -47.050018310546875 -26.839948654174805 0
vertex -45.75001907348633 -27.12424659729004 0
endloop
endfacet
facet normal 0 0 -1
outer loop
vertex -47.67222595214844 -26.424203872680664 0
vertex -49.25001907348633 -23.999948501586914 0
vertex -47.50001907348633 -26.389949798583984 0
endloop
endfacet
facet normal 0 0 1
outer loop
vertex 45.849979400634766 -16.34994888305664 2.200000047683716
vertex 49.14998245239258 -19.64995002746582 2.200000047683716
vertex 49.14998245239258 -16.34994888305664 2.200000047683716
endloop
endfacet
facet normal 0 0 1
outer loop
vertex 45.849979400634766 -19.64995002746582 2.200000047683716
vertex 49.14998245239258 -19.64995002746582 2.200000047683716
vertex 45.849979400634766 -16.34994888305664 2.200000047683716
endloop
endfacet
facet normal 0 0 1
outer loop
vertex 45.849979400634766 -19.64995002746582 2.200000047683716
vertex 45.849979400634766 -16.34994888305664 2.200000047683716
vertex 30.149980545043945 -19.64995002746582 2.200000047683716
endloop
endfacet
facet normal -0.7111061589516071 -0.7030846540076747 0
outer loop
vertex -71.81775665283203 -45.52043914794922 2.200000047683716
vertex -71.81775665283203 -45.52043914794922 1.7000000476837158
vertex -70.76319122314453 -46.5870361328125 2.200000047683716
endloop
endfacet
facet normal 0 0 -1
outer loop
vertex -47.81821823120117 -26.521751403808594 0
vertex -49.25001907348633 -23.999948501586914 0
vertex -47.67222595214844 -26.424203872680664 0
endloop
endfacet
facet normal 0 0 -1
outer loop
vertex -47.91576385498047 -26.667741775512695 0
vertex -49.25001907348633 -23.999948501586914 0
vertex -47.81821823120117 -26.521751403808594 0
endloop
endfacet
facet normal 1 0 0
outer loop
vertex 71.49998474121094 -2.96781587600708 2.200000047683716
vertex 71.49998474121094 -2.96781587600708 1.7000000476837158
vertex 71.49998474121094 -0.22056891024112701 2.200000047683716
endloop
endfacet
facet normal 0 0 -1
outer loop
vertex -7.750019073486328 -4.999948978424072 0
vertex -7.050018787384033 -1.4499491453170776 0
vertex -7.050018787384033 -4.999948978424072 0
endloop
endfacet
facet normal 0 0 -1
outer loop
vertex -7.750019073486328 -4.999948978424072 0
vertex -11.250019073486328 -4.999948978424072 0
vertex -7.050018787384033 -1.4499491453170776 0
endloop
endfacet
facet normal 0 0 -1
outer loop
vertex -30.95001792907715 17.550050735473633 0
vertex -44.50001907348633 33.00004959106445 0
vertex -26.050018310546875 14.00005054473877 0
endloop
endfacet
facet normal 0 0 -1
outer loop
vertex -26.050018310546875 17.550050735473633 0
vertex -26.050018310546875 14.00005054473877 0
vertex -44.50001907348633 33.00004959106445 0
endloop
endfacet
facet normal 0 0 -1
outer loop
vertex -30.800018310546875 22.450050354003906 0
vertex -26.050018310546875 17.550050735473633 0
vertex -44.50001907348633 33.00004959106445 0
endloop
endfacet
facet normal 0 0 -1
outer loop
vertex -31.500019073486328 26.000051498413086 0
vertex -30.800018310546875 26.000051498413086 0
vertex -30.800018310546875 22.450050354003906 0
endloop
endfacet
facet normal 0 0 -1
outer loop
vertex -30.800018310546875 22.450050354003906 0
vertex -44.50001907348633 33.00004959106445 0
vertex -31.500019073486328 26.000051498413086 0
endloop
endfacet
facet normal 0 0 -1
outer loop
vertex -31.500019073486328 26.000051498413086 0
vertex -44.50001907348633 33.00004959106445 0
vertex -31.500019073486328 33.00004959106445 0
endloop
endfacet
facet normal 0 0 -1
outer loop
vertex -7.750019073486328 -11.99994945526123 0
vertex -11.250019073486328 -4.999948978424072 0
vertex -7.750019073486328 -4.999948978424072 0
endloop
endfacet
facet normal 0 0 -1
outer loop
vertex -11.250019073486328 -4.999948978424072 0
vertex -11.950018882751465 -1.4499491453170776 0
vertex -7.050018787384033 -1.4499491453170776 0
endloop
endfacet
facet normal 0 0 -1
outer loop
vertex -11.950018882751465 -4.999948978424072 0
vertex -11.950018882751465 -1.4499491453170776 0
vertex -11.250019073486328 -4.999948978424072 0
endloop
endfacet
facet normal 0 0 -1
outer loop
vertex -31.500019073486328 33.00004959106445 0
vertex -30.800018310546875 36.550052642822266 0
vertex -30.800018310546875 33.00004959106445 0
endloop
endfacet
facet normal 0 0 -1
outer loop
vertex -16.70001792907715 36.550052642822266 0
vertex -67.8948745727539 44.000389099121094 0
vertex -7.050018787384033 36.550052642822266 0
endloop
endfacet
facet normal 0 0 -1
outer loop
vertex -7.050018787384033 36.550052642822266 0
vertex -67.8948745727539 44.000389099121094 0
vertex 7.049981117248535 36.550052642822266 0
endloop
endfacet
facet normal 0 0 -1
outer loop
vertex -7.750019073486328 -11.99994945526123 0
vertex -11.250019073486328 -11.99994945526123 0
vertex -11.250019073486328 -4.999948978424072 0
endloop
endfacet
facet normal 0 0 -1
outer loop
vertex -16.70001792907715 22.450050354003906 0
vertex -16.70001792907715 26.000051498413086 0
vertex -16.000019073486328 26.000051498413086 0
endloop
endfacet
facet normal 0 0 -1
outer loop
vertex -7.050018787384033 22.450050354003906 0
vertex -16.70001792907715 22.450050354003906 0
vertex -16.000019073486328 26.000051498413086 0
endloop
endfacet
facet normal 0 0 -1
outer loop
vertex -7.050018787384033 22.450050354003906 0
vertex -16.000019073486328 26.000051498413086 0
vertex -16.000019073486328 33.00004959106445 0
endloop
endfacet
facet normal 0 0 -1
outer loop
vertex -7.050018787384033 22.450050354003906 0
vertex -16.000019073486328 33.00004959106445 0
vertex -7.750019073486328 26.000051498413086 0
endloop
endfacet
facet normal 0 0 -1
outer loop
vertex -16.000019073486328 33.00004959106445 0
vertex -16.70001792907715 36.550052642822266 0
vertex -7.750019073486328 26.000051498413086 0
endloop
endfacet
facet normal 0 0 -1
outer loop
vertex -7.750019073486328 26.000051498413086 0
vertex -16.70001792907715 36.550052642822266 0
vertex -7.750019073486328 33.00004959106445 0
endloop
endfacet
facet normal 0 0 -1
outer loop
vertex -7.750019073486328 26.000051498413086 0
vertex -7.050018787384033 26.000051498413086 0
vertex -7.050018787384033 22.450050354003906 0
endloop
endfacet
facet normal 0 0 -1
outer loop
vertex -7.050018787384033 -15.549948692321777 0
vertex 7.049981117248535 -15.549948692321777 0
vertex -7.050018787384033 -20.449949264526367 0
endloop
endfacet
facet normal 0 0 -1
outer loop
vertex -7.050018787384033 -15.549948692321777 0
vertex -7.750019073486328 -11.99994945526123 0
vertex -7.050018787384033 -11.99994945526123 0
endloop
endfacet
facet normal 0 0 -1
outer loop
vertex -7.050018787384033 -15.549948692321777 0
vertex -11.950018882751465 -15.549948692321777 0
vertex -7.750019073486328 -11.99994945526123 0
endloop
endfacet
facet normal 0 0 -1
outer loop
vertex -7.050018787384033 -20.449949264526367 0
vertex -11.950018882751465 -15.549948692321777 0
vertex -7.050018787384033 -15.549948692321777 0
endloop
endfacet
facet normal 0 0 -1
outer loop
vertex -7.750019073486328 -23.999948501586914 0
vertex -7.050018787384033 -20.449949264526367 0
vertex -7.050018787384033 -23.999948501586914 0
endloop
endfacet
facet normal 0 0 -1
outer loop
vertex -16.70001792907715 36.550052642822266 0
vertex -16.000019073486328 33.00004959106445 0
vertex -16.70001792907715 33.00004959106445 0
endloop
endfacet
facet normal 0 0 -1
outer loop
vertex -7.750019073486328 33.00004959106445 0
vertex -16.70001792907715 36.550052642822266 0
vertex -7.050018787384033 33.00004959106445 0
endloop
endfacet
facet normal 0 0 -1
outer loop
vertex -7.050018787384033 33.00004959106445 0
vertex -16.70001792907715 36.550052642822266 0
vertex -7.050018787384033 36.550052642822266 0
endloop
endfacet
facet normal 0 0 -1
outer loop
vertex 7.049981117248535 36.550052642822266 0
vertex -67.8948745727539 44.000389099121094 0
vertex 11.949980735778809 36.550052642822266 0
endloop
endfacet
facet normal 0 0 -1
outer loop
vertex 11.949980735778809 36.550052642822266 0
vertex -67.8948745727539 44.000389099121094 0
vertex 26.04998207092285 36.550052642822266 0
endloop
endfacet
facet normal 0 0 -1
outer loop
vertex 26.04998207092285 36.550052642822266 0
vertex -67.8948745727539 44.000389099121094 0
vertex 30.949981689453125 36.550052642822266 0
endloop
endfacet
facet normal 0 0 -1
outer loop
vertex -7.750019073486328 -23.999948501586914 0
vertex -11.950018882751465 -20.449949264526367 0
vertex -7.050018787384033 -20.449949264526367 0
endloop
endfacet
facet normal 0 0 -1
outer loop
vertex -11.950018882751465 -15.549948692321777 0
vertex -11.250019073486328 -11.99994945526123 0
vertex -7.750019073486328 -11.99994945526123 0
endloop
endfacet
facet normal 0 0 -1
outer loop
vertex -11.950018882751465 -15.549948692321777 0
vertex -11.950018882751465 -11.99994945526123 0
vertex -11.250019073486328 -11.99994945526123 0
endloop
endfacet
facet normal 0 0 -1
outer loop
vertex -11.950018882751465 -20.449949264526367 0
vertex -11.950018882751465 -15.549948692321777 0
vertex -7.050018787384033 -20.449949264526367 0
endloop
endfacet
facet normal 0 0 -1
outer loop
vertex -7.750019073486328 -23.999948501586914 0
vertex -11.250019073486328 -23.999948501586914 0
vertex -11.950018882751465 -20.449949264526367 0
endloop
endfacet
facet normal 0 0 -1
outer loop
vertex -11.950018882751465 -23.999948501586914 0
vertex -11.950018882751465 -20.449949264526367 0
vertex -11.250019073486328 -23.999948501586914 0
endloop
endfacet
facet normal 0 0 -1
outer loop
vertex -26.050018310546875 -20.449949264526367 0
vertex -11.950018882751465 -15.549948692321777 0
vertex -11.950018882751465 -20.449949264526367 0
endloop
endfacet
facet normal 0 0 -1
outer loop
vertex -26.750019073486328 -4.999948978424072 0
vertex -26.050018310546875 -1.4499491453170776 0
vertex -26.050018310546875 -4.999948978424072 0
endloop
endfacet
facet normal 0 0 -1
outer loop
vertex -26.750019073486328 -4.999948978424072 0
vertex -30.95001792907715 -1.4499491453170776 0
vertex -26.050018310546875 -1.4499491453170776 0
endloop
endfacet
facet normal 0 0 -1
outer loop
vertex -26.750019073486328 -4.999948978424072 0
vertex -30.250019073486328 -4.999948978424072 0
vertex -30.95001792907715 -1.4499491453170776 0
endloop
endfacet
facet normal 0 0 -1
outer loop
vertex -30.95001792907715 -4.999948978424072 0
vertex -30.95001792907715 -1.4499491453170776 0
vertex -30.250019073486328 -4.999948978424072 0
endloop
endfacet
facet normal 0 0 -1
outer loop
vertex -26.750019073486328 -4.999948978424072 0
vertex -30.250019073486328 -11.99994945526123 0
vertex -30.250019073486328 -4.999948978424072 0
endloop
endfacet
facet normal 0 0 -1
outer loop
vertex -26.750019073486328 -11.99994945526123 0
vertex -30.250019073486328 -11.99994945526123 0
vertex -26.750019073486328 -4.999948978424072 0
endloop
endfacet
facet normal 0 0 -1
outer loop
vertex -26.050018310546875 -20.449949264526367 0
vertex -26.050018310546875 -15.549948692321777 0
vertex -11.950018882751465 -15.549948692321777 0
endloop
endfacet
facet normal 0 0 -1
outer loop
vertex -26.750019073486328 -11.99994945526123 0
vertex -26.050018310546875 -11.99994945526123 0
vertex -26.050018310546875 -15.549948692321777 0
endloop
endfacet
facet normal 0 0 -1
outer loop
vertex -26.750019073486328 -23.999948501586914 0
vertex -26.050018310546875 -20.449949264526367 0
vertex -26.050018310546875 -23.999948501586914 0
endloop
endfacet
facet normal 0 0 -1
outer loop
vertex -26.050018310546875 -15.549948692321777 0
vertex -30.250019073486328 -11.99994945526123 0
vertex -26.750019073486328 -11.99994945526123 0
endloop
endfacet
facet normal 0 0 -1
outer loop
vertex -26.050018310546875 -15.549948692321777 0
vertex -30.95001792907715 -11.99994945526123 0
vertex -30.250019073486328 -11.99994945526123 0
endloop
endfacet
facet normal 0 0 -1
outer loop
vertex -26.050018310546875 -15.549948692321777 0
vertex -30.95001792907715 -15.549948692321777 0
vertex -30.95001792907715 -11.99994945526123 0
endloop
endfacet
facet normal 0 0 -1
outer loop
vertex -26.050018310546875 -20.449949264526367 0
vertex -30.95001792907715 -15.549948692321777 0
vertex -26.050018310546875 -15.549948692321777 0
endloop
endfacet
facet normal 0 0 -1
outer loop
vertex -26.050018310546875 -20.449949264526367 0
vertex -30.95001792907715 -20.449949264526367 0
vertex -30.95001792907715 -15.549948692321777 0
endloop
endfacet
facet normal 0 0 -1
outer loop
vertex -26.750019073486328 -23.999948501586914 0
vertex -30.250019073486328 -23.999948501586914 0
vertex -26.050018310546875 -20.449949264526367 0
endloop
endfacet
facet normal 0 0 -1
outer loop
vertex -30.250019073486328 -23.999948501586914 0
vertex -30.95001792907715 -20.449949264526367 0
vertex -26.050018310546875 -20.449949264526367 0
endloop
endfacet
facet normal 0 0 -1
outer loop
vertex -30.95001792907715 -23.999948501586914 0
vertex -30.95001792907715 -20.449949264526367 0
vertex -30.250019073486328 -23.999948501586914 0
endloop
endfacet
facet normal 0 0 -1
outer loop
vertex -64.05001831054688 -20.449949264526367 0
vertex -64.05001831054688 -15.549948692321777 0
vertex -49.95001983642578 -20.449949264526367 0
endloop
endfacet
facet normal -0.9999650585727902 0.008359523522094956 0
outer loop
vertex -71.92256164550781 -23.054325103759766 0.20000000298023224
vertex -71.95152282714844 -26.518657684326172 0.20000000298023224
vertex -71.92256164550781 -23.054325103759766 1.7000000476837158
endloop
endfacet
facet normal -0.9999650394460047 0.008361811152519282 0
outer loop
vertex -71.91838073730469 -22.55434226989746 0.20000000298023224
vertex -71.92256164550781 -23.054325103759766 0.20000000298023224
vertex -71.92256164550781 -23.054325103759766 1.7000000476837158
endloop
endfacet
facet normal 0 0 -1
outer loop
vertex -30.95001792907715 -20.449949264526367 0
vertex -45.050018310546875 -20.449949264526367 0
vertex -30.95001792907715 -15.549948692321777 0
endloop
endfacet
facet normal -0.0029839272526691486 -0.9999955480791657 0
outer loop
vertex -70.76319122314453 -46.5870361328125 0
vertex 68.0707778930664 -47.00130844116211 0
vertex -70.76319122314453 -46.5870361328125 2.200000047683716
endloop
endfacet
facet normal -0.008359563147657184 -0.999965058241527 0
outer loop
vertex -71.91838073730469 -22.55434226989746 0.20000000298023224
vertex -72.61836242675781 -22.548490524291992 1.7000000476837158
vertex -72.61836242675781 -22.548490524291992 0.20000000298023224
endloop
endfacet
facet normal 1 0 0
outer loop
vertex 71.49998474121094 -24.715063095092773 2.200000047683716
vertex 71.49998474121094 -24.715063095092773 1.7000000476837158
vertex 71.49998474121094 -21.967815399169922 2.200000047683716
endloop
endfacet
facet normal 1 0 0
outer loop
vertex 71.49998474121094 -24.715063095092773 1.7000000476837158
vertex 71.49998474121094 -21.967815399169922 1.7000000476837158
vertex 71.49998474121094 -21.967815399169922 2.200000047683716
endloop
endfacet
facet normal 0 0 1
outer loop
vertex 30.149980545043945 2.6500508785247803 2.200000047683716
vertex 26.8499813079834 18.35004997253418 2.200000047683716
vertex 26.8499813079834 2.6500508785247803 2.200000047683716
endloop
endfacet
facet normal -0.9999650571344957 0.008359695568890171 0
outer loop
vertex -72.60468292236328 -20.91218376159668 0.20000000298023224
vertex -72.61836242675781 -22.548490524291992 0.20000000298023224
vertex -72.61836242675781 -22.548490524291992 1.7000000476837158
endloop
endfacet
facet normal 0 0 -1
outer loop
vertex -64.75001525878906 -11.99994945526123 0
vertex -64.05001831054688 -15.549948692321777 0
vertex -70.4637680053711 -4.06585693359375 0
endloop
endfacet
facet normal 0 0 -1
outer loop
vertex -70.4637680053711 -4.06585693359375 0
vertex -71.76372528076172 -4.054988861083984 0
vertex -70.43480682373047 -0.6015232801437378 0
endloop
endfacet
facet normal 0 0 -1
outer loop
vertex -70.43480682373047 -0.6015232801437378 0
vertex -71.76372528076172 -4.054988861083984 0
vertex -71.7347640991211 -0.5906553268432617 0
endloop
endfacet
facet normal -0.9999650585920267 0.008359521221015777 0
outer loop
vertex -71.7347640991211 -0.5906553268432617 0
vertex -71.76372528076172 -4.054988861083984 0
vertex -71.7347640991211 -0.5906553268432617 0.20000000298023224
endloop
endfacet
facet normal 0 0 1
outer loop
vertex 30.149980545043945 -0.6499490737915039 2.200000047683716
vertex 45.849979400634766 2.6500508785247803 2.200000047683716
vertex 30.149980545043945 2.6500508785247803 2.200000047683716
endloop
endfacet
facet normal 0 0 -1
outer loop
vertex -70.4637680053711 -4.06585693359375 0
vertex -70.43480682373047 -0.6015232801437378 0
vertex -64.75001525878906 -4.999948978424072 0
endloop
endfacet
facet normal -0.9999650586112633 0.008359518919937864 0
outer loop
vertex -71.54695892333984 21.873014450073242 1.7000000476837158
vertex -71.57592010498047 18.408679962158203 1.7000000476837158
vertex -71.57592010498047 18.408679962158203 2.200000047683716
endloop
endfacet
facet normal 0 0 -1
outer loop
vertex -47.95001983642578 -26.839948654174805 0
vertex -49.25001907348633 -23.999948501586914 0
vertex -47.91576385498047 -26.667741775512695 0
endloop
endfacet
facet normal -0.9999650586112633 0.008359518919937864 0
outer loop
vertex -71.54695892333984 21.873014450073242 1.7000000476837158
vertex -71.57592010498047 18.408679962158203 2.200000047683716
vertex -71.54695892333984 21.873014450073242 2.200000047683716
endloop
endfacet
facet normal 0 0 1
outer loop
vertex 26.8499813079834 2.6500508785247803 2.200000047683716
vertex 30.149980545043945 -0.6499490737915039 2.200000047683716
vertex 30.149980545043945 2.6500508785247803 2.200000047683716
endloop
endfacet
facet normal 0 0 1
outer loop
vertex 26.8499813079834 -0.6499490737915039 2.200000047683716
vertex 30.149980545043945 -0.6499490737915039 2.200000047683716
vertex 26.8499813079834 2.6500508785247803 2.200000047683716
endloop
endfacet
facet normal 0 0 1
outer loop
vertex 26.8499813079834 -0.6499490737915039 2.200000047683716
vertex 26.8499813079834 2.6500508785247803 2.200000047683716
vertex 11.149981498718262 -0.6499490737915039 2.200000047683716
endloop
endfacet
facet normal 0 0 1
outer loop
vertex 11.149981498718262 21.65005111694336 2.200000047683716
vertex 11.149981498718262 18.35004997253418 2.200000047683716
vertex 26.8499813079834 21.65005111694336 2.200000047683716
endloop
endfacet
facet normal 0 0 1
outer loop
vertex 11.149981498718262 18.35004997253418 2.200000047683716
vertex 7.849981307983398 21.65005111694336 2.200000047683716
vertex 11.149981498718262 2.6500508785247803 2.200000047683716
endloop
endfacet
facet normal 0 0 1
outer loop
vertex -64.85002136230469 2.6500508785247803 2.200000047683716
vertex -70.43480682373047 -0.6015232801437378 2.200000047683716
vertex -64.85002136230469 -0.6499490737915039 2.200000047683716
endloop
endfacet
facet normal 0 0 1
outer loop
vertex -70.43480682373047 -0.6015232801437378 2.200000047683716
vertex -64.85002136230469 2.6500508785247803 2.200000047683716
vertex -70.27596282958984 18.397811889648438 2.200000047683716
endloop
endfacet
facet normal 0 0 1
outer loop
vertex -49.150020599365234 2.6500508785247803 2.200000047683716
vertex -64.85002136230469 2.6500508785247803 2.200000047683716
vertex -64.85002136230469 -0.6499490737915039 2.200000047683716
endloop
endfacet
facet normal 0 0 1
outer loop
vertex 7.849981307983398 18.35004997253418 2.200000047683716
vertex 11.149981498718262 2.6500508785247803 2.200000047683716
vertex 7.849981307983398 21.65005111694336 2.200000047683716
endloop
endfacet
facet normal 0 0 1
outer loop
vertex 7.849981307983398 18.35004997253418 2.200000047683716
vertex 7.849981307983398 21.65005111694336 2.200000047683716
vertex -7.8500189781188965 18.35004997253418 2.200000047683716
endloop
endfacet
facet normal 0 0 1
outer loop
vertex 11.149981498718262 2.6500508785247803 2.200000047683716
vertex 7.849981307983398 18.35004997253418 2.200000047683716
vertex 7.849981307983398 2.6500508785247803 2.200000047683716
endloop
endfacet
facet normal 0 0 1
outer loop
vertex 11.149981498718262 -0.6499490737915039 2.200000047683716
vertex 26.8499813079834 2.6500508785247803 2.200000047683716
vertex 11.149981498718262 2.6500508785247803 2.200000047683716
endloop
endfacet
facet normal 0 0 1
outer loop
vertex -64.85002136230469 2.6500508785247803 2.200000047683716
vertex -64.85002136230469 18.35004997253418 2.200000047683716
vertex -70.27596282958984 18.397811889648438 2.200000047683716
endloop
endfacet
facet normal 0 0 1
outer loop
vertex 7.849981307983398 2.6500508785247803 2.200000047683716
vertex 11.149981498718262 -0.6499490737915039 2.200000047683716
vertex 11.149981498718262 2.6500508785247803 2.200000047683716
endloop
endfacet
facet normal 0 0 1
outer loop
vertex 7.849981307983398 -0.6499490737915039 2.200000047683716
vertex 11.149981498718262 -0.6499490737915039 2.200000047683716
vertex 7.849981307983398 2.6500508785247803 2.200000047683716
endloop
endfacet
facet normal 0 0 1
outer loop
vertex -71.57592010498047 18.408679962158203 2.200000047683716
vertex -70.27596282958984 18.397811889648438 2.200000047683716
vertex -71.54695892333984 21.873014450073242 2.200000047683716
endloop
endfacet
facet normal 0 0 1
outer loop
vertex -70.27596282958984 18.397811889648438 2.200000047683716
vertex -64.85002136230469 18.35004997253418 2.200000047683716
vertex -71.54695892333984 21.873014450073242 2.200000047683716
endloop
endfacet
facet normal 0 0 1
outer loop
vertex -71.54695892333984 21.873014450073242 2.200000047683716
vertex -64.85002136230469 18.35004997253418 2.200000047683716
vertex -70.24700164794922 21.862146377563477 2.200000047683716
endloop
endfacet
facet normal 0 0 1
outer loop
vertex -60.10001754760742 21.65005111694336 2.200000047683716
vertex -70.24700164794922 21.862146377563477 2.200000047683716
vertex -64.85002136230469 18.35004997253418 2.200000047683716
endloop
endfacet
facet normal 0 0 1
outer loop
vertex -60.10001754760742 21.65005111694336 2.200000047683716
vertex -64.85002136230469 18.35004997253418 2.200000047683716
vertex -44.400020599365234 21.65005111694336 2.200000047683716
endloop
endfacet
facet normal 0 0 1
outer loop
vertex 7.849981307983398 -0.6499490737915039 2.200000047683716
vertex 7.849981307983398 2.6500508785247803 2.200000047683716
vertex -7.8500189781188965 -0.6499490737915039 2.200000047683716
endloop
endfacet
facet normal 0 0 1
outer loop
vertex -64.85002136230469 -0.6499490737915039 2.200000047683716
vertex -49.150020599365234 -0.6499490737915039 2.200000047683716
vertex -49.150020599365234 2.6500508785247803 2.200000047683716
endloop
endfacet
facet normal 0 0 1
outer loop
vertex -45.85001754760742 -0.6499490737915039 2.200000047683716
vertex -45.85001754760742 2.6500508785247803 2.200000047683716
vertex -49.150020599365234 -0.6499490737915039 2.200000047683716
endloop
endfacet
facet normal 0 0 1
outer loop
vertex -49.150020599365234 -0.6499490737915039 2.200000047683716
vertex -45.85001754760742 2.6500508785247803 2.200000047683716
vertex -49.150020599365234 2.6500508785247803 2.200000047683716
endloop
endfacet
facet normal 0 0 -1
outer loop
vertex -47.67222595214844 -37.41569519042969 0
vertex -47.50001907348633 -37.449947357177734 0
vertex -31.1500186920166 -42.49995040893555 0
endloop
endfacet
facet normal 0 0 -1
outer loop
vertex -31.1500186920166 -42.49995040893555 0
vertex -47.50001907348633 -37.449947357177734 0
vertex -47.32781219482422 -37.41569519042969 0
endloop
endfacet
facet normal 0 0 1
outer loop
vertex -45.85001754760742 2.6500508785247803 2.200000047683716
vertex -49.150020599365234 18.35004997253418 2.200000047683716
vertex -49.150020599365234 2.6500508785247803 2.200000047683716
endloop
endfacet
facet normal 0 0 -1
outer loop
vertex -31.1500186920166 -42.49995040893555 0
vertex -47.32781219482422 -37.41569519042969 0
vertex -47.181819915771484 -37.318145751953125 0
endloop
endfacet
facet normal 0 0 -1
outer loop
vertex -31.12792205810547 -42.72430419921875 0
vertex -47.67222595214844 -37.41569519042969 0
vertex -31.1500186920166 -42.49995040893555 0
endloop
endfacet
facet normal 0 0 1
outer loop
vertex -45.85001754760742 -0.6499490737915039 2.200000047683716
vertex -30.1500186920166 2.6500508785247803 2.200000047683716
vertex -45.85001754760742 2.6500508785247803 2.200000047683716
endloop
endfacet
facet normal 0 0 -1
outer loop
vertex -47.181819915771484 -37.318145751953125 0
vertex -47.08427429199219 -37.172157287597656 0
vertex -28.916057586669922 -37.172157287597656 0
endloop
endfacet
facet normal 0 0 -1
outer loop
vertex -28.916057586669922 -37.172157287597656 0
vertex -47.08427429199219 -37.172157287597656 0
vertex -47.050018310546875 -36.99995040893555 0
endloop
endfacet
facet normal 0 0 -1
outer loop
vertex -47.050018310546875 -36.99995040893555 0
vertex -47.08427429199219 -36.82773971557617 0
vertex -28.916057586669922 -36.82773971557617 0
endloop
endfacet
facet normal 0 0 -1
outer loop
vertex -28.916057586669922 -36.82773971557617 0
vertex -47.08427429199219 -36.82773971557617 0
vertex -47.181819915771484 -36.6817512512207 0
endloop
endfacet
facet normal 0 0 -1
outer loop
vertex -47.181819915771484 -36.6817512512207 0
vertex -47.181819915771484 -36.04814529418945 0
vertex -28.81850814819336 -36.6817512512207 0
endloop
endfacet
facet normal 0 0 -1
outer loop
vertex -47.181819915771484 -36.04814529418945 0
vertex -47.08427429199219 -35.902156829833984 0
vertex -28.916057586669922 -35.902156829833984 0
endloop
endfacet
facet normal 0 0 -1
outer loop
vertex -28.916057586669922 -35.902156829833984 0
vertex -47.08427429199219 -35.902156829833984 0
vertex -47.050018310546875 -35.729949951171875 0
endloop
endfacet
facet normal 0 0 -1
outer loop
vertex -64.05001831054688 -34.549949645996094 0
vertex -49.95001983642578 -34.549949645996094 0
vertex -47.95001983642578 -35.729949951171875 0
endloop
endfacet
facet normal 0 0 -1
outer loop
vertex -47.91576385498047 -35.902156829833984 0
vertex -64.05001831054688 -34.549949645996094 0
vertex -47.95001983642578 -35.729949951171875 0
endloop
endfacet
facet normal 0 0 -1
outer loop
vertex -47.95001983642578 -35.729949951171875 0
vertex -49.95001983642578 -34.549949645996094 0
vertex -47.91576385498047 -35.557743072509766 0
endloop
endfacet
facet normal 0 0 -1
outer loop
vertex -47.91576385498047 -35.557743072509766 0
vertex -49.95001983642578 -34.549949645996094 0
vertex -47.81821823120117 -35.41175079345703 0
endloop
endfacet
facet normal 0 0 -1
outer loop
vertex -47.81821823120117 -35.41175079345703 0
vertex -49.95001983642578 -34.549949645996094 0
vertex -47.67222595214844 -35.314205169677734 0
endloop
endfacet
facet normal 0 0 -1
outer loop
vertex -47.67222595214844 -35.314205169677734 0
vertex -49.95001983642578 -34.549949645996094 0
vertex -47.81821823120117 -34.77814865112305 0
endloop
endfacet
facet normal 0 0 -1
outer loop
vertex -47.81821823120117 -34.77814865112305 0
vertex -49.95001983642578 -34.549949645996094 0
vertex -47.91576385498047 -34.63215637207031 0
endloop
endfacet
facet normal 0 0 1
outer loop
vertex -45.85001754760742 18.35004997253418 2.200000047683716
vertex -49.150020599365234 18.35004997253418 2.200000047683716
vertex -45.85001754760742 2.6500508785247803 2.200000047683716
endloop
endfacet
facet normal 0 0 -1
outer loop
vertex -47.91576385498047 -34.63215637207031 0
vertex -49.95001983642578 -34.549949645996094 0
vertex -47.95001983642578 -34.4599494934082 0
endloop
endfacet
facet normal 0 0 1
outer loop
vertex -44.400020599365234 21.65005111694336 2.200000047683716
vertex -64.85002136230469 18.35004997253418 2.200000047683716
vertex -49.150020599365234 18.35004997253418 2.200000047683716
endloop
endfacet
facet normal 0 0 1
outer loop
vertex -45.85001754760742 18.35004997253418 2.200000047683716
vertex -44.400020599365234 21.65005111694336 2.200000047683716
vertex -49.150020599365234 18.35004997253418 2.200000047683716
endloop
endfacet
facet normal 0 0 -1
outer loop
vertex -47.95001983642578 -34.4599494934082 0
vertex -49.95001983642578 -34.549949645996094 0
vertex -47.91576385498047 -34.287742614746094 0
endloop
endfacet
facet normal 0 0 -1
outer loop
vertex -47.91576385498047 -34.287742614746094 0
vertex -49.95001983642578 -34.549949645996094 0
vertex -47.81821823120117 -34.14175033569336 0
endloop
endfacet
facet normal 0 0 -1
outer loop
vertex -49.95001983642578 -34.549949645996094 0
vertex -49.95001983642578 -30.999948501586914 0
vertex -47.95001983642578 -33.18994903564453 0
endloop
endfacet
facet normal 0 0 1
outer loop
vertex -44.400020599365234 21.65005111694336 2.200000047683716
vertex -45.85001754760742 18.35004997253418 2.200000047683716
vertex -30.1500186920166 18.35004997253418 2.200000047683716
endloop
endfacet
facet normal 0.932898993729881 0.3601381228053692 0
outer loop
vertex 71.44963073730469 40.526676177978516 1.7000000476837158
vertex 71.19131469726562 41.19581604003906 0
vertex 71.19131469726562 41.19581604003906 2.200000047683716
endloop
endfacet
facet normal 0 1 0
outer loop
vertex 72.19998168945312 40.026676177978516 1.7000000476837158
vertex 71.49998474121094 40.026676177978516 0.20000000298023224
vertex 71.49998474121094 40.026676177978516 1.7000000476837158
endloop
endfacet
facet normal 1 0 0
outer loop
vertex 71.49998474121094 40.026676177978516 1.7000000476837158
vertex 71.49998474121094 40.39625549316406 0.20000000298023224
vertex 71.49998474121094 40.39625549316406 1.7000000476837158
endloop
endfacet
facet normal 0.932884209202954 0.3601764181894467 0
outer loop
vertex 71.49998474121094 40.39625549316406 0.20000000298023224
vertex 71.44963073730469 40.526676177978516 1.7000000476837158
vertex 71.49998474121094 40.39625549316406 1.7000000476837158
endloop
endfacet
facet normal 0 0 -1
outer loop
vertex -47.81821823120117 -34.14175033569336 0
vertex -49.95001983642578 -34.549949645996094 0
vertex -47.67222595214844 -33.60569381713867 0
endloop
endfacet
facet normal 1 0 0
outer loop
vertex 72.19998168945312 26.11758804321289 1.7000000476837158
vertex 72.19998168945312 38.390316009521484 0.20000000298023224
vertex 72.19998168945312 40.026676177978516 1.7000000476837158
endloop
endfacet
facet normal 0 0 -1
outer loop
vertex -47.67222595214844 -33.60569381713867 0
vertex -49.95001983642578 -34.549949645996094 0
vertex -47.81821823120117 -33.508148193359375 0
endloop
endfacet
facet normal 0.7406001066868182 0.6719460409701612 0
outer loop
vertex 71.19131469726562 41.19581604003906 0
vertex 69.10165405273438 43.49898147583008 0
vertex 71.19131469726562 41.19581604003906 2.200000047683716
endloop
endfacet
facet normal 0 0 -1
outer loop
vertex -47.91576385498047 -27.012157440185547 0
vertex -49.25001907348633 -23.999948501586914 0
vertex -47.95001983642578 -26.839948654174805 0
endloop
endfacet
facet normal 0 0 -1
outer loop
vertex -47.91576385498047 -27.012157440185547 0
vertex -47.91576385498047 -27.937742233276367 0
vertex -49.25001907348633 -23.999948501586914 0
endloop
endfacet
facet normal 0 0 -1
outer loop
vertex -47.95001983642578 -28.109949111938477 0
vertex -49.25001907348633 -23.999948501586914 0
vertex -47.91576385498047 -27.937742233276367 0
endloop
endfacet
facet normal 0.4053647279590031 0.9141550400926112 0
outer loop
vertex 69.10165405273438 43.49898147583008 0
vertex 68.2128677368164 43.893096923828125 0
vertex 69.10165405273438 43.49898147583008 2.200000047683716
endloop
endfacet
facet normal 0 0 -1
outer loop
vertex -49.95001983642578 -34.549949645996094 0
vertex -47.95001983642578 -33.18994903564453 0
vertex -47.91576385498047 -33.36215591430664 0
endloop
endfacet
facet normal 0 0 -1
outer loop
vertex -45.75001907348633 -27.12424659729004 0
vertex -47.181819915771484 -27.15814781188965 0
vertex -47.08427429199219 -27.012157440185547 0
endloop
endfacet
facet normal 0 0 -1
outer loop
vertex -45.75001907348633 -27.12424659729004 0
vertex -47.181819915771484 -27.791751861572266 0
vertex -47.181819915771484 -27.15814781188965 0
endloop
endfacet
facet normal 0 0 -1
outer loop
vertex 7.049981117248535 22.450050354003906 0
vertex 7.049981117248535 26.000051498413086 0
vertex 7.749980926513672 26.000051498413086 0
endloop
endfacet
facet normal 0 0 -1
outer loop
vertex -47.81821823120117 -33.508148193359375 0
vertex -49.95001983642578 -34.549949645996094 0
vertex -47.91576385498047 -33.36215591430664 0
endloop
endfacet
facet normal 0 0 -1
outer loop
vertex -47.67222595214844 -35.314205169677734 0
vertex -47.67222595214844 -34.875694274902344 0
vertex -47.50001907348633 -35.27994918823242 0
endloop
endfacet
facet normal 0 0 -1
outer loop
vertex 7.049981117248535 22.450050354003906 0
vertex 7.749980926513672 26.000051498413086 0
vertex 11.249980926513672 26.000051498413086 0
endloop
endfacet
facet normal -0.6719451475535151 0.7406009172822329 0
outer loop
vertex -68.6954345703125 43.69169998168945 2.200000047683716
vertex -70.9955825805664 41.60478210449219 0
vertex -70.9955825805664 41.60478210449219 2.200000047683716
endloop
endfacet
facet normal -0.3597723260611144 0.9330401242179112 0
outer loop
vertex -67.8948745727539 44.000389099121094 2.200000047683716
vertex -68.6954345703125 43.69169998168945 0
vertex -68.6954345703125 43.69169998168945 2.200000047683716
endloop
endfacet
facet normal 0 0 -1
outer loop
vertex 11.949980735778809 22.450050354003906 0
vertex 7.049981117248535 22.450050354003906 0
vertex 11.249980926513672 26.000051498413086 0
endloop
endfacet
facet normal 0 0 1
outer loop
vertex 64.84998321533203 -35.34994888305664 2.200000047683716
vertex 70.19998168945312 -24.715063095092773 2.200000047683716
vertex 64.84998321533203 -19.64995002746582 2.200000047683716
endloop
endfacet
facet normal 0 0 -1
outer loop
vertex 11.249980926513672 26.000051498413086 0
vertex 11.949980735778809 26.000051498413086 0
vertex 11.949980735778809 22.450050354003906 0
endloop
endfacet
facet normal 0 0 1
outer loop
vertex 64.84998321533203 -35.34994888305664 2.200000047683716
vertex 70.19998168945312 -43.71506118774414 2.200000047683716
vertex 70.19998168945312 -24.715063095092773 2.200000047683716
endloop
endfacet
facet normal -0.912614017571278 0.40882227793065673 0
outer loop
vertex -70.9955825805664 41.60478210449219 2.200000047683716
vertex -71.32392883300781 40.8718147277832 1.7000000476837158
vertex -71.32392883300781 40.8718147277832 2.200000047683716
endloop
endfacet
facet normal 0 0 -1
outer loop
vertex 11.249980926513672 26.000051498413086 0
vertex 7.749980926513672 26.000051498413086 0
vertex 7.749980926513672 33.00004959106445 0
endloop
endfacet
facet normal 1 0 0
outer loop
vertex 72.19998168945312 22.02667808532715 1.7000000476837158
vertex 72.19998168945312 22.02667808532715 0.20000000298023224
vertex 72.19998168945312 26.11758804321289 1.7000000476837158
endloop
endfacet
facet normal 0 -1 0
outer loop
vertex 71.49998474121094 22.02667808532715 1.7000000476837158
vertex 72.19998168945312 22.02667808532715 0.20000000298023224
vertex 72.19998168945312 22.02667808532715 1.7000000476837158
endloop
endfacet
facet normal 1 0 0
outer loop
vertex 71.49998474121094 21.52667808532715 1.7000000476837158
vertex 71.49998474121094 22.02667808532715 0.20000000298023224
vertex 71.49998474121094 22.02667808532715 1.7000000476837158
endloop
endfacet
facet normal 0 0 -1
outer loop
vertex -47.67222595214844 -34.875694274902344 0
vertex -47.67222595214844 -35.314205169677734 0
vertex -47.81821823120117 -34.77814865112305 0
endloop
endfacet
facet normal 0 0 -1
outer loop
vertex -47.50001907348633 -35.27994918823242 0
vertex -47.50001907348633 -34.909950256347656 0
vertex -47.32781219482422 -35.314205169677734 0
endloop
endfacet
facet normal 0 0 -1
outer loop
vertex -47.50001907348633 -34.909950256347656 0
vertex -47.50001907348633 -35.27994918823242 0
vertex -47.67222595214844 -34.875694274902344 0
endloop
endfacet
facet normal 0 0 -1
outer loop
vertex -47.32781219482422 -35.314205169677734 0
vertex -47.50001907348633 -34.909950256347656 0
vertex -47.32781219482422 -34.875694274902344 0
endloop
endfacet
facet normal 0 0 1
outer loop
vertex -70.24700164794922 21.862146377563477 2.200000047683716
vertex -60.10001754760742 21.65005111694336 2.200000047683716
vertex -60.10001754760742 37.35005187988281 2.200000047683716
endloop
endfacet
facet normal 0 0 -1
outer loop
vertex -47.32781219482422 -35.314205169677734 0
vertex -47.32781219482422 -34.875694274902344 0
vertex -47.181819915771484 -35.41175079345703 0
endloop
endfacet
facet normal 0 0 -1
outer loop
vertex -47.181819915771484 -35.41175079345703 0
vertex -47.32781219482422 -34.875694274902344 0
vertex -47.181819915771484 -34.77814865112305 0
endloop
endfacet
facet normal 0 0 -1
outer loop
vertex -47.050018310546875 -34.4599494934082 0
vertex -47.08427429199219 -34.287742614746094 0
vertex -45.050018310546875 -34.549949645996094 0
endloop
endfacet
facet normal 0 0 -1
outer loop
vertex -47.81821823120117 -34.14175033569336 0
vertex -47.67222595214844 -33.60569381713867 0
vertex -47.67222595214844 -34.04420471191406 0
endloop
endfacet
facet normal 0 0 -1
outer loop
vertex -47.67222595214844 -34.04420471191406 0
vertex -47.67222595214844 -33.60569381713867 0
vertex -47.50001907348633 -34.00994873046875 0
endloop
endfacet
facet normal 0 0 -1
outer loop
vertex -47.32781219482422 -34.04420471191406 0
vertex -47.50001907348633 -34.00994873046875 0
vertex -47.50001907348633 -33.639949798583984 0
endloop
endfacet
facet normal 0 0 -1
outer loop
vertex -47.50001907348633 -33.639949798583984 0
vertex -47.50001907348633 -34.00994873046875 0
vertex -47.67222595214844 -33.60569381713867 0
endloop
endfacet
facet normal 0 0 1
outer loop
vertex -70.24700164794922 21.862146377563477 2.200000047683716
vertex -60.10001754760742 37.35005187988281 2.200000047683716
vertex -70.08816528320312 40.861480712890625 2.200000047683716
endloop
endfacet
facet normal 0 0 1
outer loop
vertex -70.9955825805664 41.60478210449219 2.200000047683716
vertex -71.32392883300781 40.8718147277832 2.200000047683716
vertex -70.08816528320312 40.861480712890625 2.200000047683716
endloop
endfacet
facet normal 0 0 1
outer loop
vertex -70.08816528320312 40.861480712890625 2.200000047683716
vertex -60.10001754760742 37.35005187988281 2.200000047683716
vertex -70.9955825805664 41.60478210449219 2.200000047683716
endloop
endfacet
facet normal 0 0 1
outer loop
vertex -70.9955825805664 41.60478210449219 2.200000047683716
vertex -60.10001754760742 37.35005187988281 2.200000047683716
vertex -68.6954345703125 43.69169998168945 2.200000047683716
endloop
endfacet
facet normal 0 0 1
outer loop
vertex -68.6954345703125 43.69169998168945 2.200000047683716
vertex -60.10001754760742 37.35005187988281 2.200000047683716
vertex -67.8948745727539 44.000389099121094 2.200000047683716
endloop
endfacet
facet normal 0 0 1
outer loop
vertex -44.400020599365234 37.35005187988281 2.200000047683716
vertex -67.8948745727539 44.000389099121094 2.200000047683716
vertex -60.10001754760742 37.35005187988281 2.200000047683716
endloop
endfacet
facet normal 0 0 -1
outer loop
vertex -47.32781219482422 -34.04420471191406 0
vertex -47.50001907348633 -33.639949798583984 0
vertex -47.32781219482422 -33.60569381713867 0
endloop
endfacet
facet normal 0 0 -1
outer loop
vertex -47.32781219482422 -34.04420471191406 0
vertex -47.32781219482422 -33.60569381713867 0
vertex -47.181819915771484 -34.14175033569336 0
endloop
endfacet
facet normal 0 0 -1
outer loop
vertex -47.08427429199219 -34.287742614746094 0
vertex -47.181819915771484 -34.14175033569336 0
vertex -47.181819915771484 -33.508148193359375 0
endloop
endfacet
facet normal 0 0 1
outer loop
vertex -44.400020599365234 21.65005111694336 2.200000047683716
vertex -31.600019454956055 37.35005187988281 2.200000047683716
vertex -44.400020599365234 37.35005187988281 2.200000047683716
endloop
endfacet
facet normal 0 0 -1
outer loop
vertex -47.181819915771484 -34.14175033569336 0
vertex -47.32781219482422 -33.60569381713867 0
vertex -47.181819915771484 -33.508148193359375 0
endloop
endfacet
facet normal 0 0 -1
outer loop
vertex -47.08427429199219 -34.287742614746094 0
vertex -47.181819915771484 -33.508148193359375 0
vertex -47.08427429199219 -33.36215591430664 0
endloop
endfacet
facet normal 0.932884209202954 0.3601764181894467 0
outer loop
vertex 71.49998474121094 40.39625549316406 0.20000000298023224
vertex 71.44963073730469 40.526676177978516 0.20000000298023224
vertex 71.44963073730469 40.526676177978516 1.7000000476837158
endloop
endfacet
facet normal 0 1 0
outer loop
vertex 72.19998168945312 40.026676177978516 0.20000000298023224
vertex 71.49998474121094 40.026676177978516 0.20000000298023224
vertex 72.19998168945312 40.026676177978516 1.7000000476837158
endloop
endfacet
facet normal 1 0 0
outer loop
vertex 71.49998474121094 40.39625549316406 0.20000000298023224
vertex 71.49998474121094 40.026676177978516 1.7000000476837158
vertex 71.49998474121094 40.026676177978516 0.20000000298023224
endloop
endfacet
facet normal 1 0 0
outer loop
vertex 72.19998168945312 38.390316009521484 0.20000000298023224
vertex 72.19998168945312 40.026676177978516 0.20000000298023224
vertex 72.19998168945312 40.026676177978516 1.7000000476837158
endloop
endfacet
facet normal 0.932898993729881 0.3601381228053693 0
outer loop
vertex 71.44963073730469 40.526676177978516 0.20000000298023224
vertex 71.19131469726562 41.19581604003906 0
vertex 71.44963073730469 40.526676177978516 1.7000000476837158
endloop
endfacet
facet normal 0 0 -1
outer loop
vertex -45.050018310546875 -34.549949645996094 0
vertex -47.08427429199219 -34.287742614746094 0
vertex -47.08427429199219 -33.36215591430664 0
endloop
endfacet
facet normal 0 0 -1
outer loop
vertex -45.050018310546875 -34.549949645996094 0
vertex -47.08427429199219 -33.36215591430664 0
vertex -47.050018310546875 -33.18994903564453 0
endloop
endfacet
facet normal 0 0 -1
outer loop
vertex 11.249980926513672 26.000051498413086 0
vertex 7.749980926513672 33.00004959106445 0
vertex 11.249980926513672 33.00004959106445 0
endloop
endfacet
facet normal 0 0 1
outer loop
vertex -44.400020599365234 37.35005187988281 2.200000047683716
vertex -31.600019454956055 37.35005187988281 2.200000047683716
vertex -67.8948745727539 44.000389099121094 2.200000047683716
endloop
endfacet
facet normal 0 0 1
outer loop
vertex -15.900018692016602 37.35005187988281 2.200000047683716
vertex -67.8948745727539 44.000389099121094 2.200000047683716
vertex -31.600019454956055 37.35005187988281 2.200000047683716
endloop
endfacet
facet normal 0 0 1
outer loop
vertex 49.14998245239258 -35.34994888305664 2.200000047683716
vertex 71.14982604980469 -44.42116928100586 2.200000047683716
vertex 70.19998168945312 -43.71506118774414 2.200000047683716
endloop
endfacet
facet normal 0 0 1
outer loop
vertex 71.44230651855469 -43.71506118774414 2.200000047683716
vertex 70.19998168945312 -43.71506118774414 2.200000047683716
vertex 71.14982604980469 -44.42116928100586 2.200000047683716
endloop
endfacet
facet normal 0.9328989937298812 0.3601381228053693 0
outer loop
vertex 71.44963073730469 40.526676177978516 0
vertex 71.19131469726562 41.19581604003906 0
vertex 71.44963073730469 40.526676177978516 0.20000000298023224
endloop
endfacet
facet normal 0 0 1
outer loop
vertex 49.14998245239258 -35.34994888305664 2.200000047683716
vertex 70.19998168945312 -43.71506118774414 2.200000047683716
vertex 64.84998321533203 -35.34994888305664 2.200000047683716
endloop
endfacet
facet normal 0 0 -1
outer loop
vertex 70.19998168945312 40.526676177978516 0
vertex 71.19131469726562 41.19581604003906 0
vertex 71.44963073730469 40.526676177978516 0
endloop
endfacet
facet normal 0 0 1
outer loop
vertex 49.14998245239258 -35.34994888305664 2.200000047683716
vertex 45.849979400634766 -35.34994888305664 2.200000047683716
vertex 68.0707778930664 -47.00130844116211 2.200000047683716
endloop
endfacet
facet normal 0 0 1
outer loop
vertex 68.9199447631836 -46.651058197021484 2.200000047683716
vertex 71.14982604980469 -44.42116928100586 2.200000047683716
vertex 49.14998245239258 -35.34994888305664 2.200000047683716
endloop
endfacet
facet normal 0 0 -1
outer loop
vertex 64.04998016357422 36.550052642822266 0
vertex 70.19998168945312 40.526676177978516 0
vertex 70.19998168945312 21.52667808532715 0
endloop
endfacet
facet normal 0 0 -1
outer loop
vertex 64.04998016357422 36.550052642822266 0
vertex 64.74998474121094 33.00004959106445 0
vertex 64.04998016357422 33.00004959106445 0
endloop
endfacet
facet normal 0 0 -1
outer loop
vertex -7.750019073486328 -30.999948501586914 0
vertex -11.250019073486328 -30.999948501586914 0
vertex -7.750019073486328 -23.999948501586914 0
endloop
endfacet
facet normal 0 0 -1
outer loop
vertex -7.750019073486328 -30.999948501586914 0
vertex -7.050018787384033 -30.999948501586914 0
vertex -7.050018787384033 -34.549949645996094 0
endloop
endfacet
facet normal 0 0 -1
outer loop
vertex -7.050018787384033 -34.549949645996094 0
vertex -11.250019073486328 -30.999948501586914 0
vertex -7.750019073486328 -30.999948501586914 0
endloop
endfacet
facet normal 0 0 -1
outer loop
vertex -11.250019073486328 -30.999948501586914 0
vertex -11.250019073486328 -23.999948501586914 0
vertex -7.750019073486328 -23.999948501586914 0
endloop
endfacet
facet normal 0 0 -1
outer loop
vertex -7.050018787384033 -34.549949645996094 0
vertex -11.950018882751465 -30.999948501586914 0
vertex -11.250019073486328 -30.999948501586914 0
endloop
endfacet
facet normal 0 0 -1
outer loop
vertex -11.950018882751465 -34.549949645996094 0
vertex -11.950018882751465 -30.999948501586914 0
vertex -7.050018787384033 -34.549949645996094 0
endloop
endfacet
facet normal 0 0 -1
outer loop
vertex 68.0707778930664 -47.00130844116211 0
vertex -70.81040954589844 -45.52886199951172 0
vertex -30.000019073486328 -43.64994812011719 0
endloop
endfacet
facet normal 0 0 -1
outer loop
vertex -26.750019073486328 -30.442306518554688 0
vertex -28.050310134887695 -28.109949111938477 0
vertex -26.750019073486328 -23.999948501586914 0
endloop
endfacet
facet normal 0 0 -1
outer loop
vertex -11.950018882751465 -34.549949645996094 0
vertex -28.050310134887695 -36.99995040893555 0
vertex -26.050018310546875 -34.549949645996094 0
endloop
endfacet
facet normal 0 0 -1
outer loop
vertex -26.750019073486328 -30.999948501586914 0
vertex -28.050310134887695 -30.64995002746582 0
vertex -26.750019073486328 -30.442306518554688 0
endloop
endfacet
facet normal 0 0 -1
outer loop
vertex -26.750019073486328 -30.999948501586914 0
vertex -26.050018310546875 -30.999948501586914 0
vertex -26.050018310546875 -34.549949645996094 0
endloop
endfacet
facet normal 0 0 -1
outer loop
vertex -26.050018310546875 -34.549949645996094 0
vertex -28.084564208984375 -33.01774215698242 0
vertex -26.750019073486328 -30.999948501586914 0
endloop
endfacet
facet normal 0 0 -1
outer loop
vertex -26.050018310546875 -34.549949645996094 0
vertex -28.050310134887695 -33.18994903564453 0
vertex -28.084564208984375 -33.01774215698242 0
endloop
endfacet
facet normal 0 0 -1
outer loop
vertex -26.050018310546875 -34.549949645996094 0
vertex -28.084564208984375 -33.36215591430664 0
vertex -28.050310134887695 -33.18994903564453 0
endloop
endfacet
facet normal 0 0 1
outer loop
vertex -30.1500186920166 -0.6499490737915039 2.200000047683716
vertex -30.1500186920166 2.6500508785247803 2.200000047683716
vertex -45.85001754760742 -0.6499490737915039 2.200000047683716
endloop
endfacet
facet normal 0 0 1
outer loop
vertex -30.1500186920166 -0.6499490737915039 2.200000047683716
vertex -26.850019454956055 -0.6499490737915039 2.200000047683716
vertex -30.1500186920166 2.6500508785247803 2.200000047683716
endloop
endfacet
facet normal 0 0 -1
outer loop
vertex 49.949981689453125 36.550052642822266 0
vertex 70.19998168945312 40.526676177978516 0
vertex 64.04998016357422 36.550052642822266 0
endloop
endfacet
facet normal 0 0 -1
outer loop
vertex 49.949981689453125 36.550052642822266 0
vertex 45.04998016357422 36.550052642822266 0
vertex 70.19998168945312 40.526676177978516 0
endloop
endfacet
facet normal 0 0 1
outer loop
vertex -30.1500186920166 2.6500508785247803 2.200000047683716
vertex -26.850019454956055 -0.6499490737915039 2.200000047683716
vertex -30.1500186920166 18.35004997253418 2.200000047683716
endloop
endfacet
facet normal 0 0 1
outer loop
vertex -26.850019454956055 2.6500508785247803 2.200000047683716
vertex -30.1500186920166 18.35004997253418 2.200000047683716
vertex -26.850019454956055 -0.6499490737915039 2.200000047683716
endloop
endfacet
facet normal 1 0 0
outer loop
vertex 72.19998168945312 22.02667808532715 0.20000000298023224
vertex 72.19998168945312 38.390316009521484 0.20000000298023224
vertex 72.19998168945312 26.11758804321289 1.7000000476837158
endloop
endfacet
facet normal 0 0 -1
outer loop
vertex -45.050018310546875 -34.549949645996094 0
vertex -47.050018310546875 -33.18994903564453 0
vertex -47.08427429199219 -33.01774215698242 0
endloop
endfacet
facet normal 0 0 1
outer loop
vertex -26.850019454956055 2.6500508785247803 2.200000047683716
vertex -26.850019454956055 -0.6499490737915039 2.200000047683716
vertex -11.150018692016602 2.6500508785247803 2.200000047683716
endloop
endfacet
facet normal 0 -1 0
outer loop
vertex 72.19998168945312 22.02667808532715 0.20000000298023224
vertex 71.49998474121094 22.02667808532715 1.7000000476837158
vertex 71.49998474121094 22.02667808532715 0.20000000298023224
endloop
endfacet
facet normal 0 0 -1
outer loop
vertex -47.181819915771484 -32.87174987792969 0
vertex -47.67222595214844 -32.335693359375 0
vertex -45.050018310546875 -34.549949645996094 0
endloop
endfacet
facet normal 0 0 1
outer loop
vertex 68.0707778930664 -47.00130844116211 2.200000047683716
vertex 68.9199447631836 -46.651058197021484 2.200000047683716
vertex 49.14998245239258 -35.34994888305664 2.200000047683716
endloop
endfacet
facet normal 0 0 -1
outer loop
vertex -45.75001907348633 -27.12424659729004 0
vertex -47.08427429199219 -27.937742233276367 0
vertex -47.181819915771484 -27.791751861572266 0
endloop
endfacet
facet normal 0 0 -1
outer loop
vertex -45.75001907348633 -27.12424659729004 0
vertex -47.050018310546875 -28.109949111938477 0
vertex -47.08427429199219 -27.937742233276367 0
endloop
endfacet
facet normal 0 0 -1
outer loop
vertex 70.19998168945312 21.52667808532715 0
vertex 64.74998474121094 33.00004959106445 0
vertex 64.04998016357422 36.550052642822266 0
endloop
endfacet
facet normal 0 0 -1
outer loop
vertex -45.75001907348633 -27.12424659729004 0
vertex -47.050018310546875 -29.37994956970215 0
vertex -47.050018310546875 -28.109949111938477 0
endloop
endfacet
facet normal 0 0 -1
outer loop
vertex -47.181819915771484 -27.791751861572266 0
vertex -47.32781219482422 -27.255695343017578 0
vertex -47.181819915771484 -27.15814781188965 0
endloop
endfacet
facet normal 0 0 -1
outer loop
vertex -47.32781219482422 -27.694202423095703 0
vertex -47.32781219482422 -27.255695343017578 0
vertex -47.181819915771484 -27.791751861572266 0
endloop
endfacet
facet normal 0 0 -1
outer loop
vertex 70.19998168945312 21.52667808532715 0
vertex 64.74998474121094 26.000051498413086 0
vertex 64.74998474121094 33.00004959106445 0
endloop
endfacet
facet normal 0 0 -1
outer loop
vertex 70.19998168945312 21.52667808532715 0
vertex 64.04998016357422 26.000051498413086 0
vertex 64.74998474121094 26.000051498413086 0
endloop
endfacet
facet normal 0 0 -1
outer loop
vertex 70.19998168945312 21.52667808532715 0
vertex 64.04998016357422 22.450050354003906 0
vertex 64.04998016357422 26.000051498413086 0
endloop
endfacet
facet normal 0 0 -1
outer loop
vertex -45.050018310546875 -34.549949645996094 0
vertex -47.08427429199219 -33.01774215698242 0
vertex -47.181819915771484 -32.87174987792969 0
endloop
endfacet
facet normal 0 0 -1
outer loop
vertex -47.50001907348633 -32.36994934082031 0
vertex -47.32781219482422 -32.335693359375 0
vertex -45.050018310546875 -34.549949645996094 0
endloop
endfacet
facet normal 0 0 1
outer loop
vertex -26.850019454956055 2.6500508785247803 2.200000047683716
vertex -26.850019454956055 18.35004997253418 2.200000047683716
vertex -30.1500186920166 18.35004997253418 2.200000047683716
endloop
endfacet
facet normal 0 0 1
outer loop
vertex -30.1500186920166 18.35004997253418 2.200000047683716
vertex -26.850019454956055 18.35004997253418 2.200000047683716
vertex -44.400020599365234 21.65005111694336 2.200000047683716
endloop
endfacet
facet normal 0 0 1
outer loop
vertex -31.600019454956055 21.65005111694336 2.200000047683716
vertex -44.400020599365234 21.65005111694336 2.200000047683716
vertex -26.850019454956055 18.35004997253418 2.200000047683716
endloop
endfacet
facet normal 0 0 -1
outer loop
vertex -45.050018310546875 -34.549949645996094 0
vertex -47.67222595214844 -32.335693359375 0
vertex -47.50001907348633 -32.36994934082031 0
endloop
endfacet
facet normal 0 0 -1
outer loop
vertex 49.24998092651367 33.00004959106445 0
vertex 49.949981689453125 36.550052642822266 0
vertex 49.949981689453125 33.00004959106445 0
endloop
endfacet
facet normal 0 0 -1
outer loop
vertex 49.24998092651367 33.00004959106445 0
vertex 45.74998092651367 33.00004959106445 0
vertex 49.949981689453125 36.550052642822266 0
endloop
endfacet
facet normal 0 0 -1
outer loop
vertex 45.74998092651367 33.00004959106445 0
vertex 45.04998016357422 36.550052642822266 0
vertex 49.949981689453125 36.550052642822266 0
endloop
endfacet
facet normal 0 0 1
outer loop
vertex -26.850019454956055 18.35004997253418 2.200000047683716
vertex -11.150018692016602 18.35004997253418 2.200000047683716
vertex -31.600019454956055 21.65005111694336 2.200000047683716
endloop
endfacet
facet normal 0 0 1
outer loop
vertex -11.150018692016602 18.35004997253418 2.200000047683716
vertex -15.900018692016602 21.65005111694336 2.200000047683716
vertex -31.600019454956055 21.65005111694336 2.200000047683716
endloop
endfacet
facet normal 0 0 -1
outer loop
vertex 45.04998016357422 33.00004959106445 0
vertex 45.04998016357422 36.550052642822266 0
vertex 45.74998092651367 33.00004959106445 0
endloop
endfacet
facet normal 0 0 -1
outer loop
vertex -45.050018310546875 -34.549949645996094 0
vertex -47.32781219482422 -32.335693359375 0
vertex -47.181819915771484 -32.2381477355957 0
endloop
endfacet
facet normal 0 0 -1
outer loop
vertex -45.050018310546875 -34.549949645996094 0
vertex -47.181819915771484 -32.2381477355957 0
vertex -47.08427429199219 -32.09215545654297 0
endloop
endfacet
facet normal 0 0 -1
outer loop
vertex -45.050018310546875 -34.549949645996094 0
vertex -47.08427429199219 -32.09215545654297 0
vertex -47.050018310546875 -31.91994857788086 0
endloop
endfacet
facet normal 0 0 -1
outer loop
vertex -47.95001983642578 -33.18994903564453 0
vertex -49.95001983642578 -30.999948501586914 0
vertex -47.91576385498047 -33.01774215698242 0
endloop
endfacet
facet normal 0 0 -1
outer loop
vertex -47.91576385498047 -33.01774215698242 0
vertex -49.95001983642578 -30.999948501586914 0
vertex -47.81821823120117 -32.87174987792969 0
endloop
endfacet
facet normal 0 0 -1
outer loop
vertex 49.24998092651367 26.000051498413086 0
vertex 45.74998092651367 33.00004959106445 0
vertex 49.24998092651367 33.00004959106445 0
endloop
endfacet
facet normal 0 0 -1
outer loop
vertex 49.24998092651367 26.000051498413086 0
vertex 49.949981689453125 22.450050354003906 0
vertex 45.74998092651367 33.00004959106445 0
endloop
endfacet
facet normal 0 0 1
outer loop
vertex -11.150018692016602 -0.6499490737915039 2.200000047683716
vertex -11.150018692016602 2.6500508785247803 2.200000047683716
vertex -26.850019454956055 -0.6499490737915039 2.200000047683716
endloop
endfacet
facet normal 0 0 1
outer loop
vertex -11.150018692016602 -0.6499490737915039 2.200000047683716
vertex -7.8500189781188965 -0.6499490737915039 2.200000047683716
vertex -11.150018692016602 2.6500508785247803 2.200000047683716
endloop
endfacet
facet normal 0 0 -1
outer loop
vertex 49.949981689453125 22.450050354003906 0
vertex 45.74998092651367 26.000051498413086 0
vertex 45.74998092651367 33.00004959106445 0
endloop
endfacet
facet normal 0 0 -1
outer loop
vertex 49.24998092651367 26.000051498413086 0
vertex 49.949981689453125 26.000051498413086 0
vertex 49.949981689453125 22.450050354003906 0
endloop
endfacet
facet normal 0 0 1
outer loop
vertex -11.150018692016602 2.6500508785247803 2.200000047683716
vertex -7.8500189781188965 2.6500508785247803 2.200000047683716
vertex -11.150018692016602 18.35004997253418 2.200000047683716
endloop
endfacet
facet normal 0 0 -1
outer loop
vertex 45.74998092651367 26.000051498413086 0
vertex 45.04998016357422 22.450050354003906 0
vertex 45.04998016357422 26.000051498413086 0
endloop
endfacet
facet normal 0 0 -1
outer loop
vertex 49.949981689453125 22.450050354003906 0
vertex 45.04998016357422 22.450050354003906 0
vertex 45.74998092651367 26.000051498413086 0
endloop
endfacet
facet normal 0 0 1
outer loop
vertex -7.8500189781188965 2.6500508785247803 2.200000047683716
vertex -11.150018692016602 2.6500508785247803 2.200000047683716
vertex -7.8500189781188965 -0.6499490737915039 2.200000047683716
endloop
endfacet
facet normal 0 0 1
outer loop
vertex -7.8500189781188965 2.6500508785247803 2.200000047683716
vertex -7.8500189781188965 -0.6499490737915039 2.200000047683716
vertex 7.849981307983398 2.6500508785247803 2.200000047683716
endloop
endfacet
facet normal 0 0 -1
outer loop
vertex -47.81821823120117 -32.87174987792969 0
vertex -49.95001983642578 -30.999948501586914 0
vertex -47.67222595214844 -32.77420425415039 0
endloop
endfacet
facet normal 1 0 0
outer loop
vertex 71.49998474121094 18.779430389404297 1.7000000476837158
vertex 71.49998474121094 22.02667808532715 0.20000000298023224
vertex 71.49998474121094 21.52667808532715 1.7000000476837158
endloop
endfacet
facet normal 1 0 0
outer loop
vertex 71.49998474121094 18.279430389404297 1.7000000476837158
vertex 71.49998474121094 18.279430389404297 0.20000000298023224
vertex 71.49998474121094 18.779430389404297 1.7000000476837158
endloop
endfacet
facet normal 0 1 0
outer loop
vertex 72.19998168945312 18.279430389404297 1.7000000476837158
vertex 71.49998474121094 18.279430389404297 0.20000000298023224
vertex 71.49998474121094 18.279430389404297 1.7000000476837158
endloop
endfacet
facet normal 1 0 0
outer loop
vertex 72.19998168945312 4.370340347290039 1.7000000476837158
vertex 72.19998168945312 16.643068313598633 0.20000000298023224
vertex 72.19998168945312 18.279430389404297 1.7000000476837158
endloop
endfacet
facet normal 0 0 -1
outer loop
vertex -47.67222595214844 -32.77420425415039 0
vertex -49.95001983642578 -30.999948501586914 0
vertex -47.50001907348633 -32.73994827270508 0
endloop
endfacet
facet normal 0 0 -1
outer loop
vertex -47.91576385498047 -32.09215545654297 0
vertex -47.81821823120117 -32.2381477355957 0
vertex -49.95001983642578 -30.999948501586914 0
endloop
endfacet
facet normal 0 0 -1
outer loop
vertex -47.91576385498047 -32.09215545654297 0
vertex -49.95001983642578 -30.999948501586914 0
vertex -47.95001983642578 -31.91994857788086 0
endloop
endfacet
facet normal 0 0 -1
outer loop
vertex -47.50001907348633 -32.73994827270508 0
vertex -49.95001983642578 -30.999948501586914 0
vertex -47.81821823120117 -32.2381477355957 0
endloop
endfacet
facet normal 0 0 -1
outer loop
vertex -47.95001983642578 -31.91994857788086 0
vertex -49.25001907348633 -30.999948501586914 0
vertex -47.91576385498047 -31.74774169921875 0
endloop
endfacet
facet normal 1 0 0
outer loop
vertex 72.19998168945312 0.2794310748577118 1.7000000476837158
vertex 72.19998168945312 0.2794310748577118 0.20000000298023224
vertex 72.19998168945312 4.370340347290039 1.7000000476837158
endloop
endfacet
facet normal 0 -1 0
outer loop
vertex 71.49998474121094 0.2794310748577118 1.7000000476837158
vertex 72.19998168945312 0.2794310748577118 0.20000000298023224
vertex 72.19998168945312 0.2794310748577118 1.7000000476837158
endloop
endfacet
facet normal 1 0 0
outer loop
vertex 71.49998474121094 -0.22056891024112701 1.7000000476837158
vertex 71.49998474121094 0.2794310748577118 0.20000000298023224
vertex 71.49998474121094 0.2794310748577118 1.7000000476837158
endloop
endfacet
facet normal 1 0 0
outer loop
vertex 71.49998474121094 -2.96781587600708 1.7000000476837158
vertex 71.49998474121094 0.2794310748577118 0.20000000298023224
vertex 71.49998474121094 -0.22056891024112701 1.7000000476837158
endloop
endfacet
facet normal 0 0 -1
outer loop
vertex 26.04998207092285 14.00005054473877 0
vertex 26.04998207092285 17.550050735473633 0
vertex 26.749980926513672 14.00005054473877 0
endloop
endfacet
facet normal 0 0 -1
outer loop
vertex 7.049981117248535 33.00004959106445 0
vertex 7.049981117248535 36.550052642822266 0
vertex 7.749980926513672 33.00004959106445 0
endloop
endfacet
facet normal 0 0 -1
outer loop
vertex -49.25001907348633 -30.999948501586914 0
vertex -47.95001983642578 -31.91994857788086 0
vertex -49.95001983642578 -30.999948501586914 0
endloop
endfacet
facet normal 0 0 1
outer loop
vertex -7.8500189781188965 2.6500508785247803 2.200000047683716
vertex -7.8500189781188965 18.35004997253418 2.200000047683716
vertex -11.150018692016602 18.35004997253418 2.200000047683716
endloop
endfacet
facet normal 0 0 -1
outer loop
vertex -47.81821823120117 -31.60175132751465 0
vertex -49.25001907348633 -30.999948501586914 0
vertex -47.81821823120117 -30.96814727783203 0
endloop
endfacet
facet normal 0 0 -1
outer loop
vertex -47.81821823120117 -30.96814727783203 0
vertex -49.25001907348633 -30.999948501586914 0
vertex -47.91576385498047 -30.82215690612793 0
endloop
endfacet
facet normal 0 0 1
outer loop
vertex -7.8500189781188965 18.35004997253418 2.200000047683716
vertex 7.849981307983398 21.65005111694336 2.200000047683716
vertex -7.8500189781188965 21.65005111694336 2.200000047683716
endloop
endfacet
facet normal 0 0 -1
outer loop
vertex -47.91576385498047 -30.82215690612793 0
vertex -49.25001907348633 -30.999948501586914 0
vertex -47.95001983642578 -30.64995002746582 0
endloop
endfacet
facet normal 0 0 -1
outer loop
vertex -47.95001983642578 -30.64995002746582 0
vertex -49.25001907348633 -30.999948501586914 0
vertex -47.91576385498047 -30.477741241455078 0
endloop
endfacet
facet normal 0 0 -1
outer loop
vertex -47.91576385498047 -30.477741241455078 0
vertex -49.25001907348633 -30.999948501586914 0
vertex -47.81821823120117 -30.331750869750977 0
endloop
endfacet
facet normal 0 0 -1
outer loop
vertex -47.81821823120117 -30.331750869750977 0
vertex -49.25001907348633 -30.999948501586914 0
vertex -47.81821823120117 -29.69814682006836 0
endloop
endfacet
facet normal 0 0 -1
outer loop
vertex -47.81821823120117 -29.69814682006836 0
vertex -49.25001907348633 -30.999948501586914 0
vertex -47.91576385498047 -29.552156448364258 0
endloop
endfacet
facet normal 0 0 -1
outer loop
vertex -47.91576385498047 -29.552156448364258 0
vertex -49.25001907348633 -30.999948501586914 0
vertex -47.95001983642578 -29.37994956970215 0
endloop
endfacet
facet normal 0 0 -1
outer loop
vertex -47.50001907348633 -32.73994827270508 0
vertex -47.81821823120117 -32.2381477355957 0
vertex -47.67222595214844 -32.335693359375 0
endloop
endfacet
facet normal 0 0 -1
outer loop
vertex -47.50001907348633 -32.73994827270508 0
vertex -47.67222595214844 -32.335693359375 0
vertex -47.32781219482422 -32.77420425415039 0
endloop
endfacet
facet normal 0 0 -1
outer loop
vertex -26.050018310546875 -34.549949645996094 0
vertex -28.182113647460938 -33.508148193359375 0
vertex -28.084564208984375 -33.36215591430664 0
endloop
endfacet
facet normal 0 0 -1
outer loop
vertex -26.050018310546875 -34.549949645996094 0
vertex -28.084564208984375 -34.287742614746094 0
vertex -28.182113647460938 -34.14175033569336 0
endloop
endfacet
facet normal 0 0 -1
outer loop
vertex -26.050018310546875 -34.549949645996094 0
vertex -28.050310134887695 -34.4599494934082 0
vertex -28.084564208984375 -34.287742614746094 0
endloop
endfacet
facet normal 0 0 -1
outer loop
vertex -26.050018310546875 -34.549949645996094 0
vertex -28.084564208984375 -34.63215637207031 0
vertex -28.050310134887695 -34.4599494934082 0
endloop
endfacet
facet normal 0 0 -1
outer loop
vertex -26.050018310546875 -34.549949645996094 0
vertex -28.182113647460938 -34.77814865112305 0
vertex -28.084564208984375 -34.63215637207031 0
endloop
endfacet
facet normal 0 0 -1
outer loop
vertex -26.050018310546875 -34.549949645996094 0
vertex -28.084564208984375 -35.557743072509766 0
vertex -28.182113647460938 -35.41175079345703 0
endloop
endfacet
facet normal 0.0007882883084882622 0.999999689300723 0
outer loop
vertex -67.8948745727539 44.000389099121094 2.200000047683716
vertex 68.2128677368164 43.893096923828125 2.200000047683716
vertex -67.8948745727539 44.000389099121094 0
endloop
endfacet
facet normal 0 0 -1
outer loop
vertex -26.050018310546875 -34.549949645996094 0
vertex -28.050310134887695 -35.729949951171875 0
vertex -28.084564208984375 -35.557743072509766 0
endloop
endfacet
facet normal 0 0 -1
outer loop
vertex -26.050018310546875 -34.549949645996094 0
vertex -28.084564208984375 -35.902156829833984 0
vertex -28.050310134887695 -35.729949951171875 0
endloop
endfacet
facet normal 0 0 -1
outer loop
vertex -26.750019073486328 -23.999948501586914 0
vertex -28.32810401916504 -26.424203872680664 0
vertex -30.250019073486328 -23.999948501586914 0
endloop
endfacet
facet normal 0 0 -1
outer loop
vertex -26.750019073486328 -23.999948501586914 0
vertex -28.182113647460938 -26.521751403808594 0
vertex -28.32810401916504 -26.424203872680664 0
endloop
endfacet
facet normal 0 0 -1
outer loop
vertex -28.50031089782715 -26.389949798583984 0
vertex -30.250019073486328 -23.999948501586914 0
vertex -28.32810401916504 -26.424203872680664 0
endloop
endfacet
facet normal 0 0 -1
outer loop
vertex -28.672517776489258 -26.424203872680664 0
vertex -30.250019073486328 -23.999948501586914 0
vertex -28.50031089782715 -26.389949798583984 0
endloop
endfacet
facet normal 0 0 -1
outer loop
vertex -28.81850814819336 -26.521751403808594 0
vertex -30.250019073486328 -23.999948501586914 0
vertex -28.672517776489258 -26.424203872680664 0
endloop
endfacet
facet normal 0 0 -1
outer loop
vertex -26.750019073486328 -23.999948501586914 0
vertex -28.050310134887695 -26.839948654174805 0
vertex -28.084564208984375 -26.667741775512695 0
endloop
endfacet
facet normal 0 0 -1
outer loop
vertex -28.084564208984375 -26.667741775512695 0
vertex -28.182113647460938 -26.521751403808594 0
vertex -26.750019073486328 -23.999948501586914 0
endloop
endfacet
facet normal 0 0 1
outer loop
vertex -44.400020599365234 21.65005111694336 2.200000047683716
vertex -31.600019454956055 21.65005111694336 2.200000047683716
vertex -31.600019454956055 37.35005187988281 2.200000047683716
endloop
endfacet
facet normal 0 0 -1
outer loop
vertex -47.67222595214844 -32.335693359375 0
vertex -47.181819915771484 -32.87174987792969 0
vertex -47.32781219482422 -32.77420425415039 0
endloop
endfacet
facet normal 0 0 -1
outer loop
vertex -47.81821823120117 -31.60175132751465 0
vertex -47.67222595214844 -31.06569480895996 0
vertex -47.67222595214844 -31.50420379638672 0
endloop
endfacet
facet normal 0 0 -1
outer loop
vertex -47.32781219482422 -31.50420379638672 0
vertex -47.32781219482422 -31.06569480895996 0
vertex -47.181819915771484 -31.60175132751465 0
endloop
endfacet
facet normal 0 0 -1
outer loop
vertex -45.050018310546875 -34.549949645996094 0
vertex -47.050018310546875 -31.91994857788086 0
vertex -45.75001907348633 -30.999948501586914 0
endloop
endfacet
facet normal 1 0 0
outer loop
vertex 71.49998474121094 18.779430389404297 1.7000000476837158
vertex 71.49998474121094 21.52667808532715 0.20000000298023224
vertex 71.49998474121094 22.02667808532715 0.20000000298023224
endloop
endfacet
facet normal 1 0 0
outer loop
vertex 71.49998474121094 18.779430389404297 1.7000000476837158
vertex 71.49998474121094 18.779430389404297 0.20000000298023224
vertex 71.49998474121094 21.52667808532715 0.20000000298023224
endloop
endfacet
facet normal 1 0 0
outer loop
vertex 71.49998474121094 18.279430389404297 0.20000000298023224
vertex 71.49998474121094 18.779430389404297 0.20000000298023224
vertex 71.49998474121094 18.779430389404297 1.7000000476837158
endloop
endfacet
facet normal 0 1 0
outer loop
vertex 72.19998168945312 18.279430389404297 0.20000000298023224
vertex 71.49998474121094 18.279430389404297 0.20000000298023224
vertex 72.19998168945312 18.279430389404297 1.7000000476837158
endloop
endfacet
facet normal 1 0 0
outer loop
vertex 72.19998168945312 16.643068313598633 0.20000000298023224
vertex 72.19998168945312 18.279430389404297 0.20000000298023224
vertex 72.19998168945312 18.279430389404297 1.7000000476837158
endloop
endfacet
facet normal 0 0 -1
outer loop
vertex -45.75001907348633 -30.999948501586914 0
vertex -47.050018310546875 -31.91994857788086 0
vertex -47.08427429199219 -31.74774169921875 0
endloop
endfacet
facet normal 0 0 -1
outer loop
vertex -45.75001907348633 -30.999948501586914 0
vertex -47.08427429199219 -31.74774169921875 0
vertex -47.181819915771484 -31.60175132751465 0
endloop
endfacet
facet normal 0 0 -1
outer loop
vertex 30.949981689453125 36.550052642822266 0
vertex -67.8948745727539 44.000389099121094 0
vertex 45.04998016357422 36.550052642822266 0
endloop
endfacet
facet normal 0 0 1
outer loop
vertex -15.900018692016602 37.35005187988281 2.200000047683716
vertex -7.8500189781188965 37.35005187988281 2.200000047683716
vertex -67.8948745727539 44.000389099121094 2.200000047683716
endloop
endfacet
facet normal 0 0 -1
outer loop
vertex 7.749980926513672 33.00004959106445 0
vertex 7.049981117248535 36.550052642822266 0
vertex 11.949980735778809 36.550052642822266 0
endloop
endfacet
facet normal 0 0 -1
outer loop
vertex 11.249980926513672 33.00004959106445 0
vertex 7.749980926513672 33.00004959106445 0
vertex 11.949980735778809 36.550052642822266 0
endloop
endfacet
facet normal 0 0 1
outer loop
vertex 7.849981307983398 37.35005187988281 2.200000047683716
vertex -67.8948745727539 44.000389099121094 2.200000047683716
vertex -7.8500189781188965 37.35005187988281 2.200000047683716
endloop
endfacet
facet normal 1 0 0
outer loop
vertex 71.49998474121094 18.779430389404297 0.20000000298023224
vertex 71.49998474121094 18.779430389404297 0
vertex 71.49998474121094 21.52667808532715 0.20000000298023224
endloop
endfacet
facet normal 0 0 -1
outer loop
vertex 11.249980926513672 33.00004959106445 0
vertex 11.949980735778809 36.550052642822266 0
vertex 11.949980735778809 33.00004959106445 0
endloop
endfacet
facet normal 1 0 0
outer loop
vertex 71.49998474121094 18.779430389404297 0
vertex 71.49998474121094 21.52667808532715 0
vertex 71.49998474121094 21.52667808532715 0.20000000298023224
endloop
endfacet
facet normal 0 0 -1
outer loop
vertex 71.49998474121094 21.52667808532715 0
vertex 70.19998168945312 18.779430389404297 0
vertex 70.19998168945312 21.52667808532715 0
endloop
endfacet
facet normal 0 0 1
outer loop
vertex -15.900018692016602 21.65005111694336 2.200000047683716
vertex -11.150018692016602 18.35004997253418 2.200000047683716
vertex -15.900018692016602 37.35005187988281 2.200000047683716
endloop
endfacet
facet normal 0 0 1
outer loop
vertex -11.150018692016602 18.35004997253418 2.200000047683716
vertex -7.8500189781188965 18.35004997253418 2.200000047683716
vertex -15.900018692016602 37.35005187988281 2.200000047683716
endloop
endfacet
facet normal 0 0 1
outer loop
vertex -7.8500189781188965 18.35004997253418 2.200000047683716
vertex -7.8500189781188965 21.65005111694336 2.200000047683716
vertex -15.900018692016602 37.35005187988281 2.200000047683716
endloop
endfacet
facet normal 0 0 -1
outer loop
vertex 45.04998016357422 36.550052642822266 0
vertex -67.8948745727539 44.000389099121094 0
vertex 70.19998168945312 40.526676177978516 0
endloop
endfacet
facet normal 0 0 1
outer loop
vertex -15.900018692016602 37.35005187988281 2.200000047683716
vertex -7.8500189781188965 21.65005111694336 2.200000047683716
vertex -7.8500189781188965 37.35005187988281 2.200000047683716
endloop
endfacet
facet normal 0 0 -1
outer loop
vertex 70.19998168945312 18.779430389404297 0
vertex 71.49998474121094 21.52667808532715 0
vertex 71.49998474121094 18.779430389404297 0
endloop
endfacet
facet normal 0 0 -1
outer loop
vertex 70.19998168945312 18.779430389404297 0
vertex 64.04998016357422 22.450050354003906 0
vertex 70.19998168945312 21.52667808532715 0
endloop
endfacet
facet normal 0 0 -1
outer loop
vertex -47.32781219482422 -27.694202423095703 0
vertex -47.50001907348633 -27.289949417114258 0
vertex -47.32781219482422 -27.255695343017578 0
endloop
endfacet
facet normal 0 0 -1
outer loop
vertex -47.50001907348633 -27.289949417114258 0
vertex -47.50001907348633 -27.659948348999023 0
vertex -47.67222595214844 -27.255695343017578 0
endloop
endfacet
facet normal 0 0 -1
outer loop
vertex 64.04998016357422 17.550050735473633 0
vertex 70.19998168945312 18.779430389404297 0
vertex 70.19998168945312 -0.22056891024112701 0
endloop
endfacet
facet normal 0 0 -1
outer loop
vertex 64.04998016357422 17.550050735473633 0
vertex 64.74998474121094 14.00005054473877 0
vertex 64.04998016357422 14.00005054473877 0
endloop
endfacet
facet normal 0 0 -1
outer loop
vertex 70.19998168945312 -0.22056891024112701 0
vertex 64.74998474121094 14.00005054473877 0
vertex 64.04998016357422 17.550050735473633 0
endloop
endfacet
facet normal 0 0 -1
outer loop
vertex 70.19998168945312 18.779430389404297 0
vertex 49.949981689453125 22.450050354003906 0
vertex 64.04998016357422 22.450050354003906 0
endloop
endfacet
facet normal 0 0 -1
outer loop
vertex 45.04998016357422 22.450050354003906 0
vertex 70.19998168945312 18.779430389404297 0
vertex 64.04998016357422 17.550050735473633 0
endloop
endfacet
facet normal 0 0 -1
outer loop
vertex 70.19998168945312 18.779430389404297 0
vertex 45.04998016357422 22.450050354003906 0
vertex 49.949981689453125 22.450050354003906 0
endloop
endfacet
facet normal 1 0 0
outer loop
vertex 72.19998168945312 0.2794310748577118 0.20000000298023224
vertex 72.19998168945312 16.643068313598633 0.20000000298023224
vertex 72.19998168945312 4.370340347290039 1.7000000476837158
endloop
endfacet
facet normal 0 0 -1
outer loop
vertex -47.67222595214844 -31.06569480895996 0
vertex -47.81821823120117 -31.60175132751465 0
vertex -47.81821823120117 -30.96814727783203 0
endloop
endfacet
facet normal 0 0 -1
outer loop
vertex -47.67222595214844 -31.50420379638672 0
vertex -47.67222595214844 -31.06569480895996 0
vertex -47.50001907348633 -31.46994972229004 0
endloop
endfacet
facet normal 0 -1 0
outer loop
vertex 72.19998168945312 0.2794310748577118 0.20000000298023224
vertex 71.49998474121094 0.2794310748577118 1.7000000476837158
vertex 71.49998474121094 0.2794310748577118 0.20000000298023224
endloop
endfacet
facet normal 0 0 1
outer loop
vertex 7.849981307983398 37.35005187988281 2.200000047683716
vertex 11.149981498718262 37.35005187988281 2.200000047683716
vertex -67.8948745727539 44.000389099121094 2.200000047683716
endloop
endfacet
facet normal 0 0 1
outer loop
vertex 26.8499813079834 37.35005187988281 2.200000047683716
vertex -67.8948745727539 44.000389099121094 2.200000047683716
vertex 11.149981498718262 37.35005187988281 2.200000047683716
endloop
endfacet
facet normal 0 0 1
outer loop
vertex 26.8499813079834 37.35005187988281 2.200000047683716
vertex 30.149980545043945 37.35005187988281 2.200000047683716
vertex -67.8948745727539 44.000389099121094 2.200000047683716
endloop
endfacet
facet normal 1 0 0
outer loop
vertex 71.49998474121094 -0.22056891024112701 0.20000000298023224
vertex 71.49998474121094 0.2794310748577118 0.20000000298023224
vertex 71.49998474121094 -2.96781587600708 1.7000000476837158
endloop
endfacet
facet normal 0 0 -1
outer loop
vertex -47.81821823120117 -27.15814781188965 0
vertex -47.81821823120117 -27.791751861572266 0
vertex -47.91576385498047 -27.012157440185547 0
endloop
endfacet
facet normal 0 0 -1
outer loop
vertex 68.0707778930664 -47.00130844116211 0
vertex -30.000019073486328 -43.64994812011719 0
vertex -29.775665283203125 -43.62785339355469 0
endloop
endfacet
facet normal 0 0 -1
outer loop
vertex 68.0707778930664 -47.00130844116211 0
vertex -29.775665283203125 -43.62785339355469 0
vertex -29.559932708740234 -43.56241226196289 0
endloop
endfacet
facet normal 0 0 -1
outer loop
vertex 68.0707778930664 -47.00130844116211 0
vertex -29.559932708740234 -43.56241226196289 0
vertex -29.361112594604492 -43.456138610839844 0
endloop
endfacet
facet normal 0 0 -1
outer loop
vertex 68.0707778930664 -47.00130844116211 0
vertex -29.361112594604492 -43.456138610839844 0
vertex -29.186845779418945 -43.3131217956543 0
endloop
endfacet
facet normal 0 0 -1
outer loop
vertex 68.0707778930664 -47.00130844116211 0
vertex -29.186845779418945 -43.3131217956543 0
vertex -29.0438289642334 -43.13885498046875 0
endloop
endfacet
facet normal 0 0 -1
outer loop
vertex 68.0707778930664 -47.00130844116211 0
vertex -29.0438289642334 -43.13885498046875 0
vertex -28.937557220458984 -42.94003677368164 0
endloop
endfacet
facet normal 0 0 -1
outer loop
vertex 68.0707778930664 -47.00130844116211 0
vertex -28.937557220458984 -42.94003677368164 0
vertex -28.872116088867188 -42.72430419921875 0
endloop
endfacet
facet normal 0 0 -1
outer loop
vertex 68.0707778930664 -47.00130844116211 0
vertex -28.872116088867188 -42.72430419921875 0
vertex -28.850019454956055 -42.49995040893555 0
endloop
endfacet
facet normal 0 0 -1
outer loop
vertex 68.0707778930664 -47.00130844116211 0
vertex -28.850019454956055 -42.49995040893555 0
vertex -11.950018882751465 -34.549949645996094 0
endloop
endfacet
facet normal 0 0 -1
outer loop
vertex 68.0707778930664 -47.00130844116211 0
vertex -11.950018882751465 -34.549949645996094 0
vertex -7.050018787384033 -34.549949645996094 0
endloop
endfacet
facet normal 0 0 -1
outer loop
vertex 7.049981117248535 -34.549949645996094 0
vertex 7.049981117248535 -30.999948501586914 0
vertex 7.749980926513672 -30.999948501586914 0
endloop
endfacet
facet normal 0 0 -1
outer loop
vertex 7.049981117248535 -34.549949645996094 0
vertex 7.749980926513672 -30.999948501586914 0
vertex 11.249980926513672 -30.999948501586914 0
endloop
endfacet
facet normal 0 0 -1
outer loop
vertex 7.049981117248535 -34.549949645996094 0
vertex 11.249980926513672 -30.999948501586914 0
vertex 11.949980735778809 -34.549949645996094 0
endloop
endfacet
facet normal 0 0 -1
outer loop
vertex 11.249980926513672 -30.999948501586914 0
vertex 11.949980735778809 -30.999948501586914 0
vertex 11.949980735778809 -34.549949645996094 0
endloop
endfacet
facet normal 0 0 -1
outer loop
vertex 11.249980926513672 -30.999948501586914 0
vertex 7.749980926513672 -30.999948501586914 0
vertex 7.749980926513672 -23.999948501586914 0
endloop
endfacet
facet normal 0 0 -1
outer loop
vertex 11.249980926513672 -30.999948501586914 0
vertex 7.749980926513672 -23.999948501586914 0
vertex 11.249980926513672 -23.999948501586914 0
endloop
endfacet
facet normal 0 0 -1
outer loop
vertex -28.050310134887695 -26.839948654174805 0
vertex -26.750019073486328 -23.999948501586914 0
vertex -28.050310134887695 -28.109949111938477 0
endloop
endfacet
facet normal 0 0 -1
outer loop
vertex -28.916057586669922 -26.667741775512695 0
vertex -30.250019073486328 -23.999948501586914 0
vertex -28.81850814819336 -26.521751403808594 0
endloop
endfacet
facet normal 0 0 -1
outer loop
vertex -28.9503116607666 -26.839948654174805 0
vertex -30.250019073486328 -23.999948501586914 0
vertex -28.916057586669922 -26.667741775512695 0
endloop
endfacet
facet normal 0 0 -1
outer loop
vertex -28.9503116607666 -26.839948654174805 0
vertex -28.9503116607666 -28.109949111938477 0
vertex -30.250019073486328 -23.999948501586914 0
endloop
endfacet
facet normal 0 0 -1
outer loop
vertex -28.084564208984375 -27.012157440185547 0
vertex -28.050310134887695 -26.839948654174805 0
vertex -28.050310134887695 -28.109949111938477 0
endloop
endfacet
facet normal 0 0 -1
outer loop
vertex 68.0707778930664 -47.00130844116211 0
vertex -7.050018787384033 -34.549949645996094 0
vertex 7.049981117248535 -34.549949645996094 0
endloop
endfacet
facet normal 0 0 -1
outer loop
vertex 68.0707778930664 -47.00130844116211 0
vertex 7.049981117248535 -34.549949645996094 0
vertex 11.949980735778809 -34.549949645996094 0
endloop
endfacet
facet normal 0 0 -1
outer loop
vertex 68.0707778930664 -47.00130844116211 0
vertex 11.949980735778809 -34.549949645996094 0
vertex 26.04998207092285 -34.549949645996094 0
endloop
endfacet
facet normal 0 0 -1
outer loop
vertex 26.04998207092285 -34.549949645996094 0
vertex 26.04998207092285 -30.999948501586914 0
vertex 30.949981689453125 -34.549949645996094 0
endloop
endfacet
facet normal 0 0 -1
outer loop
vertex 30.949981689453125 -34.549949645996094 0
vertex 26.04998207092285 -30.999948501586914 0
vertex 26.749980926513672 -30.999948501586914 0
endloop
endfacet
facet normal 0 0 -1
outer loop
vertex 30.949981689453125 -34.549949645996094 0
vertex 26.749980926513672 -30.999948501586914 0
vertex 30.249980926513672 -30.999948501586914 0
endloop
endfacet
facet normal 0 0 -1
outer loop
vertex 30.249980926513672 -30.999948501586914 0
vertex 30.949981689453125 -30.999948501586914 0
vertex 30.949981689453125 -34.549949645996094 0
endloop
endfacet
facet normal 0 0 -1
outer loop
vertex 30.249980926513672 -30.999948501586914 0
vertex 26.749980926513672 -30.999948501586914 0
vertex 26.749980926513672 -23.999948501586914 0
endloop
endfacet
facet normal 0 0 -1
outer loop
vertex 30.249980926513672 -30.999948501586914 0
vertex 26.749980926513672 -23.999948501586914 0
vertex 30.249980926513672 -23.999948501586914 0
endloop
endfacet
facet normal 0 0 -1
outer loop
vertex -28.084564208984375 -27.012157440185547 0
vertex -28.084564208984375 -27.937742233276367 0
vertex -28.182113647460938 -27.15814781188965 0
endloop
endfacet
facet normal 0 0 -1
outer loop
vertex -28.182113647460938 -27.15814781188965 0
vertex -28.182113647460938 -27.791751861572266 0
vertex -28.32810401916504 -27.255695343017578 0
endloop
endfacet
facet normal 0 0 -1
outer loop
vertex -28.32810401916504 -27.255695343017578 0
vertex -28.32810401916504 -27.694202423095703 0
vertex -28.50031089782715 -27.289949417114258 0
endloop
endfacet
facet normal 0 0 -1
outer loop
vertex -28.50031089782715 -27.659948348999023 0
vertex -28.672517776489258 -27.255695343017578 0
vertex -28.50031089782715 -27.289949417114258 0
endloop
endfacet
facet normal 0 0 -1
outer loop
vertex -28.32810401916504 -27.694202423095703 0
vertex -28.32810401916504 -27.255695343017578 0
vertex -28.182113647460938 -27.791751861572266 0
endloop
endfacet
facet normal 0 0 -1
outer loop
vertex -28.182113647460938 -27.791751861572266 0
vertex -28.182113647460938 -27.15814781188965 0
vertex -28.084564208984375 -27.937742233276367 0
endloop
endfacet
facet normal 0 0 -1
outer loop
vertex -28.084564208984375 -27.937742233276367 0
vertex -28.084564208984375 -27.012157440185547 0
vertex -28.050310134887695 -28.109949111938477 0
endloop
endfacet
facet normal 0 0 -1
outer loop
vertex -28.50031089782715 -27.659948348999023 0
vertex -28.50031089782715 -27.289949417114258 0
vertex -28.32810401916504 -27.694202423095703 0
endloop
endfacet
facet normal 0 0 -1
outer loop
vertex -28.672517776489258 -27.694202423095703 0
vertex -28.672517776489258 -27.255695343017578 0
vertex -28.50031089782715 -27.659948348999023 0
endloop
endfacet
facet normal 0 0 -1
outer loop
vertex -28.81850814819336 -27.15814781188965 0
vertex -28.81850814819336 -27.791751861572266 0
vertex -28.916057586669922 -27.012157440185547 0
endloop
endfacet
facet normal 0 0 -1
outer loop
vertex -28.672517776489258 -27.255695343017578 0
vertex -28.81850814819336 -27.791751861572266 0
vertex -28.81850814819336 -27.15814781188965 0
endloop
endfacet
facet normal 0 0 -1
outer loop
vertex -28.916057586669922 -27.012157440185547 0
vertex -28.916057586669922 -27.937742233276367 0
vertex -28.9503116607666 -26.839948654174805 0
endloop
endfacet
facet normal 0 0 -1
outer loop
vertex -28.81850814819336 -27.791751861572266 0
vertex -28.672517776489258 -27.255695343017578 0
vertex -28.672517776489258 -27.694202423095703 0
endloop
endfacet
facet normal 0 0 -1
outer loop
vertex -28.916057586669922 -27.937742233276367 0
vertex -28.916057586669922 -27.012157440185547 0
vertex -28.81850814819336 -27.791751861572266 0
endloop
endfacet
facet normal 0 0 -1
outer loop
vertex -28.9503116607666 -28.109949111938477 0
vertex -28.9503116607666 -26.839948654174805 0
vertex -28.916057586669922 -27.937742233276367 0
endloop
endfacet
facet normal 0 0 -1
outer loop
vertex -26.750019073486328 -30.442306518554688 0
vertex -28.084564208984375 -28.282155990600586 0
vertex -28.050310134887695 -28.109949111938477 0
endloop
endfacet
facet normal 0 0 -1
outer loop
vertex -28.084564208984375 -28.282155990600586 0
vertex -28.084564208984375 -29.207740783691406 0
vertex -28.182113647460938 -28.428146362304688 0
endloop
endfacet
facet normal 0 0 -1
outer loop
vertex -28.182113647460938 -28.428146362304688 0
vertex -28.182113647460938 -29.061750411987305 0
vertex -28.32810401916504 -28.52569580078125 0
endloop
endfacet
facet normal 0 0 -1
outer loop
vertex -28.182113647460938 -29.061750411987305 0
vertex -28.32810401916504 -28.964202880859375 0
vertex -28.32810401916504 -28.52569580078125 0
endloop
endfacet
facet normal 0 0 -1
outer loop
vertex -28.32810401916504 -28.964202880859375 0
vertex -28.50031089782715 -28.55994987487793 0
vertex -28.32810401916504 -28.52569580078125 0
endloop
endfacet
facet normal 0 0 -1
outer loop
vertex -28.50031089782715 -28.929948806762695 0
vertex -28.672517776489258 -28.52569580078125 0
vertex -28.50031089782715 -28.55994987487793 0
endloop
endfacet
facet normal 0 0 -1
outer loop
vertex 7.049981117248535 -20.449949264526367 0
vertex -7.050018787384033 -20.449949264526367 0
vertex 7.049981117248535 -15.549948692321777 0
endloop
endfacet
facet normal 0 0 -1
outer loop
vertex 7.049981117248535 -23.999948501586914 0
vertex 7.049981117248535 -20.449949264526367 0
vertex 7.749980926513672 -23.999948501586914 0
endloop
endfacet
facet normal 0 0 -1
outer loop
vertex 11.249980926513672 -23.999948501586914 0
vertex 7.749980926513672 -23.999948501586914 0
vertex 7.049981117248535 -20.449949264526367 0
endloop
endfacet
facet normal 0 0 -1
outer loop
vertex 7.049981117248535 -15.549948692321777 0
vertex 11.949980735778809 -23.999948501586914 0
vertex 7.049981117248535 -20.449949264526367 0
endloop
endfacet
facet normal 0 0 -1
outer loop
vertex 7.049981117248535 -15.549948692321777 0
vertex 7.049981117248535 -11.99994945526123 0
vertex 7.749980926513672 -11.99994945526123 0
endloop
endfacet
facet normal 0 0 -1
outer loop
vertex 7.049981117248535 -15.549948692321777 0
vertex 7.749980926513672 -11.99994945526123 0
vertex 11.249980926513672 -11.99994945526123 0
endloop
endfacet
facet normal 0 0 -1
outer loop
vertex 11.249980926513672 -23.999948501586914 0
vertex 7.049981117248535 -20.449949264526367 0
vertex 11.949980735778809 -23.999948501586914 0
endloop
endfacet
facet normal 0 0 -1
outer loop
vertex 11.949980735778809 -23.999948501586914 0
vertex 7.049981117248535 -15.549948692321777 0
vertex 11.949980735778809 -20.449949264526367 0
endloop
endfacet
facet normal 0 0 -1
outer loop
vertex 11.949980735778809 -20.449949264526367 0
vertex 7.049981117248535 -15.549948692321777 0
vertex 11.949980735778809 -15.549948692321777 0
endloop
endfacet
facet normal 0 0 -1
outer loop
vertex 11.949980735778809 -15.549948692321777 0
vertex 7.049981117248535 -15.549948692321777 0
vertex 11.249980926513672 -11.99994945526123 0
endloop
endfacet
facet normal 0 0 -1
outer loop
vertex 11.249980926513672 -11.99994945526123 0
vertex 11.949980735778809 -11.99994945526123 0
vertex 11.949980735778809 -15.549948692321777 0
endloop
endfacet
facet normal 0 0 -1
outer loop
vertex 11.949980735778809 -15.549948692321777 0
vertex 26.04998207092285 -15.549948692321777 0
vertex 11.949980735778809 -20.449949264526367 0
endloop
endfacet
facet normal 0 0 -1
outer loop
vertex -28.50031089782715 -28.929948806762695 0
vertex -28.50031089782715 -28.55994987487793 0
vertex -28.32810401916504 -28.964202880859375 0
endloop
endfacet
facet normal 0 0 -1
outer loop
vertex -28.672517776489258 -28.964202880859375 0
vertex -28.672517776489258 -28.52569580078125 0
vertex -28.50031089782715 -28.929948806762695 0
endloop
endfacet
facet normal 0 0 -1
outer loop
vertex -28.084564208984375 -29.207740783691406 0
vertex -28.182113647460938 -29.061750411987305 0
vertex -28.182113647460938 -28.428146362304688 0
endloop
endfacet
facet normal 0 0 -1
outer loop
vertex -26.750019073486328 -30.442306518554688 0
vertex -28.084564208984375 -29.207740783691406 0
vertex -28.084564208984375 -28.282155990600586 0
endloop
endfacet
facet normal 0 0 -1
outer loop
vertex 7.049981117248535 -4.999948978424072 0
vertex 7.049981117248535 -1.4499491453170776 0
vertex 7.749980926513672 -4.999948978424072 0
endloop
endfacet
facet normal 0 0 -1
outer loop
vertex 7.749980926513672 -4.999948978424072 0
vertex 7.049981117248535 -1.4499491453170776 0
vertex 11.249980926513672 -4.999948978424072 0
endloop
endfacet
facet normal 0 0 -1
outer loop
vertex 11.249980926513672 -11.99994945526123 0
vertex 7.749980926513672 -11.99994945526123 0
vertex 7.749980926513672 -4.999948978424072 0
endloop
endfacet
facet normal 0 0 -1
outer loop
vertex 11.249980926513672 -11.99994945526123 0
vertex 7.749980926513672 -4.999948978424072 0
vertex 11.249980926513672 -4.999948978424072 0
endloop
endfacet
facet normal 0 0 -1
outer loop
vertex 11.249980926513672 -4.999948978424072 0
vertex 7.049981117248535 -1.4499491453170776 0
vertex 11.949980735778809 -1.4499491453170776 0
endloop
endfacet
facet normal 0 0 -1
outer loop
vertex 11.249980926513672 -4.999948978424072 0
vertex 11.949980735778809 -1.4499491453170776 0
vertex 11.949980735778809 -4.999948978424072 0
endloop
endfacet
facet normal 0 0 -1
outer loop
vertex -26.750019073486328 -30.442306518554688 0
vertex -28.050310134887695 -29.37994956970215 0
vertex -28.084564208984375 -29.207740783691406 0
endloop
endfacet
facet normal 0 0 -1
outer loop
vertex -26.750019073486328 -30.442306518554688 0
vertex -28.084564208984375 -29.552156448364258 0
vertex -28.050310134887695 -29.37994956970215 0
endloop
endfacet
facet normal 0 0 -1
outer loop
vertex -26.750019073486328 -30.442306518554688 0
vertex -28.182113647460938 -29.69814682006836 0
vertex -28.084564208984375 -29.552156448364258 0
endloop
endfacet
facet normal 0 0 -1
outer loop
vertex -28.672517776489258 -28.964202880859375 0
vertex -28.81850814819336 -28.428146362304688 0
vertex -28.672517776489258 -28.52569580078125 0
endloop
endfacet
facet normal 0 0 -1
outer loop
vertex -28.81850814819336 -28.428146362304688 0
vertex -28.81850814819336 -29.061750411987305 0
vertex -28.916057586669922 -28.282155990600586 0
endloop
endfacet
facet normal 0 0 -1
outer loop
vertex -28.81850814819336 -29.061750411987305 0
vertex -28.81850814819336 -28.428146362304688 0
vertex -28.672517776489258 -28.964202880859375 0
endloop
endfacet
facet normal 0 0 -1
outer loop
vertex -28.916057586669922 -29.207740783691406 0
vertex -28.916057586669922 -28.282155990600586 0
vertex -28.81850814819336 -29.061750411987305 0
endloop
endfacet
facet normal 0 0 -1
outer loop
vertex 11.949980735778809 -20.449949264526367 0
vertex 26.04998207092285 -15.549948692321777 0
vertex 26.04998207092285 -20.449949264526367 0
endloop
endfacet
facet normal 0 0 -1
outer loop
vertex 26.04998207092285 -23.999948501586914 0
vertex 26.04998207092285 -20.449949264526367 0
vertex 26.749980926513672 -23.999948501586914 0
endloop
endfacet
facet normal 0 0 -1
outer loop
vertex 30.249980926513672 -23.999948501586914 0
vertex 26.749980926513672 -23.999948501586914 0
vertex 26.04998207092285 -20.449949264526367 0
endloop
endfacet
facet normal 0 0 -1
outer loop
vertex 30.249980926513672 -23.999948501586914 0
vertex 26.04998207092285 -20.449949264526367 0
vertex 30.949981689453125 -23.999948501586914 0
endloop
endfacet
facet normal 0 0 -1
outer loop
vertex 30.949981689453125 -23.999948501586914 0
vertex 26.04998207092285 -20.449949264526367 0
vertex 30.949981689453125 -20.449949264526367 0
endloop
endfacet
facet normal 0 0 -1
outer loop
vertex 30.949981689453125 -20.449949264526367 0
vertex 26.04998207092285 -20.449949264526367 0
vertex 26.04998207092285 -15.549948692321777 0
endloop
endfacet
facet normal 0 0 -1
outer loop
vertex 30.949981689453125 -20.449949264526367 0
vertex 26.04998207092285 -15.549948692321777 0
vertex 26.04998207092285 -11.99994945526123 0
endloop
endfacet
facet normal 0 0 -1
outer loop
vertex 30.949981689453125 -20.449949264526367 0
vertex 26.04998207092285 -11.99994945526123 0
vertex 30.949981689453125 -15.549948692321777 0
endloop
endfacet
facet normal 0 0 -1
outer loop
vertex 30.949981689453125 -15.549948692321777 0
vertex 26.04998207092285 -11.99994945526123 0
vertex 26.749980926513672 -11.99994945526123 0
endloop
endfacet
facet normal 0 0 -1
outer loop
vertex 30.949981689453125 -15.549948692321777 0
vertex 26.749980926513672 -11.99994945526123 0
vertex 30.249980926513672 -11.99994945526123 0
endloop
endfacet
facet normal 0 0 -1
outer loop
vertex 30.249980926513672 -11.99994945526123 0
vertex 30.949981689453125 -11.99994945526123 0
vertex 30.949981689453125 -15.549948692321777 0
endloop
endfacet
facet normal 0 0 -1
outer loop
vertex 30.949981689453125 -15.549948692321777 0
vertex 45.04998016357422 -15.549948692321777 0
vertex 30.949981689453125 -20.449949264526367 0
endloop
endfacet
facet normal 0 0 -1
outer loop
vertex -28.916057586669922 -28.282155990600586 0
vertex -30.250019073486328 -29.831085205078125 0
vertex -28.9503116607666 -28.109949111938477 0
endloop
endfacet
facet normal 0 0 -1
outer loop
vertex -28.916057586669922 -29.207740783691406 0
vertex -30.250019073486328 -29.831085205078125 0
vertex -28.916057586669922 -28.282155990600586 0
endloop
endfacet
facet normal 0 0 -1
outer loop
vertex -30.250019073486328 -29.831085205078125 0
vertex -28.672517776489258 -29.79569435119629 0
vertex -28.50031089782715 -29.82994842529297 0
endloop
endfacet
facet normal 0 0 -1
outer loop
vertex -28.9503116607666 -29.37994956970215 0
vertex -30.250019073486328 -29.831085205078125 0
vertex -28.916057586669922 -29.207740783691406 0
endloop
endfacet
facet normal 0 0 -1
outer loop
vertex 26.04998207092285 -4.999948978424072 0
vertex 26.04998207092285 -1.4499491453170776 0
vertex 26.749980926513672 -4.999948978424072 0
endloop
endfacet
facet normal 0 0 -1
outer loop
vertex 30.249980926513672 -11.99994945526123 0
vertex 26.749980926513672 -11.99994945526123 0
vertex 30.249980926513672 -4.999948978424072 0
endloop
endfacet
facet normal 0 0 -1
outer loop
vertex 30.249980926513672 -4.999948978424072 0
vertex 26.749980926513672 -11.99994945526123 0
vertex 26.749980926513672 -4.999948978424072 0
endloop
endfacet
facet normal 0 0 -1
outer loop
vertex 30.249980926513672 -4.999948978424072 0
vertex 26.749980926513672 -4.999948978424072 0
vertex 26.04998207092285 -1.4499491453170776 0
endloop
endfacet
facet normal 0 0 -1
outer loop
vertex 30.249980926513672 -4.999948978424072 0
vertex 26.04998207092285 -1.4499491453170776 0
vertex 30.949981689453125 -1.4499491453170776 0
endloop
endfacet
facet normal 0 0 -1
outer loop
vertex 30.249980926513672 -4.999948978424072 0
vertex 30.949981689453125 -1.4499491453170776 0
vertex 30.949981689453125 -4.999948978424072 0
endloop
endfacet
facet normal 0 0 -1
outer loop
vertex -28.81850814819336 -29.69814682006836 0
vertex -30.250019073486328 -29.831085205078125 0
vertex -28.916057586669922 -29.552156448364258 0
endloop
endfacet
facet normal 0 0 -1
outer loop
vertex -30.250019073486328 -29.831085205078125 0
vertex -28.9503116607666 -29.37994956970215 0
vertex -28.916057586669922 -29.552156448364258 0
endloop
endfacet
facet normal 0 0 -1
outer loop
vertex -28.672517776489258 -29.79569435119629 0
vertex -30.250019073486328 -29.831085205078125 0
vertex -28.81850814819336 -29.69814682006836 0
endloop
endfacet
facet normal 0 0 -1
outer loop
vertex -30.250019073486328 -29.831085205078125 0
vertex -30.250019073486328 -23.999948501586914 0
vertex -28.9503116607666 -28.109949111938477 0
endloop
endfacet
facet normal 0 0 -1
outer loop
vertex -26.750019073486328 -30.442306518554688 0
vertex -28.32810401916504 -29.79569435119629 0
vertex -28.182113647460938 -29.69814682006836 0
endloop
endfacet
facet normal 0 0 -1
outer loop
vertex -26.750019073486328 -30.442306518554688 0
vertex -28.50031089782715 -29.82994842529297 0
vertex -28.32810401916504 -29.79569435119629 0
endloop
endfacet
facet normal 0 0 -1
outer loop
vertex -26.750019073486328 -30.442306518554688 0
vertex -28.182113647460938 -30.331750869750977 0
vertex -28.32810401916504 -30.234203338623047 0
endloop
endfacet
facet normal 0 0 -1
outer loop
vertex -26.750019073486328 -30.442306518554688 0
vertex -28.084564208984375 -30.477741241455078 0
vertex -28.182113647460938 -30.331750869750977 0
endloop
endfacet
facet normal 0 0 -1
outer loop
vertex -28.050310134887695 -30.64995002746582 0
vertex -28.084564208984375 -30.477741241455078 0
vertex -26.750019073486328 -30.442306518554688 0
endloop
endfacet
facet normal 0 0 -1
outer loop
vertex -26.750019073486328 -30.442306518554688 0
vertex -30.250019073486328 -29.831085205078125 0
vertex -28.50031089782715 -29.82994842529297 0
endloop
endfacet
facet normal 0 0 -1
outer loop
vertex -30.250019073486328 -29.831085205078125 0
vertex -26.750019073486328 -30.442306518554688 0
vertex -28.32810401916504 -30.234203338623047 0
endloop
endfacet
facet normal 0 0 -1
outer loop
vertex -26.750019073486328 -30.999948501586914 0
vertex -28.084564208984375 -30.82215690612793 0
vertex -28.050310134887695 -30.64995002746582 0
endloop
endfacet
facet normal 0 0 -1
outer loop
vertex -26.750019073486328 -30.999948501586914 0
vertex -28.182113647460938 -30.96814727783203 0
vertex -28.084564208984375 -30.82215690612793 0
endloop
endfacet
facet normal 0 0 -1
outer loop
vertex -26.750019073486328 -30.999948501586914 0
vertex -28.182113647460938 -31.60175132751465 0
vertex -28.182113647460938 -30.96814727783203 0
endloop
endfacet
facet normal 0 0 -1
outer loop
vertex -28.182113647460938 -31.60175132751465 0
vertex -28.32810401916504 -31.06569480895996 0
vertex -28.182113647460938 -30.96814727783203 0
endloop
endfacet
facet normal 0 0 -1
outer loop
vertex -28.32810401916504 -31.06569480895996 0
vertex -28.32810401916504 -31.50420379638672 0
vertex -28.50031089782715 -31.09994888305664 0
endloop
endfacet
facet normal 0 0 -1
outer loop
vertex -28.50031089782715 -31.46994972229004 0
vertex -28.50031089782715 -31.09994888305664 0
vertex -28.32810401916504 -31.50420379638672 0
endloop
endfacet
facet normal 0 0 -1
outer loop
vertex -28.50031089782715 -31.46994972229004 0
vertex -28.672517776489258 -31.06569480895996 0
vertex -28.50031089782715 -31.09994888305664 0
endloop
endfacet
facet normal 0 0 -1
outer loop
vertex -28.672517776489258 -31.50420379638672 0
vertex -28.672517776489258 -31.06569480895996 0
vertex -28.50031089782715 -31.46994972229004 0
endloop
endfacet
facet normal 0 0 -1
outer loop
vertex -28.50031089782715 -30.199949264526367 0
vertex -30.250019073486328 -29.831085205078125 0
vertex -28.32810401916504 -30.234203338623047 0
endloop
endfacet
facet normal 0 0 -1
outer loop
vertex -28.672517776489258 -30.234203338623047 0
vertex -30.250019073486328 -29.831085205078125 0
vertex -28.50031089782715 -30.199949264526367 0
endloop
endfacet
facet normal 0 0 -1
outer loop
vertex -28.81850814819336 -30.331750869750977 0
vertex -30.250019073486328 -29.831085205078125 0
vertex -28.672517776489258 -30.234203338623047 0
endloop
endfacet
facet normal 0 0 -1
outer loop
vertex -28.916057586669922 -30.477741241455078 0
vertex -30.250019073486328 -29.831085205078125 0
vertex -28.81850814819336 -30.331750869750977 0
endloop
endfacet
facet normal 0 0 -1
outer loop
vertex -28.9503116607666 -30.64995002746582 0
vertex -30.250019073486328 -29.831085205078125 0
vertex -28.916057586669922 -30.477741241455078 0
endloop
endfacet
facet normal 0 0 -1
outer loop
vertex -28.672517776489258 -31.06569480895996 0
vertex -28.81850814819336 -31.60175132751465 0
vertex -28.81850814819336 -30.96814727783203 0
endloop
endfacet
facet normal 0 0 -1
outer loop
vertex -28.916057586669922 -30.82215690612793 0
vertex -30.250019073486328 -30.999948501586914 0
vertex -28.9503116607666 -30.64995002746582 0
endloop
endfacet
facet normal 0 0 -1
outer loop
vertex -28.81850814819336 -30.96814727783203 0
vertex -30.250019073486328 -30.999948501586914 0
vertex -28.916057586669922 -30.82215690612793 0
endloop
endfacet
facet normal 0 0 -1
outer loop
vertex -28.81850814819336 -31.60175132751465 0
vertex -30.250019073486328 -30.999948501586914 0
vertex -28.81850814819336 -30.96814727783203 0
endloop
endfacet
facet normal 0 0 -1
outer loop
vertex -26.750019073486328 -30.999948501586914 0
vertex -28.084564208984375 -31.74774169921875 0
vertex -28.182113647460938 -31.60175132751465 0
endloop
endfacet
facet normal 0 0 -1
outer loop
vertex -26.750019073486328 -30.999948501586914 0
vertex -28.050310134887695 -31.91994857788086 0
vertex -28.084564208984375 -31.74774169921875 0
endloop
endfacet
facet normal 0 0 -1
outer loop
vertex -26.750019073486328 -30.999948501586914 0
vertex -28.084564208984375 -32.09215545654297 0
vertex -28.050310134887695 -31.91994857788086 0
endloop
endfacet
facet normal 0 0 -1
outer loop
vertex -26.750019073486328 -30.999948501586914 0
vertex -28.182113647460938 -32.2381477355957 0
vertex -28.084564208984375 -32.09215545654297 0
endloop
endfacet
facet normal 0 0 -1
outer loop
vertex -26.750019073486328 -30.999948501586914 0
vertex -28.182113647460938 -32.87174987792969 0
vertex -28.182113647460938 -32.2381477355957 0
endloop
endfacet
facet normal 0 0 -1
outer loop
vertex -28.182113647460938 -31.60175132751465 0
vertex -28.32810401916504 -31.50420379638672 0
vertex -28.32810401916504 -31.06569480895996 0
endloop
endfacet
facet normal 0 0 -1
outer loop
vertex -28.084564208984375 -33.01774215698242 0
vertex -28.182113647460938 -32.87174987792969 0
vertex -26.750019073486328 -30.999948501586914 0
endloop
endfacet
facet normal 0 0 -1
outer loop
vertex -28.182113647460938 -32.87174987792969 0
vertex -28.32810401916504 -32.335693359375 0
vertex -28.182113647460938 -32.2381477355957 0
endloop
endfacet
facet normal 0 0 -1
outer loop
vertex -28.182113647460938 -32.87174987792969 0
vertex -28.32810401916504 -32.77420425415039 0
vertex -28.32810401916504 -32.335693359375 0
endloop
endfacet
facet normal 0 0 -1
outer loop
vertex -28.32810401916504 -32.77420425415039 0
vertex -28.50031089782715 -32.36994934082031 0
vertex -28.32810401916504 -32.335693359375 0
endloop
endfacet
facet normal 0 0 -1
outer loop
vertex -28.50031089782715 -32.73994827270508 0
vertex -28.672517776489258 -32.335693359375 0
vertex -28.50031089782715 -32.36994934082031 0
endloop
endfacet
facet normal 0 0 -1
outer loop
vertex -28.50031089782715 -32.73994827270508 0
vertex -28.50031089782715 -32.36994934082031 0
vertex -28.32810401916504 -32.77420425415039 0
endloop
endfacet
facet normal 0 0 -1
outer loop
vertex -28.672517776489258 -32.77420425415039 0
vertex -28.672517776489258 -32.335693359375 0
vertex -28.50031089782715 -32.73994827270508 0
endloop
endfacet
facet normal 0 0 -1
outer loop
vertex -28.81850814819336 -31.60175132751465 0
vertex -28.672517776489258 -31.06569480895996 0
vertex -28.672517776489258 -31.50420379638672 0
endloop
endfacet
facet normal 0 0 -1
outer loop
vertex -28.916057586669922 -31.74774169921875 0
vertex -30.250019073486328 -30.999948501586914 0
vertex -28.81850814819336 -31.60175132751465 0
endloop
endfacet
facet normal 0 0 -1
outer loop
vertex -28.9503116607666 -31.91994857788086 0
vertex -30.250019073486328 -30.999948501586914 0
vertex -28.916057586669922 -31.74774169921875 0
endloop
endfacet
facet normal 0 0 -1
outer loop
vertex -28.916057586669922 -32.09215545654297 0
vertex -30.95001792907715 -30.999948501586914 0
vertex -28.9503116607666 -31.91994857788086 0
endloop
endfacet
facet normal 0 0 -1
outer loop
vertex 68.0707778930664 -47.00130844116211 0
vertex 26.04998207092285 -34.549949645996094 0
vertex 30.949981689453125 -34.549949645996094 0
endloop
endfacet
facet normal 0 0 -1
outer loop
vertex 68.0707778930664 -47.00130844116211 0
vertex 30.949981689453125 -34.549949645996094 0
vertex 45.04998016357422 -34.549949645996094 0
endloop
endfacet
facet normal 0 0 -1
outer loop
vertex 45.04998016357422 -34.549949645996094 0
vertex 45.74998092651367 -30.999948501586914 0
vertex 49.949981689453125 -34.549949645996094 0
endloop
endfacet
facet normal 0 0 -1
outer loop
vertex 45.74998092651367 -30.999948501586914 0
vertex 45.04998016357422 -34.549949645996094 0
vertex 45.04998016357422 -30.999948501586914 0
endloop
endfacet
facet normal 0 0 -1
outer loop
vertex 49.949981689453125 -34.549949645996094 0
vertex 45.74998092651367 -30.999948501586914 0
vertex 49.24998092651367 -30.999948501586914 0
endloop
endfacet
facet normal 0 0 -1
outer loop
vertex 49.949981689453125 -34.549949645996094 0
vertex 49.24998092651367 -30.999948501586914 0
vertex 49.949981689453125 -30.999948501586914 0
endloop
endfacet
facet normal 0 0 -1
outer loop
vertex 49.24998092651367 -30.999948501586914 0
vertex 45.74998092651367 -30.999948501586914 0
vertex 45.74998092651367 -23.999948501586914 0
endloop
endfacet
facet normal 0 0 -1
outer loop
vertex 49.24998092651367 -30.999948501586914 0
vertex 45.74998092651367 -23.999948501586914 0
vertex 49.24998092651367 -23.999948501586914 0
endloop
endfacet
facet normal 0 0 -1
outer loop
vertex -28.81850814819336 -32.2381477355957 0
vertex -30.95001792907715 -30.999948501586914 0
vertex -28.916057586669922 -32.09215545654297 0
endloop
endfacet
facet normal 0 0 -1
outer loop
vertex -28.81850814819336 -32.2381477355957 0
vertex -28.81850814819336 -32.87174987792969 0
vertex -30.95001792907715 -30.999948501586914 0
endloop
endfacet
facet normal 0 0 -1
outer loop
vertex -28.672517776489258 -32.77420425415039 0
vertex -28.81850814819336 -32.2381477355957 0
vertex -28.672517776489258 -32.335693359375 0
endloop
endfacet
facet normal 0 0 -1
outer loop
vertex -28.81850814819336 -32.87174987792969 0
vertex -28.81850814819336 -32.2381477355957 0
vertex -28.672517776489258 -32.77420425415039 0
endloop
endfacet
facet normal 0 0 -1
outer loop
vertex -28.916057586669922 -33.01774215698242 0
vertex -30.95001792907715 -30.999948501586914 0
vertex -28.81850814819336 -32.87174987792969 0
endloop
endfacet
facet normal 0 0 -1
outer loop
vertex 68.0707778930664 -47.00130844116211 0
vertex 45.04998016357422 -34.549949645996094 0
vertex 49.949981689453125 -34.549949645996094 0
endloop
endfacet
facet normal 0 0 -1
outer loop
vertex 68.0707778930664 -47.00130844116211 0
vertex 49.949981689453125 -34.549949645996094 0
vertex 64.04998016357422 -34.549949645996094 0
endloop
endfacet
facet normal 0 0 -1
outer loop
vertex 68.0707778930664 -47.00130844116211 0
vertex 64.04998016357422 -34.549949645996094 0
vertex 68.9199447631836 -46.651058197021484 0
endloop
endfacet
facet normal 0 0 -1
outer loop
vertex 68.9199447631836 -46.651058197021484 0
vertex 71.44230651855469 -43.71506118774414 0
vertex 71.14982604980469 -44.42116928100586 0
endloop
endfacet
facet normal 0 0 -1
outer loop
vertex 71.44230651855469 -43.71506118774414 0
vertex 68.9199447631836 -46.651058197021484 0
vertex 70.19998168945312 -43.71506118774414 0
endloop
endfacet
facet normal 0 0 -1
outer loop
vertex 70.19998168945312 -43.71506118774414 0
vertex 68.9199447631836 -46.651058197021484 0
vertex 64.04998016357422 -34.549949645996094 0
endloop
endfacet
facet normal 0.9238791069161851 -0.38268445984094035 0
outer loop
vertex 71.14982604980469 -44.42116928100586 0
vertex 71.44230651855469 -43.71506118774414 0
vertex 71.44230651855469 -43.71506118774414 0.20000000298023224
endloop
endfacet
facet normal 0 0 1
outer loop
vertex 45.849979400634766 -19.64995002746582 2.200000047683716
vertex 49.14998245239258 -35.34994888305664 2.200000047683716
vertex 49.14998245239258 -19.64995002746582 2.200000047683716
endloop
endfacet
facet normal 0 0 -1
outer loop
vertex 70.19998168945312 -43.71506118774414 0
vertex 64.04998016357422 -34.549949645996094 0
vertex 64.74998474121094 -30.999948501586914 0
endloop
endfacet
facet normal 0 0 -1
outer loop
vertex 26.04998207092285 22.450050354003906 0
vertex 26.04998207092285 26.000051498413086 0
vertex 26.749980926513672 26.000051498413086 0
endloop
endfacet
facet normal 0 0 1
outer loop
vertex 45.849979400634766 -35.34994888305664 2.200000047683716
vertex 49.14998245239258 -35.34994888305664 2.200000047683716
vertex 45.849979400634766 -19.64995002746582 2.200000047683716
endloop
endfacet
facet normal 1 0 0
outer loop
vertex 71.49998474121094 -43.21506118774414 0.20000000298023224
vertex 71.49998474121094 -43.57582473754883 1.7000000476837158
vertex 71.49998474121094 -43.57582473754883 0.20000000298023224
endloop
endfacet
facet normal 0 -1 0
outer loop
vertex 72.19998168945312 -43.21506118774414 0.20000000298023224
vertex 71.49998474121094 -43.21506118774414 1.7000000476837158
vertex 71.49998474121094 -43.21506118774414 0.20000000298023224
endloop
endfacet
facet normal 1 0 0
outer loop
vertex 72.19998168945312 -43.21506118774414 0.20000000298023224
vertex 72.19998168945312 -26.85142707824707 0.20000000298023224
vertex 72.19998168945312 -39.12415313720703 1.7000000476837158
endloop
endfacet
facet normal 0 0 -1
outer loop
vertex 70.19998168945312 -43.71506118774414 0
vertex 64.74998474121094 -30.999948501586914 0
vertex 64.74998474121094 -23.999948501586914 0
endloop
endfacet
facet normal 0 0 -1
outer loop
vertex 64.74998474121094 -30.999948501586914 0
vertex 64.04998016357422 -34.549949645996094 0
vertex 64.04998016357422 -30.999948501586914 0
endloop
endfacet
facet normal 0 0 -1
outer loop
vertex 70.19998168945312 -43.71506118774414 0
vertex 64.74998474121094 -23.999948501586914 0
vertex 70.19998168945312 -24.715063095092773 0
endloop
endfacet
facet normal 0 0 1
outer loop
vertex 30.149980545043945 -35.34994888305664 2.200000047683716
vertex 68.0707778930664 -47.00130844116211 2.200000047683716
vertex 45.849979400634766 -35.34994888305664 2.200000047683716
endloop
endfacet
facet normal 0 0 1
outer loop
vertex 30.149980545043945 -35.34994888305664 2.200000047683716
vertex 26.8499813079834 -35.34994888305664 2.200000047683716
vertex 68.0707778930664 -47.00130844116211 2.200000047683716
endloop
endfacet
facet normal -0.9999650585920267 0.008359521221015777 0
outer loop
vertex -71.7347640991211 -0.5906553268432617 0.20000000298023224
vertex -71.76372528076172 -4.054988861083984 0
vertex -71.76372528076172 -4.054988861083984 0.20000000298023224
endloop
endfacet
facet normal 0 0 -1
outer loop
vertex -64.75001525878906 -11.99994945526123 0
vertex -70.4637680053711 -4.06585693359375 0
vertex -64.75001525878906 -4.999948978424072 0
endloop
endfacet
facet normal 0 0 -1
outer loop
vertex -64.75001525878906 -4.999948978424072 0
vertex -70.43480682373047 -0.6015232801437378 0
vertex -64.05001831054688 -4.999948978424072 0
endloop
endfacet
facet normal 0 0 -1
outer loop
vertex -70.43480682373047 -0.6015232801437378 0
vertex -64.05001831054688 -1.4499491453170776 0
vertex -64.05001831054688 -4.999948978424072 0
endloop
endfacet
facet normal 0.923879106916185 -0.38268445984094035 0
outer loop
vertex 71.14982604980469 -44.42116928100586 2.200000047683716
vertex 71.44230651855469 -43.71506118774414 1.7000000476837158
vertex 71.44230651855469 -43.71506118774414 2.200000047683716
endloop
endfacet
facet normal 0 0 -1
outer loop
vertex -28.9503116607666 -33.18994903564453 0
vertex -30.95001792907715 -30.999948501586914 0
vertex -28.916057586669922 -33.01774215698242 0
endloop
endfacet
facet normal 0 0 -1
outer loop
vertex -30.250019073486328 -30.999948501586914 0
vertex -30.250019073486328 -29.831085205078125 0
vertex -28.9503116607666 -30.64995002746582 0
endloop
endfacet
facet normal 1 0 0
outer loop
vertex 72.19998168945312 -26.85142707824707 0.20000000298023224
vertex 72.19998168945312 -25.215063095092773 0.20000000298023224
vertex 72.19998168945312 -25.215063095092773 1.7000000476837158
endloop
endfacet
facet normal 0 1 0
outer loop
vertex 72.19998168945312 -25.215063095092773 0.20000000298023224
vertex 71.49998474121094 -25.215063095092773 0.20000000298023224
vertex 72.19998168945312 -25.215063095092773 1.7000000476837158
endloop
endfacet
facet normal 1 0 0
outer loop
vertex 71.49998474121094 -25.215063095092773 0.20000000298023224
vertex 71.49998474121094 -24.715063095092773 0.20000000298023224
vertex 71.49998474121094 -24.715063095092773 1.7000000476837158
endloop
endfacet
facet normal 0 0 -1
outer loop
vertex -30.95001792907715 -30.999948501586914 0
vertex -30.250019073486328 -30.999948501586914 0
vertex -28.9503116607666 -31.91994857788086 0
endloop
endfacet
facet normal 0 0 -1
outer loop
vertex -26.050018310546875 -34.549949645996094 0
vertex -28.32810401916504 -33.60569381713867 0
vertex -28.182113647460938 -33.508148193359375 0
endloop
endfacet
facet normal 0 0 -1
outer loop
vertex -26.050018310546875 -34.549949645996094 0
vertex -28.32810401916504 -34.04420471191406 0
vertex -28.32810401916504 -33.60569381713867 0
endloop
endfacet
facet normal 0 0 -1
outer loop
vertex -28.32810401916504 -34.04420471191406 0
vertex -28.50031089782715 -33.639949798583984 0
vertex -28.32810401916504 -33.60569381713867 0
endloop
endfacet
facet normal 0 0 -1
outer loop
vertex -28.50031089782715 -34.00994873046875 0
vertex -28.672517776489258 -33.60569381713867 0
vertex -28.50031089782715 -33.639949798583984 0
endloop
endfacet
facet normal 0 0 -1
outer loop
vertex -28.50031089782715 -34.00994873046875 0
vertex -28.50031089782715 -33.639949798583984 0
vertex -28.32810401916504 -34.04420471191406 0
endloop
endfacet
facet normal 0 0 -1
outer loop
vertex -28.672517776489258 -34.04420471191406 0
vertex -28.672517776489258 -33.60569381713867 0
vertex -28.50031089782715 -34.00994873046875 0
endloop
endfacet
facet normal 0 0 -1
outer loop
vertex -28.81850814819336 -34.14175033569336 0
vertex -28.672517776489258 -33.60569381713867 0
vertex -28.672517776489258 -34.04420471191406 0
endloop
endfacet
facet normal 0.3813019983591754 -0.9244505319633384 0
outer loop
vertex 68.0707778930664 -47.00130844116211 0
vertex 68.9199447631836 -46.651058197021484 0
vertex 68.0707778930664 -47.00130844116211 2.200000047683716
endloop
endfacet
facet normal 0.7071079908434916 -0.707105571527534 0
outer loop
vertex 68.9199447631836 -46.651058197021484 0
vertex 71.14982604980469 -44.42116928100586 0
vertex 68.9199447631836 -46.651058197021484 2.200000047683716
endloop
endfacet
facet normal 0.923879106916185 -0.38268445984094035 0
outer loop
vertex 71.14982604980469 -44.42116928100586 0
vertex 71.44230651855469 -43.71506118774414 0.20000000298023224
vertex 71.14982604980469 -44.42116928100586 2.200000047683716
endloop
endfacet
facet normal 0.9238687488401693 -0.3827094652729688 -0.000010343036198417233
outer loop
vertex 71.14982604980469 -44.42116928100586 2.200000047683716
vertex 71.44230651855469 -43.71506118774414 0.20000000298023224
vertex 71.49998474121094 -43.57582473754883 0.20000000298023224
endloop
endfacet
facet normal 0.9238687488895864 -0.3827094652934396 0
outer loop
vertex 71.49998474121094 -43.57582473754883 0.20000000298023224
vertex 71.49998474121094 -43.57582473754883 1.7000000476837158
vertex 71.44230651855469 -43.71506118774414 1.7000000476837158
endloop
endfacet
facet normal 1 0 0
outer loop
vertex 71.49998474121094 -43.57582473754883 1.7000000476837158
vertex 71.49998474121094 -43.21506118774414 0.20000000298023224
vertex 71.49998474121094 -43.21506118774414 1.7000000476837158
endloop
endfacet
facet normal 0 -1 0
outer loop
vertex 71.49998474121094 -43.21506118774414 1.7000000476837158
vertex 72.19998168945312 -43.21506118774414 0.20000000298023224
vertex 72.19998168945312 -43.21506118774414 1.7000000476837158
endloop
endfacet
facet normal 1 0 0
outer loop
vertex 72.19998168945312 -43.21506118774414 1.7000000476837158
vertex 72.19998168945312 -43.21506118774414 0.20000000298023224
vertex 72.19998168945312 -39.12415313720703 1.7000000476837158
endloop
endfacet
facet normal 0.9238798356225697 -0.3826827005778303 0.0000029107246102303426
outer loop
vertex 71.14982604980469 -44.42116928100586 2.200000047683716
vertex 71.49998474121094 -43.57582473754883 0.20000000298023224
vertex 71.44230651855469 -43.71506118774414 1.7000000476837158
endloop
endfacet
facet normal 0 0 -1
outer loop
vertex -28.916057586669922 -33.36215591430664 0
vertex -30.95001792907715 -34.549949645996094 0
vertex -28.9503116607666 -33.18994903564453 0
endloop
endfacet
facet normal 0 0 -1
outer loop
vertex -28.81850814819336 -33.508148193359375 0
vertex -30.95001792907715 -34.549949645996094 0
vertex -28.916057586669922 -33.36215591430664 0
endloop
endfacet
facet normal 0 0 -1
outer loop
vertex -28.672517776489258 -33.60569381713867 0
vertex -30.95001792907715 -34.549949645996094 0
vertex -28.81850814819336 -33.508148193359375 0
endloop
endfacet
facet normal 1 0 0
outer loop
vertex 72.19998168945312 -39.12415313720703 1.7000000476837158
vertex 72.19998168945312 -26.85142707824707 0.20000000298023224
vertex 72.19998168945312 -25.215063095092773 1.7000000476837158
endloop
endfacet
facet normal 0 0 -1
outer loop
vertex -28.81850814819336 -34.14175033569336 0
vertex -30.95001792907715 -34.549949645996094 0
vertex -28.672517776489258 -33.60569381713867 0
endloop
endfacet
facet normal 0 0 -1
outer loop
vertex -28.32810401916504 -34.04420471191406 0
vertex -26.050018310546875 -34.549949645996094 0
vertex -28.182113647460938 -34.14175033569336 0
endloop
endfacet
facet normal 1 0 0
outer loop
vertex 71.49998474121094 -25.215063095092773 0.20000000298023224
vertex 71.49998474121094 -24.715063095092773 1.7000000476837158
vertex 71.49998474121094 -25.215063095092773 1.7000000476837158
endloop
endfacet
facet normal 0 1 0
outer loop
vertex 72.19998168945312 -25.215063095092773 1.7000000476837158
vertex 71.49998474121094 -25.215063095092773 0.20000000298023224
vertex 71.49998474121094 -25.215063095092773 1.7000000476837158
endloop
endfacet
facet normal 0 0 -1
outer loop
vertex 45.04998016357422 -20.449949264526367 0
vertex 30.949981689453125 -20.449949264526367 0
vertex 45.04998016357422 -15.549948692321777 0
endloop
endfacet
facet normal 0 0 -1
outer loop
vertex 45.04998016357422 -23.999948501586914 0
vertex 45.04998016357422 -20.449949264526367 0
vertex 45.74998092651367 -23.999948501586914 0
endloop
endfacet
facet normal 0 0 -1
outer loop
vertex 45.74998092651367 -23.999948501586914 0
vertex 45.04998016357422 -20.449949264526367 0
vertex 49.949981689453125 -20.449949264526367 0
endloop
endfacet
facet normal 0 0 -1
outer loop
vertex 49.24998092651367 -23.999948501586914 0
vertex 45.74998092651367 -23.999948501586914 0
vertex 49.949981689453125 -20.449949264526367 0
endloop
endfacet
facet normal 0 0 -1
outer loop
vertex 49.949981689453125 -20.449949264526367 0
vertex 45.04998016357422 -20.449949264526367 0
vertex 45.04998016357422 -15.549948692321777 0
endloop
endfacet
facet normal 0 0 -1
outer loop
vertex 49.24998092651367 -23.999948501586914 0
vertex 49.949981689453125 -20.449949264526367 0
vertex 49.949981689453125 -23.999948501586914 0
endloop
endfacet
facet normal 0 0 -1
outer loop
vertex 45.04998016357422 -15.549948692321777 0
vertex 49.949981689453125 -15.549948692321777 0
vertex 49.949981689453125 -20.449949264526367 0
endloop
endfacet
facet normal 0 0 -1
outer loop
vertex 49.949981689453125 -15.549948692321777 0
vertex 45.04998016357422 -15.549948692321777 0
vertex 45.04998016357422 -11.99994945526123 0
endloop
endfacet
facet normal 0 0 -1
outer loop
vertex 49.949981689453125 -15.549948692321777 0
vertex 45.04998016357422 -11.99994945526123 0
vertex 45.74998092651367 -11.99994945526123 0
endloop
endfacet
facet normal 0 0 -1
outer loop
vertex 45.74998092651367 -11.99994945526123 0
vertex 49.24998092651367 -11.99994945526123 0
vertex 49.949981689453125 -15.549948692321777 0
endloop
endfacet
facet normal 0 0 -1
outer loop
vertex 49.24998092651367 -11.99994945526123 0
vertex 49.949981689453125 -11.99994945526123 0
vertex 49.949981689453125 -15.549948692321777 0
endloop
endfacet
facet normal 0 0 -1
outer loop
vertex -26.050018310546875 -34.549949645996094 0
vertex -28.32810401916504 -34.875694274902344 0
vertex -28.182113647460938 -34.77814865112305 0
endloop
endfacet
facet normal 0 0 -1
outer loop
vertex -26.050018310546875 -34.549949645996094 0
vertex -28.32810401916504 -35.314205169677734 0
vertex -28.32810401916504 -34.875694274902344 0
endloop
endfacet
facet normal 0 0 -1
outer loop
vertex -28.32810401916504 -35.314205169677734 0
vertex -26.050018310546875 -34.549949645996094 0
vertex -28.182113647460938 -35.41175079345703 0
endloop
endfacet
facet normal 0 0 -1
outer loop
vertex -28.32810401916504 -35.314205169677734 0
vertex -28.50031089782715 -34.909950256347656 0
vertex -28.32810401916504 -34.875694274902344 0
endloop
endfacet
facet normal 0 0 -1
outer loop
vertex 49.24998092651367 -11.99994945526123 0
vertex 45.74998092651367 -11.99994945526123 0
vertex 45.74998092651367 -4.999948978424072 0
endloop
endfacet
facet normal 0 0 -1
outer loop
vertex 49.24998092651367 -11.99994945526123 0
vertex 45.74998092651367 -4.999948978424072 0
vertex 49.24998092651367 -4.999948978424072 0
endloop
endfacet
facet normal 0 0 -1
outer loop
vertex 45.04998016357422 -4.999948978424072 0
vertex 45.04998016357422 -1.4499491453170776 0
vertex 45.74998092651367 -4.999948978424072 0
endloop
endfacet
facet normal 0 0 -1
outer loop
vertex 45.74998092651367 -4.999948978424072 0
vertex 45.04998016357422 -1.4499491453170776 0
vertex 49.949981689453125 -1.4499491453170776 0
endloop
endfacet
facet normal 0 0 -1
outer loop
vertex 49.24998092651367 -4.999948978424072 0
vertex 45.74998092651367 -4.999948978424072 0
vertex 49.949981689453125 -1.4499491453170776 0
endloop
endfacet
facet normal 0 0 -1
outer loop
vertex 49.24998092651367 -4.999948978424072 0
vertex 49.949981689453125 -1.4499491453170776 0
vertex 49.949981689453125 -4.999948978424072 0
endloop
endfacet
facet normal 0 0 -1
outer loop
vertex -28.50031089782715 -35.27994918823242 0
vertex -28.672517776489258 -34.875694274902344 0
vertex -28.50031089782715 -34.909950256347656 0
endloop
endfacet
facet normal 0 0 -1
outer loop
vertex -28.50031089782715 -35.27994918823242 0
vertex -28.50031089782715 -34.909950256347656 0
vertex -28.32810401916504 -35.314205169677734 0
endloop
endfacet
facet normal 0 0 -1
outer loop
vertex -28.672517776489258 -35.314205169677734 0
vertex -28.672517776489258 -34.875694274902344 0
vertex -28.50031089782715 -35.27994918823242 0
endloop
endfacet
facet normal 0 0 -1
outer loop
vertex -28.916057586669922 -34.287742614746094 0
vertex -30.95001792907715 -34.549949645996094 0
vertex -28.81850814819336 -34.14175033569336 0
endloop
endfacet
facet normal 0 0 -1
outer loop
vertex -28.9503116607666 -34.4599494934082 0
vertex -30.95001792907715 -34.549949645996094 0
vertex -28.916057586669922 -34.287742614746094 0
endloop
endfacet
facet normal 0 0 -1
outer loop
vertex -28.916057586669922 -34.63215637207031 0
vertex -30.95001792907715 -34.549949645996094 0
vertex -28.9503116607666 -34.4599494934082 0
endloop
endfacet
facet normal 0 0 -1
outer loop
vertex -28.672517776489258 -35.314205169677734 0
vertex -30.95001792907715 -34.549949645996094 0
vertex -28.672517776489258 -34.875694274902344 0
endloop
endfacet
facet normal 0 0 -1
outer loop
vertex 49.949981689453125 -20.449949264526367 0
vertex 64.04998016357422 -15.549948692321777 0
vertex 64.04998016357422 -20.449949264526367 0
endloop
endfacet
facet normal 0 0 -1
outer loop
vertex 64.04998016357422 -15.549948692321777 0
vertex 49.949981689453125 -20.449949264526367 0
vertex 49.949981689453125 -15.549948692321777 0
endloop
endfacet
facet normal 0 0 -1
outer loop
vertex 64.04998016357422 -23.999948501586914 0
vertex 64.04998016357422 -20.449949264526367 0
vertex 64.74998474121094 -23.999948501586914 0
endloop
endfacet
facet normal 0 0 -1
outer loop
vertex 64.74998474121094 -23.999948501586914 0
vertex 64.04998016357422 -20.449949264526367 0
vertex 70.19998168945312 -24.715063095092773 0
endloop
endfacet
facet normal 0 0 -1
outer loop
vertex 64.04998016357422 -20.449949264526367 0
vertex 64.04998016357422 -15.549948692321777 0
vertex 70.19998168945312 -21.967815399169922 0
endloop
endfacet
facet normal 0 0 -1
outer loop
vertex 70.19998168945312 -24.715063095092773 0
vertex 64.04998016357422 -20.449949264526367 0
vertex 70.19998168945312 -21.967815399169922 0
endloop
endfacet
facet normal 0 0 -1
outer loop
vertex 71.49998474121094 -24.715063095092773 0
vertex 70.19998168945312 -24.715063095092773 0
vertex 71.49998474121094 -21.967815399169922 0
endloop
endfacet
facet normal 0 0 -1
outer loop
vertex 71.49998474121094 -21.967815399169922 0
vertex 70.19998168945312 -24.715063095092773 0
vertex 70.19998168945312 -21.967815399169922 0
endloop
endfacet
facet normal 1 0 0
outer loop
vertex 71.49998474121094 -24.715063095092773 0
vertex 71.49998474121094 -21.967815399169922 0
vertex 71.49998474121094 -21.967815399169922 0.20000000298023224
endloop
endfacet
facet normal 0.7071079908434916 -0.707105571527534 0
outer loop
vertex 68.9199447631836 -46.651058197021484 2.200000047683716
vertex 71.14982604980469 -44.42116928100586 0
vertex 71.14982604980469 -44.42116928100586 2.200000047683716
endloop
endfacet
facet normal 1 0 0
outer loop
vertex 71.49998474121094 -24.715063095092773 0.20000000298023224
vertex 71.49998474121094 -24.715063095092773 0
vertex 71.49998474121094 -21.967815399169922 0.20000000298023224
endloop
endfacet
facet normal 0.3813019983591754 -0.9244505319633384 0
outer loop
vertex 68.0707778930664 -47.00130844116211 2.200000047683716
vertex 68.9199447631836 -46.651058197021484 0
vertex 68.9199447631836 -46.651058197021484 2.200000047683716
endloop
endfacet
facet normal -0.9999650532218239 0.008360163482236563 -0.0000012748433105861445
outer loop
vertex -72.46788024902344 -4.549119472503662 0.20000000298023224
vertex -72.60468292236328 -20.91218376159668 0.20000000298023224
vertex -72.50208282470703 -8.639884948730469 1.7000000476837158
endloop
endfacet
facet normal 0 0 -1
outer loop
vertex 70.19998168945312 -21.967815399169922 0
vertex 64.04998016357422 -15.549948692321777 0
vertex 64.74998474121094 -11.99994945526123 0
endloop
endfacet
facet normal 0 0 -1
outer loop
vertex 64.74998474121094 -11.99994945526123 0
vertex 64.04998016357422 -15.549948692321777 0
vertex 64.04998016357422 -11.99994945526123 0
endloop
endfacet
facet normal 0 0 -1
outer loop
vertex 70.19998168945312 -21.967815399169922 0
vertex 64.74998474121094 -11.99994945526123 0
vertex 64.74998474121094 -4.999948978424072 0
endloop
endfacet
facet normal 0.008359654256673853 0.9999650574798645 0
outer loop
vertex -71.76790618896484 -4.554971218109131 0.20000000298023224
vertex -72.46788024902344 -4.549119472503662 0.20000000298023224
vertex -71.76790618896484 -4.554971218109131 1.7000000476837158
endloop
endfacet
facet normal -0.9999650393652394 0.008361819126569844 -0.000005307511908462611
outer loop
vertex -71.76372528076172 -4.054988861083984 0.20000000298023224
vertex -71.76790618896484 -4.554971218109131 0.20000000298023224
vertex -71.7347640991211 -0.5906553268432617 1.7000000476837158
endloop
endfacet
facet normal -0.9999650585920268 0.008359521221015777 0
outer loop
vertex -71.7347640991211 -0.5906553268432617 0.20000000298023224
vertex -71.76372528076172 -4.054988861083984 0.20000000298023224
vertex -71.7347640991211 -0.5906553268432617 1.7000000476837158
endloop
endfacet
facet normal 0 0 -1
outer loop
vertex -30.95001792907715 -34.549949645996094 0
vertex -28.81850814819336 -34.77814865112305 0
vertex -28.672517776489258 -34.875694274902344 0
endloop
endfacet
facet normal 0 0 -1
outer loop
vertex 70.19998168945312 -0.22056891024112701 0
vertex 64.74998474121094 7.000051021575928 0
vertex 64.74998474121094 14.00005054473877 0
endloop
endfacet
facet normal 1 0 0
outer loop
vertex 71.49998474121094 -24.715063095092773 1.7000000476837158
vertex 71.49998474121094 -24.715063095092773 0.20000000298023224
vertex 71.49998474121094 -21.967815399169922 0.20000000298023224
endloop
endfacet
facet normal 1 0 0
outer loop
vertex 71.49998474121094 -24.715063095092773 1.7000000476837158
vertex 71.49998474121094 -21.967815399169922 0.20000000298023224
vertex 71.49998474121094 -21.467815399169922 0.20000000298023224
endloop
endfacet
facet normal 0 -1 0
outer loop
vertex 72.19998168945312 -21.467815399169922 0.20000000298023224
vertex 71.49998474121094 -21.467815399169922 1.7000000476837158
vertex 71.49998474121094 -21.467815399169922 0.20000000298023224
endloop
endfacet
facet normal 1 0 0
outer loop
vertex 72.19998168945312 -21.467815399169922 0.20000000298023224
vertex 72.19998168945312 -5.104179382324219 0.20000000298023224
vertex 72.19998168945312 -17.376907348632812 1.7000000476837158
endloop
endfacet
facet normal 0 0 -1
outer loop
vertex 70.19998168945312 -21.967815399169922 0
vertex 64.74998474121094 -4.999948978424072 0
vertex 64.04998016357422 -1.4499491453170776 0
endloop
endfacet
facet normal 0 0 -1
outer loop
vertex 70.19998168945312 -21.967815399169922 0
vertex 64.04998016357422 -1.4499491453170776 0
vertex 70.19998168945312 -2.96781587600708 0
endloop
endfacet
facet normal 0 0 -1
outer loop
vertex -49.95001983642578 -23.999948501586914 0
vertex -49.95001983642578 -20.449949264526367 0
vertex -49.25001907348633 -23.999948501586914 0
endloop
endfacet
facet normal 0 0 -1
outer loop
vertex -49.25001907348633 -23.999948501586914 0
vertex -49.95001983642578 -20.449949264526367 0
vertex -45.050018310546875 -20.449949264526367 0
endloop
endfacet
facet normal 0 0 -1
outer loop
vertex 64.04998016357422 -1.4499491453170776 0
vertex 64.74998474121094 -4.999948978424072 0
vertex 64.04998016357422 -4.999948978424072 0
endloop
endfacet
facet normal 0 0 -1
outer loop
vertex -45.75001907348633 -23.999948501586914 0
vertex -49.25001907348633 -23.999948501586914 0
vertex -45.050018310546875 -20.449949264526367 0
endloop
endfacet
facet normal 0 0 -1
outer loop
vertex 71.49998474121094 -2.96781587600708 0
vertex 70.19998168945312 -2.96781587600708 0
vertex 71.49998474121094 -0.22056891024112701 0
endloop
endfacet
facet normal 1 0 0
outer loop
vertex 71.49998474121094 -2.96781587600708 0.20000000298023224
vertex 71.49998474121094 -2.96781587600708 0
vertex 71.49998474121094 -0.22056891024112701 0
endloop
endfacet
facet normal 0 0 -1
outer loop
vertex -45.050018310546875 -20.449949264526367 0
vertex -49.95001983642578 -20.449949264526367 0
vertex -49.95001983642578 -15.549948692321777 0
endloop
endfacet
facet normal 0 0 -1
outer loop
vertex 30.949981689453125 22.450050354003906 0
vertex 26.04998207092285 22.450050354003906 0
vertex 26.749980926513672 26.000051498413086 0
endloop
endfacet
facet normal 0 0 -1
outer loop
vertex 30.249980926513672 26.000051498413086 0
vertex 30.949981689453125 26.000051498413086 0
vertex 30.949981689453125 22.450050354003906 0
endloop
endfacet
facet normal 0 0 -1
outer loop
vertex 30.949981689453125 22.450050354003906 0
vertex 26.749980926513672 26.000051498413086 0
vertex 26.749980926513672 33.00004959106445 0
endloop
endfacet
facet normal 0 0 -1
outer loop
vertex -30.95001792907715 -34.549949645996094 0
vertex -30.95001792907715 -30.999948501586914 0
vertex -28.9503116607666 -33.18994903564453 0
endloop
endfacet
facet normal 0 0 -1
outer loop
vertex -28.672517776489258 -35.314205169677734 0
vertex -45.050018310546875 -34.549949645996094 0
vertex -30.95001792907715 -34.549949645996094 0
endloop
endfacet
facet normal 0 0 -1
outer loop
vertex -28.81850814819336 -35.41175079345703 0
vertex -47.050018310546875 -34.4599494934082 0
vertex -28.672517776489258 -35.314205169677734 0
endloop
endfacet
facet normal 0 0 -1
outer loop
vertex -28.916057586669922 -35.557743072509766 0
vertex -47.181819915771484 -35.41175079345703 0
vertex -28.81850814819336 -35.41175079345703 0
endloop
endfacet
facet normal 1 0 0
outer loop
vertex 72.19998168945312 -5.104179382324219 0.20000000298023224
vertex 72.19998168945312 -3.46781587600708 0.20000000298023224
vertex 72.19998168945312 -3.46781587600708 1.7000000476837158
endloop
endfacet
facet normal 1 0 0
outer loop
vertex 71.49998474121094 -3.46781587600708 0.20000000298023224
vertex 71.49998474121094 -2.96781587600708 0.20000000298023224
vertex 71.49998474121094 -2.96781587600708 1.7000000476837158
endloop
endfacet
facet normal 0 1 0
outer loop
vertex 72.19998168945312 -3.46781587600708 0.20000000298023224
vertex 71.49998474121094 -3.46781587600708 0.20000000298023224
vertex 72.19998168945312 -3.46781587600708 1.7000000476837158
endloop
endfacet
facet normal 1 0 0
outer loop
vertex 71.49998474121094 -2.96781587600708 1.7000000476837158
vertex 71.49998474121094 -2.96781587600708 0.20000000298023224
vertex 71.49998474121094 -0.22056891024112701 0.20000000298023224
endloop
endfacet
facet normal 0 0 -1
outer loop
vertex -11.950018882751465 -34.549949645996094 0
vertex -28.084564208984375 -37.172157287597656 0
vertex -28.050310134887695 -36.99995040893555 0
endloop
endfacet
facet normal 0 0 -1
outer loop
vertex -11.950018882751465 -34.549949645996094 0
vertex -28.872116088867188 -42.275596618652344 0
vertex -28.084564208984375 -37.172157287597656 0
endloop
endfacet
facet normal 0 0 -1
outer loop
vertex -26.050018310546875 -34.549949645996094 0
vertex -28.084564208984375 -36.82773971557617 0
vertex -28.084564208984375 -35.902156829833984 0
endloop
endfacet
facet normal 0 0 -1
outer loop
vertex -28.084564208984375 -36.82773971557617 0
vertex -26.050018310546875 -34.549949645996094 0
vertex -28.050310134887695 -36.99995040893555 0
endloop
endfacet
facet normal 0 0 -1
outer loop
vertex -28.872116088867188 -42.275596618652344 0
vertex -11.950018882751465 -34.549949645996094 0
vertex -28.850019454956055 -42.49995040893555 0
endloop
endfacet
facet normal 0 0 -1
outer loop
vertex -70.81040954589844 -45.52886199951172 0
vertex 68.0707778930664 -47.00130844116211 0
vertex -70.76319122314453 -46.5870361328125 0
endloop
endfacet
facet normal 0 0 -1
outer loop
vertex -28.084564208984375 -36.82773971557617 0
vertex -28.182113647460938 -36.04814529418945 0
vertex -28.084564208984375 -35.902156829833984 0
endloop
endfacet
facet normal 0 0 -1
outer loop
vertex -28.182113647460938 -36.04814529418945 0
vertex -28.182113647460938 -36.6817512512207 0
vertex -28.32810401916504 -36.145694732666016 0
endloop
endfacet
facet normal 0 0 -1
outer loop
vertex -28.32810401916504 -36.145694732666016 0
vertex -28.32810401916504 -36.58420181274414 0
vertex -28.50031089782715 -36.17995071411133 0
endloop
endfacet
facet normal 0 0 -1
outer loop
vertex -28.50031089782715 -36.549949645996094 0
vertex -28.672517776489258 -36.145694732666016 0
vertex -28.50031089782715 -36.17995071411133 0
endloop
endfacet
facet normal 0 0 -1
outer loop
vertex -28.32810401916504 -36.58420181274414 0
vertex -28.32810401916504 -36.145694732666016 0
vertex -28.182113647460938 -36.6817512512207 0
endloop
endfacet
facet normal 0 0 -1
outer loop
vertex -28.084564208984375 -36.82773971557617 0
vertex -28.182113647460938 -36.6817512512207 0
vertex -28.182113647460938 -36.04814529418945 0
endloop
endfacet
facet normal 0 0 -1
outer loop
vertex -28.50031089782715 -36.549949645996094 0
vertex -28.50031089782715 -36.17995071411133 0
vertex -28.32810401916504 -36.58420181274414 0
endloop
endfacet
facet normal 0 0 -1
outer loop
vertex -28.672517776489258 -36.58420181274414 0
vertex -28.672517776489258 -36.145694732666016 0
vertex -28.50031089782715 -36.549949645996094 0
endloop
endfacet
facet normal 0 0 -1
outer loop
vertex -28.672517776489258 -36.145694732666016 0
vertex -28.81850814819336 -36.6817512512207 0
vertex -28.81850814819336 -36.04814529418945 0
endloop
endfacet
facet normal 0 0 -1
outer loop
vertex -28.81850814819336 -36.6817512512207 0
vertex -28.672517776489258 -36.145694732666016 0
vertex -28.672517776489258 -36.58420181274414 0
endloop
endfacet
facet normal 0 0 -1
outer loop
vertex -28.084564208984375 -37.172157287597656 0
vertex -29.186845779418945 -41.68677520751953 0
vertex -28.182113647460938 -37.318145751953125 0
endloop
endfacet
facet normal 0 0 -1
outer loop
vertex -28.182113647460938 -37.318145751953125 0
vertex -29.361112594604492 -41.543758392333984 0
vertex -28.32810401916504 -37.41569519042969 0
endloop
endfacet
facet normal 0 0 -1
outer loop
vertex -28.32810401916504 -37.41569519042969 0
vertex -29.559932708740234 -41.4374885559082 0
vertex -28.50031089782715 -37.449947357177734 0
endloop
endfacet
facet normal 0 0 -1
outer loop
vertex -28.50031089782715 -37.449947357177734 0
vertex -29.775665283203125 -41.372047424316406 0
vertex -28.672517776489258 -37.41569519042969 0
endloop
endfacet
facet normal 0 0 -1
outer loop
vertex -28.672517776489258 -37.41569519042969 0
vertex -30.000019073486328 -41.34994888305664 0
vertex -28.81850814819336 -37.318145751953125 0
endloop
endfacet
facet normal 0 0 -1
outer loop
vertex -28.084564208984375 -37.172157287597656 0
vertex -29.0438289642334 -41.86104202270508 0
vertex -29.186845779418945 -41.68677520751953 0
endloop
endfacet
facet normal 1 0 0
outer loop
vertex 71.49998474121094 -24.715063095092773 1.7000000476837158
vertex 71.49998474121094 -21.467815399169922 0.20000000298023224
vertex 71.49998474121094 -21.967815399169922 1.7000000476837158
endloop
endfacet
facet normal 1 0 0
outer loop
vertex 71.49998474121094 -21.967815399169922 1.7000000476837158
vertex 71.49998474121094 -21.467815399169922 0.20000000298023224
vertex 71.49998474121094 -21.467815399169922 1.7000000476837158
endloop
endfacet
facet normal 0 -1 0
outer loop
vertex 71.49998474121094 -21.467815399169922 1.7000000476837158
vertex 72.19998168945312 -21.467815399169922 0.20000000298023224
vertex 72.19998168945312 -21.467815399169922 1.7000000476837158
endloop
endfacet
facet normal 1 0 0
outer loop
vertex 72.19998168945312 -21.467815399169922 1.7000000476837158
vertex 72.19998168945312 -21.467815399169922 0.20000000298023224
vertex 72.19998168945312 -17.376907348632812 1.7000000476837158
endloop
endfacet
facet normal 0 0 -1
outer loop
vertex -29.361112594604492 -41.543758392333984 0
vertex -28.182113647460938 -37.318145751953125 0
vertex -29.186845779418945 -41.68677520751953 0
endloop
endfacet
facet normal 0 0 -1
outer loop
vertex -29.559932708740234 -41.4374885559082 0
vertex -28.32810401916504 -37.41569519042969 0
vertex -29.361112594604492 -41.543758392333984 0
endloop
endfacet
facet normal 0 0 -1
outer loop
vertex -28.084564208984375 -37.172157287597656 0
vertex -28.937557220458984 -42.05986404418945 0
vertex -29.0438289642334 -41.86104202270508 0
endloop
endfacet
facet normal 0 0 -1
outer loop
vertex -28.937557220458984 -42.05986404418945 0
vertex -28.084564208984375 -37.172157287597656 0
vertex -28.872116088867188 -42.275596618652344 0
endloop
endfacet
facet normal 1 0 0
outer loop
vertex 72.19998168945312 -17.376907348632812 1.7000000476837158
vertex 72.19998168945312 -5.104179382324219 0.20000000298023224
vertex 72.19998168945312 -3.46781587600708 1.7000000476837158
endloop
endfacet
facet normal 0 0 -1
outer loop
vertex -29.775665283203125 -41.372047424316406 0
vertex -28.50031089782715 -37.449947357177734 0
vertex -29.559932708740234 -41.4374885559082 0
endloop
endfacet
facet normal 1 0 0
outer loop
vertex 71.49998474121094 -3.46781587600708 0.20000000298023224
vertex 71.49998474121094 -2.96781587600708 1.7000000476837158
vertex 71.49998474121094 -3.46781587600708 1.7000000476837158
endloop
endfacet
facet normal 0 1 0
outer loop
vertex 72.19998168945312 -3.46781587600708 1.7000000476837158
vertex 71.49998474121094 -3.46781587600708 0.20000000298023224
vertex 71.49998474121094 -3.46781587600708 1.7000000476837158
endloop
endfacet
facet normal 0 0 -1
outer loop
vertex -30.000019073486328 -41.34994888305664 0
vertex -28.672517776489258 -37.41569519042969 0
vertex -29.775665283203125 -41.372047424316406 0
endloop
endfacet
facet normal 0 0 -1
outer loop
vertex -30.22437286376953 -41.372047424316406 0
vertex -28.81850814819336 -37.318145751953125 0
vertex -30.000019073486328 -41.34994888305664 0
endloop
endfacet
facet normal 0 0 -1
outer loop
vertex -30.440105438232422 -41.4374885559082 0
vertex -28.81850814819336 -37.318145751953125 0
vertex -30.22437286376953 -41.372047424316406 0
endloop
endfacet
facet normal 0 0 -1
outer loop
vertex -28.9503116607666 -35.729949951171875 0
vertex -47.050018310546875 -35.729949951171875 0
vertex -28.916057586669922 -35.557743072509766 0
endloop
endfacet
facet normal 0 0 -1
outer loop
vertex -28.916057586669922 -35.902156829833984 0
vertex -47.050018310546875 -35.729949951171875 0
vertex -28.9503116607666 -35.729949951171875 0
endloop
endfacet
facet normal 0 0 -1
outer loop
vertex -28.81850814819336 -36.04814529418945 0
vertex -47.181819915771484 -36.04814529418945 0
vertex -28.916057586669922 -35.902156829833984 0
endloop
endfacet
facet normal 0 0 -1
outer loop
vertex -28.81850814819336 -36.6817512512207 0
vertex -47.181819915771484 -36.04814529418945 0
vertex -28.81850814819336 -36.04814529418945 0
endloop
endfacet
facet normal 0 0 -1
outer loop
vertex -28.916057586669922 -36.82773971557617 0
vertex -47.181819915771484 -36.6817512512207 0
vertex -28.81850814819336 -36.6817512512207 0
endloop
endfacet
facet normal 0 0 -1
outer loop
vertex -28.9503116607666 -36.99995040893555 0
vertex -47.050018310546875 -36.99995040893555 0
vertex -28.916057586669922 -36.82773971557617 0
endloop
endfacet
facet normal 0 0 -1
outer loop
vertex -28.916057586669922 -37.172157287597656 0
vertex -47.050018310546875 -36.99995040893555 0
vertex -28.9503116607666 -36.99995040893555 0
endloop
endfacet
facet normal -0.0029839272526691486 -0.9999955480791657 0
outer loop
vertex 68.0707778930664 -47.00130844116211 2.200000047683716
vertex -70.76319122314453 -46.5870361328125 2.200000047683716
vertex 68.0707778930664 -47.00130844116211 0
endloop
endfacet
facet normal 0 0 -1
outer loop
vertex -28.81850814819336 -37.318145751953125 0
vertex -47.181819915771484 -37.318145751953125 0
vertex -28.916057586669922 -37.172157287597656 0
endloop
endfacet
facet normal 0 0 -1
outer loop
vertex -30.440105438232422 -41.4374885559082 0
vertex -47.181819915771484 -37.318145751953125 0
vertex -28.81850814819336 -37.318145751953125 0
endloop
endfacet
facet normal 0 0 -1
outer loop
vertex -30.638925552368164 -41.543758392333984 0
vertex -47.181819915771484 -37.318145751953125 0
vertex -30.440105438232422 -41.4374885559082 0
endloop
endfacet
facet normal 0 0 -1
outer loop
vertex -30.81319236755371 -41.68677520751953 0
vertex -47.181819915771484 -37.318145751953125 0
vertex -30.638925552368164 -41.543758392333984 0
endloop
endfacet
facet normal 0 0 -1
outer loop
vertex -30.956209182739258 -41.86104202270508 0
vertex -47.181819915771484 -37.318145751953125 0
vertex -30.81319236755371 -41.68677520751953 0
endloop
endfacet
facet normal 0 0 -1
outer loop
vertex -31.062480926513672 -42.05986404418945 0
vertex -47.181819915771484 -37.318145751953125 0
vertex -30.956209182739258 -41.86104202270508 0
endloop
endfacet
facet normal 0 0 -1
outer loop
vertex -31.12792205810547 -42.275596618652344 0
vertex -47.181819915771484 -37.318145751953125 0
vertex -31.062480926513672 -42.05986404418945 0
endloop
endfacet
facet normal 0 0 -1
outer loop
vertex -31.1500186920166 -42.49995040893555 0
vertex -47.181819915771484 -37.318145751953125 0
vertex -31.12792205810547 -42.275596618652344 0
endloop
endfacet
facet normal -0.9999650585917332 0.008359521221013324 7.659950575561941e-7
outer loop
vertex -71.7347640991211 -0.5906553268432617 1.7000000476837158
vertex -71.76790618896484 -4.554971218109131 0.20000000298023224
vertex -71.76372528076172 -4.054988861083984 1.7000000476837158
endloop
endfacet
facet normal 0 0 1
outer loop
vertex -29.775665283203125 -43.62785339355469 2.200000047683716
vertex -30.000019073486328 -43.64994812011719 2.200000047683716
vertex 68.0707778930664 -47.00130844116211 2.200000047683716
endloop
endfacet
facet normal 0 0 1
outer loop
vertex -29.559932708740234 -43.56241226196289 2.200000047683716
vertex -29.775665283203125 -43.62785339355469 2.200000047683716
vertex 68.0707778930664 -47.00130844116211 2.200000047683716
endloop
endfacet
facet normal 0 0 1
outer loop
vertex -29.361112594604492 -43.456138610839844 2.200000047683716
vertex -29.559932708740234 -43.56241226196289 2.200000047683716
vertex 68.0707778930664 -47.00130844116211 2.200000047683716
endloop
endfacet
facet normal 0 0 1
outer loop
vertex -29.186845779418945 -43.3131217956543 2.200000047683716
vertex -29.361112594604492 -43.456138610839844 2.200000047683716
vertex 68.0707778930664 -47.00130844116211 2.200000047683716
endloop
endfacet
facet normal 0 0 1
outer loop
vertex -29.0438289642334 -43.13885498046875 2.200000047683716
vertex -29.186845779418945 -43.3131217956543 2.200000047683716
vertex 68.0707778930664 -47.00130844116211 2.200000047683716
endloop
endfacet
facet normal 0 0 1
outer loop
vertex -28.937557220458984 -42.94003677368164 2.200000047683716
vertex -29.0438289642334 -43.13885498046875 2.200000047683716
vertex 68.0707778930664 -47.00130844116211 2.200000047683716
endloop
endfacet
facet normal 0 0 1
outer loop
vertex -28.872116088867188 -42.72430419921875 2.200000047683716
vertex -28.937557220458984 -42.94003677368164 2.200000047683716
vertex 68.0707778930664 -47.00130844116211 2.200000047683716
endloop
endfacet
facet normal 0 0 1
outer loop
vertex -28.850019454956055 -42.49995040893555 2.200000047683716
vertex -28.872116088867188 -42.72430419921875 2.200000047683716
vertex 68.0707778930664 -47.00130844116211 2.200000047683716
endloop
endfacet
facet normal 0 0 1
outer loop
vertex -28.872116088867188 -42.275596618652344 2.200000047683716
vertex -28.850019454956055 -42.49995040893555 2.200000047683716
vertex 68.0707778930664 -47.00130844116211 2.200000047683716
endloop
endfacet
facet normal 0 0 1
outer loop
vertex -28.872116088867188 -42.275596618652344 2.200000047683716
vertex 68.0707778930664 -47.00130844116211 2.200000047683716
vertex -28.937557220458984 -42.05986404418945 2.200000047683716
endloop
endfacet
facet normal 0 0 1
outer loop
vertex -28.937557220458984 -42.05986404418945 2.200000047683716
vertex 68.0707778930664 -47.00130844116211 2.200000047683716
vertex -11.150018692016602 -35.34994888305664 2.200000047683716
endloop
endfacet
facet normal 0 0 1
outer loop
vertex -7.8500189781188965 -35.34994888305664 2.200000047683716
vertex -11.150018692016602 -35.34994888305664 2.200000047683716
vertex 68.0707778930664 -47.00130844116211 2.200000047683716
endloop
endfacet
facet normal 0 0 -1
outer loop
vertex 64.74998474121094 7.000051021575928 0
vertex 64.04998016357422 3.4500508308410645 0
vertex 64.04998016357422 7.000051021575928 0
endloop
endfacet
facet normal 0 0 -1
outer loop
vertex 30.249980926513672 26.000051498413086 0
vertex 30.949981689453125 22.450050354003906 0
vertex 26.749980926513672 33.00004959106445 0
endloop
endfacet
facet normal 0 0 1
outer loop
vertex 11.149981498718262 -35.34994888305664 2.200000047683716
vertex 7.849981307983398 -19.64995002746582 2.200000047683716
vertex 7.849981307983398 -35.34994888305664 2.200000047683716
endloop
endfacet
facet normal 1 0 0
outer loop
vertex 71.49998474121094 -0.22056891024112701 0.20000000298023224
vertex 71.49998474121094 -2.96781587600708 0.20000000298023224
vertex 71.49998474121094 -0.22056891024112701 0
endloop
endfacet
facet normal 0 0 -1
outer loop
vertex 30.249980926513672 26.000051498413086 0
vertex 26.749980926513672 33.00004959106445 0
vertex 30.249980926513672 33.00004959106445 0
endloop
endfacet
facet normal 0 0 -1
outer loop
vertex -47.67222595214844 -27.255695343017578 0
vertex -47.81821823120117 -27.791751861572266 0
vertex -47.81821823120117 -27.15814781188965 0
endloop
endfacet
facet normal 0 0 -1
outer loop
vertex 71.49998474121094 -0.22056891024112701 0
vertex 70.19998168945312 -2.96781587600708 0
vertex 70.19998168945312 -0.22056891024112701 0
endloop
endfacet
facet normal 0 0 -1
outer loop
vertex 70.19998168945312 -2.96781587600708 0
vertex 64.04998016357422 3.4500508308410645 0
vertex 70.19998168945312 -0.22056891024112701 0
endloop
endfacet
facet normal 0 0 -1
outer loop
vertex 64.04998016357422 3.4500508308410645 0
vertex 64.74998474121094 7.000051021575928 0
vertex 70.19998168945312 -0.22056891024112701 0
endloop
endfacet
facet normal 0 0 -1
outer loop
vertex 70.19998168945312 -2.96781587600708 0
vertex 64.04998016357422 -1.4499491453170776 0
vertex 64.04998016357422 3.4500508308410645 0
endloop
endfacet
facet normal 0 0 -1
outer loop
vertex 49.949981689453125 -1.4499491453170776 0
vertex 64.04998016357422 3.4500508308410645 0
vertex 64.04998016357422 -1.4499491453170776 0
endloop
endfacet
facet normal 0 0 -1
outer loop
vertex 49.949981689453125 -1.4499491453170776 0
vertex 49.949981689453125 3.4500508308410645 0
vertex 64.04998016357422 3.4500508308410645 0
endloop
endfacet
facet normal 0 0 -1
outer loop
vertex -47.50001907348633 -31.46994972229004 0
vertex -47.67222595214844 -31.06569480895996 0
vertex -47.50001907348633 -31.09994888305664 0
endloop
endfacet
facet normal 0 0 -1
outer loop
vertex -47.50001907348633 -31.46994972229004 0
vertex -47.50001907348633 -31.09994888305664 0
vertex -47.32781219482422 -31.50420379638672 0
endloop
endfacet
facet normal 0 0 -1
outer loop
vertex -47.32781219482422 -31.06569480895996 0
vertex -47.32781219482422 -31.50420379638672 0
vertex -47.50001907348633 -31.09994888305664 0
endloop
endfacet
facet normal 0 0 -1
outer loop
vertex -47.181819915771484 -31.60175132751465 0
vertex -47.32781219482422 -31.06569480895996 0
vertex -47.181819915771484 -30.96814727783203 0
endloop
endfacet
facet normal 0 0 -1
outer loop
vertex 49.949981689453125 17.550050735473633 0
vertex 45.04998016357422 22.450050354003906 0
vertex 64.04998016357422 17.550050735473633 0
endloop
endfacet
facet normal 0 0 -1
outer loop
vertex 49.949981689453125 17.550050735473633 0
vertex 45.04998016357422 17.550050735473633 0
vertex 45.04998016357422 22.450050354003906 0
endloop
endfacet
facet normal 0 0 -1
outer loop
vertex 49.949981689453125 17.550050735473633 0
vertex 45.74998092651367 14.00005054473877 0
vertex 45.04998016357422 17.550050735473633 0
endloop
endfacet
facet normal 0 0 1
outer loop
vertex -7.8500189781188965 -35.34994888305664 2.200000047683716
vertex 68.0707778930664 -47.00130844116211 2.200000047683716
vertex 7.849981307983398 -35.34994888305664 2.200000047683716
endloop
endfacet
facet normal 0 0 1
outer loop
vertex 11.149981498718262 -35.34994888305664 2.200000047683716
vertex 7.849981307983398 -35.34994888305664 2.200000047683716
vertex 68.0707778930664 -47.00130844116211 2.200000047683716
endloop
endfacet
facet normal 0 0 1
outer loop
vertex 11.149981498718262 -35.34994888305664 2.200000047683716
vertex 68.0707778930664 -47.00130844116211 2.200000047683716
vertex 26.8499813079834 -35.34994888305664 2.200000047683716
endloop
endfacet
facet normal 0 0 -1
outer loop
vertex 49.24998092651367 14.00005054473877 0
vertex 49.949981689453125 17.550050735473633 0
vertex 49.949981689453125 14.00005054473877 0
endloop
endfacet
facet normal 0 0 -1
outer loop
vertex 49.24998092651367 14.00005054473877 0
vertex 45.74998092651367 14.00005054473877 0
vertex 49.949981689453125 17.550050735473633 0
endloop
endfacet
facet normal 0 0 1
outer loop
vertex 26.8499813079834 -35.34994888305664 2.200000047683716
vertex 30.149980545043945 -35.34994888305664 2.200000047683716
vertex 26.8499813079834 -19.64995002746582 2.200000047683716
endloop
endfacet
facet normal 0 0 -1
outer loop
vertex 45.04998016357422 14.00005054473877 0
vertex 45.04998016357422 17.550050735473633 0
vertex 45.74998092651367 14.00005054473877 0
endloop
endfacet
facet normal 0 0 -1
outer loop
vertex 49.24998092651367 7.000051021575928 0
vertex 45.74998092651367 14.00005054473877 0
vertex 49.24998092651367 14.00005054473877 0
endloop
endfacet
facet normal 0 0 1
outer loop
vertex 26.8499813079834 -19.64995002746582 2.200000047683716
vertex 30.149980545043945 -35.34994888305664 2.200000047683716
vertex 30.149980545043945 -19.64995002746582 2.200000047683716
endloop
endfacet
facet normal 0 0 -1
outer loop
vertex 45.04998016357422 17.550050735473633 0
vertex 30.949981689453125 22.450050354003906 0
vertex 45.04998016357422 22.450050354003906 0
endloop
endfacet
facet normal 0 0 -1
outer loop
vertex -47.81821823120117 -30.331750869750977 0
vertex -47.81821823120117 -29.69814682006836 0
vertex -47.67222595214844 -30.234203338623047 0
endloop
endfacet
facet normal 0 0 -1
outer loop
vertex -47.67222595214844 -30.234203338623047 0
vertex -47.67222595214844 -29.79569435119629 0
vertex -47.50001907348633 -30.199949264526367 0
endloop
endfacet
facet normal 0 0 -1
outer loop
vertex -47.50001907348633 -30.199949264526367 0
vertex -47.67222595214844 -29.79569435119629 0
vertex -47.50001907348633 -29.82994842529297 0
endloop
endfacet
facet normal 0 0 -1
outer loop
vertex -47.50001907348633 -30.199949264526367 0
vertex -47.50001907348633 -29.82994842529297 0
vertex -47.32781219482422 -30.234203338623047 0
endloop
endfacet
facet normal 0 0 -1
outer loop
vertex 49.24998092651367 7.000051021575928 0
vertex 49.949981689453125 7.000051021575928 0
vertex 49.949981689453125 3.4500508308410645 0
endloop
endfacet
facet normal 0 0 -1
outer loop
vertex 49.24998092651367 7.000051021575928 0
vertex 45.74998092651367 7.000051021575928 0
vertex 45.74998092651367 14.00005054473877 0
endloop
endfacet
facet normal 0 0 -1
outer loop
vertex 45.74998092651367 7.000051021575928 0
vertex 49.24998092651367 7.000051021575928 0
vertex 49.949981689453125 3.4500508308410645 0
endloop
endfacet
facet normal 0 0 -1
outer loop
vertex 49.949981689453125 3.4500508308410645 0
vertex 45.04998016357422 7.000051021575928 0
vertex 45.74998092651367 7.000051021575928 0
endloop
endfacet
facet normal 0 0 -1
outer loop
vertex 49.949981689453125 3.4500508308410645 0
vertex 45.04998016357422 3.4500508308410645 0
vertex 45.04998016357422 7.000051021575928 0
endloop
endfacet
facet normal 0 0 -1
outer loop
vertex 49.949981689453125 -1.4499491453170776 0
vertex 45.04998016357422 3.4500508308410645 0
vertex 49.949981689453125 3.4500508308410645 0
endloop
endfacet
facet normal 0 0 -1
outer loop
vertex 49.949981689453125 -1.4499491453170776 0
vertex 45.04998016357422 -1.4499491453170776 0
vertex 45.04998016357422 3.4500508308410645 0
endloop
endfacet
facet normal 0 0 -1
outer loop
vertex 45.04998016357422 -1.4499491453170776 0
vertex 30.949981689453125 3.4500508308410645 0
vertex 45.04998016357422 3.4500508308410645 0
endloop
endfacet
facet normal 0 0 -1
outer loop
vertex -47.32781219482422 -30.234203338623047 0
vertex -47.50001907348633 -29.82994842529297 0
vertex -47.32781219482422 -29.79569435119629 0
endloop
endfacet
facet normal -0.9999650393793238 0.00836181912668762 0
outer loop
vertex -71.76790618896484 -4.554971218109131 0.20000000298023224
vertex -71.76790618896484 -4.554971218109131 1.7000000476837158
vertex -71.76372528076172 -4.054988861083984 1.7000000476837158
endloop
endfacet
facet normal 0.008359654256673853 0.9999650574798645 0
outer loop
vertex -71.76790618896484 -4.554971218109131 1.7000000476837158
vertex -72.46788024902344 -4.549119472503662 0.20000000298023224
vertex -72.46788024902344 -4.549119472503662 1.7000000476837158
endloop
endfacet
facet normal -0.9999650493146303 0.00836063090854049 0
outer loop
vertex -72.50208282470703 -8.639884948730469 1.7000000476837158
vertex -72.46788024902344 -4.549119472503662 1.7000000476837158
vertex -72.46788024902344 -4.549119472503662 0.20000000298023224
endloop
endfacet
facet normal -0.9999650548321858 0.008359970955311232 3.0043209611002246e-7
outer loop
vertex -72.50208282470703 -8.639884948730469 1.7000000476837158
vertex -72.60468292236328 -20.91218376159668 0.20000000298023224
vertex -72.61836242675781 -22.548490524291992 1.7000000476837158
endloop
endfacet
facet normal -0.9999650394460047 0.008361811152519282 0
outer loop
vertex -71.91838073730469 -22.55434226989746 1.7000000476837158
vertex -71.91838073730469 -22.55434226989746 0.20000000298023224
vertex -71.92256164550781 -23.054325103759766 1.7000000476837158
endloop
endfacet
facet normal -0.008359563147657184 -0.999965058241527 0
outer loop
vertex -72.61836242675781 -22.548490524291992 1.7000000476837158
vertex -71.91838073730469 -22.55434226989746 0.20000000298023224
vertex -71.91838073730469 -22.55434226989746 1.7000000476837158
endloop
endfacet
facet normal 0 0 -1
outer loop
vertex -45.75001907348633 -4.999948978424072 0
vertex -45.050018310546875 -1.4499491453170776 0
vertex -45.050018310546875 -4.999948978424072 0
endloop
endfacet
facet normal 0 0 -1
outer loop
vertex -45.75001907348633 -4.999948978424072 0
vertex -49.25001907348633 -4.999948978424072 0
vertex -45.050018310546875 -1.4499491453170776 0
endloop
endfacet
facet normal 0 0 -1
outer loop
vertex -49.25001907348633 -4.999948978424072 0
vertex -49.95001983642578 -1.4499491453170776 0
vertex -45.050018310546875 -1.4499491453170776 0
endloop
endfacet
facet normal 0 0 -1
outer loop
vertex -49.95001983642578 -4.999948978424072 0
vertex -49.95001983642578 -1.4499491453170776 0
vertex -49.25001907348633 -4.999948978424072 0
endloop
endfacet
facet normal 0 0 -1
outer loop
vertex -45.75001907348633 -11.99994945526123 0
vertex -49.25001907348633 -4.999948978424072 0
vertex -45.75001907348633 -4.999948978424072 0
endloop
endfacet
facet normal 0 0 -1
outer loop
vertex -45.75001907348633 -11.99994945526123 0
vertex -45.050018310546875 -15.549948692321777 0
vertex -49.25001907348633 -4.999948978424072 0
endloop
endfacet
facet normal 0 0 -1
outer loop
vertex -49.25001907348633 -11.99994945526123 0
vertex -49.25001907348633 -4.999948978424072 0
vertex -45.050018310546875 -15.549948692321777 0
endloop
endfacet
facet normal 0 0 -1
outer loop
vertex -45.050018310546875 -20.449949264526367 0
vertex -45.050018310546875 -15.549948692321777 0
vertex -30.95001792907715 -15.549948692321777 0
endloop
endfacet
facet normal 0 0 -1
outer loop
vertex -45.050018310546875 -15.549948692321777 0
vertex -45.75001907348633 -11.99994945526123 0
vertex -45.050018310546875 -11.99994945526123 0
endloop
endfacet
facet normal 0 0 -1
outer loop
vertex -45.75001907348633 -23.999948501586914 0
vertex -45.050018310546875 -20.449949264526367 0
vertex -45.050018310546875 -23.999948501586914 0
endloop
endfacet
facet normal 0 0 -1
outer loop
vertex -49.25001907348633 -11.99994945526123 0
vertex -49.95001983642578 -15.549948692321777 0
vertex -49.95001983642578 -11.99994945526123 0
endloop
endfacet
facet normal 0 0 -1
outer loop
vertex -45.050018310546875 -15.549948692321777 0
vertex -49.95001983642578 -15.549948692321777 0
vertex -49.25001907348633 -11.99994945526123 0
endloop
endfacet
facet normal 0 0 -1
outer loop
vertex -45.050018310546875 -20.449949264526367 0
vertex -49.95001983642578 -15.549948692321777 0
vertex -45.050018310546875 -15.549948692321777 0
endloop
endfacet
facet normal 0 0 -1
outer loop
vertex -49.95001983642578 -20.449949264526367 0
vertex -64.05001831054688 -15.549948692321777 0
vertex -49.95001983642578 -15.549948692321777 0
endloop
endfacet
facet normal 0 0 -1
outer loop
vertex -47.32781219482422 -30.234203338623047 0
vertex -47.32781219482422 -29.79569435119629 0
vertex -47.181819915771484 -30.331750869750977 0
endloop
endfacet
facet normal 0 0 -1
outer loop
vertex -47.181819915771484 -30.331750869750977 0
vertex -47.32781219482422 -29.79569435119629 0
vertex -47.181819915771484 -29.69814682006836 0
endloop
endfacet
facet normal 0 0 1
outer loop
vertex 7.849981307983398 -19.64995002746582 2.200000047683716
vertex 7.849981307983398 -16.34994888305664 2.200000047683716
vertex -7.8500189781188965 -19.64995002746582 2.200000047683716
endloop
endfacet
facet normal 0 0 1
outer loop
vertex 7.849981307983398 -19.64995002746582 2.200000047683716
vertex 11.149981498718262 -35.34994888305664 2.200000047683716
vertex 7.849981307983398 -16.34994888305664 2.200000047683716
endloop
endfacet
facet normal 0 0 1
outer loop
vertex 11.149981498718262 -19.64995002746582 2.200000047683716
vertex 7.849981307983398 -16.34994888305664 2.200000047683716
vertex 11.149981498718262 -35.34994888305664 2.200000047683716
endloop
endfacet
facet normal 0 0 1
outer loop
vertex 11.149981498718262 -16.34994888305664 2.200000047683716
vertex 11.149981498718262 -19.64995002746582 2.200000047683716
vertex 26.8499813079834 -16.34994888305664 2.200000047683716
endloop
endfacet
facet normal 0 0 -1
outer loop
vertex -45.75001907348633 -30.999948501586914 0
vertex -47.181819915771484 -31.60175132751465 0
vertex -47.181819915771484 -30.96814727783203 0
endloop
endfacet
facet normal 0 0 -1
outer loop
vertex -45.75001907348633 -30.999948501586914 0
vertex -47.181819915771484 -30.96814727783203 0
vertex -47.08427429199219 -30.82215690612793 0
endloop
endfacet
facet normal 0 0 -1
outer loop
vertex -45.75001907348633 -30.999948501586914 0
vertex -47.08427429199219 -30.82215690612793 0
vertex -47.050018310546875 -30.64995002746582 0
endloop
endfacet
facet normal 0.0007882883084882622 0.999999689300723 0
outer loop
vertex 68.2128677368164 43.893096923828125 0
vertex -67.8948745727539 44.000389099121094 0
vertex 68.2128677368164 43.893096923828125 2.200000047683716
endloop
endfacet
facet normal 0 0 -1
outer loop
vertex -45.75001907348633 -30.999948501586914 0
vertex -47.050018310546875 -30.64995002746582 0
vertex -47.08427429199219 -30.477741241455078 0
endloop
endfacet
facet normal 0 0 -1
outer loop
vertex -45.75001907348633 -30.999948501586914 0
vertex -47.08427429199219 -30.477741241455078 0
vertex -47.181819915771484 -30.331750869750977 0
endloop
endfacet
facet normal 0 0 -1
outer loop
vertex -45.75001907348633 -30.999948501586914 0
vertex -47.181819915771484 -30.331750869750977 0
vertex -47.181819915771484 -29.69814682006836 0
endloop
endfacet
facet normal 0 0 -1
outer loop
vertex -45.75001907348633 -30.999948501586914 0
vertex -47.181819915771484 -29.69814682006836 0
vertex -47.08427429199219 -29.552156448364258 0
endloop
endfacet
facet normal 0 0 -1
outer loop
vertex -45.75001907348633 -30.999948501586914 0
vertex -47.08427429199219 -29.552156448364258 0
vertex -47.050018310546875 -29.37994956970215 0
endloop
endfacet
facet normal 0 0 -1
outer loop
vertex -47.95001983642578 -29.37994956970215 0
vertex -49.25001907348633 -30.999948501586914 0
vertex -47.95001983642578 -28.109949111938477 0
endloop
endfacet
facet normal 0 0 -1
outer loop
vertex -47.95001983642578 -29.37994956970215 0
vertex -47.95001983642578 -28.109949111938477 0
vertex -47.91576385498047 -29.207740783691406 0
endloop
endfacet
facet normal 0 0 -1
outer loop
vertex -47.91576385498047 -29.207740783691406 0
vertex -47.91576385498047 -28.282155990600586 0
vertex -47.81821823120117 -29.061750411987305 0
endloop
endfacet
facet normal 0 0 1
outer loop
vertex 7.849981307983398 -16.34994888305664 2.200000047683716
vertex 11.149981498718262 -19.64995002746582 2.200000047683716
vertex 7.849981307983398 -0.6499490737915039 2.200000047683716
endloop
endfacet
facet normal 0 0 1
outer loop
vertex 11.149981498718262 -16.34994888305664 2.200000047683716
vertex 7.849981307983398 -0.6499490737915039 2.200000047683716
vertex 11.149981498718262 -19.64995002746582 2.200000047683716
endloop
endfacet
facet normal 0 0 1
outer loop
vertex 7.849981307983398 -0.6499490737915039 2.200000047683716
vertex 11.149981498718262 -16.34994888305664 2.200000047683716
vertex 11.149981498718262 -0.6499490737915039 2.200000047683716
endloop
endfacet
facet normal 0 0 -1
outer loop
vertex -47.91576385498047 -28.282155990600586 0
vertex -47.91576385498047 -29.207740783691406 0
vertex -47.95001983642578 -28.109949111938477 0
endloop
endfacet
facet normal 0 0 -1
outer loop
vertex -47.95001983642578 -28.109949111938477 0
vertex -49.25001907348633 -30.999948501586914 0
vertex -49.25001907348633 -23.999948501586914 0
endloop
endfacet
facet normal 0 0 -1
outer loop
vertex -47.91576385498047 -27.937742233276367 0
vertex -47.91576385498047 -27.012157440185547 0
vertex -47.81821823120117 -27.791751861572266 0
endloop
endfacet
facet normal 0 0 -1
outer loop
vertex -47.67222595214844 -29.79569435119629 0
vertex -47.67222595214844 -30.234203338623047 0
vertex -47.81821823120117 -29.69814682006836 0
endloop
endfacet
facet normal 0 0 -1
outer loop
vertex -47.81821823120117 -29.061750411987305 0
vertex -47.81821823120117 -28.428146362304688 0
vertex -47.67222595214844 -28.964202880859375 0
endloop
endfacet
facet normal 0 0 -1
outer loop
vertex -47.67222595214844 -28.964202880859375 0
vertex -47.67222595214844 -28.52569580078125 0
vertex -47.50001907348633 -28.929948806762695 0
endloop
endfacet
facet normal 0 0 -1
outer loop
vertex -47.81821823120117 -29.061750411987305 0
vertex -47.91576385498047 -28.282155990600586 0
vertex -47.81821823120117 -28.428146362304688 0
endloop
endfacet
facet normal 0 0 -1
outer loop
vertex -47.67222595214844 -28.52569580078125 0
vertex -47.67222595214844 -28.964202880859375 0
vertex -47.81821823120117 -28.428146362304688 0
endloop
endfacet
facet normal 0 0 -1
outer loop
vertex -47.50001907348633 -28.929948806762695 0
vertex -47.50001907348633 -28.55994987487793 0
vertex -47.32781219482422 -28.964202880859375 0
endloop
endfacet
facet normal 0 0 -1
outer loop
vertex -47.50001907348633 -28.55994987487793 0
vertex -47.50001907348633 -28.929948806762695 0
vertex -47.67222595214844 -28.52569580078125 0
endloop
endfacet
facet normal 0 0 -1
outer loop
vertex -47.32781219482422 -28.964202880859375 0
vertex -47.50001907348633 -28.55994987487793 0
vertex -47.32781219482422 -28.52569580078125 0
endloop
endfacet
facet normal 0 0 -1
outer loop
vertex -47.050018310546875 -29.37994956970215 0
vertex -47.08427429199219 -29.207740783691406 0
vertex -47.08427429199219 -28.282155990600586 0
endloop
endfacet
facet normal 0 0 1
outer loop
vertex 26.8499813079834 -19.64995002746582 2.200000047683716
vertex 26.8499813079834 -16.34994888305664 2.200000047683716
vertex 11.149981498718262 -19.64995002746582 2.200000047683716
endloop
endfacet
facet normal 0 0 1
outer loop
vertex 26.8499813079834 -19.64995002746582 2.200000047683716
vertex 30.149980545043945 -19.64995002746582 2.200000047683716
vertex 26.8499813079834 -16.34994888305664 2.200000047683716
endloop
endfacet
facet normal 0 0 1
outer loop
vertex 30.149980545043945 -16.34994888305664 2.200000047683716
vertex 26.8499813079834 -16.34994888305664 2.200000047683716
vertex 30.149980545043945 -19.64995002746582 2.200000047683716
endloop
endfacet
facet normal 0 0 1
outer loop
vertex 30.149980545043945 -16.34994888305664 2.200000047683716
vertex 30.149980545043945 -19.64995002746582 2.200000047683716
vertex 45.849979400634766 -16.34994888305664 2.200000047683716
endloop
endfacet
facet normal 0 0 -1
outer loop
vertex -47.181819915771484 -29.061750411987305 0
vertex -47.181819915771484 -28.428146362304688 0
vertex -47.08427429199219 -29.207740783691406 0
endloop
endfacet
facet normal 0 0 -1
outer loop
vertex -47.32781219482422 -28.964202880859375 0
vertex -47.32781219482422 -28.52569580078125 0
vertex -47.181819915771484 -29.061750411987305 0
endloop
endfacet
facet normal 0 0 -1
outer loop
vertex -47.181819915771484 -28.428146362304688 0
vertex -47.181819915771484 -29.061750411987305 0
vertex -47.32781219482422 -28.52569580078125 0
endloop
endfacet
facet normal 0 0 -1
outer loop
vertex -47.08427429199219 -28.282155990600586 0
vertex -47.08427429199219 -29.207740783691406 0
vertex -47.181819915771484 -28.428146362304688 0
endloop
endfacet
facet normal 0 0 -1
outer loop
vertex -47.08427429199219 -28.282155990600586 0
vertex -47.050018310546875 -28.109949111938477 0
vertex -47.050018310546875 -29.37994956970215 0
endloop
endfacet
facet normal 0 0 -1
outer loop
vertex 30.249980926513672 33.00004959106445 0
vertex 30.949981689453125 36.550052642822266 0
vertex 30.949981689453125 33.00004959106445 0
endloop
endfacet
facet normal 0 0 -1
outer loop
vertex 30.249980926513672 33.00004959106445 0
vertex 26.749980926513672 33.00004959106445 0
vertex 30.949981689453125 36.550052642822266 0
endloop
endfacet
facet normal 0 0 -1
outer loop
vertex 26.749980926513672 33.00004959106445 0
vertex 26.04998207092285 36.550052642822266 0
vertex 30.949981689453125 36.550052642822266 0
endloop
endfacet
facet normal 0 0 -1
outer loop
vertex 71.19131469726562 41.19581604003906 0
vertex -67.8948745727539 44.000389099121094 0
vertex 69.10165405273438 43.49898147583008 0
endloop
endfacet
facet normal 0 0 -1
outer loop
vertex 68.2128677368164 43.893096923828125 0
vertex 69.10165405273438 43.49898147583008 0
vertex -67.8948745727539 44.000389099121094 0
endloop
endfacet
facet normal 0 0 -1
outer loop
vertex 70.19998168945312 40.526676177978516 0
vertex -67.8948745727539 44.000389099121094 0
vertex 71.19131469726562 41.19581604003906 0
endloop
endfacet
facet normal 0 0 -1
outer loop
vertex 26.04998207092285 33.00004959106445 0
vertex 26.04998207092285 36.550052642822266 0
vertex 26.749980926513672 33.00004959106445 0
endloop
endfacet
facet normal 0 0 1
outer loop
vertex 26.8499813079834 -16.34994888305664 2.200000047683716
vertex 30.149980545043945 -16.34994888305664 2.200000047683716
vertex 26.8499813079834 -0.6499490737915039 2.200000047683716
endloop
endfacet
facet normal 0 0 1
outer loop
vertex 30.149980545043945 -16.34994888305664 2.200000047683716
vertex 30.149980545043945 -0.6499490737915039 2.200000047683716
vertex 26.8499813079834 -0.6499490737915039 2.200000047683716
endloop
endfacet
facet normal 0 0 -1
outer loop
vertex -45.75001907348633 -30.999948501586914 0
vertex -47.050018310546875 -29.37994956970215 0
vertex -45.75001907348633 -27.12424659729004 0
endloop
endfacet
facet normal 0 0 -1
outer loop
vertex -47.81821823120117 -27.791751861572266 0
vertex -47.67222595214844 -27.255695343017578 0
vertex -47.67222595214844 -27.694202423095703 0
endloop
endfacet
facet normal 0 0 -1
outer loop
vertex -47.67222595214844 -27.694202423095703 0
vertex -47.67222595214844 -27.255695343017578 0
vertex -47.50001907348633 -27.659948348999023 0
endloop
endfacet
facet normal 0 0 -1
outer loop
vertex -47.91576385498047 -31.74774169921875 0
vertex -49.25001907348633 -30.999948501586914 0
vertex -47.81821823120117 -31.60175132751465 0
endloop
endfacet
facet normal 0 0 1
outer loop
vertex 70.19998168945312 -24.715063095092773 1.7000000476837158
vertex 72.19998168945312 -39.12415313720703 1.7000000476837158
vertex 71.49998474121094 -25.215063095092773 1.7000000476837158
endloop
endfacet
facet normal 0 -1 0
outer loop
vertex 70.19998168945312 -24.715063095092773 2.200000047683716
vertex 70.19998168945312 -24.715063095092773 1.7000000476837158
vertex 71.49998474121094 -24.715063095092773 2.200000047683716
endloop
endfacet
facet normal 0 -1 0
outer loop
vertex 70.19998168945312 -24.715063095092773 1.7000000476837158
vertex 71.49998474121094 -24.715063095092773 1.7000000476837158
vertex 71.49998474121094 -24.715063095092773 2.200000047683716
endloop
endfacet
facet normal 0 0 1
outer loop
vertex 70.19998168945312 -43.71506118774414 1.7000000476837158
vertex 71.44230651855469 -43.71506118774414 1.7000000476837158
vertex 71.49998474121094 -43.57582473754883 1.7000000476837158
endloop
endfacet
facet normal 0 0 1
outer loop
vertex 70.19998168945312 -43.71506118774414 1.7000000476837158
vertex 71.49998474121094 -43.57582473754883 1.7000000476837158
vertex 71.49998474121094 -43.21506118774414 1.7000000476837158
endloop
endfacet
facet normal 0 0 1
outer loop
vertex 71.49998474121094 -43.21506118774414 1.7000000476837158
vertex 72.19998168945312 -39.12415313720703 1.7000000476837158
vertex 70.19998168945312 -43.71506118774414 1.7000000476837158
endloop
endfacet
facet normal 0 0 1
outer loop
vertex 72.19998168945312 -39.12415313720703 1.7000000476837158
vertex 71.49998474121094 -43.21506118774414 1.7000000476837158
vertex 72.19998168945312 -43.21506118774414 1.7000000476837158
endloop
endfacet
facet normal 0 0 1
outer loop
vertex 70.19998168945312 -43.71506118774414 1.7000000476837158
vertex 72.19998168945312 -39.12415313720703 1.7000000476837158
vertex 70.19998168945312 -24.715063095092773 1.7000000476837158
endloop
endfacet
facet normal 0 1 0
outer loop
vertex 71.44230651855469 -43.71506118774414 1.7000000476837158
vertex 70.19998168945312 -43.71506118774414 1.7000000476837158
vertex 71.44230651855469 -43.71506118774414 2.200000047683716
endloop
endfacet
facet normal 0 0 1
outer loop
vertex 71.49998474121094 -25.215063095092773 1.7000000476837158
vertex 71.49998474121094 -24.715063095092773 1.7000000476837158
vertex 70.19998168945312 -24.715063095092773 1.7000000476837158
endloop
endfacet
facet normal 1 0 0
outer loop
vertex 70.19998168945312 -43.71506118774414 1.7000000476837158
vertex 70.19998168945312 -24.715063095092773 1.7000000476837158
vertex 70.19998168945312 -43.71506118774414 2.200000047683716
endloop
endfacet
facet normal 1 0 0
outer loop
vertex 70.19998168945312 -43.71506118774414 2.200000047683716
vertex 70.19998168945312 -24.715063095092773 1.7000000476837158
vertex 70.19998168945312 -24.715063095092773 2.200000047683716
endloop
endfacet
facet normal 0 1 0
outer loop
vertex 71.44230651855469 -43.71506118774414 2.200000047683716
vertex 70.19998168945312 -43.71506118774414 1.7000000476837158
vertex 70.19998168945312 -43.71506118774414 2.200000047683716
endloop
endfacet
facet normal 0 0 1
outer loop
vertex 72.19998168945312 -25.215063095092773 1.7000000476837158
vertex 71.49998474121094 -25.215063095092773 1.7000000476837158
vertex 72.19998168945312 -39.12415313720703 1.7000000476837158
endloop
endfacet
facet normal 1 0 0
outer loop
vertex 70.19998168945312 21.52667808532715 2.200000047683716
vertex 70.19998168945312 21.52667808532715 1.7000000476837158
vertex 70.19998168945312 40.526676177978516 2.200000047683716
endloop
endfacet
facet normal 0 0 1
outer loop
vertex 70.19998168945312 40.526676177978516 1.7000000476837158
vertex 72.19998168945312 26.11758804321289 1.7000000476837158
vertex 71.49998474121094 40.026676177978516 1.7000000476837158
endloop
endfacet
facet normal 0 0 1
outer loop
vertex 70.19998168945312 40.526676177978516 1.7000000476837158
vertex 71.49998474121094 40.026676177978516 1.7000000476837158
vertex 71.49998474121094 40.39625549316406 1.7000000476837158
endloop
endfacet
facet normal 0 0 1
outer loop
vertex 70.19998168945312 40.526676177978516 1.7000000476837158
vertex 71.49998474121094 40.39625549316406 1.7000000476837158
vertex 71.44963073730469 40.526676177978516 1.7000000476837158
endloop
endfacet
facet normal 0 -1 0
outer loop
vertex 71.44963073730469 40.526676177978516 2.200000047683716
vertex 70.19998168945312 40.526676177978516 2.200000047683716
vertex 70.19998168945312 40.526676177978516 1.7000000476837158
endloop
endfacet
facet normal 1 0 0
outer loop
vertex 70.19998168945312 40.526676177978516 2.200000047683716
vertex 70.19998168945312 21.52667808532715 1.7000000476837158
vertex 70.19998168945312 40.526676177978516 1.7000000476837158
endloop
endfacet
facet normal 0 0 1
outer loop
vertex 72.19998168945312 26.11758804321289 1.7000000476837158
vertex 71.49998474121094 22.02667808532715 1.7000000476837158
vertex 72.19998168945312 22.02667808532715 1.7000000476837158
endloop
endfacet
facet normal 0 0 1
outer loop
vertex 71.49998474121094 22.02667808532715 1.7000000476837158
vertex 72.19998168945312 26.11758804321289 1.7000000476837158
vertex 70.19998168945312 21.52667808532715 1.7000000476837158
endloop
endfacet
facet normal 0 0 1
outer loop
vertex 70.19998168945312 21.52667808532715 1.7000000476837158
vertex 72.19998168945312 26.11758804321289 1.7000000476837158
vertex 70.19998168945312 40.526676177978516 1.7000000476837158
endloop
endfacet
facet normal 0 0 1
outer loop
vertex 70.19998168945312 21.52667808532715 1.7000000476837158
vertex 71.49998474121094 21.52667808532715 1.7000000476837158
vertex 71.49998474121094 22.02667808532715 1.7000000476837158
endloop
endfacet
facet normal 0 1 0
outer loop
vertex 71.49998474121094 21.52667808532715 2.200000047683716
vertex 71.49998474121094 21.52667808532715 1.7000000476837158
vertex 70.19998168945312 21.52667808532715 1.7000000476837158
endloop
endfacet
facet normal 0 -1 0
outer loop
vertex 71.44963073730469 40.526676177978516 1.7000000476837158
vertex 71.44963073730469 40.526676177978516 2.200000047683716
vertex 70.19998168945312 40.526676177978516 1.7000000476837158
endloop
endfacet
facet normal 0 1 0
outer loop
vertex 71.49998474121094 21.52667808532715 2.200000047683716
vertex 70.19998168945312 21.52667808532715 1.7000000476837158
vertex 70.19998168945312 21.52667808532715 2.200000047683716
endloop
endfacet
facet normal 0 0 1
outer loop
vertex 72.19998168945312 40.026676177978516 1.7000000476837158
vertex 71.49998474121094 40.026676177978516 1.7000000476837158
vertex 72.19998168945312 26.11758804321289 1.7000000476837158
endloop
endfacet
facet normal -0.008362160852782923 -0.9999650365217136 0
outer loop
vertex -71.32392883300781 40.8718147277832 1.7000000476837158
vertex -70.08816528320312 40.861480712890625 1.7000000476837158
vertex -71.32392883300781 40.8718147277832 2.200000047683716
endloop
endfacet
facet normal 0 0 1
outer loop
vertex -71.54277801513672 22.372997283935547 1.7000000476837158
vertex -71.54695892333984 21.873014450073242 1.7000000476837158
vertex -70.24700164794922 21.862146377563477 1.7000000476837158
endloop
endfacet
facet normal -0.9999650561825868 0.008359809432998778 0
outer loop
vertex -70.08816528320312 40.861480712890625 1.7000000476837158
vertex -70.24700164794922 21.862146377563477 2.200000047683716
vertex -70.08816528320312 40.861480712890625 2.200000047683716
endloop
endfacet
facet normal 0 0 1
outer loop
vertex -71.32392883300781 40.8718147277832 1.7000000476837158
vertex -71.38934326171875 40.72578811645508 1.7000000476837158
vertex -70.08816528320312 40.861480712890625 1.7000000476837158
endloop
endfacet
facet normal 0 0 1
outer loop
vertex -71.38934326171875 40.72578811645508 1.7000000476837158
vertex -71.39229583740234 40.37236785888672 1.7000000476837158
vertex -70.08816528320312 40.861480712890625 1.7000000476837158
endloop
endfacet
facet normal 0 0 1
outer loop
vertex -71.39229583740234 40.37236785888672 1.7000000476837158
vertex -72.12647247314453 36.287452697753906 1.7000000476837158
vertex -70.08816528320312 40.861480712890625 1.7000000476837158
endloop
endfacet
facet normal -0.008362160852782923 -0.9999650365217136 0
outer loop
vertex -71.32392883300781 40.8718147277832 2.200000047683716
vertex -70.08816528320312 40.861480712890625 1.7000000476837158
vertex -70.08816528320312 40.861480712890625 2.200000047683716
endloop
endfacet
facet normal 0 0 1
outer loop
vertex -72.09227752685547 40.37821960449219 1.7000000476837158
vertex -72.12647247314453 36.287452697753906 1.7000000476837158
vertex -71.39229583740234 40.37236785888672 1.7000000476837158
endloop
endfacet
facet normal 0 0 1
outer loop
vertex -72.12647247314453 36.287452697753906 1.7000000476837158
vertex -70.24700164794922 21.862146377563477 1.7000000476837158
vertex -70.08816528320312 40.861480712890625 1.7000000476837158
endloop
endfacet
facet normal -0.9999650561825868 0.008359809432998778 0
outer loop
vertex -70.24700164794922 21.862146377563477 2.200000047683716
vertex -70.08816528320312 40.861480712890625 1.7000000476837158
vertex -70.24700164794922 21.862146377563477 1.7000000476837158
endloop
endfacet
facet normal 0.008360038381843286 0.999965054268525 0
outer loop
vertex -70.24700164794922 21.862146377563477 2.200000047683716
vertex -70.24700164794922 21.862146377563477 1.7000000476837158
vertex -71.54695892333984 21.873014450073242 2.200000047683716
endloop
endfacet
facet normal 0.008360038381843286 0.999965054268525 0
outer loop
vertex -70.24700164794922 21.862146377563477 1.7000000476837158
vertex -71.54695892333984 21.873014450073242 1.7000000476837158
vertex -71.54695892333984 21.873014450073242 2.200000047683716
endloop
endfacet
facet normal 0 0 1
outer loop
vertex -72.12647247314453 36.287452697753906 1.7000000476837158
vertex -72.24275207519531 22.378849029541016 1.7000000476837158
vertex -71.54277801513672 22.372997283935547 1.7000000476837158
endloop
endfacet
facet normal 0 0 1
outer loop
vertex -70.24700164794922 21.862146377563477 1.7000000476837158
vertex -72.12647247314453 36.287452697753906 1.7000000476837158
vertex -71.54277801513672 22.372997283935547 1.7000000476837158
endloop
endfacet
facet normal 0 0 1
outer loop
vertex -72.10618591308594 -45.01801300048828 1.7000000476837158
vertex -72.1079330444336 -45.226951599121094 1.7000000476837158
vertex -71.81775665283203 -45.52043914794922 1.7000000476837158
endloop
endfacet
facet normal -0.9999650561896024 0.008359808593813843 0
outer loop
vertex -70.81040954589844 -45.52886199951172 2.200000047683716
vertex -70.65157318115234 -26.529525756835938 1.7000000476837158
vertex -70.81040954589844 -45.52886199951172 1.7000000476837158
endloop
endfacet
facet normal 0 0 1
outer loop
vertex -71.81775665283203 -45.52043914794922 1.7000000476837158
vertex -70.81040954589844 -45.52886199951172 1.7000000476837158
vertex -72.68988037109375 -31.10355567932129 1.7000000476837158
endloop
endfacet
facet normal 0 0 1
outer loop
vertex -72.68988037109375 -31.10355567932129 1.7000000476837158
vertex -70.81040954589844 -45.52886199951172 1.7000000476837158
vertex -70.65157318115234 -26.529525756835938 1.7000000476837158
endloop
endfacet
facet normal 0 0 1
outer loop
vertex -72.65568542480469 -27.012788772583008 1.7000000476837158
vertex -72.68988037109375 -31.10355567932129 1.7000000476837158
vertex -71.95570373535156 -27.018640518188477 1.7000000476837158
endloop
endfacet
facet normal 0 0 1
outer loop
vertex -71.95570373535156 -27.018640518188477 1.7000000476837158
vertex -72.68988037109375 -31.10355567932129 1.7000000476837158
vertex -70.65157318115234 -26.529525756835938 1.7000000476837158
endloop
endfacet
facet normal 0 0 1
outer loop
vertex -71.95152282714844 -26.518657684326172 1.7000000476837158
vertex -71.95570373535156 -27.018640518188477 1.7000000476837158
vertex -70.65157318115234 -26.529525756835938 1.7000000476837158
endloop
endfacet
facet normal -0.9999650561896024 0.008359808593813843 0
outer loop
vertex -70.65157318115234 -26.529525756835938 1.7000000476837158
vertex -70.81040954589844 -45.52886199951172 2.200000047683716
vertex -70.65157318115234 -26.529525756835938 2.200000047683716
endloop
endfacet
facet normal 0 0 1
outer loop
vertex -72.68988037109375 -31.10355567932129 1.7000000476837158
vertex -72.80615997314453 -45.01216125488281 1.7000000476837158
vertex -72.10618591308594 -45.01801300048828 1.7000000476837158
endloop
endfacet
facet normal -0.008360087443415423 -0.9999650538583529 0
outer loop
vertex -71.95152282714844 -26.518657684326172 1.7000000476837158
vertex -70.65157318115234 -26.529525756835938 1.7000000476837158
vertex -70.65157318115234 -26.529525756835938 2.200000047683716
endloop
endfacet
facet normal 0 0 1
outer loop
vertex -72.10618591308594 -45.01801300048828 1.7000000476837158
vertex -71.81775665283203 -45.52043914794922 1.7000000476837158
vertex -72.68988037109375 -31.10355567932129 1.7000000476837158
endloop
endfacet
facet normal 0.008361127048612983 0.9999650451663181 0
outer loop
vertex -71.81775665283203 -45.52043914794922 1.7000000476837158
vertex -71.81775665283203 -45.52043914794922 2.200000047683716
vertex -70.81040954589844 -45.52886199951172 1.7000000476837158
endloop
endfacet
facet normal -0.008360087443415423 -0.9999650538583529 0
outer loop
vertex -71.95152282714844 -26.518657684326172 2.200000047683716
vertex -71.95152282714844 -26.518657684326172 1.7000000476837158
vertex -70.65157318115234 -26.529525756835938 2.200000047683716
endloop
endfacet
facet normal 0.008361127048612983 0.9999650451663181 0
outer loop
vertex -70.81040954589844 -45.52886199951172 2.200000047683716
vertex -70.81040954589844 -45.52886199951172 1.7000000476837158
vertex -71.81775665283203 -45.52043914794922 2.200000047683716
endloop
endfacet
facet normal 0 1 0
outer loop
vertex 71.49998474121094 -21.967815399169922 1.7000000476837158
vertex 70.19998168945312 -21.967815399169922 1.7000000476837158
vertex 70.19998168945312 -21.967815399169922 2.200000047683716
endloop
endfacet
facet normal 1 0 0
outer loop
vertex 70.19998168945312 -21.967815399169922 2.200000047683716
vertex 70.19998168945312 -21.967815399169922 1.7000000476837158
vertex 70.19998168945312 -2.96781587600708 1.7000000476837158
endloop
endfacet
facet normal 0 0 1
outer loop
vertex 70.19998168945312 -2.96781587600708 1.7000000476837158
vertex 72.19998168945312 -17.376907348632812 1.7000000476837158
vertex 71.49998474121094 -3.46781587600708 1.7000000476837158
endloop
endfacet
facet normal 0 1 0
outer loop
vertex 71.49998474121094 -21.967815399169922 2.200000047683716
vertex 71.49998474121094 -21.967815399169922 1.7000000476837158
vertex 70.19998168945312 -21.967815399169922 2.200000047683716
endloop
endfacet
facet normal 0 0 1
outer loop
vertex 71.49998474121094 -3.46781587600708 1.7000000476837158
vertex 71.49998474121094 -2.96781587600708 1.7000000476837158
vertex 70.19998168945312 -2.96781587600708 1.7000000476837158
endloop
endfacet
facet normal 0 0 1
outer loop
vertex 72.19998168945312 -3.46781587600708 1.7000000476837158
vertex 71.49998474121094 -3.46781587600708 1.7000000476837158
vertex 72.19998168945312 -17.376907348632812 1.7000000476837158
endloop
endfacet
facet normal 1 0 0
outer loop
vertex 70.19998168945312 -2.96781587600708 2.200000047683716
vertex 70.19998168945312 -21.967815399169922 2.200000047683716
vertex 70.19998168945312 -2.96781587600708 1.7000000476837158
endloop
endfacet
facet normal 0 0 1
outer loop
vertex 70.19998168945312 -21.967815399169922 1.7000000476837158
vertex 71.49998474121094 -21.967815399169922 1.7000000476837158
vertex 71.49998474121094 -21.467815399169922 1.7000000476837158
endloop
endfacet
facet normal 0 0 1
outer loop
vertex 71.49998474121094 -21.467815399169922 1.7000000476837158
vertex 72.19998168945312 -17.376907348632812 1.7000000476837158
vertex 70.19998168945312 -21.967815399169922 1.7000000476837158
endloop
endfacet
facet normal 0 -1 0
outer loop
vertex 70.19998168945312 -2.96781587600708 2.200000047683716
vertex 70.19998168945312 -2.96781587600708 1.7000000476837158
vertex 71.49998474121094 -2.96781587600708 2.200000047683716
endloop
endfacet
facet normal 0 0 1
outer loop
vertex 72.19998168945312 -17.376907348632812 1.7000000476837158
vertex 71.49998474121094 -21.467815399169922 1.7000000476837158
vertex 72.19998168945312 -21.467815399169922 1.7000000476837158
endloop
endfacet
facet normal 0 0 1
outer loop
vertex 70.19998168945312 -21.967815399169922 1.7000000476837158
vertex 72.19998168945312 -17.376907348632812 1.7000000476837158
vertex 70.19998168945312 -2.96781587600708 1.7000000476837158
endloop
endfacet
facet normal 0 -1 0
outer loop
vertex 70.19998168945312 -2.96781587600708 1.7000000476837158
vertex 71.49998474121094 -2.96781587600708 1.7000000476837158
vertex 71.49998474121094 -2.96781587600708 2.200000047683716
endloop
endfacet
facet normal 0 0 1
outer loop
vertex 72.19998168945312 4.370340347290039 1.7000000476837158
vertex 71.49998474121094 0.2794310748577118 1.7000000476837158
vertex 72.19998168945312 0.2794310748577118 1.7000000476837158
endloop
endfacet
facet normal 0 0 1
outer loop
vertex 71.49998474121094 0.2794310748577118 1.7000000476837158
vertex 72.19998168945312 4.370340347290039 1.7000000476837158
vertex 70.19998168945312 -0.22056891024112701 1.7000000476837158
endloop
endfacet
facet normal 0 0 1
outer loop
vertex 70.19998168945312 -0.22056891024112701 1.7000000476837158
vertex 71.49998474121094 -0.22056891024112701 1.7000000476837158
vertex 71.49998474121094 0.2794310748577118 1.7000000476837158
endloop
endfacet
facet normal 0 0 1
outer loop
vertex 70.19998168945312 -0.22056891024112701 1.7000000476837158
vertex 72.19998168945312 4.370340347290039 1.7000000476837158
vertex 70.19998168945312 18.779430389404297 1.7000000476837158
endloop
endfacet
facet normal 0 1 0
outer loop
vertex 71.49998474121094 -0.22056891024112701 1.7000000476837158
vertex 70.19998168945312 -0.22056891024112701 1.7000000476837158
vertex 71.49998474121094 -0.22056891024112701 2.200000047683716
endloop
endfacet
facet normal 0 1 0
outer loop
vertex 71.49998474121094 -0.22056891024112701 2.200000047683716
vertex 70.19998168945312 -0.22056891024112701 1.7000000476837158
vertex 70.19998168945312 -0.22056891024112701 2.200000047683716
endloop
endfacet
facet normal 1 0 0
outer loop
vertex 70.19998168945312 -0.22056891024112701 2.200000047683716
vertex 70.19998168945312 -0.22056891024112701 1.7000000476837158
vertex 70.19998168945312 18.779430389404297 2.200000047683716
endloop
endfacet
facet normal 0 0 1
outer loop
vertex 70.19998168945312 18.779430389404297 1.7000000476837158
vertex 72.19998168945312 4.370340347290039 1.7000000476837158
vertex 71.49998474121094 18.279430389404297 1.7000000476837158
endloop
endfacet
facet normal 0 0 1
outer loop
vertex 72.19998168945312 18.279430389404297 1.7000000476837158
vertex 71.49998474121094 18.279430389404297 1.7000000476837158
vertex 72.19998168945312 4.370340347290039 1.7000000476837158
endloop
endfacet
facet normal 0 0 1
outer loop
vertex 70.19998168945312 18.779430389404297 1.7000000476837158
vertex 71.49998474121094 18.279430389404297 1.7000000476837158
vertex 71.49998474121094 18.779430389404297 1.7000000476837158
endloop
endfacet
facet normal 1 0 0
outer loop
vertex 70.19998168945312 18.779430389404297 2.200000047683716
vertex 70.19998168945312 -0.22056891024112701 1.7000000476837158
vertex 70.19998168945312 18.779430389404297 1.7000000476837158
endloop
endfacet
facet normal 0 -1 0
outer loop
vertex 70.19998168945312 18.779430389404297 1.7000000476837158
vertex 71.49998474121094 18.779430389404297 1.7000000476837158
vertex 71.49998474121094 18.779430389404297 2.200000047683716
endloop
endfacet
facet normal 0 -1 0
outer loop
vertex 70.19998168945312 18.779430389404297 2.200000047683716
vertex 70.19998168945312 18.779430389404297 1.7000000476837158
vertex 71.49998474121094 18.779430389404297 2.200000047683716
endloop
endfacet
facet normal 0 0 1
outer loop
vertex -71.5801010131836 17.90869903564453 1.7000000476837158
vertex -72.31427764892578 13.823783874511719 1.7000000476837158
vertex -70.27596282958984 18.397811889648438 1.7000000476837158
endloop
endfacet
facet normal -0.008360038381843286 -0.999965054268525 0
outer loop
vertex -71.57592010498047 18.408679962158203 2.200000047683716
vertex -70.27596282958984 18.397811889648438 1.7000000476837158
vertex -70.27596282958984 18.397811889648438 2.200000047683716
endloop
endfacet
facet normal 0 0 1
outer loop
vertex -72.31427764892578 13.823783874511719 1.7000000476837158
vertex -71.73058319091797 -0.09067279100418091 1.7000000476837158
vertex -70.43480682373047 -0.6015232801437378 1.7000000476837158
endloop
endfacet
facet normal -0.008360038381843286 -0.999965054268525 0
outer loop
vertex -71.57592010498047 18.408679962158203 1.7000000476837158
vertex -70.27596282958984 18.397811889648438 1.7000000476837158
vertex -71.57592010498047 18.408679962158203 2.200000047683716
endloop
endfacet
facet normal -0.9999650528288357 0.008360210584890209 0
outer loop
vertex -70.27596282958984 18.397811889648438 1.7000000476837158
vertex -70.43480682373047 -0.6015232801437378 2.200000047683716
vertex -70.27596282958984 18.397811889648438 2.200000047683716
endloop
endfacet
facet normal 0 0 1
outer loop
vertex -71.73058319091797 -0.09067279100418091 1.7000000476837158
vertex -71.7347640991211 -0.5906553268432617 1.7000000476837158
vertex -70.43480682373047 -0.6015232801437378 1.7000000476837158
endloop
endfacet
facet normal 0 0 1
outer loop
vertex -72.31427764892578 13.823783874511719 1.7000000476837158
vertex -72.43055725097656 -0.08482079207897186 1.7000000476837158
vertex -71.73058319091797 -0.09067279100418091 1.7000000476837158
endloop
endfacet
facet normal 0 0 1
outer loop
vertex -71.57592010498047 18.408679962158203 1.7000000476837158
vertex -71.5801010131836 17.90869903564453 1.7000000476837158
vertex -70.27596282958984 18.397811889648438 1.7000000476837158
endloop
endfacet
facet normal 0.008359946688989364 0.9999650550351034 0
outer loop
vertex -70.43480682373047 -0.6015232801437378 1.7000000476837158
vertex -71.7347640991211 -0.5906553268432617 1.7000000476837158
vertex -71.7347640991211 -0.5906553268432617 2.200000047683716
endloop
endfacet
facet normal 0.008359946688989364 0.9999650550351034 0
outer loop
vertex -70.43480682373047 -0.6015232801437378 2.200000047683716
vertex -70.43480682373047 -0.6015232801437378 1.7000000476837158
vertex -71.7347640991211 -0.5906553268432617 2.200000047683716
endloop
endfacet
facet normal 0 0 1
outer loop
vertex -72.28007507324219 17.91455078125 1.7000000476837158
vertex -72.31427764892578 13.823783874511719 1.7000000476837158
vertex -71.5801010131836 17.90869903564453 1.7000000476837158
endloop
endfacet
facet normal -0.9999650528288357 0.008360210584890209 0
outer loop
vertex -70.43480682373047 -0.6015232801437378 2.200000047683716
vertex -70.27596282958984 18.397811889648438 1.7000000476837158
vertex -70.43480682373047 -0.6015232801437378 1.7000000476837158
endloop
endfacet
facet normal 0 0 1
outer loop
vertex -72.31427764892578 13.823783874511719 1.7000000476837158
vertex -70.43480682373047 -0.6015232801437378 1.7000000476837158
vertex -70.27596282958984 18.397811889648438 1.7000000476837158
endloop
endfacet
facet normal 0 0 1
outer loop
vertex -72.50208282470703 -8.639884948730469 1.7000000476837158
vertex -70.62261199951172 -23.06519317626953 1.7000000476837158
vertex -70.4637680053711 -4.06585693359375 1.7000000476837158
endloop
endfacet
facet normal 0 0 1
outer loop
vertex -72.46788024902344 -4.549119472503662 1.7000000476837158
vertex -72.50208282470703 -8.639884948730469 1.7000000476837158
vertex -71.76790618896484 -4.554971218109131 1.7000000476837158
endloop
endfacet
facet normal -0.9999650528327825 0.008360210112826035 0
outer loop
vertex -70.62261199951172 -23.06519317626953 2.200000047683716
vertex -70.4637680053711 -4.06585693359375 1.7000000476837158
vertex -70.62261199951172 -23.06519317626953 1.7000000476837158
endloop
endfacet
facet normal 0 0 1
outer loop
vertex -72.50208282470703 -8.639884948730469 1.7000000476837158
vertex -72.61836242675781 -22.548490524291992 1.7000000476837158
vertex -71.91838073730469 -22.55434226989746 1.7000000476837158
endloop
endfacet
facet normal 0 0 1
outer loop
vertex -71.76790618896484 -4.554971218109131 1.7000000476837158
vertex -72.50208282470703 -8.639884948730469 1.7000000476837158
vertex -70.4637680053711 -4.06585693359375 1.7000000476837158
endloop
endfacet
facet normal 0 0 1
outer loop
vertex -71.91838073730469 -22.55434226989746 1.7000000476837158
vertex -70.62261199951172 -23.06519317626953 1.7000000476837158
vertex -72.50208282470703 -8.639884948730469 1.7000000476837158
endloop
endfacet
facet normal 0 0 1
outer loop
vertex -71.76372528076172 -4.054988861083984 1.7000000476837158
vertex -71.76790618896484 -4.554971218109131 1.7000000476837158
vertex -70.4637680053711 -4.06585693359375 1.7000000476837158
endloop
endfacet
facet normal 0.008360087443415423 0.9999650538583529 0
outer loop
vertex -70.62261199951172 -23.06519317626953 1.7000000476837158
vertex -71.92256164550781 -23.054325103759766 1.7000000476837158
vertex -71.92256164550781 -23.054325103759766 2.200000047683716
endloop
endfacet
facet normal 0.008360087443415423 0.9999650538583529 0
outer loop
vertex -70.62261199951172 -23.06519317626953 2.200000047683716
vertex -70.62261199951172 -23.06519317626953 1.7000000476837158
vertex -71.92256164550781 -23.054325103759766 2.200000047683716
endloop
endfacet
facet normal -0.9999650528327825 0.008360210112826035 0
outer loop
vertex -70.4637680053711 -4.06585693359375 1.7000000476837158
vertex -70.62261199951172 -23.06519317626953 2.200000047683716
vertex -70.4637680053711 -4.06585693359375 2.200000047683716
endloop
endfacet
facet normal -0.008360038381843286 -0.999965054268525 0
outer loop
vertex -71.76372528076172 -4.054988861083984 1.7000000476837158
vertex -70.4637680053711 -4.06585693359375 1.7000000476837158
vertex -70.4637680053711 -4.06585693359375 2.200000047683716
endloop
endfacet
facet normal -0.008360038381843286 -0.999965054268525 0
outer loop
vertex -71.76372528076172 -4.054988861083984 2.200000047683716
vertex -71.76372528076172 -4.054988861083984 1.7000000476837158
vertex -70.4637680053711 -4.06585693359375 2.200000047683716
endloop
endfacet
facet normal 0 0 1
outer loop
vertex -71.91838073730469 -22.55434226989746 1.7000000476837158
vertex -71.92256164550781 -23.054325103759766 1.7000000476837158
vertex -70.62261199951172 -23.06519317626953 1.7000000476837158
endloop
endfacet
facet normal 0 0 -1
outer loop
vertex 71.49998474121094 -43.21506118774414 0.20000000298023224
vertex 72.19998168945312 -26.85142707824707 0.20000000298023224
vertex 72.19998168945312 -43.21506118774414 0.20000000298023224
endloop
endfacet
facet normal 0 0 -1
outer loop
vertex 71.49998474121094 -43.21506118774414 0.20000000298023224
vertex 70.19998168945312 -43.71506118774414 0.20000000298023224
vertex 72.19998168945312 -26.85142707824707 0.20000000298023224
endloop
endfacet
facet normal 0 0 -1
outer loop
vertex 72.19998168945312 -26.85142707824707 0.20000000298023224
vertex 70.19998168945312 -43.71506118774414 0.20000000298023224
vertex 70.19998168945312 -24.715063095092773 0.20000000298023224
endloop
endfacet
facet normal 1 0 0
outer loop
vertex 70.19998168945312 -43.71506118774414 0.20000000298023224
vertex 70.19998168945312 -43.71506118774414 0
vertex 70.19998168945312 -24.715063095092773 0.20000000298023224
endloop
endfacet
facet normal 0 -1 0
outer loop
vertex 70.19998168945312 -24.715063095092773 0
vertex 71.49998474121094 -24.715063095092773 0
vertex 71.49998474121094 -24.715063095092773 0.20000000298023224
endloop
endfacet
facet normal 0 -1 0
outer loop
vertex 70.19998168945312 -24.715063095092773 0.20000000298023224
vertex 70.19998168945312 -24.715063095092773 0
vertex 71.49998474121094 -24.715063095092773 0.20000000298023224
endloop
endfacet
facet normal 0 0 -1
outer loop
vertex 71.49998474121094 -25.215063095092773 0.20000000298023224
vertex 72.19998168945312 -25.215063095092773 0.20000000298023224
vertex 72.19998168945312 -26.85142707824707 0.20000000298023224
endloop
endfacet
facet normal 0 0 -1
outer loop
vertex 70.19998168945312 -24.715063095092773 0.20000000298023224
vertex 71.49998474121094 -24.715063095092773 0.20000000298023224
vertex 71.49998474121094 -25.215063095092773 0.20000000298023224
endloop
endfacet
facet normal 0 0 -1
outer loop
vertex 71.49998474121094 -25.215063095092773 0.20000000298023224
vertex 72.19998168945312 -26.85142707824707 0.20000000298023224
vertex 70.19998168945312 -24.715063095092773 0.20000000298023224
endloop
endfacet
facet normal 0 0 -1
outer loop
vertex 71.49998474121094 -43.57582473754883 0.20000000298023224
vertex 70.19998168945312 -43.71506118774414 0.20000000298023224
vertex 71.49998474121094 -43.21506118774414 0.20000000298023224
endloop
endfacet
facet normal 0 0 -1
outer loop
vertex 71.44230651855469 -43.71506118774414 0.20000000298023224
vertex 70.19998168945312 -43.71506118774414 0.20000000298023224
vertex 71.49998474121094 -43.57582473754883 0.20000000298023224
endloop
endfacet
facet normal 0 1 0
outer loop
vertex 71.44230651855469 -43.71506118774414 0.20000000298023224
vertex 71.44230651855469 -43.71506118774414 0
vertex 70.19998168945312 -43.71506118774414 0.20000000298023224
endloop
endfacet
facet normal 0 1 0
outer loop
vertex 71.44230651855469 -43.71506118774414 0
vertex 70.19998168945312 -43.71506118774414 0
vertex 70.19998168945312 -43.71506118774414 0.20000000298023224
endloop
endfacet
facet normal 1 0 0
outer loop
vertex 70.19998168945312 -24.715063095092773 0.20000000298023224
vertex 70.19998168945312 -43.71506118774414 0
vertex 70.19998168945312 -24.715063095092773 0
endloop
endfacet
facet normal 0 0 -1
outer loop
vertex 71.49998474121094 40.39625549316406 0.20000000298023224
vertex 70.19998168945312 40.526676177978516 0.20000000298023224
vertex 71.44963073730469 40.526676177978516 0.20000000298023224
endloop
endfacet
facet normal 0 0 -1
outer loop
vertex 72.19998168945312 38.390316009521484 0.20000000298023224
vertex 70.19998168945312 21.52667808532715 0.20000000298023224
vertex 70.19998168945312 40.526676177978516 0.20000000298023224
endloop
endfacet
facet normal 0 0 -1
outer loop
vertex 71.49998474121094 40.026676177978516 0.20000000298023224
vertex 70.19998168945312 40.526676177978516 0.20000000298023224
vertex 71.49998474121094 40.39625549316406 0.20000000298023224
endloop
endfacet
facet normal 0 0 -1
outer loop
vertex 71.49998474121094 40.026676177978516 0.20000000298023224
vertex 72.19998168945312 40.026676177978516 0.20000000298023224
vertex 72.19998168945312 38.390316009521484 0.20000000298023224
endloop
endfacet
facet normal 0 0 -1
outer loop
vertex 71.49998474121094 22.02667808532715 0.20000000298023224
vertex 72.19998168945312 38.390316009521484 0.20000000298023224
vertex 72.19998168945312 22.02667808532715 0.20000000298023224
endloop
endfacet
facet normal 0 0 -1
outer loop
vertex 71.49998474121094 22.02667808532715 0.20000000298023224
vertex 70.19998168945312 21.52667808532715 0.20000000298023224
vertex 72.19998168945312 38.390316009521484 0.20000000298023224
endloop
endfacet
facet normal 1 0 0
outer loop
vertex 70.19998168945312 21.52667808532715 0.20000000298023224
vertex 70.19998168945312 21.52667808532715 0
vertex 70.19998168945312 40.526676177978516 0.20000000298023224
endloop
endfacet
facet normal 0 0 -1
outer loop
vertex 71.49998474121094 22.02667808532715 0.20000000298023224
vertex 71.49998474121094 21.52667808532715 0.20000000298023224
vertex 70.19998168945312 21.52667808532715 0.20000000298023224
endloop
endfacet
facet normal 0 1 0
outer loop
vertex 71.49998474121094 21.52667808532715 0.20000000298023224
vertex 71.49998474121094 21.52667808532715 0
vertex 70.19998168945312 21.52667808532715 0.20000000298023224
endloop
endfacet
facet normal 0 1 0
outer loop
vertex 71.49998474121094 21.52667808532715 0
vertex 70.19998168945312 21.52667808532715 0
vertex 70.19998168945312 21.52667808532715 0.20000000298023224
endloop
endfacet
facet normal 0 -1 0
outer loop
vertex 70.19998168945312 40.526676177978516 0.20000000298023224
vertex 70.19998168945312 40.526676177978516 0
vertex 71.44963073730469 40.526676177978516 0
endloop
endfacet
facet normal 0 -1 0
outer loop
vertex 70.19998168945312 40.526676177978516 0.20000000298023224
vertex 71.44963073730469 40.526676177978516 0
vertex 71.44963073730469 40.526676177978516 0.20000000298023224
endloop
endfacet
facet normal 0 0 -1
outer loop
vertex 70.19998168945312 40.526676177978516 0.20000000298023224
vertex 71.49998474121094 40.026676177978516 0.20000000298023224
vertex 72.19998168945312 38.390316009521484 0.20000000298023224
endloop
endfacet
facet normal 1 0 0
outer loop
vertex 70.19998168945312 40.526676177978516 0.20000000298023224
vertex 70.19998168945312 21.52667808532715 0
vertex 70.19998168945312 40.526676177978516 0
endloop
endfacet
facet normal -0.9999650561825868 0.00835980943299878 0
outer loop
vertex -70.08816528320312 40.861480712890625 0
vertex -70.24700164794922 21.862146377563477 0
vertex -70.24700164794922 21.862146377563477 0.20000000298023224
endloop
endfacet
facet normal 0 0 -1
outer loop
vertex -70.24700164794922 21.862146377563477 0.20000000298023224
vertex -71.54277801513672 22.372997283935547 0.20000000298023224
vertex -72.22907257080078 24.015155792236328 0.20000000298023224
endloop
endfacet
facet normal 0 0 -1
outer loop
vertex -72.24275207519531 22.378849029541016 0.20000000298023224
vertex -72.22907257080078 24.015155792236328 0.20000000298023224
vertex -71.54277801513672 22.372997283935547 0.20000000298023224
endloop
endfacet
facet normal 0 0 -1
outer loop
vertex -70.24700164794922 21.862146377563477 0.20000000298023224
vertex -71.54695892333984 21.873014450073242 0.20000000298023224
vertex -71.54277801513672 22.372997283935547 0.20000000298023224
endloop
endfacet
facet normal 0.008360038381843286 0.9999650542685249 0
outer loop
vertex -71.54695892333984 21.873014450073242 0.20000000298023224
vertex -70.24700164794922 21.862146377563477 0.20000000298023224
vertex -70.24700164794922 21.862146377563477 0
endloop
endfacet
facet normal 0.008360038381843286 0.9999650542685249 0
outer loop
vertex -70.24700164794922 21.862146377563477 0
vertex -71.54695892333984 21.873014450073242 0
vertex -71.54695892333984 21.873014450073242 0.20000000298023224
endloop
endfacet
facet normal 0 0 -1
outer loop
vertex -71.32392883300781 40.8718147277832 0.20000000298023224
vertex -71.39229583740234 40.37236785888672 0.20000000298023224
vertex -71.38934326171875 40.72578811645508 0.20000000298023224
endloop
endfacet
facet normal 0 0 -1
outer loop
vertex -70.24700164794922 21.862146377563477 0.20000000298023224
vertex -72.22907257080078 24.015155792236328 0.20000000298023224
vertex -70.08816528320312 40.861480712890625 0.20000000298023224
endloop
endfacet
facet normal -0.008362160852782923 -0.9999650365217136 0
outer loop
vertex -70.08816528320312 40.861480712890625 0.20000000298023224
vertex -71.32392883300781 40.8718147277832 0.20000000298023224
vertex -71.32392883300781 40.8718147277832 0
endloop
endfacet
facet normal -0.008362160852782923 -0.9999650365217136 0
outer loop
vertex -71.32392883300781 40.8718147277832 0
vertex -70.08816528320312 40.861480712890625 0
vertex -70.08816528320312 40.861480712890625 0.20000000298023224
endloop
endfacet
facet normal -0.9999650561825868 0.00835980943299878 0
outer loop
vertex -70.08816528320312 40.861480712890625 0
vertex -70.24700164794922 21.862146377563477 0.20000000298023224
vertex -70.08816528320312 40.861480712890625 0.20000000298023224
endloop
endfacet
facet normal 0 0 -1
outer loop
vertex -72.22907257080078 24.015155792236328 0.20000000298023224
vertex -72.09227752685547 40.37821960449219 0.20000000298023224
vertex -71.39229583740234 40.37236785888672 0.20000000298023224
endloop
endfacet
facet normal 0 0 -1
outer loop
vertex -70.08816528320312 40.861480712890625 0.20000000298023224
vertex -72.22907257080078 24.015155792236328 0.20000000298023224
vertex -71.32392883300781 40.8718147277832 0.20000000298023224
endloop
endfacet
facet normal 0 0 -1
outer loop
vertex -72.22907257080078 24.015155792236328 0.20000000298023224
vertex -71.39229583740234 40.37236785888672 0.20000000298023224
vertex -71.32392883300781 40.8718147277832 0.20000000298023224
endloop
endfacet
facet normal 0 0 -1
outer loop
vertex -72.80615997314453 -45.01216125488281 0.20000000298023224
vertex -72.79248046875 -43.3758544921875 0.20000000298023224
vertex -72.10618591308594 -45.01801300048828 0.20000000298023224
endloop
endfacet
facet normal 0 0 -1
outer loop
vertex -70.81040954589844 -45.52886199951172 0.20000000298023224
vertex -71.81775665283203 -45.52043914794922 0.20000000298023224
vertex -72.1079330444336 -45.226951599121094 0.20000000298023224
endloop
endfacet
facet normal 0 0 -1
outer loop
vertex -70.81040954589844 -45.52886199951172 0.20000000298023224
vertex -72.10618591308594 -45.01801300048828 0.20000000298023224
vertex -72.79248046875 -43.3758544921875 0.20000000298023224
endloop
endfacet
facet normal 0 0 -1
outer loop
vertex -72.1079330444336 -45.226951599121094 0.20000000298023224
vertex -72.10618591308594 -45.01801300048828 0.20000000298023224
vertex -70.81040954589844 -45.52886199951172 0.20000000298023224
endloop
endfacet
facet normal 0.008361127048612985 0.9999650451663182 0
outer loop
vertex -70.81040954589844 -45.52886199951172 0
vertex -71.81775665283203 -45.52043914794922 0.20000000298023224
vertex -70.81040954589844 -45.52886199951172 0.20000000298023224
endloop
endfacet
facet normal 0 0 -1
outer loop
vertex -70.65157318115234 -26.529525756835938 0.20000000298023224
vertex -71.95570373535156 -27.018640518188477 0.20000000298023224
vertex -71.95152282714844 -26.518657684326172 0.20000000298023224
endloop
endfacet
facet normal -0.9999650561896024 0.008359808593813843 0
outer loop
vertex -70.81040954589844 -45.52886199951172 0
vertex -70.65157318115234 -26.529525756835938 0.20000000298023224
vertex -70.65157318115234 -26.529525756835938 0
endloop
endfacet
facet normal -0.9999650561896024 0.008359808593813843 0
outer loop
vertex -70.81040954589844 -45.52886199951172 0
vertex -70.81040954589844 -45.52886199951172 0.20000000298023224
vertex -70.65157318115234 -26.529525756835938 0.20000000298023224
endloop
endfacet
facet normal 0 0 -1
outer loop
vertex -70.65157318115234 -26.529525756835938 0.20000000298023224
vertex -70.81040954589844 -45.52886199951172 0.20000000298023224
vertex -72.79248046875 -43.3758544921875 0.20000000298023224
endloop
endfacet
facet normal -0.008360087443415423 -0.9999650538583529 0
outer loop
vertex -71.95152282714844 -26.518657684326172 0
vertex -70.65157318115234 -26.529525756835938 0.20000000298023224
vertex -71.95152282714844 -26.518657684326172 0.20000000298023224
endloop
endfacet
facet normal 0.008361127048612985 0.9999650451663182 0
outer loop
vertex -70.81040954589844 -45.52886199951172 0
vertex -71.81775665283203 -45.52043914794922 0
vertex -71.81775665283203 -45.52043914794922 0.20000000298023224
endloop
endfacet
facet normal 0 0 -1
outer loop
vertex -70.65157318115234 -26.529525756835938 0.20000000298023224
vertex -72.79248046875 -43.3758544921875 0.20000000298023224
vertex -71.95570373535156 -27.018640518188477 0.20000000298023224
endloop
endfacet
facet normal 0 0 -1
outer loop
vertex -72.79248046875 -43.3758544921875 0.20000000298023224
vertex -72.65568542480469 -27.012788772583008 0.20000000298023224
vertex -71.95570373535156 -27.018640518188477 0.20000000298023224
endloop
endfacet
facet normal -0.008360087443415423 -0.9999650538583529 0
outer loop
vertex -71.95152282714844 -26.518657684326172 0
vertex -70.65157318115234 -26.529525756835938 0
vertex -70.65157318115234 -26.529525756835938 0.20000000298023224
endloop
endfacet
facet normal 1 0 0
outer loop
vertex 70.19998168945312 -2.96781587600708 0.20000000298023224
vertex 70.19998168945312 -21.967815399169922 0
vertex 70.19998168945312 -2.96781587600708 0
endloop
endfacet
facet normal 0 0 -1
outer loop
vertex 71.49998474121094 -3.46781587600708 0.20000000298023224
vertex 72.19998168945312 -3.46781587600708 0.20000000298023224
vertex 72.19998168945312 -5.104179382324219 0.20000000298023224
endloop
endfacet
facet normal 0 0 -1
outer loop
vertex 71.49998474121094 -21.467815399169922 0.20000000298023224
vertex 72.19998168945312 -5.104179382324219 0.20000000298023224
vertex 72.19998168945312 -21.467815399169922 0.20000000298023224
endloop
endfacet
facet normal 0 1 0
outer loop
vertex 71.49998474121094 -21.967815399169922 0
vertex 70.19998168945312 -21.967815399169922 0
vertex 70.19998168945312 -21.967815399169922 0.20000000298023224
endloop
endfacet
facet normal 0 1 0
outer loop
vertex 71.49998474121094 -21.967815399169922 0.20000000298023224
vertex 71.49998474121094 -21.967815399169922 0
vertex 70.19998168945312 -21.967815399169922 0.20000000298023224
endloop
endfacet
facet normal 0 0 -1
outer loop
vertex 71.49998474121094 -21.967815399169922 0.20000000298023224
vertex 70.19998168945312 -21.967815399169922 0.20000000298023224
vertex 71.49998474121094 -21.467815399169922 0.20000000298023224
endloop
endfacet
facet normal 1 0 0
outer loop
vertex 70.19998168945312 -21.967815399169922 0.20000000298023224
vertex 70.19998168945312 -21.967815399169922 0
vertex 70.19998168945312 -2.96781587600708 0.20000000298023224
endloop
endfacet
facet normal 0 0 -1
outer loop
vertex 71.49998474121094 -21.467815399169922 0.20000000298023224
vertex 70.19998168945312 -21.967815399169922 0.20000000298023224
vertex 72.19998168945312 -5.104179382324219 0.20000000298023224
endloop
endfacet
facet normal 0 0 -1
outer loop
vertex 70.19998168945312 -2.96781587600708 0.20000000298023224
vertex 71.49998474121094 -3.46781587600708 0.20000000298023224
vertex 72.19998168945312 -5.104179382324219 0.20000000298023224
endloop
endfacet
facet normal 0 0 -1
outer loop
vertex 70.19998168945312 -2.96781587600708 0.20000000298023224
vertex 71.49998474121094 -2.96781587600708 0.20000000298023224
vertex 71.49998474121094 -3.46781587600708 0.20000000298023224
endloop
endfacet
facet normal 0 -1 0
outer loop
vertex 70.19998168945312 -2.96781587600708 0.20000000298023224
vertex 70.19998168945312 -2.96781587600708 0
vertex 71.49998474121094 -2.96781587600708 0.20000000298023224
endloop
endfacet
facet normal 0 -1 0
outer loop
vertex 70.19998168945312 -2.96781587600708 0
vertex 71.49998474121094 -2.96781587600708 0
vertex 71.49998474121094 -2.96781587600708 0.20000000298023224
endloop
endfacet
facet normal 0 0 -1
outer loop
vertex 72.19998168945312 -5.104179382324219 0.20000000298023224
vertex 70.19998168945312 -21.967815399169922 0.20000000298023224
vertex 70.19998168945312 -2.96781587600708 0.20000000298023224
endloop
endfacet
facet normal 0 1 0
outer loop
vertex 71.49998474121094 -0.22056891024112701 0
vertex 70.19998168945312 -0.22056891024112701 0
vertex 70.19998168945312 -0.22056891024112701 0.20000000298023224
endloop
endfacet
facet normal 0 0 -1
outer loop
vertex 72.19998168945312 16.643068313598633 0.20000000298023224
vertex 70.19998168945312 18.779430389404297 0.20000000298023224
vertex 71.49998474121094 18.279430389404297 0.20000000298023224
endloop
endfacet
facet normal 0 -1 0
outer loop
vertex 70.19998168945312 18.779430389404297 0
vertex 71.49998474121094 18.779430389404297 0
vertex 71.49998474121094 18.779430389404297 0.20000000298023224
endloop
endfacet
facet normal 0 0 -1
outer loop
vertex 71.49998474121094 18.279430389404297 0.20000000298023224
vertex 72.19998168945312 18.279430389404297 0.20000000298023224
vertex 72.19998168945312 16.643068313598633 0.20000000298023224
endloop
endfacet
facet normal 0 0 -1
outer loop
vertex 70.19998168945312 18.779430389404297 0.20000000298023224
vertex 71.49998474121094 18.779430389404297 0.20000000298023224
vertex 71.49998474121094 18.279430389404297 0.20000000298023224
endloop
endfacet
facet normal 0 0 -1
outer loop
vertex 72.19998168945312 16.643068313598633 0.20000000298023224
vertex 70.19998168945312 -0.22056891024112701 0.20000000298023224
vertex 70.19998168945312 18.779430389404297 0.20000000298023224
endloop
endfacet
facet normal 1 0 0
outer loop
vertex 70.19998168945312 18.779430389404297 0.20000000298023224
vertex 70.19998168945312 -0.22056891024112701 0
vertex 70.19998168945312 18.779430389404297 0
endloop
endfacet
facet normal 0 0 -1
outer loop
vertex 71.49998474121094 0.2794310748577118 0.20000000298023224
vertex 72.19998168945312 16.643068313598633 0.20000000298023224
vertex 72.19998168945312 0.2794310748577118 0.20000000298023224
endloop
endfacet
facet normal 0 0 -1
outer loop
vertex 71.49998474121094 0.2794310748577118 0.20000000298023224
vertex 70.19998168945312 -0.22056891024112701 0.20000000298023224
vertex 72.19998168945312 16.643068313598633 0.20000000298023224
endloop
endfacet
facet normal 1 0 0
outer loop
vertex 70.19998168945312 -0.22056891024112701 0.20000000298023224
vertex 70.19998168945312 -0.22056891024112701 0
vertex 70.19998168945312 18.779430389404297 0.20000000298023224
endloop
endfacet
facet normal 0 1 0
outer loop
vertex 71.49998474121094 -0.22056891024112701 0
vertex 70.19998168945312 -0.22056891024112701 0.20000000298023224
vertex 71.49998474121094 -0.22056891024112701 0.20000000298023224
endloop
endfacet
facet normal 0 0 -1
outer loop
vertex 71.49998474121094 -0.22056891024112701 0.20000000298023224
vertex 70.19998168945312 -0.22056891024112701 0.20000000298023224
vertex 71.49998474121094 0.2794310748577118 0.20000000298023224
endloop
endfacet
facet normal 0 -1 0
outer loop
vertex 70.19998168945312 18.779430389404297 0.20000000298023224
vertex 70.19998168945312 18.779430389404297 0
vertex 71.49998474121094 18.779430389404297 0.20000000298023224
endloop
endfacet
facet normal -0.008360038381843286 -0.9999650542685249 0
outer loop
vertex -70.27596282958984 18.397811889648438 0
vertex -70.27596282958984 18.397811889648438 0.20000000298023224
vertex -71.57592010498047 18.408679962158203 0
endloop
endfacet
facet normal 0 0 -1
outer loop
vertex -70.27596282958984 18.397811889648438 0.20000000298023224
vertex -71.5801010131836 17.90869903564453 0.20000000298023224
vertex -71.57592010498047 18.408679962158203 0.20000000298023224
endloop
endfacet
facet normal 0 0 -1
outer loop
vertex -70.27596282958984 18.397811889648438 0.20000000298023224
vertex -72.41687774658203 1.5514856576919556 0.20000000298023224
vertex -71.5801010131836 17.90869903564453 0.20000000298023224
endloop
endfacet
facet normal 0 0 -1
outer loop
vertex -72.41687774658203 1.5514856576919556 0.20000000298023224
vertex -72.28007507324219 17.91455078125 0.20000000298023224
vertex -71.5801010131836 17.90869903564453 0.20000000298023224
endloop
endfacet
facet normal -0.9999650528288357 0.008360210584890209 0
outer loop
vertex -70.27596282958984 18.397811889648438 0
vertex -70.43480682373047 -0.6015232801437378 0.20000000298023224
vertex -70.27596282958984 18.397811889648438 0.20000000298023224
endloop
endfacet
facet normal 0 0 -1
outer loop
vertex -70.43480682373047 -0.6015232801437378 0.20000000298023224
vertex -72.41687774658203 1.5514856576919556 0.20000000298023224
vertex -70.27596282958984 18.397811889648438 0.20000000298023224
endloop
endfacet
facet normal -0.9999650528288357 0.008360210584890209 0
outer loop
vertex -70.43480682373047 -0.6015232801437378 0
vertex -70.43480682373047 -0.6015232801437378 0.20000000298023224
vertex -70.27596282958984 18.397811889648438 0
endloop
endfacet
facet normal 0.008359946688989364 0.9999650550351034 0
outer loop
vertex -70.43480682373047 -0.6015232801437378 0
vertex -71.7347640991211 -0.5906553268432617 0
vertex -71.7347640991211 -0.5906553268432617 0.20000000298023224
endloop
endfacet
facet normal 0 0 -1
outer loop
vertex -70.43480682373047 -0.6015232801437378 0.20000000298023224
vertex -71.73058319091797 -0.09067279100418091 0.20000000298023224
vertex -72.41687774658203 1.5514856576919556 0.20000000298023224
endloop
endfacet
facet normal 0 0 -1
outer loop
vertex -72.43055725097656 -0.08482079207897186 0.20000000298023224
vertex -72.41687774658203 1.5514856576919556 0.20000000298023224
vertex -71.73058319091797 -0.09067279100418091 0.20000000298023224
endloop
endfacet
facet normal 0 0 -1
outer loop
vertex -70.43480682373047 -0.6015232801437378 0.20000000298023224
vertex -71.7347640991211 -0.5906553268432617 0.20000000298023224
vertex -71.73058319091797 -0.09067279100418091 0.20000000298023224
endloop
endfacet
facet normal 0.008359946688989364 0.9999650550351034 0
outer loop
vertex -71.7347640991211 -0.5906553268432617 0.20000000298023224
vertex -70.43480682373047 -0.6015232801437378 0.20000000298023224
vertex -70.43480682373047 -0.6015232801437378 0
endloop
endfacet
facet normal -0.008360038381843286 -0.9999650542685249 0
outer loop
vertex -71.57592010498047 18.408679962158203 0
vertex -70.27596282958984 18.397811889648438 0.20000000298023224
vertex -71.57592010498047 18.408679962158203 0.20000000298023224
endloop
endfacet
facet normal -0.008360038381843286 -0.9999650542685249 0
outer loop
vertex -71.76372528076172 -4.054988861083984 0
vertex -70.4637680053711 -4.06585693359375 0
vertex -70.4637680053711 -4.06585693359375 0.20000000298023224
endloop
endfacet
facet normal 0 0 -1
outer loop
vertex -72.60468292236328 -20.91218376159668 0.20000000298023224
vertex -71.91838073730469 -22.55434226989746 0.20000000298023224
vertex -72.61836242675781 -22.548490524291992 0.20000000298023224
endloop
endfacet
facet normal -0.9999650528327825 0.008360210112826035 0
outer loop
vertex -70.62261199951172 -23.06519317626953 0
vertex -70.62261199951172 -23.06519317626953 0.20000000298023224
vertex -70.4637680053711 -4.06585693359375 0
endloop
endfacet
facet normal -0.008360038381843286 -0.9999650542685249 0
outer loop
vertex -71.76372528076172 -4.054988861083984 0
vertex -70.4637680053711 -4.06585693359375 0.20000000298023224
vertex -71.76372528076172 -4.054988861083984 0.20000000298023224
endloop
endfacet
facet normal 0 0 -1
outer loop
vertex -70.4637680053711 -4.06585693359375 0.20000000298023224
vertex -72.60468292236328 -20.91218376159668 0.20000000298023224
vertex -71.76790618896484 -4.554971218109131 0.20000000298023224
endloop
endfacet
facet normal 0 0 -1
outer loop
vertex -72.60468292236328 -20.91218376159668 0.20000000298023224
vertex -72.46788024902344 -4.549119472503662 0.20000000298023224
vertex -71.76790618896484 -4.554971218109131 0.20000000298023224
endloop
endfacet
facet normal -0.9999650528327825 0.008360210112826035 0
outer loop
vertex -70.4637680053711 -4.06585693359375 0
vertex -70.62261199951172 -23.06519317626953 0.20000000298023224
vertex -70.4637680053711 -4.06585693359375 0.20000000298023224
endloop
endfacet
facet normal 0 0 -1
outer loop
vertex -70.4637680053711 -4.06585693359375 0.20000000298023224
vertex -71.76790618896484 -4.554971218109131 0.20000000298023224
vertex -71.76372528076172 -4.054988861083984 0.20000000298023224
endloop
endfacet
facet normal 0 0 -1
outer loop
vertex -70.62261199951172 -23.06519317626953 0.20000000298023224
vertex -72.60468292236328 -20.91218376159668 0.20000000298023224
vertex -70.4637680053711 -4.06585693359375 0.20000000298023224
endloop
endfacet
facet normal 0 0 -1
outer loop
vertex -70.62261199951172 -23.06519317626953 0.20000000298023224
vertex -71.91838073730469 -22.55434226989746 0.20000000298023224
vertex -72.60468292236328 -20.91218376159668 0.20000000298023224
endloop
endfacet
facet normal 0 0 -1
outer loop
vertex -70.62261199951172 -23.06519317626953 0.20000000298023224
vertex -71.92256164550781 -23.054325103759766 0.20000000298023224
vertex -71.91838073730469 -22.55434226989746 0.20000000298023224
endloop
endfacet
facet normal 0.008360087443415423 0.9999650538583529 0
outer loop
vertex -70.62261199951172 -23.06519317626953 0
vertex -71.92256164550781 -23.054325103759766 0.20000000298023224
vertex -70.62261199951172 -23.06519317626953 0.20000000298023224
endloop
endfacet
facet normal 0.008360087443415423 0.9999650538583529 0
outer loop
vertex -70.62261199951172 -23.06519317626953 0
vertex -71.92256164550781 -23.054325103759766 0
vertex -71.92256164550781 -23.054325103759766 0.20000000298023224
endloop
endfacet
facet normal -0.7730110275979483 -0.6343925844553703 0
outer loop
vertex -29.186845779418945 -41.68677520751953 2.200000047683716
vertex -29.186845779418945 -41.68677520751953 0
vertex -29.0438289642334 -41.86104202270508 2.200000047683716
endloop
endfacet
facet normal 0.2902821205633403 0.9569411112922521 0
outer loop
vertex -30.22437286376953 -43.62785339355469 0
vertex -30.440105438232422 -43.56241226196289 0
vertex -30.440105438232422 -43.56241226196289 2.200000047683716
endloop
endfacet
facet normal -0.2902821205633403 -0.9569411112922521 0
outer loop
vertex -29.775665283203125 -41.372047424316406 2.200000047683716
vertex -29.775665283203125 -41.372047424316406 0
vertex -29.559932708740234 -41.4374885559082 2.200000047683716
endloop
endfacet
facet normal -0.6343925844553703 0.7730110275979483 0
outer loop
vertex -29.361112594604492 -43.456138610839844 0
vertex -29.361112594604492 -43.456138610839844 2.200000047683716
vertex -29.186845779418945 -43.3131217956543 0
endloop
endfacet
facet normal -0.47140393387447393 0.8819174174080421 0
outer loop
vertex -29.361112594604492 -43.456138610839844 2.200000047683716
vertex -29.361112594604492 -43.456138610839844 0
vertex -29.559932708740234 -43.56241226196289 2.200000047683716
endloop
endfacet
facet normal -0.7730110275979483 0.6343925844553703 0
outer loop
vertex -29.0438289642334 -43.13885498046875 2.200000047683716
vertex -29.0438289642334 -43.13885498046875 0
vertex -29.186845779418945 -43.3131217956543 2.200000047683716
endloop
endfacet
facet normal -0.881919054683959 0.4714008707940113 0
outer loop
vertex -28.937557220458984 -42.94003677368164 2.200000047683716
vertex -28.937557220458984 -42.94003677368164 0
vertex -29.0438289642334 -43.13885498046875 2.200000047683716
endloop
endfacet
facet normal -0.9569411112922521 0.2902821205633403 0
outer loop
vertex -28.872116088867188 -42.72430419921875 2.200000047683716
vertex -28.872116088867188 -42.72430419921875 0
vertex -28.937557220458984 -42.94003677368164 2.200000047683716
endloop
endfacet
facet normal -0.9951848503090435 0.09801588501547505 0
outer loop
vertex -28.850019454956055 -42.49995040893555 2.200000047683716
vertex -28.850019454956055 -42.49995040893555 0
vertex -28.872116088867188 -42.72430419921875 2.200000047683716
endloop
endfacet
facet normal -0.09802426430891549 -0.9951840249957271 0
outer loop
vertex -30.000019073486328 -41.34994888305664 0
vertex -29.775665283203125 -41.372047424316406 0
vertex -29.775665283203125 -41.372047424316406 2.200000047683716
endloop
endfacet
facet normal 0.09802426430891549 -0.9951840249957271 0
outer loop
vertex -30.22437286376953 -41.372047424316406 0
vertex -30.000019073486328 -41.34994888305664 0
vertex -30.000019073486328 -41.34994888305664 2.200000047683716
endloop
endfacet
facet normal -0.09802426430891549 -0.9951840249957271 0
outer loop
vertex -30.000019073486328 -41.34994888305664 2.200000047683716
vertex -30.000019073486328 -41.34994888305664 0
vertex -29.775665283203125 -41.372047424316406 2.200000047683716
endloop
endfacet
facet normal -0.9569411112922521 -0.2902821205633403 0
outer loop
vertex -28.937557220458984 -42.05986404418945 2.200000047683716
vertex -28.872116088867188 -42.275596618652344 0
vertex -28.872116088867188 -42.275596618652344 2.200000047683716
endloop
endfacet
facet normal -0.9951848503090435 -0.09801588501547505 0
outer loop
vertex -28.872116088867188 -42.275596618652344 0
vertex -28.850019454956055 -42.49995040893555 2.200000047683716
vertex -28.872116088867188 -42.275596618652344 2.200000047683716
endloop
endfacet
facet normal -0.47139077287975345 -0.8819244521181101 0
outer loop
vertex -29.559932708740234 -41.4374885559082 2.200000047683716
vertex -29.559932708740234 -41.4374885559082 0
vertex -29.361112594604492 -41.543758392333984 2.200000047683716
endloop
endfacet
facet normal 0.2902821205633403 -0.9569411112922521 0
outer loop
vertex -30.440105438232422 -41.4374885559082 0
vertex -30.22437286376953 -41.372047424316406 0
vertex -30.22437286376953 -41.372047424316406 2.200000047683716
endloop
endfacet
facet normal 0.47139077287975345 -0.8819244521181101 0
outer loop
vertex -30.638925552368164 -41.543758392333984 0
vertex -30.440105438232422 -41.4374885559082 0
vertex -30.440105438232422 -41.4374885559082 2.200000047683716
endloop
endfacet
facet normal -0.8819228148211528 -0.4713938360839425 0
outer loop
vertex -29.0438289642334 -41.86104202270508 2.200000047683716
vertex -29.0438289642334 -41.86104202270508 0
vertex -28.937557220458984 -42.05986404418945 2.200000047683716
endloop
endfacet
facet normal -0.6343925844553703 -0.7730110275979483 0
outer loop
vertex -29.361112594604492 -41.543758392333984 2.200000047683716
vertex -29.361112594604492 -41.543758392333984 0
vertex -29.186845779418945 -41.68677520751953 2.200000047683716
endloop
endfacet
facet normal 0.6343925844553703 -0.7730110275979483 0
outer loop
vertex -30.81319236755371 -41.68677520751953 0
vertex -30.638925552368164 -41.543758392333984 0
vertex -30.638925552368164 -41.543758392333984 2.200000047683716
endloop
endfacet
facet normal 0.7730110275979483 -0.6343925844553703 0
outer loop
vertex -30.956209182739258 -41.86104202270508 0
vertex -30.81319236755371 -41.68677520751953 0
vertex -30.81319236755371 -41.68677520751953 2.200000047683716
endloop
endfacet
facet normal 0.8819228148211528 -0.4713938360839425 0
outer loop
vertex -30.956209182739258 -41.86104202270508 0
vertex -30.956209182739258 -41.86104202270508 2.200000047683716
vertex -31.062480926513672 -42.05986404418945 0
endloop
endfacet
facet normal 0.9569411112922521 -0.2902821205633403 0
outer loop
vertex -31.12792205810547 -42.275596618652344 0
vertex -31.062480926513672 -42.05986404418945 0
vertex -31.062480926513672 -42.05986404418945 2.200000047683716
endloop
endfacet
facet normal 0.9951848503090435 -0.09801588501547505 0
outer loop
vertex -31.1500186920166 -42.49995040893555 0
vertex -31.12792205810547 -42.275596618652344 0
vertex -31.12792205810547 -42.275596618652344 2.200000047683716
endloop
endfacet
facet normal 0.9951848503090435 0.09801588501547505 0
outer loop
vertex -31.12792205810547 -42.72430419921875 0
vertex -31.1500186920166 -42.49995040893555 0
vertex -31.1500186920166 -42.49995040893555 2.200000047683716
endloop
endfacet
facet normal 0.09802426430891549 -0.9951840249957271 0
outer loop
vertex -30.22437286376953 -41.372047424316406 2.200000047683716
vertex -30.22437286376953 -41.372047424316406 0
vertex -30.000019073486328 -41.34994888305664 2.200000047683716
endloop
endfacet
facet normal 0.2902821205633403 -0.9569411112922521 0
outer loop
vertex -30.440105438232422 -41.4374885559082 2.200000047683716
vertex -30.440105438232422 -41.4374885559082 0
vertex -30.22437286376953 -41.372047424316406 2.200000047683716
endloop
endfacet
facet normal 0.47139077287975345 -0.8819244521181101 0
outer loop
vertex -30.638925552368164 -41.543758392333984 2.200000047683716
vertex -30.638925552368164 -41.543758392333984 0
vertex -30.440105438232422 -41.4374885559082 2.200000047683716
endloop
endfacet
facet normal 0.6343925844553703 -0.7730110275979483 0
outer loop
vertex -30.81319236755371 -41.68677520751953 2.200000047683716
vertex -30.81319236755371 -41.68677520751953 0
vertex -30.638925552368164 -41.543758392333984 2.200000047683716
endloop
endfacet
facet normal -0.2902821205633403 0.9569411112922521 0
outer loop
vertex -29.775665283203125 -43.62785339355469 0
vertex -29.775665283203125 -43.62785339355469 2.200000047683716
vertex -29.559932708740234 -43.56241226196289 0
endloop
endfacet
facet normal -0.47140393387447393 0.8819174174080421 0
outer loop
vertex -29.559932708740234 -43.56241226196289 0
vertex -29.559932708740234 -43.56241226196289 2.200000047683716
vertex -29.361112594604492 -43.456138610839844 0
endloop
endfacet
facet normal 0.6343925844553703 0.7730110275979483 0
outer loop
vertex -30.638925552368164 -43.456138610839844 0
vertex -30.81319236755371 -43.3131217956543 0
vertex -30.81319236755371 -43.3131217956543 2.200000047683716
endloop
endfacet
facet normal -0.09800750570118845 0.9951856755531762 0
outer loop
vertex -30.000019073486328 -43.64994812011719 0
vertex -30.000019073486328 -43.64994812011719 2.200000047683716
vertex -29.775665283203125 -43.62785339355469 0
endloop
endfacet
facet normal 0.09800750570118845 0.9951856755531762 0
outer loop
vertex -30.000019073486328 -43.64994812011719 0
vertex -30.22437286376953 -43.62785339355469 0
vertex -30.22437286376953 -43.62785339355469 2.200000047683716
endloop
endfacet
facet normal 0.7730110275979483 -0.6343925844553703 0
outer loop
vertex -30.956209182739258 -41.86104202270508 2.200000047683716
vertex -30.956209182739258 -41.86104202270508 0
vertex -30.81319236755371 -41.68677520751953 2.200000047683716
endloop
endfacet
facet normal 0.8819228148211528 -0.4713938360839425 0
outer loop
vertex -31.062480926513672 -42.05986404418945 2.200000047683716
vertex -31.062480926513672 -42.05986404418945 0
vertex -30.956209182739258 -41.86104202270508 2.200000047683716
endloop
endfacet
facet normal 0.9569411112922521 -0.2902821205633403 0
outer loop
vertex -31.12792205810547 -42.275596618652344 2.200000047683716
vertex -31.12792205810547 -42.275596618652344 0
vertex -31.062480926513672 -42.05986404418945 2.200000047683716
endloop
endfacet
facet normal 0.9951848503090435 -0.09801588501547505 0
outer loop
vertex -31.1500186920166 -42.49995040893555 2.200000047683716
vertex -31.1500186920166 -42.49995040893555 0
vertex -31.12792205810547 -42.275596618652344 2.200000047683716
endloop
endfacet
facet normal 0.9951848503090435 0.09801588501547505 0
outer loop
vertex -31.12792205810547 -42.72430419921875 2.200000047683716
vertex -31.12792205810547 -42.72430419921875 0
vertex -31.1500186920166 -42.49995040893555 2.200000047683716
endloop
endfacet
facet normal 0.7730110275979483 0.6343925844553703 0
outer loop
vertex -30.81319236755371 -43.3131217956543 2.200000047683716
vertex -30.81319236755371 -43.3131217956543 0
vertex -30.956209182739258 -43.13885498046875 2.200000047683716
endloop
endfacet
facet normal 0.6343925844553703 0.7730110275979483 0
outer loop
vertex -30.638925552368164 -43.456138610839844 2.200000047683716
vertex -30.638925552368164 -43.456138610839844 0
vertex -30.81319236755371 -43.3131217956543 2.200000047683716
endloop
endfacet
facet normal -0.09800750570118845 0.9951856755531762 0
outer loop
vertex -29.775665283203125 -43.62785339355469 2.200000047683716
vertex -29.775665283203125 -43.62785339355469 0
vertex -30.000019073486328 -43.64994812011719 2.200000047683716
endloop
endfacet
facet normal 0.2902821205633403 0.9569411112922521 0
outer loop
vertex -30.22437286376953 -43.62785339355469 2.200000047683716
vertex -30.22437286376953 -43.62785339355469 0
vertex -30.440105438232422 -43.56241226196289 2.200000047683716
endloop
endfacet
facet normal 0.09800750570118845 0.9951856755531762 0
outer loop
vertex -30.000019073486328 -43.64994812011719 2.200000047683716
vertex -30.000019073486328 -43.64994812011719 0
vertex -30.22437286376953 -43.62785339355469 2.200000047683716
endloop
endfacet
facet normal 0.47140393387447393 0.8819174174080421 0
outer loop
vertex -30.440105438232422 -43.56241226196289 2.200000047683716
vertex -30.440105438232422 -43.56241226196289 0
vertex -30.638925552368164 -43.456138610839844 2.200000047683716
endloop
endfacet
facet normal 0.9569411112922521 0.2902821205633403 0
outer loop
vertex -31.062480926513672 -42.94003677368164 2.200000047683716
vertex -31.062480926513672 -42.94003677368164 0
vertex -31.12792205810547 -42.72430419921875 2.200000047683716
endloop
endfacet
facet normal 0.881919054683959 0.4714008707940113 0
outer loop
vertex -30.956209182739258 -43.13885498046875 2.200000047683716
vertex -30.956209182739258 -43.13885498046875 0
vertex -31.062480926513672 -42.94003677368164 2.200000047683716
endloop
endfacet
facet normal -0.7730110275979483 -0.6343925844553703 0
outer loop
vertex -29.186845779418945 -41.68677520751953 0
vertex -29.0438289642334 -41.86104202270508 0
vertex -29.0438289642334 -41.86104202270508 2.200000047683716
endloop
endfacet
facet normal -0.8819228148211528 -0.4713938360839425 0
outer loop
vertex -29.0438289642334 -41.86104202270508 0
vertex -28.937557220458984 -42.05986404418945 0
vertex -28.937557220458984 -42.05986404418945 2.200000047683716
endloop
endfacet
facet normal -0.2902821205633403 0.9569411112922521 0
outer loop
vertex -29.559932708740234 -43.56241226196289 2.200000047683716
vertex -29.559932708740234 -43.56241226196289 0
vertex -29.775665283203125 -43.62785339355469 2.200000047683716
endloop
endfacet
facet normal -0.6343925844553703 0.7730110275979483 0
outer loop
vertex -29.186845779418945 -43.3131217956543 2.200000047683716
vertex -29.186845779418945 -43.3131217956543 0
vertex -29.361112594604492 -43.456138610839844 2.200000047683716
endloop
endfacet
facet normal -0.47139077287975345 -0.8819244521181101 0
outer loop
vertex -29.559932708740234 -41.4374885559082 0
vertex -29.361112594604492 -41.543758392333984 0
vertex -29.361112594604492 -41.543758392333984 2.200000047683716
endloop
endfacet
facet normal -0.2902821205633403 -0.9569411112922521 0
outer loop
vertex -29.775665283203125 -41.372047424316406 0
vertex -29.559932708740234 -41.4374885559082 0
vertex -29.559932708740234 -41.4374885559082 2.200000047683716
endloop
endfacet
facet normal -0.9569411112922521 -0.2902821205633403 0
outer loop
vertex -28.937557220458984 -42.05986404418945 0
vertex -28.872116088867188 -42.275596618652344 0
vertex -28.937557220458984 -42.05986404418945 2.200000047683716
endloop
endfacet
facet normal -0.9951848503090435 -0.09801588501547505 0
outer loop
vertex -28.872116088867188 -42.275596618652344 0
vertex -28.850019454956055 -42.49995040893555 0
vertex -28.850019454956055 -42.49995040893555 2.200000047683716
endloop
endfacet
facet normal -0.9951848503090435 0.09801588501547505 0
outer loop
vertex -28.872116088867188 -42.72430419921875 0
vertex -28.872116088867188 -42.72430419921875 2.200000047683716
vertex -28.850019454956055 -42.49995040893555 0
endloop
endfacet
facet normal -0.9569411112922521 0.2902821205633403 0
outer loop
vertex -28.937557220458984 -42.94003677368164 0
vertex -28.937557220458984 -42.94003677368164 2.200000047683716
vertex -28.872116088867188 -42.72430419921875 0
endloop
endfacet
facet normal -0.881919054683959 0.4714008707940113 0
outer loop
vertex -29.0438289642334 -43.13885498046875 0
vertex -29.0438289642334 -43.13885498046875 2.200000047683716
vertex -28.937557220458984 -42.94003677368164 0
endloop
endfacet
facet normal -0.7730110275979483 0.6343925844553703 0
outer loop
vertex -29.186845779418945 -43.3131217956543 0
vertex -29.186845779418945 -43.3131217956543 2.200000047683716
vertex -29.0438289642334 -43.13885498046875 0
endloop
endfacet
facet normal 0.7730110275979483 0.6343925844553703 0
outer loop
vertex -30.81319236755371 -43.3131217956543 0
vertex -30.956209182739258 -43.13885498046875 0
vertex -30.956209182739258 -43.13885498046875 2.200000047683716
endloop
endfacet
facet normal 0.881919054683959 0.4714008707940113 0
outer loop
vertex -30.956209182739258 -43.13885498046875 0
vertex -31.062480926513672 -42.94003677368164 0
vertex -31.062480926513672 -42.94003677368164 2.200000047683716
endloop
endfacet
facet normal 0.9569411112922521 0.2902821205633403 0
outer loop
vertex -31.062480926513672 -42.94003677368164 0
vertex -31.12792205810547 -42.72430419921875 0
vertex -31.12792205810547 -42.72430419921875 2.200000047683716
endloop
endfacet
facet normal 0.47140393387447393 0.8819174174080421 0
outer loop
vertex -30.440105438232422 -43.56241226196289 0
vertex -30.638925552368164 -43.456138610839844 0
vertex -30.638925552368164 -43.456138610839844 2.200000047683716
endloop
endfacet
facet normal -0.6343925844553703 -0.7730110275979483 0
outer loop
vertex -29.361112594604492 -41.543758392333984 0
vertex -29.186845779418945 -41.68677520751953 0
vertex -29.186845779418945 -41.68677520751953 2.200000047683716
endloop
endfacet
facet normal 1 0 0
outer loop
vertex 64.84998321533203 -35.34994888305664 2.9000000953674316
vertex 64.84998321533203 -35.34994888305664 2.200000047683716
vertex 64.84998321533203 -19.64995002746582 2.200000047683716
endloop
endfacet
facet normal 0 0 1
outer loop
vertex 64.84998321533203 -19.64995002746582 2.9000000953674316
vertex 49.949981689453125 -20.449949264526367 2.9000000953674316
vertex 64.04998016357422 -20.449949264526367 2.9000000953674316
endloop
endfacet
facet normal -1 0 0
outer loop
vertex 49.14998245239258 -19.64995002746582 2.9000000953674316
vertex 49.14998245239258 -19.64995002746582 2.200000047683716
vertex 49.14998245239258 -35.34994888305664 2.200000047683716
endloop
endfacet
facet normal 0 0 1
outer loop
vertex 64.84998321533203 -19.64995002746582 2.9000000953674316
vertex 49.14998245239258 -19.64995002746582 2.9000000953674316
vertex 49.949981689453125 -20.449949264526367 2.9000000953674316
endloop
endfacet
facet normal 0 1 0
outer loop
vertex 64.84998321533203 -19.64995002746582 2.9000000953674316
vertex 49.14998245239258 -19.64995002746582 2.200000047683716
vertex 49.14998245239258 -19.64995002746582 2.9000000953674316
endloop
endfacet
facet normal -1 0 0
outer loop
vertex 49.14998245239258 -19.64995002746582 2.9000000953674316
vertex 49.14998245239258 -35.34994888305664 2.200000047683716
vertex 49.14998245239258 -35.34994888305664 2.9000000953674316
endloop
endfacet
facet normal 0 0 1
outer loop
vertex 49.949981689453125 -34.549949645996094 2.9000000953674316
vertex 49.949981689453125 -20.449949264526367 2.9000000953674316
vertex 49.14998245239258 -35.34994888305664 2.9000000953674316
endloop
endfacet
facet normal 0 1 0
outer loop
vertex 64.84998321533203 -19.64995002746582 2.9000000953674316
vertex 64.84998321533203 -19.64995002746582 2.200000047683716
vertex 49.14998245239258 -19.64995002746582 2.200000047683716
endloop
endfacet
facet normal 0 0 1
outer loop
vertex 64.04998016357422 -20.449949264526367 2.9000000953674316
vertex 64.04998016357422 -34.549949645996094 2.9000000953674316
vertex 64.84998321533203 -19.64995002746582 2.9000000953674316
endloop
endfacet
facet normal 0 0 1
outer loop
vertex 64.04998016357422 -34.549949645996094 2.9000000953674316
vertex 64.84998321533203 -35.34994888305664 2.9000000953674316
vertex 64.84998321533203 -19.64995002746582 2.9000000953674316
endloop
endfacet
facet normal 1 0 0
outer loop
vertex 64.84998321533203 -35.34994888305664 2.9000000953674316
vertex 64.84998321533203 -19.64995002746582 2.200000047683716
vertex 64.84998321533203 -19.64995002746582 2.9000000953674316
endloop
endfacet
facet normal 0 0 1
outer loop
vertex 49.14998245239258 -19.64995002746582 2.9000000953674316
vertex 49.14998245239258 -35.34994888305664 2.9000000953674316
vertex 49.949981689453125 -20.449949264526367 2.9000000953674316
endloop
endfacet
facet normal 0 -1 0
outer loop
vertex 49.14998245239258 -35.34994888305664 2.200000047683716
vertex 64.84998321533203 -35.34994888305664 2.200000047683716
vertex 49.14998245239258 -35.34994888305664 2.9000000953674316
endloop
endfacet
facet normal 0 0 1
outer loop
vertex 64.04998016357422 -34.549949645996094 2.9000000953674316
vertex 49.14998245239258 -35.34994888305664 2.9000000953674316
vertex 64.84998321533203 -35.34994888305664 2.9000000953674316
endloop
endfacet
facet normal 0 0 1
outer loop
vertex 64.04998016357422 -34.549949645996094 2.9000000953674316
vertex 49.949981689453125 -34.549949645996094 2.9000000953674316
vertex 49.14998245239258 -35.34994888305664 2.9000000953674316
endloop
endfacet
facet normal 0 -1 0
outer loop
vertex 49.14998245239258 -35.34994888305664 2.9000000953674316
vertex 64.84998321533203 -35.34994888305664 2.200000047683716
vertex 64.84998321533203 -35.34994888305664 2.9000000953674316
endloop
endfacet
facet normal 1 0 0
outer loop
vertex 49.949981689453125 -20.449949264526367 2.9000000953674316
vertex 49.949981689453125 -34.549949645996094 2.200000047683716
vertex 49.949981689453125 -20.449949264526367 2.200000047683716
endloop
endfacet
facet normal 0 -1 0
outer loop
vertex 49.949981689453125 -20.449949264526367 2.200000047683716
vertex 64.04998016357422 -20.449949264526367 2.9000000953674316
vertex 49.949981689453125 -20.449949264526367 2.9000000953674316
endloop
endfacet
facet normal 0 -1 0
outer loop
vertex 64.04998016357422 -20.449949264526367 2.9000000953674316
vertex 49.949981689453125 -20.449949264526367 2.200000047683716
vertex 64.04998016357422 -20.449949264526367 2.200000047683716
endloop
endfacet
facet normal 1 0 0
outer loop
vertex 49.949981689453125 -34.549949645996094 2.200000047683716
vertex 49.949981689453125 -20.449949264526367 2.9000000953674316
vertex 49.949981689453125 -34.549949645996094 2.9000000953674316
endloop
endfacet
facet normal -1 0 0
outer loop
vertex 64.04998016357422 -20.449949264526367 2.200000047683716
vertex 64.04998016357422 -34.549949645996094 2.9000000953674316
vertex 64.04998016357422 -20.449949264526367 2.9000000953674316
endloop
endfacet
facet normal 0 1 0
outer loop
vertex 64.04998016357422 -34.549949645996094 2.9000000953674316
vertex 64.04998016357422 -34.549949645996094 2.200000047683716
vertex 49.949981689453125 -34.549949645996094 2.200000047683716
endloop
endfacet
facet normal 0 1 0
outer loop
vertex 49.949981689453125 -34.549949645996094 2.200000047683716
vertex 49.949981689453125 -34.549949645996094 2.9000000953674316
vertex 64.04998016357422 -34.549949645996094 2.9000000953674316
endloop
endfacet
facet normal -1 0 0
outer loop
vertex 64.04998016357422 -34.549949645996094 2.9000000953674316
vertex 64.04998016357422 -20.449949264526367 2.200000047683716
vertex 64.04998016357422 -34.549949645996094 2.200000047683716
endloop
endfacet
facet normal 1 0 0
outer loop
vertex 45.849979400634766 -35.34994888305664 2.200000047683716
vertex 45.849979400634766 -19.64995002746582 2.200000047683716
vertex 45.849979400634766 -35.34994888305664 2.9000000953674316
endloop
endfacet
facet normal 0 0 1
outer loop
vertex 30.149980545043945 -19.64995002746582 2.9000000953674316
vertex 30.149980545043945 -35.34994888305664 2.9000000953674316
vertex 30.949981689453125 -20.449949264526367 2.9000000953674316
endloop
endfacet
facet normal 0 -1 0
outer loop
vertex 30.149980545043945 -35.34994888305664 2.200000047683716
vertex 45.849979400634766 -35.34994888305664 2.200000047683716
vertex 30.149980545043945 -35.34994888305664 2.9000000953674316
endloop
endfacet
facet normal -1 0 0
outer loop
vertex 30.149980545043945 -19.64995002746582 2.9000000953674316
vertex 30.149980545043945 -19.64995002746582 2.200000047683716
vertex 30.149980545043945 -35.34994888305664 2.200000047683716
endloop
endfacet
facet normal 0 0 1
outer loop
vertex 45.04998016357422 -20.449949264526367 2.9000000953674316
vertex 45.04998016357422 -34.549949645996094 2.9000000953674316
vertex 45.849979400634766 -19.64995002746582 2.9000000953674316
endloop
endfacet
facet normal 0 1 0
outer loop
vertex 45.849979400634766 -19.64995002746582 2.9000000953674316
vertex 30.149980545043945 -19.64995002746582 2.200000047683716
vertex 30.149980545043945 -19.64995002746582 2.9000000953674316
endloop
endfacet
facet normal 0 0 1
outer loop
vertex 45.849979400634766 -19.64995002746582 2.9000000953674316
vertex 30.149980545043945 -19.64995002746582 2.9000000953674316
vertex 30.949981689453125 -20.449949264526367 2.9000000953674316
endloop
endfacet
facet normal 0 0 1
outer loop
vertex 45.04998016357422 -34.549949645996094 2.9000000953674316
vertex 45.849979400634766 -35.34994888305664 2.9000000953674316
vertex 45.849979400634766 -19.64995002746582 2.9000000953674316
endloop
endfacet
facet normal 0 1 0
outer loop
vertex 45.849979400634766 -19.64995002746582 2.9000000953674316
vertex 45.849979400634766 -19.64995002746582 2.200000047683716
vertex 30.149980545043945 -19.64995002746582 2.200000047683716
endloop
endfacet
facet normal -1 0 0
outer loop
vertex 30.149980545043945 -19.64995002746582 2.9000000953674316
vertex 30.149980545043945 -35.34994888305664 2.200000047683716
vertex 30.149980545043945 -35.34994888305664 2.9000000953674316
endloop
endfacet
facet normal 0 0 1
outer loop
vertex 30.949981689453125 -34.549949645996094 2.9000000953674316
vertex 30.949981689453125 -20.449949264526367 2.9000000953674316
vertex 30.149980545043945 -35.34994888305664 2.9000000953674316
endloop
endfacet
facet normal 0 0 1
outer loop
vertex 45.849979400634766 -19.64995002746582 2.9000000953674316
vertex 30.949981689453125 -20.449949264526367 2.9000000953674316
vertex 45.04998016357422 -20.449949264526367 2.9000000953674316
endloop
endfacet
facet normal 0 -1 0
outer loop
vertex 30.149980545043945 -35.34994888305664 2.9000000953674316
vertex 45.849979400634766 -35.34994888305664 2.200000047683716
vertex 45.849979400634766 -35.34994888305664 2.9000000953674316
endloop
endfacet
facet normal 0 0 1
outer loop
vertex 45.04998016357422 -34.549949645996094 2.9000000953674316
vertex 30.149980545043945 -35.34994888305664 2.9000000953674316
vertex 45.849979400634766 -35.34994888305664 2.9000000953674316
endloop
endfacet
facet normal 1 0 0
outer loop
vertex 45.849979400634766 -35.34994888305664 2.9000000953674316
vertex 45.849979400634766 -19.64995002746582 2.200000047683716
vertex 45.849979400634766 -19.64995002746582 2.9000000953674316
endloop
endfacet
facet normal 0 0 1
outer loop
vertex 30.949981689453125 -34.549949645996094 2.9000000953674316
vertex 30.149980545043945 -35.34994888305664 2.9000000953674316
vertex 45.04998016357422 -34.549949645996094 2.9000000953674316
endloop
endfacet
facet normal 0 1 0
outer loop
vertex 45.04998016357422 -34.549949645996094 2.200000047683716
vertex 30.949981689453125 -34.549949645996094 2.200000047683716
vertex 30.949981689453125 -34.549949645996094 2.9000000953674316
endloop
endfacet
facet normal 0 -1 0
outer loop
vertex 30.949981689453125 -20.449949264526367 2.200000047683716
vertex 45.04998016357422 -20.449949264526367 2.9000000953674316
vertex 30.949981689453125 -20.449949264526367 2.9000000953674316
endloop
endfacet
facet normal -1 0 0
outer loop
vertex 45.04998016357422 -34.549949645996094 2.9000000953674316
vertex 45.04998016357422 -20.449949264526367 2.200000047683716
vertex 45.04998016357422 -34.549949645996094 2.200000047683716
endloop
endfacet
facet normal 0 -1 0
outer loop
vertex 45.04998016357422 -20.449949264526367 2.9000000953674316
vertex 30.949981689453125 -20.449949264526367 2.200000047683716
vertex 45.04998016357422 -20.449949264526367 2.200000047683716
endloop
endfacet
facet normal 1 0 0
outer loop
vertex 30.949981689453125 -20.449949264526367 2.9000000953674316
vertex 30.949981689453125 -34.549949645996094 2.200000047683716
vertex 30.949981689453125 -20.449949264526367 2.200000047683716
endloop
endfacet
facet normal 0 1 0
outer loop
vertex 45.04998016357422 -34.549949645996094 2.200000047683716
vertex 30.949981689453125 -34.549949645996094 2.9000000953674316
vertex 45.04998016357422 -34.549949645996094 2.9000000953674316
endloop
endfacet
facet normal -1 0 0
outer loop
vertex 45.04998016357422 -20.449949264526367 2.200000047683716
vertex 45.04998016357422 -34.549949645996094 2.9000000953674316
vertex 45.04998016357422 -20.449949264526367 2.9000000953674316
endloop
endfacet
facet normal 1 0 0
outer loop
vertex 30.949981689453125 -34.549949645996094 2.200000047683716
vertex 30.949981689453125 -20.449949264526367 2.9000000953674316
vertex 30.949981689453125 -34.549949645996094 2.9000000953674316
endloop
endfacet
facet normal -1 0 0
outer loop
vertex 11.149981498718262 -19.64995002746582 2.9000000953674316
vertex 11.149981498718262 -19.64995002746582 2.200000047683716
vertex 11.149981498718262 -35.34994888305664 2.200000047683716
endloop
endfacet
facet normal 0 -1 0
outer loop
vertex 11.149981498718262 -35.34994888305664 2.200000047683716
vertex 26.8499813079834 -35.34994888305664 2.200000047683716
vertex 11.149981498718262 -35.34994888305664 2.9000000953674316
endloop
endfacet
facet normal 0 1 0
outer loop
vertex 26.8499813079834 -19.64995002746582 2.9000000953674316
vertex 11.149981498718262 -19.64995002746582 2.200000047683716
vertex 11.149981498718262 -19.64995002746582 2.9000000953674316
endloop
endfacet
facet normal 0 0 1
outer loop
vertex 26.04998207092285 -20.449949264526367 2.9000000953674316
vertex 26.04998207092285 -34.549949645996094 2.9000000953674316
vertex 26.8499813079834 -19.64995002746582 2.9000000953674316
endloop
endfacet
facet normal 0 0 1
outer loop
vertex 26.04998207092285 -34.549949645996094 2.9000000953674316
vertex 26.8499813079834 -35.34994888305664 2.9000000953674316
vertex 26.8499813079834 -19.64995002746582 2.9000000953674316
endloop
endfacet
facet normal 1 0 0
outer loop
vertex 26.8499813079834 -35.34994888305664 2.9000000953674316
vertex 26.8499813079834 -19.64995002746582 2.200000047683716
vertex 26.8499813079834 -19.64995002746582 2.9000000953674316
endloop
endfacet
facet normal 0 0 1
outer loop
vertex 26.04998207092285 -34.549949645996094 2.9000000953674316
vertex 11.149981498718262 -35.34994888305664 2.9000000953674316
vertex 26.8499813079834 -35.34994888305664 2.9000000953674316
endloop
endfacet
facet normal 0 -1 0
outer loop
vertex 11.149981498718262 -35.34994888305664 2.9000000953674316
vertex 26.8499813079834 -35.34994888305664 2.200000047683716
vertex 26.8499813079834 -35.34994888305664 2.9000000953674316
endloop
endfacet
facet normal 0 0 1
outer loop
vertex 26.8499813079834 -19.64995002746582 2.9000000953674316
vertex 11.149981498718262 -19.64995002746582 2.9000000953674316
vertex 11.949980735778809 -20.449949264526367 2.9000000953674316
endloop
endfacet
facet normal 0 0 1
outer loop
vertex 26.8499813079834 -19.64995002746582 2.9000000953674316
vertex 11.949980735778809 -20.449949264526367 2.9000000953674316
vertex 26.04998207092285 -20.449949264526367 2.9000000953674316
endloop
endfacet
facet normal 0 1 0
outer loop
vertex 26.8499813079834 -19.64995002746582 2.9000000953674316
vertex 26.8499813079834 -19.64995002746582 2.200000047683716
vertex 11.149981498718262 -19.64995002746582 2.200000047683716
endloop
endfacet
facet normal 1 0 0
outer loop
vertex 26.8499813079834 -35.34994888305664 2.200000047683716
vertex 26.8499813079834 -19.64995002746582 2.200000047683716
vertex 26.8499813079834 -35.34994888305664 2.9000000953674316
endloop
endfacet
facet normal 0 0 1
outer loop
vertex 11.149981498718262 -19.64995002746582 2.9000000953674316
vertex 11.149981498718262 -35.34994888305664 2.9000000953674316
vertex 11.949980735778809 -20.449949264526367 2.9000000953674316
endloop
endfacet
facet normal 0 0 1
outer loop
vertex 26.04998207092285 -34.549949645996094 2.9000000953674316
vertex 11.949980735778809 -34.549949645996094 2.9000000953674316
vertex 11.149981498718262 -35.34994888305664 2.9000000953674316
endloop
endfacet
facet normal 0 0 1
outer loop
vertex 11.949980735778809 -34.549949645996094 2.9000000953674316
vertex 11.949980735778809 -20.449949264526367 2.9000000953674316
vertex 11.149981498718262 -35.34994888305664 2.9000000953674316
endloop
endfacet
facet normal -1 0 0
outer loop
vertex 11.149981498718262 -19.64995002746582 2.9000000953674316
vertex 11.149981498718262 -35.34994888305664 2.200000047683716
vertex 11.149981498718262 -35.34994888305664 2.9000000953674316
endloop
endfacet
facet normal 0 1 0
outer loop
vertex 26.04998207092285 -34.549949645996094 2.200000047683716
vertex 11.949980735778809 -34.549949645996094 2.200000047683716
vertex 11.949980735778809 -34.549949645996094 2.9000000953674316
endloop
endfacet
facet normal 0 -1 0
outer loop
vertex 11.949980735778809 -20.449949264526367 2.200000047683716
vertex 26.04998207092285 -20.449949264526367 2.9000000953674316
vertex 11.949980735778809 -20.449949264526367 2.9000000953674316
endloop
endfacet
facet normal -1 0 0
outer loop
vertex 26.04998207092285 -20.449949264526367 2.200000047683716
vertex 26.04998207092285 -34.549949645996094 2.9000000953674316
vertex 26.04998207092285 -20.449949264526367 2.9000000953674316
endloop
endfacet
facet normal 0 1 0
outer loop
vertex 26.04998207092285 -34.549949645996094 2.200000047683716
vertex 11.949980735778809 -34.549949645996094 2.9000000953674316
vertex 26.04998207092285 -34.549949645996094 2.9000000953674316
endloop
endfacet
facet normal 0 -1 0
outer loop
vertex 26.04998207092285 -20.449949264526367 2.9000000953674316
vertex 11.949980735778809 -20.449949264526367 2.200000047683716
vertex 26.04998207092285 -20.449949264526367 2.200000047683716
endloop
endfacet
facet normal -1 0 0
outer loop
vertex 26.04998207092285 -34.549949645996094 2.9000000953674316
vertex 26.04998207092285 -20.449949264526367 2.200000047683716
vertex 26.04998207092285 -34.549949645996094 2.200000047683716
endloop
endfacet
facet normal 1 0 0
outer loop
vertex 11.949980735778809 -34.549949645996094 2.200000047683716
vertex 11.949980735778809 -20.449949264526367 2.9000000953674316
vertex 11.949980735778809 -34.549949645996094 2.9000000953674316
endloop
endfacet
facet normal 1 0 0
outer loop
vertex 11.949980735778809 -20.449949264526367 2.9000000953674316
vertex 11.949980735778809 -34.549949645996094 2.200000047683716
vertex 11.949980735778809 -20.449949264526367 2.200000047683716
endloop
endfacet
facet normal 0 0 1
outer loop
vertex 7.849981307983398 -19.64995002746582 2.9000000953674316
vertex -7.8500189781188965 -19.64995002746582 2.9000000953674316
vertex -7.050018787384033 -20.449949264526367 2.9000000953674316
endloop
endfacet
facet normal 1 0 0
outer loop
vertex 7.849981307983398 -35.34994888305664 2.9000000953674316
vertex 7.849981307983398 -19.64995002746582 2.200000047683716
vertex 7.849981307983398 -19.64995002746582 2.9000000953674316
endloop
endfacet
facet normal 0 0 1
outer loop
vertex 7.049981117248535 -34.549949645996094 2.9000000953674316
vertex -7.8500189781188965 -35.34994888305664 2.9000000953674316
vertex 7.849981307983398 -35.34994888305664 2.9000000953674316
endloop
endfacet
facet normal 0 -1 0
outer loop
vertex -7.8500189781188965 -35.34994888305664 2.9000000953674316
vertex 7.849981307983398 -35.34994888305664 2.200000047683716
vertex 7.849981307983398 -35.34994888305664 2.9000000953674316
endloop
endfacet
facet normal 0 0 1
outer loop
vertex 7.049981117248535 -34.549949645996094 2.9000000953674316
vertex 7.849981307983398 -35.34994888305664 2.9000000953674316
vertex 7.849981307983398 -19.64995002746582 2.9000000953674316
endloop
endfacet
facet normal 0 0 1
outer loop
vertex 7.049981117248535 -20.449949264526367 2.9000000953674316
vertex 7.049981117248535 -34.549949645996094 2.9000000953674316
vertex 7.849981307983398 -19.64995002746582 2.9000000953674316
endloop
endfacet
facet normal 0 1 0
outer loop
vertex 7.849981307983398 -19.64995002746582 2.9000000953674316
vertex 7.849981307983398 -19.64995002746582 2.200000047683716
vertex -7.8500189781188965 -19.64995002746582 2.200000047683716
endloop
endfacet
facet normal 1 0 0
outer loop
vertex 7.849981307983398 -35.34994888305664 2.9000000953674316
vertex 7.849981307983398 -35.34994888305664 2.200000047683716
vertex 7.849981307983398 -19.64995002746582 2.200000047683716
endloop
endfacet
facet normal -1 0 0
outer loop
vertex -7.8500189781188965 -19.64995002746582 2.200000047683716
vertex -7.8500189781188965 -35.34994888305664 2.200000047683716
vertex -7.8500189781188965 -19.64995002746582 2.9000000953674316
endloop
endfacet
facet normal 0 0 1
outer loop
vertex 7.849981307983398 -19.64995002746582 2.9000000953674316
vertex -7.050018787384033 -20.449949264526367 2.9000000953674316
vertex 7.049981117248535 -20.449949264526367 2.9000000953674316
endloop
endfacet
facet normal 0 -1 0
outer loop
vertex -7.8500189781188965 -35.34994888305664 2.9000000953674316
vertex -7.8500189781188965 -35.34994888305664 2.200000047683716
vertex 7.849981307983398 -35.34994888305664 2.200000047683716
endloop
endfacet
facet normal 0 1 0
outer loop
vertex 7.849981307983398 -19.64995002746582 2.9000000953674316
vertex -7.8500189781188965 -19.64995002746582 2.200000047683716
vertex -7.8500189781188965 -19.64995002746582 2.9000000953674316
endloop
endfacet
facet normal 0 0 1
outer loop
vertex -7.8500189781188965 -19.64995002746582 2.9000000953674316
vertex -7.8500189781188965 -35.34994888305664 2.9000000953674316
vertex -7.050018787384033 -20.449949264526367 2.9000000953674316
endloop
endfacet
facet normal 0 0 1
outer loop
vertex -7.8500189781188965 -35.34994888305664 2.9000000953674316
vertex 7.049981117248535 -34.549949645996094 2.9000000953674316
vertex -7.050018787384033 -34.549949645996094 2.9000000953674316
endloop
endfacet
facet normal 0 0 1
outer loop
vertex -7.050018787384033 -34.549949645996094 2.9000000953674316
vertex -7.050018787384033 -20.449949264526367 2.9000000953674316
vertex -7.8500189781188965 -35.34994888305664 2.9000000953674316
endloop
endfacet
facet normal -1 0 0
outer loop
vertex -7.8500189781188965 -19.64995002746582 2.9000000953674316
vertex -7.8500189781188965 -35.34994888305664 2.200000047683716
vertex -7.8500189781188965 -35.34994888305664 2.9000000953674316
endloop
endfacet
facet normal -1 0 0
outer loop
vertex 7.049981117248535 -20.449949264526367 2.200000047683716
vertex 7.049981117248535 -34.549949645996094 2.9000000953674316
vertex 7.049981117248535 -20.449949264526367 2.9000000953674316
endloop
endfacet
facet normal 0 1 0
outer loop
vertex 7.049981117248535 -34.549949645996094 2.200000047683716
vertex -7.050018787384033 -34.549949645996094 2.9000000953674316
vertex 7.049981117248535 -34.549949645996094 2.9000000953674316
endloop
endfacet
facet normal 0 -1 0
outer loop
vertex 7.049981117248535 -20.449949264526367 2.9000000953674316
vertex -7.050018787384033 -20.449949264526367 2.200000047683716
vertex 7.049981117248535 -20.449949264526367 2.200000047683716
endloop
endfacet
facet normal -1 0 0
outer loop
vertex 7.049981117248535 -34.549949645996094 2.9000000953674316
vertex 7.049981117248535 -20.449949264526367 2.200000047683716
vertex 7.049981117248535 -34.549949645996094 2.200000047683716
endloop
endfacet
facet normal 1 0 0
outer loop
vertex -7.050018787384033 -20.449949264526367 2.9000000953674316
vertex -7.050018787384033 -34.549949645996094 2.200000047683716
vertex -7.050018787384033 -20.449949264526367 2.200000047683716
endloop
endfacet
facet normal 0 1 0
outer loop
vertex -7.050018787384033 -34.549949645996094 2.9000000953674316
vertex 7.049981117248535 -34.549949645996094 2.200000047683716
vertex -7.050018787384033 -34.549949645996094 2.200000047683716
endloop
endfacet
facet normal 1 0 0
outer loop
vertex -7.050018787384033 -34.549949645996094 2.200000047683716
vertex -7.050018787384033 -20.449949264526367 2.9000000953674316
vertex -7.050018787384033 -34.549949645996094 2.9000000953674316
endloop
endfacet
facet normal 0 -1 0
outer loop
vertex -7.050018787384033 -20.449949264526367 2.200000047683716
vertex 7.049981117248535 -20.449949264526367 2.9000000953674316
vertex -7.050018787384033 -20.449949264526367 2.9000000953674316
endloop
endfacet
facet normal 1 0 0
outer loop
vertex -11.150018692016602 -35.34994888305664 2.9000000953674316
vertex -11.150018692016602 -19.64995002746582 2.200000047683716
vertex -11.150018692016602 -19.64995002746582 2.9000000953674316
endloop
endfacet
facet normal 0 1 0
outer loop
vertex -11.150018692016602 -19.64995002746582 2.9000000953674316
vertex -26.850019454956055 -19.64995002746582 2.200000047683716
vertex -26.850019454956055 -19.64995002746582 2.9000000953674316
endloop
endfacet
facet normal 0 -1 0
outer loop
vertex -26.850019454956055 -35.34994888305664 2.9000000953674316
vertex -11.150018692016602 -35.34994888305664 2.200000047683716
vertex -11.150018692016602 -35.34994888305664 2.9000000953674316
endloop
endfacet
facet normal 0 1 0
outer loop
vertex -11.150018692016602 -19.64995002746582 2.9000000953674316
vertex -11.150018692016602 -19.64995002746582 2.200000047683716
vertex -26.850019454956055 -19.64995002746582 2.200000047683716
endloop
endfacet
facet normal 0 0 1
outer loop
vertex -11.150018692016602 -19.64995002746582 2.9000000953674316
vertex -26.050018310546875 -20.449949264526367 2.9000000953674316
vertex -11.950018882751465 -20.449949264526367 2.9000000953674316
endloop
endfacet
facet normal -1 0 0
outer loop
vertex -26.850019454956055 -19.64995002746582 2.9000000953674316
vertex -26.850019454956055 -19.64995002746582 2.200000047683716
vertex -26.850019454956055 -35.34994888305664 2.200000047683716
endloop
endfacet
facet normal 0 -1 0
outer loop
vertex -26.850019454956055 -35.34994888305664 2.9000000953674316
vertex -26.850019454956055 -35.34994888305664 2.200000047683716
vertex -11.150018692016602 -35.34994888305664 2.200000047683716
endloop
endfacet
facet normal -1 0 0
outer loop
vertex -26.850019454956055 -19.64995002746582 2.9000000953674316
vertex -26.850019454956055 -35.34994888305664 2.200000047683716
vertex -26.850019454956055 -35.34994888305664 2.9000000953674316
endloop
endfacet
facet normal 0 0 1
outer loop
vertex -26.050018310546875 -34.549949645996094 2.9000000953674316
vertex -26.050018310546875 -20.449949264526367 2.9000000953674316
vertex -26.850019454956055 -35.34994888305664 2.9000000953674316
endloop
endfacet
facet normal 0 0 1
outer loop
vertex -11.950018882751465 -34.549949645996094 2.9000000953674316
vertex -26.050018310546875 -34.549949645996094 2.9000000953674316
vertex -26.850019454956055 -35.34994888305664 2.9000000953674316
endloop
endfacet
facet normal 0 0 1
outer loop
vertex -11.950018882751465 -34.549949645996094 2.9000000953674316
vertex -26.850019454956055 -35.34994888305664 2.9000000953674316
vertex -11.150018692016602 -35.34994888305664 2.9000000953674316
endloop
endfacet
facet normal 0 0 1
outer loop
vertex -26.850019454956055 -19.64995002746582 2.9000000953674316
vertex -26.850019454956055 -35.34994888305664 2.9000000953674316
vertex -26.050018310546875 -20.449949264526367 2.9000000953674316
endloop
endfacet
facet normal 1 0 0
outer loop
vertex -11.150018692016602 -35.34994888305664 2.9000000953674316
vertex -11.150018692016602 -35.34994888305664 2.200000047683716
vertex -11.150018692016602 -19.64995002746582 2.200000047683716
endloop
endfacet
facet normal 0 0 1
outer loop
vertex -11.150018692016602 -19.64995002746582 2.9000000953674316
vertex -26.850019454956055 -19.64995002746582 2.9000000953674316
vertex -26.050018310546875 -20.449949264526367 2.9000000953674316
endloop
endfacet
facet normal 0 0 1
outer loop
vertex -11.950018882751465 -34.549949645996094 2.9000000953674316
vertex -11.150018692016602 -35.34994888305664 2.9000000953674316
vertex -11.150018692016602 -19.64995002746582 2.9000000953674316
endloop
endfacet
facet normal 0 0 1
outer loop
vertex -11.950018882751465 -20.449949264526367 2.9000000953674316
vertex -11.950018882751465 -34.549949645996094 2.9000000953674316
vertex -11.150018692016602 -19.64995002746582 2.9000000953674316
endloop
endfacet
facet normal 1 0 0
outer loop
vertex -26.050018310546875 -20.449949264526367 2.9000000953674316
vertex -26.050018310546875 -34.549949645996094 2.200000047683716
vertex -26.050018310546875 -20.449949264526367 2.200000047683716
endloop
endfacet
facet normal 0 -1 0
outer loop
vertex -26.050018310546875 -20.449949264526367 2.200000047683716
vertex -11.950018882751465 -20.449949264526367 2.9000000953674316
vertex -26.050018310546875 -20.449949264526367 2.9000000953674316
endloop
endfacet
facet normal -1 0 0
outer loop
vertex -11.950018882751465 -34.549949645996094 2.9000000953674316
vertex -11.950018882751465 -20.449949264526367 2.200000047683716
vertex -11.950018882751465 -34.549949645996094 2.200000047683716
endloop
endfacet
facet normal -1 0 0
outer loop
vertex -11.950018882751465 -20.449949264526367 2.200000047683716
vertex -11.950018882751465 -34.549949645996094 2.9000000953674316
vertex -11.950018882751465 -20.449949264526367 2.9000000953674316
endloop
endfacet
facet normal 0 -1 0
outer loop
vertex -11.950018882751465 -20.449949264526367 2.9000000953674316
vertex -26.050018310546875 -20.449949264526367 2.200000047683716
vertex -11.950018882751465 -20.449949264526367 2.200000047683716
endloop
endfacet
facet normal 0 1 0
outer loop
vertex -26.050018310546875 -34.549949645996094 2.9000000953674316
vertex -11.950018882751465 -34.549949645996094 2.200000047683716
vertex -26.050018310546875 -34.549949645996094 2.200000047683716
endloop
endfacet
facet normal 1 0 0
outer loop
vertex -26.050018310546875 -34.549949645996094 2.200000047683716
vertex -26.050018310546875 -20.449949264526367 2.9000000953674316
vertex -26.050018310546875 -34.549949645996094 2.9000000953674316
endloop
endfacet
facet normal 0 1 0
outer loop
vertex -11.950018882751465 -34.549949645996094 2.200000047683716
vertex -26.050018310546875 -34.549949645996094 2.9000000953674316
vertex -11.950018882751465 -34.549949645996094 2.9000000953674316
endloop
endfacet
facet normal 0 0 1
outer loop
vertex -30.1500186920166 -19.64995002746582 2.9000000953674316
vertex -45.85001754760742 -19.64995002746582 2.9000000953674316
vertex -45.050018310546875 -20.449949264526367 2.9000000953674316
endloop
endfacet
facet normal 0 -1 0
outer loop
vertex -30.1500186920166 -35.34994888305664 2.200000047683716
vertex -45.85001754760742 -35.34994888305664 2.9000000953674316
vertex -45.85001754760742 -35.34994888305664 2.200000047683716
endloop
endfacet
facet normal -1 0 0
outer loop
vertex -45.85001754760742 -19.64995002746582 2.9000000953674316
vertex -45.85001754760742 -19.64995002746582 2.200000047683716
vertex -45.85001754760742 -35.34994888305664 2.200000047683716
endloop
endfacet
facet normal 1 0 0
outer loop
vertex -30.1500186920166 -35.34994888305664 2.9000000953674316
vertex -30.1500186920166 -19.64995002746582 2.200000047683716
vertex -30.1500186920166 -19.64995002746582 2.9000000953674316
endloop
endfacet
facet normal 0 0 1
outer loop
vertex -30.95001792907715 -34.549949645996094 2.9000000953674316
vertex -45.85001754760742 -35.34994888305664 2.9000000953674316
vertex -30.1500186920166 -35.34994888305664 2.9000000953674316
endloop
endfacet
facet normal -1 0 0
outer loop
vertex -45.85001754760742 -19.64995002746582 2.9000000953674316
vertex -45.85001754760742 -35.34994888305664 2.200000047683716
vertex -45.85001754760742 -35.34994888305664 2.9000000953674316
endloop
endfacet
facet normal 0 1 0
outer loop
vertex -30.1500186920166 -19.64995002746582 2.9000000953674316
vertex -45.85001754760742 -19.64995002746582 2.200000047683716
vertex -45.85001754760742 -19.64995002746582 2.9000000953674316
endloop
endfacet
facet normal 0 0 1
outer loop
vertex -30.95001792907715 -34.549949645996094 2.9000000953674316
vertex -30.1500186920166 -35.34994888305664 2.9000000953674316
vertex -30.1500186920166 -19.64995002746582 2.9000000953674316
endloop
endfacet
facet normal 0 0 1
outer loop
vertex -45.050018310546875 -34.549949645996094 2.9000000953674316
vertex -45.050018310546875 -20.449949264526367 2.9000000953674316
vertex -45.85001754760742 -35.34994888305664 2.9000000953674316
endloop
endfacet
facet normal 0 0 1
outer loop
vertex -30.1500186920166 -19.64995002746582 2.9000000953674316
vertex -30.95001792907715 -20.449949264526367 2.9000000953674316
vertex -30.95001792907715 -34.549949645996094 2.9000000953674316
endloop
endfacet
facet normal 1 0 0
outer loop
vertex -30.1500186920166 -35.34994888305664 2.9000000953674316
vertex -30.1500186920166 -35.34994888305664 2.200000047683716
vertex -30.1500186920166 -19.64995002746582 2.200000047683716
endloop
endfacet
facet normal 0 -1 0
outer loop
vertex -45.85001754760742 -35.34994888305664 2.9000000953674316
vertex -30.1500186920166 -35.34994888305664 2.200000047683716
vertex -30.1500186920166 -35.34994888305664 2.9000000953674316
endloop
endfacet
facet normal 0 0 1
outer loop
vertex -30.95001792907715 -34.549949645996094 2.9000000953674316
vertex -45.050018310546875 -34.549949645996094 2.9000000953674316
vertex -45.85001754760742 -35.34994888305664 2.9000000953674316
endloop
endfacet
facet normal 0 0 1
outer loop
vertex -30.1500186920166 -19.64995002746582 2.9000000953674316
vertex -45.050018310546875 -20.449949264526367 2.9000000953674316
vertex -30.95001792907715 -20.449949264526367 2.9000000953674316
endloop
endfacet
facet normal 0 0 1
outer loop
vertex -45.85001754760742 -19.64995002746582 2.9000000953674316
vertex -45.85001754760742 -35.34994888305664 2.9000000953674316
vertex -45.050018310546875 -20.449949264526367 2.9000000953674316
endloop
endfacet
facet normal 0 1 0
outer loop
vertex -30.1500186920166 -19.64995002746582 2.9000000953674316
vertex -30.1500186920166 -19.64995002746582 2.200000047683716
vertex -45.85001754760742 -19.64995002746582 2.200000047683716
endloop
endfacet
facet normal 1 0 0
outer loop
vertex -45.050018310546875 -20.449949264526367 2.9000000953674316
vertex -45.050018310546875 -34.549949645996094 2.200000047683716
vertex -45.050018310546875 -20.449949264526367 2.200000047683716
endloop
endfacet
facet normal 0 1 0
outer loop
vertex -45.050018310546875 -34.549949645996094 2.9000000953674316
vertex -30.95001792907715 -34.549949645996094 2.200000047683716
vertex -45.050018310546875 -34.549949645996094 2.200000047683716
endloop
endfacet
facet normal 0 1 0
outer loop
vertex -30.95001792907715 -34.549949645996094 2.200000047683716
vertex -45.050018310546875 -34.549949645996094 2.9000000953674316
vertex -30.95001792907715 -34.549949645996094 2.9000000953674316
endloop
endfacet
facet normal 0 -1 0
outer loop
vertex -45.050018310546875 -20.449949264526367 2.200000047683716
vertex -30.95001792907715 -20.449949264526367 2.9000000953674316
vertex -45.050018310546875 -20.449949264526367 2.9000000953674316
endloop
endfacet
facet normal -1 0 0
outer loop
vertex -30.95001792907715 -20.449949264526367 2.200000047683716
vertex -30.95001792907715 -34.549949645996094 2.9000000953674316
vertex -30.95001792907715 -20.449949264526367 2.9000000953674316
endloop
endfacet
facet normal -1 0 0
outer loop
vertex -30.95001792907715 -34.549949645996094 2.9000000953674316
vertex -30.95001792907715 -20.449949264526367 2.200000047683716
vertex -30.95001792907715 -34.549949645996094 2.200000047683716
endloop
endfacet
facet normal 0 -1 0
outer loop
vertex -30.95001792907715 -20.449949264526367 2.9000000953674316
vertex -45.050018310546875 -20.449949264526367 2.200000047683716
vertex -30.95001792907715 -20.449949264526367 2.200000047683716
endloop
endfacet
facet normal 1 0 0
outer loop
vertex -45.050018310546875 -34.549949645996094 2.200000047683716
vertex -45.050018310546875 -20.449949264526367 2.9000000953674316
vertex -45.050018310546875 -34.549949645996094 2.9000000953674316
endloop
endfacet
facet normal -1 0 0
outer loop
vertex -64.85002136230469 -19.64995002746582 2.9000000953674316
vertex -64.85002136230469 -19.64995002746582 2.200000047683716
vertex -64.85002136230469 -35.34994888305664 2.200000047683716
endloop
endfacet
facet normal 0 -1 0
outer loop
vertex -64.85002136230469 -35.34994888305664 2.9000000953674316
vertex -64.85002136230469 -35.34994888305664 2.200000047683716
vertex -49.150020599365234 -35.34994888305664 2.200000047683716
endloop
endfacet
facet normal -1 0 0
outer loop
vertex -64.85002136230469 -19.64995002746582 2.9000000953674316
vertex -64.85002136230469 -35.34994888305664 2.200000047683716
vertex -64.85002136230469 -35.34994888305664 2.9000000953674316
endloop
endfacet
facet normal 0 0 1
outer loop
vertex -49.150020599365234 -19.64995002746582 2.9000000953674316
vertex -64.05001831054688 -20.449949264526367 2.9000000953674316
vertex -49.95001983642578 -20.449949264526367 2.9000000953674316
endloop
endfacet
facet normal 0 1 0
outer loop
vertex -49.150020599365234 -19.64995002746582 2.9000000953674316
vertex -49.150020599365234 -19.64995002746582 2.200000047683716
vertex -64.85002136230469 -19.64995002746582 2.200000047683716
endloop
endfacet
facet normal 0 0 1
outer loop
vertex -64.05001831054688 -34.549949645996094 2.9000000953674316
vertex -64.05001831054688 -20.449949264526367 2.9000000953674316
vertex -64.85002136230469 -35.34994888305664 2.9000000953674316
endloop
endfacet
facet normal 0 1 0
outer loop
vertex -49.150020599365234 -19.64995002746582 2.9000000953674316
vertex -64.85002136230469 -19.64995002746582 2.200000047683716
vertex -64.85002136230469 -19.64995002746582 2.9000000953674316
endloop
endfacet
facet normal 0 0 1
outer loop
vertex -49.95001983642578 -20.449949264526367 2.9000000953674316
vertex -49.95001983642578 -34.549949645996094 2.9000000953674316
vertex -49.150020599365234 -19.64995002746582 2.9000000953674316
endloop
endfacet
facet normal 0 0 1
outer loop
vertex -64.85002136230469 -19.64995002746582 2.9000000953674316
vertex -64.85002136230469 -35.34994888305664 2.9000000953674316
vertex -64.05001831054688 -20.449949264526367 2.9000000953674316
endloop
endfacet
facet normal 0 0 1
outer loop
vertex -49.95001983642578 -34.549949645996094 2.9000000953674316
vertex -64.05001831054688 -34.549949645996094 2.9000000953674316
vertex -64.85002136230469 -35.34994888305664 2.9000000953674316
endloop
endfacet
facet normal 1 0 0
outer loop
vertex -49.150020599365234 -35.34994888305664 2.200000047683716
vertex -49.150020599365234 -19.64995002746582 2.200000047683716
vertex -49.150020599365234 -35.34994888305664 2.9000000953674316
endloop
endfacet
facet normal 0 -1 0
outer loop
vertex -64.85002136230469 -35.34994888305664 2.9000000953674316
vertex -49.150020599365234 -35.34994888305664 2.200000047683716
vertex -49.150020599365234 -35.34994888305664 2.9000000953674316
endloop
endfacet
facet normal 0 0 1
outer loop
vertex -49.95001983642578 -34.549949645996094 2.9000000953674316
vertex -49.150020599365234 -35.34994888305664 2.9000000953674316
vertex -49.150020599365234 -19.64995002746582 2.9000000953674316
endloop
endfacet
facet normal 0 0 1
outer loop
vertex -49.95001983642578 -34.549949645996094 2.9000000953674316
vertex -64.85002136230469 -35.34994888305664 2.9000000953674316
vertex -49.150020599365234 -35.34994888305664 2.9000000953674316
endloop
endfacet
facet normal 1 0 0
outer loop
vertex -49.150020599365234 -35.34994888305664 2.9000000953674316
vertex -49.150020599365234 -19.64995002746582 2.200000047683716
vertex -49.150020599365234 -19.64995002746582 2.9000000953674316
endloop
endfacet
facet normal 0 0 1
outer loop
vertex -49.150020599365234 -19.64995002746582 2.9000000953674316
vertex -64.85002136230469 -19.64995002746582 2.9000000953674316
vertex -64.05001831054688 -20.449949264526367 2.9000000953674316
endloop
endfacet
facet normal 1 0 0
outer loop
vertex -64.05001831054688 -20.449949264526367 2.9000000953674316
vertex -64.05001831054688 -34.549949645996094 2.200000047683716
vertex -64.05001831054688 -20.449949264526367 2.200000047683716
endloop
endfacet
facet normal 0 1 0
outer loop
vertex -64.05001831054688 -34.549949645996094 2.9000000953674316
vertex -49.95001983642578 -34.549949645996094 2.200000047683716
vertex -64.05001831054688 -34.549949645996094 2.200000047683716
endloop
endfacet
facet normal 0 -1 0
outer loop
vertex -64.05001831054688 -20.449949264526367 2.200000047683716
vertex -49.95001983642578 -20.449949264526367 2.9000000953674316
vertex -64.05001831054688 -20.449949264526367 2.9000000953674316
endloop
endfacet
facet normal 0 -1 0
outer loop
vertex -49.95001983642578 -20.449949264526367 2.9000000953674316
vertex -64.05001831054688 -20.449949264526367 2.200000047683716
vertex -49.95001983642578 -20.449949264526367 2.200000047683716
endloop
endfacet
facet normal -1 0 0
outer loop
vertex -49.95001983642578 -34.549949645996094 2.9000000953674316
vertex -49.95001983642578 -20.449949264526367 2.200000047683716
vertex -49.95001983642578 -34.549949645996094 2.200000047683716
endloop
endfacet
facet normal 0 1 0
outer loop
vertex -49.95001983642578 -34.549949645996094 2.200000047683716
vertex -64.05001831054688 -34.549949645996094 2.9000000953674316
vertex -49.95001983642578 -34.549949645996094 2.9000000953674316
endloop
endfacet
facet normal -1 0 0
outer loop
vertex -49.95001983642578 -20.449949264526367 2.200000047683716
vertex -49.95001983642578 -34.549949645996094 2.9000000953674316
vertex -49.95001983642578 -20.449949264526367 2.9000000953674316
endloop
endfacet
facet normal 1 0 0
outer loop
vertex -64.05001831054688 -34.549949645996094 2.200000047683716
vertex -64.05001831054688 -20.449949264526367 2.9000000953674316
vertex -64.05001831054688 -34.549949645996094 2.9000000953674316
endloop
endfacet
facet normal 0 0 1
outer loop
vertex 49.949981689453125 -15.549948692321777 2.9000000953674316
vertex 49.949981689453125 -1.449949026107788 2.9000000953674316
vertex 49.14998245239258 -16.34994888305664 2.9000000953674316
endloop
endfacet
facet normal 0 0 1
outer loop
vertex 64.04998016357422 -15.549948692321777 2.9000000953674316
vertex 49.14998245239258 -16.34994888305664 2.9000000953674316
vertex 64.84998321533203 -16.34994888305664 2.9000000953674316
endloop
endfacet
facet normal 0 -1 0
outer loop
vertex 49.14998245239258 -16.34994888305664 2.9000000953674316
vertex 64.84998321533203 -16.34994888305664 2.200000047683716
vertex 64.84998321533203 -16.34994888305664 2.9000000953674316
endloop
endfacet
facet normal 0 1 0
outer loop
vertex 64.84998321533203 -0.6499490737915039 2.9000000953674316
vertex 49.14998245239258 -0.6499490737915039 2.200000047683716
vertex 49.14998245239258 -0.6499490737915039 2.9000000953674316
endloop
endfacet
facet normal -1 0 0
outer loop
vertex 49.14998245239258 -0.6499490737915039 2.9000000953674316
vertex 49.14998245239258 -16.34994888305664 2.200000047683716
vertex 49.14998245239258 -16.34994888305664 2.9000000953674316
endloop
endfacet
facet normal 0 0 1
outer loop
vertex 64.84998321533203 -0.6499490737915039 2.9000000953674316
vertex 49.14998245239258 -0.6499490737915039 2.9000000953674316
vertex 49.949981689453125 -1.449949026107788 2.9000000953674316
endloop
endfacet
facet normal -1 0 0
outer loop
vertex 49.14998245239258 -0.6499490737915039 2.9000000953674316
vertex 49.14998245239258 -0.6499490737915039 2.200000047683716
vertex 49.14998245239258 -16.34994888305664 2.200000047683716
endloop
endfacet
facet normal 0 0 1
outer loop
vertex 49.14998245239258 -0.6499490737915039 2.9000000953674316
vertex 49.14998245239258 -16.34994888305664 2.9000000953674316
vertex 49.949981689453125 -1.449949026107788 2.9000000953674316
endloop
endfacet
facet normal 0 0 1
outer loop
vertex 64.84998321533203 -0.6499490737915039 2.9000000953674316
vertex 49.949981689453125 -1.449949026107788 2.9000000953674316
vertex 64.04998016357422 -1.449949026107788 2.9000000953674316
endloop
endfacet
facet normal 1 0 0
outer loop
vertex 64.84998321533203 -16.34994888305664 2.9000000953674316
vertex 64.84998321533203 -0.6499490737915039 2.200000047683716
vertex 64.84998321533203 -0.6499490737915039 2.9000000953674316
endloop
endfacet
facet normal 0 0 1
outer loop
vertex 64.04998016357422 -15.549948692321777 2.9000000953674316
vertex 64.84998321533203 -16.34994888305664 2.9000000953674316
vertex 64.84998321533203 -0.6499490737915039 2.9000000953674316
endloop
endfacet
facet normal 0 0 1
outer loop
vertex 64.04998016357422 -15.549948692321777 2.9000000953674316
vertex 49.949981689453125 -15.549948692321777 2.9000000953674316
vertex 49.14998245239258 -16.34994888305664 2.9000000953674316
endloop
endfacet
facet normal 0 0 1
outer loop
vertex 64.04998016357422 -1.449949026107788 2.9000000953674316
vertex 64.04998016357422 -15.549948692321777 2.9000000953674316
vertex 64.84998321533203 -0.6499490737915039 2.9000000953674316
endloop
endfacet
facet normal 1 0 0
outer loop
vertex 64.84998321533203 -16.34994888305664 2.9000000953674316
vertex 64.84998321533203 -16.34994888305664 2.200000047683716
vertex 64.84998321533203 -0.6499490737915039 2.200000047683716
endloop
endfacet
facet normal 0 -1 0
outer loop
vertex 49.14998245239258 -16.34994888305664 2.9000000953674316
vertex 49.14998245239258 -16.34994888305664 2.200000047683716
vertex 64.84998321533203 -16.34994888305664 2.200000047683716
endloop
endfacet
facet normal 0 1 0
outer loop
vertex 64.84998321533203 -0.6499490737915039 2.9000000953674316
vertex 64.84998321533203 -0.6499490737915039 2.200000047683716
vertex 49.14998245239258 -0.6499490737915039 2.200000047683716
endloop
endfacet
facet normal 0 1 0
outer loop
vertex 64.04998016357422 -15.549948692321777 2.200000047683716
vertex 49.949981689453125 -15.549948692321777 2.9000000953674316
vertex 64.04998016357422 -15.549948692321777 2.9000000953674316
endloop
endfacet
facet normal 0 -0.9999999999999855 1.7029897347184523e-7
outer loop
vertex 64.04998016357422 -1.449949026107788 2.9000000953674316
vertex 49.949981689453125 -1.4499491453170776 2.200000047683716
vertex 64.04998016357422 -1.4499491453170776 2.200000047683716
endloop
endfacet
facet normal 1 0 0
outer loop
vertex 49.949981689453125 -15.549948692321777 2.200000047683716
vertex 49.949981689453125 -1.449949026107788 2.9000000953674316
vertex 49.949981689453125 -15.549948692321777 2.9000000953674316
endloop
endfacet
facet normal 0 -0.9999999999999855 1.7029897347184523e-7
outer loop
vertex 49.949981689453125 -1.4499491453170776 2.200000047683716
vertex 64.04998016357422 -1.449949026107788 2.9000000953674316
vertex 49.949981689453125 -1.449949026107788 2.9000000953674316
endloop
endfacet
facet normal 1 0 0
outer loop
vertex 49.949981689453125 -1.449949026107788 2.9000000953674316
vertex 49.949981689453125 -15.549948692321777 2.200000047683716
vertex 49.949981689453125 -1.4499491453170776 2.200000047683716
endloop
endfacet
facet normal 0 1 0
outer loop
vertex 49.949981689453125 -15.549948692321777 2.9000000953674316
vertex 64.04998016357422 -15.549948692321777 2.200000047683716
vertex 49.949981689453125 -15.549948692321777 2.200000047683716
endloop
endfacet
facet normal -1 0 0
outer loop
vertex 64.04998016357422 -1.4499491453170776 2.200000047683716
vertex 64.04998016357422 -15.549948692321777 2.9000000953674316
vertex 64.04998016357422 -1.449949026107788 2.9000000953674316
endloop
endfacet
facet normal -1 0 0
outer loop
vertex 64.04998016357422 -15.549948692321777 2.9000000953674316
vertex 64.04998016357422 -1.4499491453170776 2.200000047683716
vertex 64.04998016357422 -15.549948692321777 2.200000047683716
endloop
endfacet
facet normal 0 0 1
outer loop
vertex 30.949981689453125 -15.549948692321777 2.9000000953674316
vertex 30.949981689453125 -1.449949026107788 2.9000000953674316
vertex 30.149980545043945 -16.34994888305664 2.9000000953674316
endloop
endfacet
facet normal 1 0 0
outer loop
vertex 45.849979400634766 -16.34994888305664 2.9000000953674316
vertex 45.849979400634766 -16.34994888305664 2.200000047683716
vertex 45.849979400634766 -0.6499490737915039 2.200000047683716
endloop
endfacet
facet normal 0 0 1
outer loop
vertex 45.849979400634766 -0.6499490737915039 2.9000000953674316
vertex 30.949981689453125 -1.449949026107788 2.9000000953674316
vertex 45.04998016357422 -1.449949026107788 2.9000000953674316
endloop
endfacet
facet normal 0 1 0
outer loop
vertex 45.849979400634766 -0.6499490737915039 2.9000000953674316
vertex 30.149980545043945 -0.6499490737915039 2.200000047683716
vertex 30.149980545043945 -0.6499490737915039 2.9000000953674316
endloop
endfacet
facet normal 0 0 1
outer loop
vertex 30.149980545043945 -0.6499490737915039 2.9000000953674316
vertex 30.949981689453125 -1.449949026107788 2.9000000953674316
vertex 45.849979400634766 -0.6499490737915039 2.9000000953674316
endloop
endfacet
facet normal 0 -1 0
outer loop
vertex 30.149980545043945 -16.34994888305664 2.9000000953674316
vertex 30.149980545043945 -16.34994888305664 2.200000047683716
vertex 45.849979400634766 -16.34994888305664 2.200000047683716
endloop
endfacet
facet normal -1 0 0
outer loop
vertex 30.149980545043945 -0.6499490737915039 2.9000000953674316
vertex 30.149980545043945 -16.34994888305664 2.200000047683716
vertex 30.149980545043945 -16.34994888305664 2.9000000953674316
endloop
endfacet
facet normal 0 0 1
outer loop
vertex 30.949981689453125 -15.549948692321777 2.9000000953674316
vertex 30.149980545043945 -16.34994888305664 2.9000000953674316
vertex 45.04998016357422 -15.549948692321777 2.9000000953674316
endloop
endfacet
facet normal 0 0 1
outer loop
vertex 45.04998016357422 -15.549948692321777 2.9000000953674316
vertex 30.149980545043945 -16.34994888305664 2.9000000953674316
vertex 45.849979400634766 -16.34994888305664 2.9000000953674316
endloop
endfacet
facet normal 0 0 1
outer loop
vertex 45.04998016357422 -1.449949026107788 2.9000000953674316
vertex 45.04998016357422 -15.549948692321777 2.9000000953674316
vertex 45.849979400634766 -0.6499490737915039 2.9000000953674316
endloop
endfacet
facet normal -1 0 0
outer loop
vertex 30.149980545043945 -0.6499490737915039 2.200000047683716
vertex 30.149980545043945 -16.34994888305664 2.200000047683716
vertex 30.149980545043945 -0.6499490737915039 2.9000000953674316
endloop
endfacet
facet normal 1 0 0
outer loop
vertex 45.849979400634766 -16.34994888305664 2.9000000953674316
vertex 45.849979400634766 -0.6499490737915039 2.200000047683716
vertex 45.849979400634766 -0.6499490737915039 2.9000000953674316
endloop
endfacet
facet normal 0 -1 0
outer loop
vertex 30.149980545043945 -16.34994888305664 2.9000000953674316
vertex 45.849979400634766 -16.34994888305664 2.200000047683716
vertex 45.849979400634766 -16.34994888305664 2.9000000953674316
endloop
endfacet
facet normal 0 0 1
outer loop
vertex 30.149980545043945 -0.6499490737915039 2.9000000953674316
vertex 30.149980545043945 -16.34994888305664 2.9000000953674316
vertex 30.949981689453125 -1.449949026107788 2.9000000953674316
endloop
endfacet
facet normal 0 1 0
outer loop
vertex 45.849979400634766 -0.6499490737915039 2.9000000953674316
vertex 45.849979400634766 -0.6499490737915039 2.200000047683716
vertex 30.149980545043945 -0.6499490737915039 2.200000047683716
endloop
endfacet
facet normal 0 0 1
outer loop
vertex 45.04998016357422 -15.549948692321777 2.9000000953674316
vertex 45.849979400634766 -16.34994888305664 2.9000000953674316
vertex 45.849979400634766 -0.6499490737915039 2.9000000953674316
endloop
endfacet
facet normal -1 0 0
outer loop
vertex 45.04998016357422 -15.549948692321777 2.9000000953674316
vertex 45.04998016357422 -1.4499491453170776 2.200000047683716
vertex 45.04998016357422 -15.549948692321777 2.200000047683716
endloop
endfacet
facet normal 0 1 0
outer loop
vertex 30.949981689453125 -15.549948692321777 2.9000000953674316
vertex 45.04998016357422 -15.549948692321777 2.200000047683716
vertex 30.949981689453125 -15.549948692321777 2.200000047683716
endloop
endfacet
facet normal 0 -0.9999999999999855 1.7029897347184523e-7
outer loop
vertex 30.949981689453125 -1.4499491453170776 2.200000047683716
vertex 45.04998016357422 -1.449949026107788 2.9000000953674316
vertex 30.949981689453125 -1.449949026107788 2.9000000953674316
endloop
endfacet
facet normal 1 0 0
outer loop
vertex 30.949981689453125 -15.549948692321777 2.200000047683716
vertex 30.949981689453125 -1.449949026107788 2.9000000953674316
vertex 30.949981689453125 -15.549948692321777 2.9000000953674316
endloop
endfacet
facet normal 0 -0.9999999999999855 1.7029897347184523e-7
outer loop
vertex 45.04998016357422 -1.449949026107788 2.9000000953674316
vertex 30.949981689453125 -1.4499491453170776 2.200000047683716
vertex 45.04998016357422 -1.4499491453170776 2.200000047683716
endloop
endfacet
facet normal 0 1 0
outer loop
vertex 45.04998016357422 -15.549948692321777 2.200000047683716
vertex 30.949981689453125 -15.549948692321777 2.9000000953674316
vertex 45.04998016357422 -15.549948692321777 2.9000000953674316
endloop
endfacet
facet normal 1 0 0
outer loop
vertex 30.949981689453125 -1.449949026107788 2.9000000953674316
vertex 30.949981689453125 -15.549948692321777 2.200000047683716
vertex 30.949981689453125 -1.4499491453170776 2.200000047683716
endloop
endfacet
facet normal -1 0 0
outer loop
vertex 45.04998016357422 -1.4499491453170776 2.200000047683716
vertex 45.04998016357422 -15.549948692321777 2.9000000953674316
vertex 45.04998016357422 -1.449949026107788 2.9000000953674316
endloop
endfacet
facet normal 0 -1 0
outer loop
vertex 11.149981498718262 -16.34994888305664 2.9000000953674316
vertex 11.149981498718262 -16.34994888305664 2.200000047683716
vertex 26.8499813079834 -16.34994888305664 2.200000047683716
endloop
endfacet
facet normal 0 1 0
outer loop
vertex 26.8499813079834 -0.6499490737915039 2.9000000953674316
vertex 11.149981498718262 -0.6499490737915039 2.200000047683716
vertex 11.149981498718262 -0.6499490737915039 2.9000000953674316
endloop
endfacet
facet normal 0 0 1
outer loop
vertex 26.8499813079834 -0.6499490737915039 2.9000000953674316
vertex 11.149981498718262 -0.6499490737915039 2.9000000953674316
vertex 11.949980735778809 -1.449949026107788 2.9000000953674316
endloop
endfacet
facet normal 0 0 1
outer loop
vertex 26.04998207092285 -1.449949026107788 2.9000000953674316
vertex 26.04998207092285 -15.549948692321777 2.9000000953674316
vertex 26.8499813079834 -0.6499490737915039 2.9000000953674316
endloop
endfacet
facet normal 1 0 0
outer loop
vertex 26.8499813079834 -16.34994888305664 2.9000000953674316
vertex 26.8499813079834 -0.6499490737915039 2.200000047683716
vertex 26.8499813079834 -0.6499490737915039 2.9000000953674316
endloop
endfacet
facet normal 0 0 1
outer loop
vertex 26.04998207092285 -15.549948692321777 2.9000000953674316
vertex 26.8499813079834 -16.34994888305664 2.9000000953674316
vertex 26.8499813079834 -0.6499490737915039 2.9000000953674316
endloop
endfacet
facet normal 0 1 0
outer loop
vertex 26.8499813079834 -0.6499490737915039 2.9000000953674316
vertex 26.8499813079834 -0.6499490737915039 2.200000047683716
vertex 11.149981498718262 -0.6499490737915039 2.200000047683716
endloop
endfacet
facet normal 1 0 0
outer loop
vertex 26.8499813079834 -16.34994888305664 2.200000047683716
vertex 26.8499813079834 -0.6499490737915039 2.200000047683716
vertex 26.8499813079834 -16.34994888305664 2.9000000953674316
endloop
endfacet
facet normal 0 0 1
outer loop
vertex 26.04998207092285 -15.549948692321777 2.9000000953674316
vertex 11.149981498718262 -16.34994888305664 2.9000000953674316
vertex 26.8499813079834 -16.34994888305664 2.9000000953674316
endloop
endfacet
facet normal 0 -1 0
outer loop
vertex 11.149981498718262 -16.34994888305664 2.9000000953674316
vertex 26.8499813079834 -16.34994888305664 2.200000047683716
vertex 26.8499813079834 -16.34994888305664 2.9000000953674316
endloop
endfacet
facet normal 0 0 1
outer loop
vertex 26.8499813079834 -0.6499490737915039 2.9000000953674316
vertex 11.949980735778809 -1.449949026107788 2.9000000953674316
vertex 26.04998207092285 -1.449949026107788 2.9000000953674316
endloop
endfacet
facet normal 0 0 1
outer loop
vertex 11.149981498718262 -0.6499490737915039 2.9000000953674316
vertex 11.149981498718262 -16.34994888305664 2.9000000953674316
vertex 11.949980735778809 -1.449949026107788 2.9000000953674316
endloop
endfacet
facet normal 0 0 1
outer loop
vertex 11.949980735778809 -15.549948692321777 2.9000000953674316
vertex 11.949980735778809 -1.449949026107788 2.9000000953674316
vertex 11.149981498718262 -16.34994888305664 2.9000000953674316
endloop
endfacet
facet normal -1 0 0
outer loop
vertex 11.149981498718262 -0.6499490737915039 2.9000000953674316
vertex 11.149981498718262 -16.34994888305664 2.200000047683716
vertex 11.149981498718262 -16.34994888305664 2.9000000953674316
endloop
endfacet
facet normal -1 0 0
outer loop
vertex 11.149981498718262 -0.6499490737915039 2.9000000953674316
vertex 11.149981498718262 -0.6499490737915039 2.200000047683716
vertex 11.149981498718262 -16.34994888305664 2.200000047683716
endloop
endfacet
facet normal 0 0 1
outer loop
vertex 26.04998207092285 -15.549948692321777 2.9000000953674316
vertex 11.949980735778809 -15.549948692321777 2.9000000953674316
vertex 11.149981498718262 -16.34994888305664 2.9000000953674316
endloop
endfacet
facet normal 0 -0.9999999999999855 1.7029897347184523e-7
outer loop
vertex 11.949980735778809 -1.4499491453170776 2.200000047683716
vertex 26.04998207092285 -1.449949026107788 2.9000000953674316
vertex 11.949980735778809 -1.449949026107788 2.9000000953674316
endloop
endfacet
facet normal -1 0 0
outer loop
vertex 26.04998207092285 -1.4499491453170776 2.200000047683716
vertex 26.04998207092285 -15.549948692321777 2.9000000953674316
vertex 26.04998207092285 -1.449949026107788 2.9000000953674316
endloop
endfacet
facet normal -1 0 0
outer loop
vertex 26.04998207092285 -15.549948692321777 2.9000000953674316
vertex 26.04998207092285 -1.4499491453170776 2.200000047683716
vertex 26.04998207092285 -15.549948692321777 2.200000047683716
endloop
endfacet
facet normal 0 1 0
outer loop
vertex 26.04998207092285 -15.549948692321777 2.200000047683716
vertex 11.949980735778809 -15.549948692321777 2.9000000953674316
vertex 26.04998207092285 -15.549948692321777 2.9000000953674316
endloop
endfacet
facet normal 1 0 0
outer loop
vertex 11.949980735778809 -15.549948692321777 2.200000047683716
vertex 11.949980735778809 -1.449949026107788 2.9000000953674316
vertex 11.949980735778809 -15.549948692321777 2.9000000953674316
endloop
endfacet
facet normal 1 0 0
outer loop
vertex 11.949980735778809 -1.449949026107788 2.9000000953674316
vertex 11.949980735778809 -15.549948692321777 2.200000047683716
vertex 11.949980735778809 -1.4499491453170776 2.200000047683716
endloop
endfacet
facet normal 0 1 0
outer loop
vertex 11.949980735778809 -15.549948692321777 2.9000000953674316
vertex 26.04998207092285 -15.549948692321777 2.200000047683716
vertex 11.949980735778809 -15.549948692321777 2.200000047683716
endloop
endfacet
facet normal 0 -0.9999999999999855 1.7029897347184523e-7
outer loop
vertex 26.04998207092285 -1.449949026107788 2.9000000953674316
vertex 11.949980735778809 -1.4499491453170776 2.200000047683716
vertex 26.04998207092285 -1.4499491453170776 2.200000047683716
endloop
endfacet
facet normal -1 0 0
outer loop
vertex -7.8500189781188965 -0.6499490737915039 2.9000000953674316
vertex -7.8500189781188965 -16.34994888305664 2.200000047683716
vertex -7.8500189781188965 -16.34994888305664 2.9000000953674316
endloop
endfacet
facet normal 0 1 0
outer loop
vertex 7.849981307983398 -0.6499490737915039 2.9000000953674316
vertex -7.8500189781188965 -0.6499490737915039 2.200000047683716
vertex -7.8500189781188965 -0.6499490737915039 2.9000000953674316
endloop
endfacet
facet normal 0 -1 0
outer loop
vertex -7.8500189781188965 -16.34994888305664 2.9000000953674316
vertex -7.8500189781188965 -16.34994888305664 2.200000047683716
vertex 7.849981307983398 -16.34994888305664 2.200000047683716
endloop
endfacet
facet normal 0 0 1
outer loop
vertex -7.050018787384033 -15.549948692321777 2.9000000953674316
vertex -7.050018787384033 -1.449949026107788 2.9000000953674316
vertex -7.8500189781188965 -16.34994888305664 2.9000000953674316
endloop
endfacet
facet normal 0 0 1
outer loop
vertex -7.8500189781188965 -0.6499490737915039 2.9000000953674316
vertex -7.8500189781188965 -16.34994888305664 2.9000000953674316
vertex -7.050018787384033 -1.449949026107788 2.9000000953674316
endloop
endfacet
facet normal 0 0 1
outer loop
vertex 7.849981307983398 -0.6499490737915039 2.9000000953674316
vertex -7.8500189781188965 -0.6499490737915039 2.9000000953674316
vertex -7.050018787384033 -1.449949026107788 2.9000000953674316
endloop
endfacet
facet normal 0 0 1
outer loop
vertex 7.049981117248535 -1.449949026107788 2.9000000953674316
vertex 7.049981117248535 -15.549948692321777 2.9000000953674316
vertex 7.849981307983398 -0.6499490737915039 2.9000000953674316
endloop
endfacet
facet normal 1 0 0
outer loop
vertex 7.849981307983398 -16.34994888305664 2.9000000953674316
vertex 7.849981307983398 -0.6499490737915039 2.200000047683716
vertex 7.849981307983398 -0.6499490737915039 2.9000000953674316
endloop
endfacet
facet normal 0 0 1
outer loop
vertex 7.049981117248535 -15.549948692321777 2.9000000953674316
vertex 7.849981307983398 -16.34994888305664 2.9000000953674316
vertex 7.849981307983398 -0.6499490737915039 2.9000000953674316
endloop
endfacet
facet normal 1 0 0
outer loop
vertex 7.849981307983398 -16.34994888305664 2.9000000953674316
vertex 7.849981307983398 -16.34994888305664 2.200000047683716
vertex 7.849981307983398 -0.6499490737915039 2.200000047683716
endloop
endfacet
facet normal 0 0 1
outer loop
vertex 7.049981117248535 -15.549948692321777 2.9000000953674316
vertex -7.8500189781188965 -16.34994888305664 2.9000000953674316
vertex 7.849981307983398 -16.34994888305664 2.9000000953674316
endloop
endfacet
facet normal 0 1 0
outer loop
vertex 7.849981307983398 -0.6499490737915039 2.9000000953674316
vertex 7.849981307983398 -0.6499490737915039 2.200000047683716
vertex -7.8500189781188965 -0.6499490737915039 2.200000047683716
endloop
endfacet
facet normal 0 -1 0
outer loop
vertex -7.8500189781188965 -16.34994888305664 2.9000000953674316
vertex 7.849981307983398 -16.34994888305664 2.200000047683716
vertex 7.849981307983398 -16.34994888305664 2.9000000953674316
endloop
endfacet
facet normal 0 0 1
outer loop
vertex 7.849981307983398 -0.6499490737915039 2.9000000953674316
vertex -7.050018787384033 -1.449949026107788 2.9000000953674316
vertex 7.049981117248535 -1.449949026107788 2.9000000953674316
endloop
endfacet
facet normal 0 0 1
outer loop
vertex -7.8500189781188965 -16.34994888305664 2.9000000953674316
vertex 7.049981117248535 -15.549948692321777 2.9000000953674316
vertex -7.050018787384033 -15.549948692321777 2.9000000953674316
endloop
endfacet
facet normal -1 0 0
outer loop
vertex -7.8500189781188965 -0.6499490737915039 2.200000047683716
vertex -7.8500189781188965 -16.34994888305664 2.200000047683716
vertex -7.8500189781188965 -0.6499490737915039 2.9000000953674316
endloop
endfacet
facet normal 0 1 0
outer loop
vertex -7.050018787384033 -15.549948692321777 2.9000000953674316
vertex 7.049981117248535 -15.549948692321777 2.200000047683716
vertex -7.050018787384033 -15.549948692321777 2.200000047683716
endloop
endfacet
facet normal 0 -0.9999999999999855 1.7029897347184523e-7
outer loop
vertex -7.050018787384033 -1.4499491453170776 2.200000047683716
vertex 7.049981117248535 -1.449949026107788 2.9000000953674316
vertex -7.050018787384033 -1.449949026107788 2.9000000953674316
endloop
endfacet
facet normal 1 0 0
outer loop
vertex -7.050018787384033 -15.549948692321777 2.200000047683716
vertex -7.050018787384033 -1.449949026107788 2.9000000953674316
vertex -7.050018787384033 -15.549948692321777 2.9000000953674316
endloop
endfacet
facet normal 1 0 0
outer loop
vertex -7.050018787384033 -1.449949026107788 2.9000000953674316
vertex -7.050018787384033 -15.549948692321777 2.200000047683716
vertex -7.050018787384033 -1.4499491453170776 2.200000047683716
endloop
endfacet
facet normal -1 0 0
outer loop
vertex 7.049981117248535 -1.4499491453170776 2.200000047683716
vertex 7.049981117248535 -15.549948692321777 2.9000000953674316
vertex 7.049981117248535 -1.449949026107788 2.9000000953674316
endloop
endfacet
facet normal -1 0 0
outer loop
vertex 7.049981117248535 -15.549948692321777 2.9000000953674316
vertex 7.049981117248535 -1.4499491453170776 2.200000047683716
vertex 7.049981117248535 -15.549948692321777 2.200000047683716
endloop
endfacet
facet normal 0 -0.9999999999999855 1.7029897347184523e-7
outer loop
vertex 7.049981117248535 -1.449949026107788 2.9000000953674316
vertex -7.050018787384033 -1.4499491453170776 2.200000047683716
vertex 7.049981117248535 -1.4499491453170776 2.200000047683716
endloop
endfacet
facet normal 0 1 0
outer loop
vertex 7.049981117248535 -15.549948692321777 2.200000047683716
vertex -7.050018787384033 -15.549948692321777 2.9000000953674316
vertex 7.049981117248535 -15.549948692321777 2.9000000953674316
endloop
endfacet
facet normal 0 -1 0
outer loop
vertex -26.850019454956055 -16.34994888305664 2.9000000953674316
vertex -11.150018692016602 -16.34994888305664 2.200000047683716
vertex -11.150018692016602 -16.34994888305664 2.9000000953674316
endloop
endfacet
facet normal -1 0 0
outer loop
vertex -26.850019454956055 -0.6499490737915039 2.9000000953674316
vertex -26.850019454956055 -16.34994888305664 2.200000047683716
vertex -26.850019454956055 -16.34994888305664 2.9000000953674316
endloop
endfacet
facet normal 1 0 0
outer loop
vertex -11.150018692016602 -16.34994888305664 2.9000000953674316
vertex -11.150018692016602 -16.34994888305664 2.200000047683716
vertex -11.150018692016602 -0.6499490737915039 2.200000047683716
endloop
endfacet
facet normal 0 0 1
outer loop
vertex -11.950018882751465 -1.449949026107788 2.9000000953674316
vertex -11.950018882751465 -15.549948692321777 2.9000000953674316
vertex -11.150018692016602 -0.6499490737915039 2.9000000953674316
endloop
endfacet
facet normal 0 -1 0
outer loop
vertex -26.850019454956055 -16.34994888305664 2.9000000953674316
vertex -26.850019454956055 -16.34994888305664 2.200000047683716
vertex -11.150018692016602 -16.34994888305664 2.200000047683716
endloop
endfacet
facet normal 0 0 1
outer loop
vertex -26.050018310546875 -15.549948692321777 2.9000000953674316
vertex -26.050018310546875 -1.449949026107788 2.9000000953674316
vertex -26.850019454956055 -16.34994888305664 2.9000000953674316
endloop
endfacet
facet normal 0 1 0
outer loop
vertex -11.150018692016602 -0.6499490737915039 2.9000000953674316
vertex -11.150018692016602 -0.6499490737915039 2.200000047683716
vertex -26.850019454956055 -0.6499490737915039 2.200000047683716
endloop
endfacet
facet normal -1 0 0
outer loop
vertex -26.850019454956055 -0.6499490737915039 2.9000000953674316
vertex -26.850019454956055 -0.6499490737915039 2.200000047683716
vertex -26.850019454956055 -16.34994888305664 2.200000047683716
endloop
endfacet
facet normal 0 1 0
outer loop
vertex -11.150018692016602 -0.6499490737915039 2.9000000953674316
vertex -26.850019454956055 -0.6499490737915039 2.200000047683716
vertex -26.850019454956055 -0.6499490737915039 2.9000000953674316
endloop
endfacet
facet normal 0 0 1
outer loop
vertex -26.850019454956055 -0.6499490737915039 2.9000000953674316
vertex -26.850019454956055 -16.34994888305664 2.9000000953674316
vertex -26.050018310546875 -1.449949026107788 2.9000000953674316
endloop
endfacet
facet normal 0 0 1
outer loop
vertex -11.950018882751465 -15.549948692321777 2.9000000953674316
vertex -11.150018692016602 -16.34994888305664 2.9000000953674316
vertex -11.150018692016602 -0.6499490737915039 2.9000000953674316
endloop
endfacet
facet normal 0 0 1
outer loop
vertex -11.950018882751465 -15.549948692321777 2.9000000953674316
vertex -26.050018310546875 -15.549948692321777 2.9000000953674316
vertex -26.850019454956055 -16.34994888305664 2.9000000953674316
endloop
endfacet
facet normal 0 0 1
outer loop
vertex -11.150018692016602 -0.6499490737915039 2.9000000953674316
vertex -26.850019454956055 -0.6499490737915039 2.9000000953674316
vertex -26.050018310546875 -1.449949026107788 2.9000000953674316
endloop
endfacet
facet normal 1 0 0
outer loop
vertex -11.150018692016602 -16.34994888305664 2.9000000953674316
vertex -11.150018692016602 -0.6499490737915039 2.200000047683716
vertex -11.150018692016602 -0.6499490737915039 2.9000000953674316
endloop
endfacet
facet normal 0 0 1
outer loop
vertex -11.150018692016602 -0.6499490737915039 2.9000000953674316
vertex -26.050018310546875 -1.449949026107788 2.9000000953674316
vertex -11.950018882751465 -1.449949026107788 2.9000000953674316
endloop
endfacet
facet normal 0 0 1
outer loop
vertex -11.950018882751465 -15.549948692321777 2.9000000953674316
vertex -26.850019454956055 -16.34994888305664 2.9000000953674316
vertex -11.150018692016602 -16.34994888305664 2.9000000953674316
endloop
endfacet
facet normal 0 -0.9999999999999856 1.7029897347184525e-7
outer loop
vertex -26.050018310546875 -1.4499491453170776 2.200000047683716
vertex -11.950018882751465 -1.449949026107788 2.9000000953674316
vertex -26.050018310546875 -1.449949026107788 2.9000000953674316
endloop
endfacet
facet normal 0 1 0
outer loop
vertex -11.950018882751465 -15.549948692321777 2.200000047683716
vertex -26.050018310546875 -15.549948692321777 2.9000000953674316
vertex -11.950018882751465 -15.549948692321777 2.9000000953674316
endloop
endfacet
facet normal 1 0 0
outer loop
vertex -26.050018310546875 -1.449949026107788 2.9000000953674316
vertex -26.050018310546875 -15.549948692321777 2.200000047683716
vertex -26.050018310546875 -1.4499491453170776 2.200000047683716
endloop
endfacet
facet normal 0 1 0
outer loop
vertex -26.050018310546875 -15.549948692321777 2.9000000953674316
vertex -11.950018882751465 -15.549948692321777 2.200000047683716
vertex -26.050018310546875 -15.549948692321777 2.200000047683716
endloop
endfacet
facet normal 0 -0.9999999999999856 1.7029897347184525e-7
outer loop
vertex -11.950018882751465 -1.449949026107788 2.9000000953674316
vertex -26.050018310546875 -1.4499491453170776 2.200000047683716
vertex -11.950018882751465 -1.4499491453170776 2.200000047683716
endloop
endfacet
facet normal -1 0 0
outer loop
vertex -11.950018882751465 -15.549948692321777 2.9000000953674316
vertex -11.950018882751465 -1.4499491453170776 2.200000047683716
vertex -11.950018882751465 -15.549948692321777 2.200000047683716
endloop
endfacet
facet normal -1 0 0
outer loop
vertex -11.950018882751465 -1.4499491453170776 2.200000047683716
vertex -11.950018882751465 -15.549948692321777 2.9000000953674316
vertex -11.950018882751465 -1.449949026107788 2.9000000953674316
endloop
endfacet
facet normal 1 0 0
outer loop
vertex -26.050018310546875 -15.549948692321777 2.200000047683716
vertex -26.050018310546875 -1.449949026107788 2.9000000953674316
vertex -26.050018310546875 -15.549948692321777 2.9000000953674316
endloop
endfacet
facet normal 0 0 1
outer loop
vertex -30.95001792907715 -15.549948692321777 2.9000000953674316
vertex -45.85001754760742 -16.34994888305664 2.9000000953674316
vertex -30.1500186920166 -16.34994888305664 2.9000000953674316
endloop
endfacet
facet normal 0 -1 0
outer loop
vertex -45.85001754760742 -16.34994888305664 2.9000000953674316
vertex -45.85001754760742 -16.34994888305664 2.200000047683716
vertex -30.1500186920166 -16.34994888305664 2.200000047683716
endloop
endfacet
facet normal 1 0 0
outer loop
vertex -30.1500186920166 -16.34994888305664 2.9000000953674316
vertex -30.1500186920166 -16.34994888305664 2.200000047683716
vertex -30.1500186920166 -0.6499490737915039 2.200000047683716
endloop
endfacet
facet normal 0 0 1
outer loop
vertex -30.95001792907715 -15.549948692321777 2.9000000953674316
vertex -45.050018310546875 -15.549948692321777 2.9000000953674316
vertex -45.85001754760742 -16.34994888305664 2.9000000953674316
endloop
endfacet
facet normal 0 0 1
outer loop
vertex -30.95001792907715 -15.549948692321777 2.9000000953674316
vertex -30.1500186920166 -16.34994888305664 2.9000000953674316
vertex -30.1500186920166 -0.6499490737915039 2.9000000953674316
endloop
endfacet
facet normal 0 1 0
outer loop
vertex -30.1500186920166 -0.6499490737915039 2.9000000953674316
vertex -30.1500186920166 -0.6499490737915039 2.200000047683716
vertex -45.85001754760742 -0.6499490737915039 2.200000047683716
endloop
endfacet
facet normal 1 0 0
outer loop
vertex -30.1500186920166 -16.34994888305664 2.9000000953674316
vertex -30.1500186920166 -0.6499490737915039 2.200000047683716
vertex -30.1500186920166 -0.6499490737915039 2.9000000953674316
endloop
endfacet
facet normal -1 0 0
outer loop
vertex -45.85001754760742 -0.6499490737915039 2.9000000953674316
vertex -45.85001754760742 -0.6499490737915039 2.200000047683716
vertex -45.85001754760742 -16.34994888305664 2.200000047683716
endloop
endfacet
facet normal 0 0 1
outer loop
vertex -30.1500186920166 -0.6499490737915039 2.9000000953674316
vertex -30.95001792907715 -1.449949026107788 2.9000000953674316
vertex -30.95001792907715 -15.549948692321777 2.9000000953674316
endloop
endfacet
facet normal -1 0 0
outer loop
vertex -45.85001754760742 -0.6499490737915039 2.9000000953674316
vertex -45.85001754760742 -16.34994888305664 2.200000047683716
vertex -45.85001754760742 -16.34994888305664 2.9000000953674316
endloop
endfacet
facet normal 0 0 1
outer loop
vertex -45.050018310546875 -15.549948692321777 2.9000000953674316
vertex -45.050018310546875 -1.449949026107788 2.9000000953674316
vertex -45.85001754760742 -16.34994888305664 2.9000000953674316
endloop
endfacet
facet normal 0 0 1
outer loop
vertex -45.85001754760742 -0.6499490737915039 2.9000000953674316
vertex -45.85001754760742 -16.34994888305664 2.9000000953674316
vertex -45.050018310546875 -1.449949026107788 2.9000000953674316
endloop
endfacet
facet normal 0 1 0
outer loop
vertex -30.1500186920166 -0.6499490737915039 2.9000000953674316
vertex -45.85001754760742 -0.6499490737915039 2.200000047683716
vertex -45.85001754760742 -0.6499490737915039 2.9000000953674316
endloop
endfacet
facet normal 0 0 1
outer loop
vertex -30.1500186920166 -0.6499490737915039 2.9000000953674316
vertex -45.050018310546875 -1.449949026107788 2.9000000953674316
vertex -30.95001792907715 -1.449949026107788 2.9000000953674316
endloop
endfacet
facet normal 0 0 1
outer loop
vertex -30.1500186920166 -0.6499490737915039 2.9000000953674316
vertex -45.85001754760742 -0.6499490737915039 2.9000000953674316
vertex -45.050018310546875 -1.449949026107788 2.9000000953674316
endloop
endfacet
facet normal 0 -1 0
outer loop
vertex -45.85001754760742 -16.34994888305664 2.9000000953674316
vertex -30.1500186920166 -16.34994888305664 2.200000047683716
vertex -30.1500186920166 -16.34994888305664 2.9000000953674316
endloop
endfacet
facet normal 0 -0.9999999999999855 1.7029897347184523e-7
outer loop
vertex -45.050018310546875 -1.4499491453170776 2.200000047683716
vertex -30.95001792907715 -1.449949026107788 2.9000000953674316
vertex -45.050018310546875 -1.449949026107788 2.9000000953674316
endloop
endfacet
facet normal 0 -0.9999999999999855 1.7029897347184523e-7
outer loop
vertex -30.95001792907715 -1.449949026107788 2.9000000953674316
vertex -45.050018310546875 -1.4499491453170776 2.200000047683716
vertex -30.95001792907715 -1.4499491453170776 2.200000047683716
endloop
endfacet
facet normal 0 1 0
outer loop
vertex -30.95001792907715 -15.549948692321777 2.200000047683716
vertex -45.050018310546875 -15.549948692321777 2.9000000953674316
vertex -30.95001792907715 -15.549948692321777 2.9000000953674316
endloop
endfacet
facet normal 1 0 0
outer loop
vertex -45.050018310546875 -1.449949026107788 2.9000000953674316
vertex -45.050018310546875 -15.549948692321777 2.200000047683716
vertex -45.050018310546875 -1.4499491453170776 2.200000047683716
endloop
endfacet
facet normal 1 0 0
outer loop
vertex -45.050018310546875 -15.549948692321777 2.200000047683716
vertex -45.050018310546875 -1.449949026107788 2.9000000953674316
vertex -45.050018310546875 -15.549948692321777 2.9000000953674316
endloop
endfacet
facet normal -1 0 0
outer loop
vertex -30.95001792907715 -15.549948692321777 2.9000000953674316
vertex -30.95001792907715 -1.4499491453170776 2.200000047683716
vertex -30.95001792907715 -15.549948692321777 2.200000047683716
endloop
endfacet
facet normal -1 0 0
outer loop
vertex -30.95001792907715 -1.4499491453170776 2.200000047683716
vertex -30.95001792907715 -15.549948692321777 2.9000000953674316
vertex -30.95001792907715 -1.449949026107788 2.9000000953674316
endloop
endfacet
facet normal 0 1 0
outer loop
vertex -45.050018310546875 -15.549948692321777 2.9000000953674316
vertex -30.95001792907715 -15.549948692321777 2.200000047683716
vertex -45.050018310546875 -15.549948692321777 2.200000047683716
endloop
endfacet
facet normal 0 -1 0
outer loop
vertex -64.85002136230469 -16.34994888305664 2.9000000953674316
vertex -49.150020599365234 -16.34994888305664 2.200000047683716
vertex -49.150020599365234 -16.34994888305664 2.9000000953674316
endloop
endfacet
facet normal 0 0 1
outer loop
vertex -64.85002136230469 -0.6499490737915039 2.9000000953674316
vertex -64.85002136230469 -16.34994888305664 2.9000000953674316
vertex -64.05001831054688 -1.449949026107788 2.9000000953674316
endloop
endfacet
facet normal 0 0 1
outer loop
vertex -64.05001831054688 -15.549948692321777 2.9000000953674316
vertex -64.05001831054688 -1.449949026107788 2.9000000953674316
vertex -64.85002136230469 -16.34994888305664 2.9000000953674316
endloop
endfacet
facet normal 0 -1 0
outer loop
vertex -64.85002136230469 -16.34994888305664 2.200000047683716
vertex -49.150020599365234 -16.34994888305664 2.200000047683716
vertex -64.85002136230469 -16.34994888305664 2.9000000953674316
endloop
endfacet
facet normal -1 0 0
outer loop
vertex -64.85002136230469 -0.6499490737915039 2.9000000953674316
vertex -64.85002136230469 -16.34994888305664 2.200000047683716
vertex -64.85002136230469 -16.34994888305664 2.9000000953674316
endloop
endfacet
facet normal 0 1 0
outer loop
vertex -49.150020599365234 -0.6499490737915039 2.9000000953674316
vertex -49.150020599365234 -0.6499490737915039 2.200000047683716
vertex -64.85002136230469 -0.6499490737915039 2.200000047683716
endloop
endfacet
facet normal 0 0 1
outer loop
vertex -49.95001983642578 -1.449949026107788 2.9000000953674316
vertex -49.95001983642578 -15.549948692321777 2.9000000953674316
vertex -49.150020599365234 -0.6499490737915039 2.9000000953674316
endloop
endfacet
facet normal 1 0 0
outer loop
vertex -49.150020599365234 -16.34994888305664 2.9000000953674316
vertex -49.150020599365234 -0.6499490737915039 2.200000047683716
vertex -49.150020599365234 -0.6499490737915039 2.9000000953674316
endloop
endfacet
facet normal 0 0 1
outer loop
vertex -49.95001983642578 -15.549948692321777 2.9000000953674316
vertex -49.150020599365234 -16.34994888305664 2.9000000953674316
vertex -49.150020599365234 -0.6499490737915039 2.9000000953674316
endloop
endfacet
facet normal -1 0 0
outer loop
vertex -64.85002136230469 -0.6499490737915039 2.9000000953674316
vertex -64.85002136230469 -0.6499490737915039 2.200000047683716
vertex -64.85002136230469 -16.34994888305664 2.200000047683716
endloop
endfacet
facet normal 0 0 1
outer loop
vertex -49.95001983642578 -15.549948692321777 2.9000000953674316
vertex -64.05001831054688 -15.549948692321777 2.9000000953674316
vertex -64.85002136230469 -16.34994888305664 2.9000000953674316
endloop
endfacet
facet normal 1 0 0
outer loop
vertex -49.150020599365234 -16.34994888305664 2.9000000953674316
vertex -49.150020599365234 -16.34994888305664 2.200000047683716
vertex -49.150020599365234 -0.6499490737915039 2.200000047683716
endloop
endfacet
facet normal 0 0 1
outer loop
vertex -49.150020599365234 -0.6499490737915039 2.9000000953674316
vertex -64.85002136230469 -0.6499490737915039 2.9000000953674316
vertex -64.05001831054688 -1.449949026107788 2.9000000953674316
endloop
endfacet
facet normal 0 1 0
outer loop
vertex -49.150020599365234 -0.6499490737915039 2.9000000953674316
vertex -64.85002136230469 -0.6499490737915039 2.200000047683716
vertex -64.85002136230469 -0.6499490737915039 2.9000000953674316
endloop
endfacet
facet normal 0 0 1
outer loop
vertex -49.95001983642578 -15.549948692321777 2.9000000953674316
vertex -64.85002136230469 -16.34994888305664 2.9000000953674316
vertex -49.150020599365234 -16.34994888305664 2.9000000953674316
endloop
endfacet
facet normal 0 0 1
outer loop
vertex -49.150020599365234 -0.6499490737915039 2.9000000953674316
vertex -64.05001831054688 -1.449949026107788 2.9000000953674316
vertex -49.95001983642578 -1.449949026107788 2.9000000953674316
endloop
endfacet
facet normal 1 0 0
outer loop
vertex -64.05001831054688 -15.549948692321777 2.200000047683716
vertex -64.05001831054688 -1.449949026107788 2.9000000953674316
vertex -64.05001831054688 -15.549948692321777 2.9000000953674316
endloop
endfacet
facet normal 0 1 0
outer loop
vertex -64.05001831054688 -15.549948692321777 2.9000000953674316
vertex -49.95001983642578 -15.549948692321777 2.200000047683716
vertex -64.05001831054688 -15.549948692321777 2.200000047683716
endloop
endfacet
facet normal 1 0 0
outer loop
vertex -64.05001831054688 -1.449949026107788 2.9000000953674316
vertex -64.05001831054688 -15.549948692321777 2.200000047683716
vertex -64.05001831054688 -1.4499491453170776 2.200000047683716
endloop
endfacet
facet normal -1 0 0
outer loop
vertex -49.95001983642578 -1.4499491453170776 2.200000047683716
vertex -49.95001983642578 -15.549948692321777 2.9000000953674316
vertex -49.95001983642578 -1.449949026107788 2.9000000953674316
endloop
endfacet
facet normal 0 -0.9999999999999855 1.7029897347184523e-7
outer loop
vertex -64.05001831054688 -1.4499491453170776 2.200000047683716
vertex -49.95001983642578 -1.449949026107788 2.9000000953674316
vertex -64.05001831054688 -1.449949026107788 2.9000000953674316
endloop
endfacet
facet normal -1 0 0
outer loop
vertex -49.95001983642578 -15.549948692321777 2.9000000953674316
vertex -49.95001983642578 -1.4499491453170776 2.200000047683716
vertex -49.95001983642578 -15.549948692321777 2.200000047683716
endloop
endfacet
facet normal 0 1 0
outer loop
vertex -49.95001983642578 -15.549948692321777 2.200000047683716
vertex -64.05001831054688 -15.549948692321777 2.9000000953674316
vertex -49.95001983642578 -15.549948692321777 2.9000000953674316
endloop
endfacet
facet normal 0 -0.9999999999999855 1.7029897347184523e-7
outer loop
vertex -49.95001983642578 -1.449949026107788 2.9000000953674316
vertex -64.05001831054688 -1.4499491453170776 2.200000047683716
vertex -49.95001983642578 -1.4499491453170776 2.200000047683716
endloop
endfacet
facet normal 1 0 0
outer loop
vertex 64.84998321533203 2.6500508785247803 2.9000000953674316
vertex 64.84998321533203 2.6500508785247803 2.200000047683716
vertex 64.84998321533203 18.35004997253418 2.200000047683716
endloop
endfacet
facet normal 0 0 1
outer loop
vertex 64.84998321533203 18.35004997253418 2.9000000953674316
vertex 49.949981689453125 17.550050735473633 2.9000000953674316
vertex 64.04998016357422 17.550050735473633 2.9000000953674316
endloop
endfacet
facet normal 1 0 0
outer loop
vertex 64.84998321533203 2.6500508785247803 2.9000000953674316
vertex 64.84998321533203 18.35004997253418 2.200000047683716
vertex 64.84998321533203 18.35004997253418 2.9000000953674316
endloop
endfacet
facet normal 0 0 1
outer loop
vertex 64.04998016357422 3.4500508308410645 2.9000000953674316
vertex 64.84998321533203 2.6500508785247803 2.9000000953674316
vertex 64.84998321533203 18.35004997253418 2.9000000953674316
endloop
endfacet
facet normal 0 -1 0
outer loop
vertex 49.14998245239258 2.6500508785247803 2.9000000953674316
vertex 64.84998321533203 2.6500508785247803 2.200000047683716
vertex 64.84998321533203 2.6500508785247803 2.9000000953674316
endloop
endfacet
facet normal -1 0 0
outer loop
vertex 49.14998245239258 18.35004997253418 2.9000000953674316
vertex 49.14998245239258 2.6500508785247803 2.200000047683716
vertex 49.14998245239258 2.6500508785247803 2.9000000953674316
endloop
endfacet
facet normal 0 0 1
outer loop
vertex 64.04998016357422 3.4500508308410645 2.9000000953674316
vertex 49.949981689453125 3.4500508308410645 2.9000000953674316
vertex 49.14998245239258 2.6500508785247803 2.9000000953674316
endloop
endfacet
facet normal -1 0 0
outer loop
vertex 49.14998245239258 18.35004997253418 2.9000000953674316
vertex 49.14998245239258 18.35004997253418 2.200000047683716
vertex 49.14998245239258 2.6500508785247803 2.200000047683716
endloop
endfacet
facet normal 0 0 1
outer loop
vertex 64.04998016357422 3.4500508308410645 2.9000000953674316
vertex 49.14998245239258 2.6500508785247803 2.9000000953674316
vertex 64.84998321533203 2.6500508785247803 2.9000000953674316
endloop
endfacet
facet normal 0 0 1
outer loop
vertex 49.949981689453125 3.4500508308410645 2.9000000953674316
vertex 49.949981689453125 17.550050735473633 2.9000000953674316
vertex 49.14998245239258 2.6500508785247803 2.9000000953674316
endloop
endfacet
facet normal 0 1 0
outer loop
vertex 64.84998321533203 18.35004997253418 2.9000000953674316
vertex 64.84998321533203 18.35004997253418 2.200000047683716
vertex 49.14998245239258 18.35004997253418 2.200000047683716
endloop
endfacet
facet normal 0 -1 0
outer loop
vertex 49.14998245239258 2.6500508785247803 2.9000000953674316
vertex 49.14998245239258 2.6500508785247803 2.200000047683716
vertex 64.84998321533203 2.6500508785247803 2.200000047683716
endloop
endfacet
facet normal 0 0 1
outer loop
vertex 49.14998245239258 18.35004997253418 2.9000000953674316
vertex 49.14998245239258 2.6500508785247803 2.9000000953674316
vertex 49.949981689453125 17.550050735473633 2.9000000953674316
endloop
endfacet
facet normal 0 0 1
outer loop
vertex 64.04998016357422 17.550050735473633 2.9000000953674316
vertex 64.04998016357422 3.4500508308410645 2.9000000953674316
vertex 64.84998321533203 18.35004997253418 2.9000000953674316
endloop
endfacet
facet normal 0 1 0
outer loop
vertex 64.84998321533203 18.35004997253418 2.9000000953674316
vertex 49.14998245239258 18.35004997253418 2.200000047683716
vertex 49.14998245239258 18.35004997253418 2.9000000953674316
endloop
endfacet
facet normal 0 0 1
outer loop
vertex 64.84998321533203 18.35004997253418 2.9000000953674316
vertex 49.14998245239258 18.35004997253418 2.9000000953674316
vertex 49.949981689453125 17.550050735473633 2.9000000953674316
endloop
endfacet
facet normal 0 -1 0
outer loop
vertex 49.949981689453125 17.550050735473633 2.200000047683716
vertex 64.04998016357422 17.550050735473633 2.200000047683716
vertex 64.04998016357422 17.550050735473633 2.9000000953674316
endloop
endfacet
facet normal 0 -1 0
outer loop
vertex 49.949981689453125 17.550050735473633 2.200000047683716
vertex 64.04998016357422 17.550050735473633 2.9000000953674316
vertex 49.949981689453125 17.550050735473633 2.9000000953674316
endloop
endfacet
facet normal 0 1 0
outer loop
vertex 64.04998016357422 3.4500508308410645 2.200000047683716
vertex 49.949981689453125 3.4500508308410645 2.9000000953674316
vertex 64.04998016357422 3.4500508308410645 2.9000000953674316
endloop
endfacet
facet normal 1 0 0
outer loop
vertex 49.949981689453125 17.550050735473633 2.9000000953674316
vertex 49.949981689453125 3.4500508308410645 2.200000047683716
vertex 49.949981689453125 17.550050735473633 2.200000047683716
endloop
endfacet
facet normal 1 0 0
outer loop
vertex 49.949981689453125 3.4500508308410645 2.200000047683716
vertex 49.949981689453125 17.550050735473633 2.9000000953674316
vertex 49.949981689453125 3.4500508308410645 2.9000000953674316
endloop
endfacet
facet normal -1 0 0
outer loop
vertex 64.04998016357422 3.4500508308410645 2.9000000953674316
vertex 64.04998016357422 17.550050735473633 2.200000047683716
vertex 64.04998016357422 3.4500508308410645 2.200000047683716
endloop
endfacet
facet normal 0 1 0
outer loop
vertex 49.949981689453125 3.4500508308410645 2.9000000953674316
vertex 64.04998016357422 3.4500508308410645 2.200000047683716
vertex 49.949981689453125 3.4500508308410645 2.200000047683716
endloop
endfacet
facet normal -1 0 0
outer loop
vertex 64.04998016357422 17.550050735473633 2.200000047683716
vertex 64.04998016357422 3.4500508308410645 2.9000000953674316
vertex 64.04998016357422 17.550050735473633 2.9000000953674316
endloop
endfacet
facet normal 0 0 1
outer loop
vertex 45.04998016357422 3.4500508308410645 2.9000000953674316
vertex 45.849979400634766 2.6500508785247803 2.9000000953674316
vertex 45.849979400634766 18.35004997253418 2.9000000953674316
endloop
endfacet
facet normal 0 0 1
outer loop
vertex 30.949981689453125 3.4500508308410645 2.9000000953674316
vertex 30.149980545043945 2.6500508785247803 2.9000000953674316
vertex 45.04998016357422 3.4500508308410645 2.9000000953674316
endloop
endfacet
facet normal 0 0 1
outer loop
vertex 30.149980545043945 18.35004997253418 2.9000000953674316
vertex 30.149980545043945 2.6500508785247803 2.9000000953674316
vertex 30.949981689453125 17.550050735473633 2.9000000953674316
endloop
endfacet
facet normal 0 -1 0
outer loop
vertex 30.149980545043945 2.6500508785247803 2.9000000953674316
vertex 30.149980545043945 2.6500508785247803 2.200000047683716
vertex 45.849979400634766 2.6500508785247803 2.200000047683716
endloop
endfacet
facet normal -1 0 0
outer loop
vertex 30.149980545043945 18.35004997253418 2.9000000953674316
vertex 30.149980545043945 2.6500508785247803 2.200000047683716
vertex 30.149980545043945 2.6500508785247803 2.9000000953674316
endloop
endfacet
facet normal 0 1 0
outer loop
vertex 45.849979400634766 18.35004997253418 2.9000000953674316
vertex 45.849979400634766 18.35004997253418 2.200000047683716
vertex 30.149980545043945 18.35004997253418 2.200000047683716
endloop
endfacet
facet normal 1 0 0
outer loop
vertex 45.849979400634766 2.6500508785247803 2.9000000953674316
vertex 45.849979400634766 18.35004997253418 2.200000047683716
vertex 45.849979400634766 18.35004997253418 2.9000000953674316
endloop
endfacet
facet normal 0 0 1
outer loop
vertex 30.949981689453125 3.4500508308410645 2.9000000953674316
vertex 30.949981689453125 17.550050735473633 2.9000000953674316
vertex 30.149980545043945 2.6500508785247803 2.9000000953674316
endloop
endfacet
facet normal 0 1 0
outer loop
vertex 45.849979400634766 18.35004997253418 2.9000000953674316
vertex 30.149980545043945 18.35004997253418 2.200000047683716
vertex 30.149980545043945 18.35004997253418 2.9000000953674316
endloop
endfacet
facet normal 0 0 1
outer loop
vertex 45.849979400634766 18.35004997253418 2.9000000953674316
vertex 30.949981689453125 17.550050735473633 2.9000000953674316
vertex 45.04998016357422 17.550050735473633 2.9000000953674316
endloop
endfacet
facet normal 0 0 1
outer loop
vertex 45.849979400634766 18.35004997253418 2.9000000953674316
vertex 30.149980545043945 18.35004997253418 2.9000000953674316
vertex 30.949981689453125 17.550050735473633 2.9000000953674316
endloop
endfacet
facet normal 0 0 1
outer loop
vertex 45.04998016357422 3.4500508308410645 2.9000000953674316
vertex 30.149980545043945 2.6500508785247803 2.9000000953674316
vertex 45.849979400634766 2.6500508785247803 2.9000000953674316
endloop
endfacet
facet normal 0 -1 0
outer loop
vertex 30.149980545043945 2.6500508785247803 2.9000000953674316
vertex 45.849979400634766 2.6500508785247803 2.200000047683716
vertex 45.849979400634766 2.6500508785247803 2.9000000953674316
endloop
endfacet
facet normal 1 0 0
outer loop
vertex 45.849979400634766 2.6500508785247803 2.9000000953674316
vertex 45.849979400634766 2.6500508785247803 2.200000047683716
vertex 45.849979400634766 18.35004997253418 2.200000047683716
endloop
endfacet
facet normal -1 0 0
outer loop
vertex 30.149980545043945 18.35004997253418 2.9000000953674316
vertex 30.149980545043945 18.35004997253418 2.200000047683716
vertex 30.149980545043945 2.6500508785247803 2.200000047683716
endloop
endfacet
facet normal 0 0 1
outer loop
vertex 45.04998016357422 17.550050735473633 2.9000000953674316
vertex 45.04998016357422 3.4500508308410645 2.9000000953674316
vertex 45.849979400634766 18.35004997253418 2.9000000953674316
endloop
endfacet
facet normal 0 1 0
outer loop
vertex 30.949981689453125 3.4500508308410645 2.9000000953674316
vertex 45.04998016357422 3.4500508308410645 2.200000047683716
vertex 30.949981689453125 3.4500508308410645 2.200000047683716
endloop
endfacet
facet normal 1 0 0
outer loop
vertex 30.949981689453125 3.4500508308410645 2.200000047683716
vertex 30.949981689453125 17.550050735473633 2.9000000953674316
vertex 30.949981689453125 3.4500508308410645 2.9000000953674316
endloop
endfacet
facet normal 0 -1 0
outer loop
vertex 30.949981689453125 17.550050735473633 2.200000047683716
vertex 45.04998016357422 17.550050735473633 2.9000000953674316
vertex 30.949981689453125 17.550050735473633 2.9000000953674316
endloop
endfacet
facet normal -1 0 0
outer loop
vertex 45.04998016357422 17.550050735473633 2.200000047683716
vertex 45.04998016357422 3.4500508308410645 2.9000000953674316
vertex 45.04998016357422 17.550050735473633 2.9000000953674316
endloop
endfacet
facet normal 0 -1 0
outer loop
vertex 45.04998016357422 17.550050735473633 2.9000000953674316
vertex 30.949981689453125 17.550050735473633 2.200000047683716
vertex 45.04998016357422 17.550050735473633 2.200000047683716
endloop
endfacet
facet normal 0 1 0
outer loop
vertex 45.04998016357422 3.4500508308410645 2.200000047683716
vertex 30.949981689453125 3.4500508308410645 2.9000000953674316
vertex 45.04998016357422 3.4500508308410645 2.9000000953674316
endloop
endfacet
facet normal 1 0 0
outer loop
vertex 30.949981689453125 17.550050735473633 2.9000000953674316
vertex 30.949981689453125 3.4500508308410645 2.200000047683716
vertex 30.949981689453125 17.550050735473633 2.200000047683716
endloop
endfacet
facet normal -1 0 0
outer loop
vertex 45.04998016357422 3.4500508308410645 2.9000000953674316
vertex 45.04998016357422 17.550050735473633 2.200000047683716
vertex 45.04998016357422 3.4500508308410645 2.200000047683716
endloop
endfacet
facet normal -1 0 0
outer loop
vertex 11.149981498718262 18.35004997253418 2.9000000953674316
vertex 11.149981498718262 18.35004997253418 2.200000047683716
vertex 11.149981498718262 2.6500508785247803 2.200000047683716
endloop
endfacet
facet normal 1 0 0
outer loop
vertex 26.8499813079834 18.35004997253418 2.9000000953674316
vertex 26.8499813079834 2.6500508785247803 2.9000000953674316
vertex 26.8499813079834 18.35004997253418 2.200000047683716
endloop
endfacet
facet normal 0 0 1
outer loop
vertex 11.149981498718262 18.35004997253418 2.9000000953674316
vertex 11.149981498718262 2.6500508785247803 2.9000000953674316
vertex 11.949980735778809 17.550050735473633 2.9000000953674316
endloop
endfacet
facet normal 0 1 0
outer loop
vertex 26.8499813079834 18.35004997253418 2.9000000953674316
vertex 11.149981498718262 18.35004997253418 2.200000047683716
vertex 11.149981498718262 18.35004997253418 2.9000000953674316
endloop
endfacet
facet normal 0 0 1
outer loop
vertex 26.8499813079834 18.35004997253418 2.9000000953674316
vertex 11.149981498718262 18.35004997253418 2.9000000953674316
vertex 11.949980735778809 17.550050735473633 2.9000000953674316
endloop
endfacet
facet normal 1 0 0
outer loop
vertex 26.8499813079834 2.6500508785247803 2.9000000953674316
vertex 26.8499813079834 2.6500508785247803 2.200000047683716
vertex 26.8499813079834 18.35004997253418 2.200000047683716
endloop
endfacet
facet normal 0 0 1
outer loop
vertex 11.949980735778809 3.4500508308410645 2.9000000953674316
vertex 11.949980735778809 17.550050735473633 2.9000000953674316
vertex 11.149981498718262 2.6500508785247803 2.9000000953674316
endloop
endfacet
facet normal -1 0 0
outer loop
vertex 11.149981498718262 18.35004997253418 2.9000000953674316
vertex 11.149981498718262 2.6500508785247803 2.200000047683716
vertex 11.149981498718262 2.6500508785247803 2.9000000953674316
endloop
endfacet
facet normal 0 0 1
outer loop
vertex 26.04998207092285 3.4500508308410645 2.9000000953674316
vertex 11.949980735778809 3.4500508308410645 2.9000000953674316
vertex 11.149981498718262 2.6500508785247803 2.9000000953674316
endloop
endfacet
facet normal 0 -1 0
outer loop
vertex 11.149981498718262 2.6500508785247803 2.9000000953674316
vertex 11.149981498718262 2.6500508785247803 2.200000047683716
vertex 26.8499813079834 2.6500508785247803 2.200000047683716
endloop
endfacet
facet normal 0 -1 0
outer loop
vertex 11.149981498718262 2.6500508785247803 2.9000000953674316
vertex 26.8499813079834 2.6500508785247803 2.200000047683716
vertex 26.8499813079834 2.6500508785247803 2.9000000953674316
endloop
endfacet
facet normal 0 0 1
outer loop
vertex 26.04998207092285 3.4500508308410645 2.9000000953674316
vertex 11.149981498718262 2.6500508785247803 2.9000000953674316
vertex 26.8499813079834 2.6500508785247803 2.9000000953674316
endloop
endfacet
facet normal 0 0 1
outer loop
vertex 26.04998207092285 3.4500508308410645 2.9000000953674316
vertex 26.8499813079834 2.6500508785247803 2.9000000953674316
vertex 26.8499813079834 18.35004997253418 2.9000000953674316
endloop
endfacet
facet normal 0 1 0
outer loop
vertex 26.8499813079834 18.35004997253418 2.9000000953674316
vertex 26.8499813079834 18.35004997253418 2.200000047683716
vertex 11.149981498718262 18.35004997253418 2.200000047683716
endloop
endfacet
facet normal 0 0 1
outer loop
vertex 26.8499813079834 18.35004997253418 2.9000000953674316
vertex 11.949980735778809 17.550050735473633 2.9000000953674316
vertex 26.04998207092285 17.550050735473633 2.9000000953674316
endloop
endfacet
facet normal 0 0 1
outer loop
vertex 26.04998207092285 17.550050735473633 2.9000000953674316
vertex 26.04998207092285 3.4500508308410645 2.9000000953674316
vertex 26.8499813079834 18.35004997253418 2.9000000953674316
endloop
endfacet
facet normal 0 -1 0
outer loop
vertex 11.949980735778809 17.550050735473633 2.200000047683716
vertex 26.04998207092285 17.550050735473633 2.9000000953674316
vertex 11.949980735778809 17.550050735473633 2.9000000953674316
endloop
endfacet
facet normal -1 0 0
outer loop
vertex 26.04998207092285 3.4500508308410645 2.9000000953674316
vertex 26.04998207092285 17.550050735473633 2.200000047683716
vertex 26.04998207092285 3.4500508308410645 2.200000047683716
endloop
endfacet
facet normal 1 0 0
outer loop
vertex 11.949980735778809 17.550050735473633 2.9000000953674316
vertex 11.949980735778809 3.4500508308410645 2.200000047683716
vertex 11.949980735778809 17.550050735473633 2.200000047683716
endloop
endfacet
facet normal 1 0 0
outer loop
vertex 11.949980735778809 3.4500508308410645 2.200000047683716
vertex 11.949980735778809 17.550050735473633 2.9000000953674316
vertex 11.949980735778809 3.4500508308410645 2.9000000953674316
endloop
endfacet
facet normal 0 1 0
outer loop
vertex 11.949980735778809 3.4500508308410645 2.9000000953674316
vertex 26.04998207092285 3.4500508308410645 2.200000047683716
vertex 11.949980735778809 3.4500508308410645 2.200000047683716
endloop
endfacet
facet normal 0 1 0
outer loop
vertex 26.04998207092285 3.4500508308410645 2.200000047683716
vertex 11.949980735778809 3.4500508308410645 2.9000000953674316
vertex 26.04998207092285 3.4500508308410645 2.9000000953674316
endloop
endfacet
facet normal 0 -1 0
outer loop
vertex 26.04998207092285 17.550050735473633 2.9000000953674316
vertex 11.949980735778809 17.550050735473633 2.200000047683716
vertex 26.04998207092285 17.550050735473633 2.200000047683716
endloop
endfacet
facet normal -1 0 0
outer loop
vertex 26.04998207092285 17.550050735473633 2.200000047683716
vertex 26.04998207092285 3.4500508308410645 2.9000000953674316
vertex 26.04998207092285 17.550050735473633 2.9000000953674316
endloop
endfacet
facet normal 0 0 1
outer loop
vertex 7.849981307983398 18.35004997253418 2.9000000953674316
vertex -7.050018787384033 17.550050735473633 2.9000000953674316
vertex 7.049981117248535 17.550050735473633 2.9000000953674316
endloop
endfacet
facet normal 1 0 0
outer loop
vertex 7.849981307983398 2.6500508785247803 2.9000000953674316
vertex 7.849981307983398 2.6500508785247803 2.200000047683716
vertex 7.849981307983398 18.35004997253418 2.200000047683716
endloop
endfacet
facet normal 1 0 0
outer loop
vertex 7.849981307983398 2.6500508785247803 2.9000000953674316
vertex 7.849981307983398 18.35004997253418 2.200000047683716
vertex 7.849981307983398 18.35004997253418 2.9000000953674316
endloop
endfacet
facet normal -1 0 0
outer loop
vertex -7.8500189781188965 18.35004997253418 2.200000047683716
vertex -7.8500189781188965 2.6500508785247803 2.200000047683716
vertex -7.8500189781188965 18.35004997253418 2.9000000953674316
endloop
endfacet
facet normal 0 0 1
outer loop
vertex -7.8500189781188965 18.35004997253418 2.9000000953674316
vertex -7.8500189781188965 2.6500508785247803 2.9000000953674316
vertex -7.050018787384033 17.550050735473633 2.9000000953674316
endloop
endfacet
facet normal 0 0 1
outer loop
vertex -7.050018787384033 3.4500508308410645 2.9000000953674316
vertex -7.050018787384033 17.550050735473633 2.9000000953674316
vertex -7.8500189781188965 2.6500508785247803 2.9000000953674316
endloop
endfacet
facet normal -1 0 0
outer loop
vertex -7.8500189781188965 18.35004997253418 2.9000000953674316
vertex -7.8500189781188965 2.6500508785247803 2.200000047683716
vertex -7.8500189781188965 2.6500508785247803 2.9000000953674316
endloop
endfacet
facet normal 0 1 0
outer loop
vertex 7.849981307983398 18.35004997253418 2.9000000953674316
vertex -7.8500189781188965 18.35004997253418 2.200000047683716
vertex -7.8500189781188965 18.35004997253418 2.9000000953674316
endloop
endfacet
facet normal 0 0 1
outer loop
vertex -7.8500189781188965 2.6500508785247803 2.9000000953674316
vertex 7.049981117248535 3.4500508308410645 2.9000000953674316
vertex -7.050018787384033 3.4500508308410645 2.9000000953674316
endloop
endfacet
facet normal 0 1 0
outer loop
vertex 7.849981307983398 18.35004997253418 2.9000000953674316
vertex 7.849981307983398 18.35004997253418 2.200000047683716
vertex -7.8500189781188965 18.35004997253418 2.200000047683716
endloop
endfacet
facet normal 0 -1 0
outer loop
vertex -7.8500189781188965 2.6500508785247803 2.9000000953674316
vertex -7.8500189781188965 2.6500508785247803 2.200000047683716
vertex 7.849981307983398 2.6500508785247803 2.200000047683716
endloop
endfacet
facet normal 0 0 1
outer loop
vertex 7.849981307983398 18.35004997253418 2.9000000953674316
vertex -7.8500189781188965 18.35004997253418 2.9000000953674316
vertex -7.050018787384033 17.550050735473633 2.9000000953674316
endloop
endfacet
facet normal 0 0 1
outer loop
vertex 7.049981117248535 3.4500508308410645 2.9000000953674316
vertex 7.849981307983398 2.6500508785247803 2.9000000953674316
vertex 7.849981307983398 18.35004997253418 2.9000000953674316
endloop
endfacet
facet normal 0 0 1
outer loop
vertex 7.049981117248535 3.4500508308410645 2.9000000953674316
vertex -7.8500189781188965 2.6500508785247803 2.9000000953674316
vertex 7.849981307983398 2.6500508785247803 2.9000000953674316
endloop
endfacet
facet normal 0 -1 0
outer loop
vertex -7.8500189781188965 2.6500508785247803 2.9000000953674316
vertex 7.849981307983398 2.6500508785247803 2.200000047683716
vertex 7.849981307983398 2.6500508785247803 2.9000000953674316
endloop
endfacet
facet normal 0 0 1
outer loop
vertex 7.049981117248535 17.550050735473633 2.9000000953674316
vertex 7.049981117248535 3.4500508308410645 2.9000000953674316
vertex 7.849981307983398 18.35004997253418 2.9000000953674316
endloop
endfacet
facet normal -1 0 0
outer loop
vertex 7.049981117248535 3.4500508308410645 2.9000000953674316
vertex 7.049981117248535 17.550050735473633 2.200000047683716
vertex 7.049981117248535 3.4500508308410645 2.200000047683716
endloop
endfacet
facet normal 1 0 0
outer loop
vertex -7.050018787384033 17.550050735473633 2.9000000953674316
vertex -7.050018787384033 3.4500508308410645 2.200000047683716
vertex -7.050018787384033 17.550050735473633 2.200000047683716
endloop
endfacet
facet normal 0 1 0
outer loop
vertex 7.049981117248535 3.4500508308410645 2.200000047683716
vertex -7.050018787384033 3.4500508308410645 2.9000000953674316
vertex 7.049981117248535 3.4500508308410645 2.9000000953674316
endloop
endfacet
facet normal 0 -1 0
outer loop
vertex -7.050018787384033 17.550050735473633 2.200000047683716
vertex 7.049981117248535 17.550050735473633 2.9000000953674316
vertex -7.050018787384033 17.550050735473633 2.9000000953674316
endloop
endfacet
facet normal 0 1 0
outer loop
vertex -7.050018787384033 3.4500508308410645 2.9000000953674316
vertex 7.049981117248535 3.4500508308410645 2.200000047683716
vertex -7.050018787384033 3.4500508308410645 2.200000047683716
endloop
endfacet
facet normal 0 -1 0
outer loop
vertex 7.049981117248535 17.550050735473633 2.9000000953674316
vertex -7.050018787384033 17.550050735473633 2.200000047683716
vertex 7.049981117248535 17.550050735473633 2.200000047683716
endloop
endfacet
facet normal 1 0 0
outer loop
vertex -7.050018787384033 3.4500508308410645 2.200000047683716
vertex -7.050018787384033 17.550050735473633 2.9000000953674316
vertex -7.050018787384033 3.4500508308410645 2.9000000953674316
endloop
endfacet
facet normal -1 0 0
outer loop
vertex 7.049981117248535 17.550050735473633 2.200000047683716
vertex 7.049981117248535 3.4500508308410645 2.9000000953674316
vertex 7.049981117248535 17.550050735473633 2.9000000953674316
endloop
endfacet
facet normal 0 0 1
outer loop
vertex -11.150018692016602 18.35004997253418 2.9000000953674316
vertex -26.850019454956055 18.35004997253418 2.9000000953674316
vertex -26.050018310546875 17.550050735473633 2.9000000953674316
endloop
endfacet
facet normal 1 0 0
outer loop
vertex -11.150018692016602 2.6500508785247803 2.200000047683716
vertex -11.150018692016602 18.35004997253418 2.200000047683716
vertex -11.150018692016602 2.6500508785247803 2.9000000953674316
endloop
endfacet
facet normal 0 1 0
outer loop
vertex -11.150018692016602 18.35004997253418 2.9000000953674316
vertex -26.850019454956055 18.35004997253418 2.200000047683716
vertex -26.850019454956055 18.35004997253418 2.9000000953674316
endloop
endfacet
facet normal 0 0 1
outer loop
vertex -26.850019454956055 18.35004997253418 2.9000000953674316
vertex -26.850019454956055 2.6500508785247803 2.9000000953674316
vertex -26.050018310546875 17.550050735473633 2.9000000953674316
endloop
endfacet
facet normal -1 0 0
outer loop
vertex -26.850019454956055 18.35004997253418 2.200000047683716
vertex -26.850019454956055 2.6500508785247803 2.200000047683716
vertex -26.850019454956055 18.35004997253418 2.9000000953674316
endloop
endfacet
facet normal 0 -1 0
outer loop
vertex -26.850019454956055 2.6500508785247803 2.9000000953674316
vertex -11.150018692016602 2.6500508785247803 2.200000047683716
vertex -11.150018692016602 2.6500508785247803 2.9000000953674316
endloop
endfacet
facet normal 0 0 1
outer loop
vertex -11.950018882751465 3.4500508308410645 2.9000000953674316
vertex -26.850019454956055 2.6500508785247803 2.9000000953674316
vertex -11.150018692016602 2.6500508785247803 2.9000000953674316
endloop
endfacet
facet normal 0 0 1
outer loop
vertex -11.950018882751465 3.4500508308410645 2.9000000953674316
vertex -11.150018692016602 2.6500508785247803 2.9000000953674316
vertex -11.150018692016602 18.35004997253418 2.9000000953674316
endloop
endfacet
facet normal 0 0 1
outer loop
vertex -26.050018310546875 3.4500508308410645 2.9000000953674316
vertex -26.050018310546875 17.550050735473633 2.9000000953674316
vertex -26.850019454956055 2.6500508785247803 2.9000000953674316
endloop
endfacet
facet normal -1 0 0
outer loop
vertex -26.850019454956055 18.35004997253418 2.9000000953674316
vertex -26.850019454956055 2.6500508785247803 2.200000047683716
vertex -26.850019454956055 2.6500508785247803 2.9000000953674316
endloop
endfacet
facet normal 0 0 1
outer loop
vertex -11.950018882751465 3.4500508308410645 2.9000000953674316
vertex -26.050018310546875 3.4500508308410645 2.9000000953674316
vertex -26.850019454956055 2.6500508785247803 2.9000000953674316
endloop
endfacet
facet normal 0 -1 0
outer loop
vertex -26.850019454956055 2.6500508785247803 2.9000000953674316
vertex -26.850019454956055 2.6500508785247803 2.200000047683716
vertex -11.150018692016602 2.6500508785247803 2.200000047683716
endloop
endfacet
facet normal 0 1 0
outer loop
vertex -26.850019454956055 18.35004997253418 2.200000047683716
vertex -11.150018692016602 18.35004997253418 2.9000000953674316
vertex -11.150018692016602 18.35004997253418 2.200000047683716
endloop
endfacet
facet normal 1 0 0
outer loop
vertex -11.150018692016602 2.6500508785247803 2.9000000953674316
vertex -11.150018692016602 18.35004997253418 2.200000047683716
vertex -11.150018692016602 18.35004997253418 2.9000000953674316
endloop
endfacet
facet normal 0 0 1
outer loop
vertex -11.150018692016602 18.35004997253418 2.9000000953674316
vertex -26.050018310546875 17.550050735473633 2.9000000953674316
vertex -11.950018882751465 17.550050735473633 2.9000000953674316
endloop
endfacet
facet normal 0 0 1
outer loop
vertex -11.950018882751465 17.550050735473633 2.9000000953674316
vertex -11.950018882751465 3.4500508308410645 2.9000000953674316
vertex -11.150018692016602 18.35004997253418 2.9000000953674316
endloop
endfacet
facet normal -1 0 0
outer loop
vertex -11.950018882751465 17.550050735473633 2.200000047683716
vertex -11.950018882751465 3.4500508308410645 2.9000000953674316
vertex -11.950018882751465 17.550050735473633 2.9000000953674316
endloop
endfacet
facet normal 1 0 0
outer loop
vertex -26.050018310546875 3.4500508308410645 2.200000047683716
vertex -26.050018310546875 17.550050735473633 2.9000000953674316
vertex -26.050018310546875 3.4500508308410645 2.9000000953674316
endloop
endfacet
facet normal 1 0 0
outer loop
vertex -26.050018310546875 17.550050735473633 2.9000000953674316
vertex -26.050018310546875 3.4500508308410645 2.200000047683716
vertex -26.050018310546875 17.550050735473633 2.200000047683716
endloop
endfacet
facet normal 0 1 0
outer loop
vertex -26.050018310546875 3.4500508308410645 2.9000000953674316
vertex -11.950018882751465 3.4500508308410645 2.200000047683716
vertex -26.050018310546875 3.4500508308410645 2.200000047683716
endloop
endfacet
facet normal 0 -1 0
outer loop
vertex -11.950018882751465 17.550050735473633 2.9000000953674316
vertex -26.050018310546875 17.550050735473633 2.200000047683716
vertex -11.950018882751465 17.550050735473633 2.200000047683716
endloop
endfacet
facet normal 0 -1 0
outer loop
vertex -26.050018310546875 17.550050735473633 2.200000047683716
vertex -11.950018882751465 17.550050735473633 2.9000000953674316
vertex -26.050018310546875 17.550050735473633 2.9000000953674316
endloop
endfacet
facet normal -1 0 0
outer loop
vertex -11.950018882751465 3.4500508308410645 2.9000000953674316
vertex -11.950018882751465 17.550050735473633 2.200000047683716
vertex -11.950018882751465 3.4500508308410645 2.200000047683716
endloop
endfacet
facet normal 0 1 0
outer loop
vertex -11.950018882751465 3.4500508308410645 2.200000047683716
vertex -26.050018310546875 3.4500508308410645 2.9000000953674316
vertex -11.950018882751465 3.4500508308410645 2.9000000953674316
endloop
endfacet
facet normal 0 -1 0
outer loop
vertex -45.85001754760742 2.6500508785247803 2.9000000953674316
vertex -45.85001754760742 2.6500508785247803 2.200000047683716
vertex -30.1500186920166 2.6500508785247803 2.200000047683716
endloop
endfacet
facet normal 0 0 1
outer loop
vertex -30.95001792907715 3.4500508308410645 2.9000000953674316
vertex -30.1500186920166 2.6500508785247803 2.9000000953674316
vertex -30.1500186920166 18.35004997253418 2.9000000953674316
endloop
endfacet
facet normal 0 1 0
outer loop
vertex -30.1500186920166 18.35004997253418 2.200000047683716
vertex -45.85001754760742 18.35004997253418 2.200000047683716
vertex -30.1500186920166 18.35004997253418 2.9000000953674316
endloop
endfacet
facet normal 0 0 1
outer loop
vertex -30.1500186920166 18.35004997253418 2.9000000953674316
vertex -45.85001754760742 18.35004997253418 2.9000000953674316
vertex -45.050018310546875 17.550050735473633 2.9000000953674316
endloop
endfacet
facet normal 0 1 0
outer loop
vertex -30.1500186920166 18.35004997253418 2.9000000953674316
vertex -45.85001754760742 18.35004997253418 2.200000047683716
vertex -45.85001754760742 18.35004997253418 2.9000000953674316
endloop
endfacet
facet normal 0 0 1
outer loop
vertex -30.95001792907715 3.4500508308410645 2.9000000953674316
vertex -45.85001754760742 2.6500508785247803 2.9000000953674316
vertex -30.1500186920166 2.6500508785247803 2.9000000953674316
endloop
endfacet
facet normal 0 0 1
outer loop
vertex -45.85001754760742 18.35004997253418 2.9000000953674316
vertex -45.85001754760742 2.6500508785247803 2.9000000953674316
vertex -45.050018310546875 17.550050735473633 2.9000000953674316
endloop
endfacet
facet normal 0 -1 0
outer loop
vertex -45.85001754760742 2.6500508785247803 2.9000000953674316
vertex -30.1500186920166 2.6500508785247803 2.200000047683716
vertex -30.1500186920166 2.6500508785247803 2.9000000953674316
endloop
endfacet
facet normal -1 0 0
outer loop
vertex -45.85001754760742 18.35004997253418 2.9000000953674316
vertex -45.85001754760742 18.35004997253418 2.200000047683716
vertex -45.85001754760742 2.6500508785247803 2.200000047683716
endloop
endfacet
facet normal 0 0 1
outer loop
vertex -30.1500186920166 18.35004997253418 2.9000000953674316
vertex -45.050018310546875 17.550050735473633 2.9000000953674316
vertex -30.95001792907715 17.550050735473633 2.9000000953674316
endloop
endfacet
facet normal 0 0 1
outer loop
vertex -30.1500186920166 18.35004997253418 2.9000000953674316
vertex -30.95001792907715 17.550050735473633 2.9000000953674316
vertex -30.95001792907715 3.4500508308410645 2.9000000953674316
endloop
endfacet
facet normal 0 0 1
outer loop
vertex -45.050018310546875 3.4500508308410645 2.9000000953674316
vertex -45.050018310546875 17.550050735473633 2.9000000953674316
vertex -45.85001754760742 2.6500508785247803 2.9000000953674316
endloop
endfacet
facet normal 0 0 1
outer loop
vertex -30.95001792907715 3.4500508308410645 2.9000000953674316
vertex -45.050018310546875 3.4500508308410645 2.9000000953674316
vertex -45.85001754760742 2.6500508785247803 2.9000000953674316
endloop
endfacet
facet normal 1 0 0
outer loop
vertex -30.1500186920166 2.6500508785247803 2.9000000953674316
vertex -30.1500186920166 18.35004997253418 2.200000047683716
vertex -30.1500186920166 18.35004997253418 2.9000000953674316
endloop
endfacet
facet normal 1 0 0
outer loop
vertex -30.1500186920166 2.6500508785247803 2.9000000953674316
vertex -30.1500186920166 2.6500508785247803 2.200000047683716
vertex -30.1500186920166 18.35004997253418 2.200000047683716
endloop
endfacet
facet normal -1 0 0
outer loop
vertex -45.85001754760742 18.35004997253418 2.9000000953674316
vertex -45.85001754760742 2.6500508785247803 2.200000047683716
vertex -45.85001754760742 2.6500508785247803 2.9000000953674316
endloop
endfacet
facet normal 0 -1 0
outer loop
vertex -30.95001792907715 17.550050735473633 2.9000000953674316
vertex -45.050018310546875 17.550050735473633 2.200000047683716
vertex -30.95001792907715 17.550050735473633 2.200000047683716
endloop
endfacet
facet normal 0 -1 0
outer loop
vertex -45.050018310546875 17.550050735473633 2.200000047683716
vertex -30.95001792907715 17.550050735473633 2.9000000953674316
vertex -45.050018310546875 17.550050735473633 2.9000000953674316
endloop
endfacet
facet normal 0 1 0
outer loop
vertex -30.95001792907715 3.4500508308410645 2.200000047683716
vertex -45.050018310546875 3.4500508308410645 2.9000000953674316
vertex -30.95001792907715 3.4500508308410645 2.9000000953674316
endloop
endfacet
facet normal 1 0 0
outer loop
vertex -45.050018310546875 17.550050735473633 2.9000000953674316
vertex -45.050018310546875 3.4500508308410645 2.200000047683716
vertex -45.050018310546875 17.550050735473633 2.200000047683716
endloop
endfacet
facet normal 1 0 0
outer loop
vertex -45.050018310546875 3.4500508308410645 2.200000047683716
vertex -45.050018310546875 17.550050735473633 2.9000000953674316
vertex -45.050018310546875 3.4500508308410645 2.9000000953674316
endloop
endfacet
facet normal -1 0 0
outer loop
vertex -30.95001792907715 17.550050735473633 2.200000047683716
vertex -30.95001792907715 3.4500508308410645 2.9000000953674316
vertex -30.95001792907715 17.550050735473633 2.9000000953674316
endloop
endfacet
facet normal -1 0 0
outer loop
vertex -30.95001792907715 3.4500508308410645 2.9000000953674316
vertex -30.95001792907715 17.550050735473633 2.200000047683716
vertex -30.95001792907715 3.4500508308410645 2.200000047683716
endloop
endfacet
facet normal 0 1 0
outer loop
vertex -45.050018310546875 3.4500508308410645 2.9000000953674316
vertex -30.95001792907715 3.4500508308410645 2.200000047683716
vertex -45.050018310546875 3.4500508308410645 2.200000047683716
endloop
endfacet
facet normal 0 0 1
outer loop
vertex -49.95001983642578 3.4500508308410645 2.9000000953674316
vertex -49.150020599365234 2.6500508785247803 2.9000000953674316
vertex -49.150020599365234 18.35004997253418 2.9000000953674316
endloop
endfacet
facet normal 1 0 0
outer loop
vertex -49.150020599365234 2.6500508785247803 2.9000000953674316
vertex -49.150020599365234 2.6500508785247803 2.200000047683716
vertex -49.150020599365234 18.35004997253418 2.200000047683716
endloop
endfacet
facet normal 0 0 1
outer loop
vertex -49.150020599365234 18.35004997253418 2.9000000953674316
vertex -64.85002136230469 18.35004997253418 2.9000000953674316
vertex -64.05001831054688 17.550050735473633 2.9000000953674316
endloop
endfacet
facet normal 0 -1 0
outer loop
vertex -64.85002136230469 2.6500508785247803 2.9000000953674316
vertex -49.150020599365234 2.6500508785247803 2.200000047683716
vertex -49.150020599365234 2.6500508785247803 2.9000000953674316
endloop
endfacet
facet normal 0 0 1
outer loop
vertex -49.95001983642578 3.4500508308410645 2.9000000953674316
vertex -64.85002136230469 2.6500508785247803 2.9000000953674316
vertex -49.150020599365234 2.6500508785247803 2.9000000953674316
endloop
endfacet
facet normal 0 1 0
outer loop
vertex -49.150020599365234 18.35004997253418 2.9000000953674316
vertex -64.85002136230469 18.35004997253418 2.200000047683716
vertex -64.85002136230469 18.35004997253418 2.9000000953674316
endloop
endfacet
facet normal -1 0 0
outer loop
vertex -64.85002136230469 18.35004997253418 2.200000047683716
vertex -64.85002136230469 2.6500508785247803 2.200000047683716
vertex -64.85002136230469 18.35004997253418 2.9000000953674316
endloop
endfacet
facet normal 0 0 1
outer loop
vertex -49.95001983642578 3.4500508308410645 2.9000000953674316
vertex -64.05001831054688 3.4500508308410645 2.9000000953674316
vertex -64.85002136230469 2.6500508785247803 2.9000000953674316
endloop
endfacet
facet normal 0 0 1
outer loop
vertex -64.05001831054688 3.4500508308410645 2.9000000953674316
vertex -64.05001831054688 17.550050735473633 2.9000000953674316
vertex -64.85002136230469 2.6500508785247803 2.9000000953674316
endloop
endfacet
facet normal 0 1 0
outer loop
vertex -49.150020599365234 18.35004997253418 2.9000000953674316
vertex -49.150020599365234 18.35004997253418 2.200000047683716
vertex -64.85002136230469 18.35004997253418 2.200000047683716
endloop
endfacet
facet normal 0 -1 0
outer loop
vertex -64.85002136230469 2.6500508785247803 2.9000000953674316
vertex -64.85002136230469 2.6500508785247803 2.200000047683716
vertex -49.150020599365234 2.6500508785247803 2.200000047683716
endloop
endfacet
facet normal 1 0 0
outer loop
vertex -49.150020599365234 2.6500508785247803 2.9000000953674316
vertex -49.150020599365234 18.35004997253418 2.200000047683716
vertex -49.150020599365234 18.35004997253418 2.9000000953674316
endloop
endfacet
facet normal 0 0 1
outer loop
vertex -49.95001983642578 17.550050735473633 2.9000000953674316
vertex -49.95001983642578 3.4500508308410645 2.9000000953674316
vertex -49.150020599365234 18.35004997253418 2.9000000953674316
endloop
endfacet
facet normal 0 0 1
outer loop
vertex -49.150020599365234 18.35004997253418 2.9000000953674316
vertex -64.05001831054688 17.550050735473633 2.9000000953674316
vertex -49.95001983642578 17.550050735473633 2.9000000953674316
endloop
endfacet
facet normal -1 0 0
outer loop
vertex -64.85002136230469 18.35004997253418 2.9000000953674316
vertex -64.85002136230469 2.6500508785247803 2.200000047683716
vertex -64.85002136230469 2.6500508785247803 2.9000000953674316
endloop
endfacet
facet normal 0 0 1
outer loop
vertex -64.85002136230469 18.35004997253418 2.9000000953674316
vertex -64.85002136230469 2.6500508785247803 2.9000000953674316
vertex -64.05001831054688 17.550050735473633 2.9000000953674316
endloop
endfacet
facet normal -1 0 0
outer loop
vertex -49.95001983642578 3.4500508308410645 2.9000000953674316
vertex -49.95001983642578 17.550050735473633 2.200000047683716
vertex -49.95001983642578 3.4500508308410645 2.200000047683716
endloop
endfacet
facet normal 0 1 0
outer loop
vertex -49.95001983642578 3.4500508308410645 2.200000047683716
vertex -64.05001831054688 3.4500508308410645 2.9000000953674316
vertex -49.95001983642578 3.4500508308410645 2.9000000953674316
endloop
endfacet
facet normal 0 -1 0
outer loop
vertex -64.05001831054688 17.550050735473633 2.200000047683716
vertex -49.95001983642578 17.550050735473633 2.9000000953674316
vertex -64.05001831054688 17.550050735473633 2.9000000953674316
endloop
endfacet
facet normal 1 0 0
outer loop
vertex -64.05001831054688 17.550050735473633 2.9000000953674316
vertex -64.05001831054688 3.4500508308410645 2.200000047683716
vertex -64.05001831054688 17.550050735473633 2.200000047683716
endloop
endfacet
facet normal 0 -1 0
outer loop
vertex -49.95001983642578 17.550050735473633 2.9000000953674316
vertex -64.05001831054688 17.550050735473633 2.200000047683716
vertex -49.95001983642578 17.550050735473633 2.200000047683716
endloop
endfacet
facet normal -1 0 0
outer loop
vertex -49.95001983642578 17.550050735473633 2.200000047683716
vertex -49.95001983642578 3.4500508308410645 2.9000000953674316
vertex -49.95001983642578 17.550050735473633 2.9000000953674316
endloop
endfacet
facet normal 0 1 0
outer loop
vertex -64.05001831054688 3.4500508308410645 2.9000000953674316
vertex -49.95001983642578 3.4500508308410645 2.200000047683716
vertex -64.05001831054688 3.4500508308410645 2.200000047683716
endloop
endfacet
facet normal 1 0 0
outer loop
vertex -64.05001831054688 3.4500508308410645 2.200000047683716
vertex -64.05001831054688 17.550050735473633 2.9000000953674316
vertex -64.05001831054688 3.4500508308410645 2.9000000953674316
endloop
endfacet
facet normal 0 0 1
outer loop
vertex 49.14998245239258 37.35005187988281 2.9000000953674316
vertex 49.14998245239258 21.65005111694336 2.9000000953674316
vertex 49.949981689453125 36.550052642822266 2.9000000953674316
endloop
endfacet
facet normal 0 0 1
outer loop
vertex 64.04998016357422 22.450050354003906 2.9000000953674316
vertex 49.949981689453125 22.450050354003906 2.9000000953674316
vertex 49.14998245239258 21.65005111694336 2.9000000953674316
endloop
endfacet
facet normal 0 0 1
outer loop
vertex 64.04998016357422 36.550052642822266 2.9000000953674316
vertex 64.04998016357422 22.450050354003906 2.9000000953674316
vertex 64.84998321533203 37.35005187988281 2.9000000953674316
endloop
endfacet
facet normal 0 0 1
outer loop
vertex 64.04998016357422 22.450050354003906 2.9000000953674316
vertex 64.84998321533203 21.65005111694336 2.9000000953674316
vertex 64.84998321533203 37.35005187988281 2.9000000953674316
endloop
endfacet
facet normal 1 0 0
outer loop
vertex 64.84998321533203 21.65005111694336 2.9000000953674316
vertex 64.84998321533203 37.35005187988281 2.200000047683716
vertex 64.84998321533203 37.35005187988281 2.9000000953674316
endloop
endfacet
facet normal 0 0 1
outer loop
vertex 49.949981689453125 22.450050354003906 2.9000000953674316
vertex 49.949981689453125 36.550052642822266 2.9000000953674316
vertex 49.14998245239258 21.65005111694336 2.9000000953674316
endloop
endfacet
facet normal -1 0 0
outer loop
vertex 49.14998245239258 37.35005187988281 2.9000000953674316
vertex 49.14998245239258 21.65005111694336 2.200000047683716
vertex 49.14998245239258 21.65005111694336 2.9000000953674316
endloop
endfacet
facet normal 0 -1 0
outer loop
vertex 49.14998245239258 21.65005111694336 2.9000000953674316
vertex 64.84998321533203 21.65005111694336 2.200000047683716
vertex 64.84998321533203 21.65005111694336 2.9000000953674316
endloop
endfacet
facet normal 0 0 1
outer loop
vertex 64.84998321533203 37.35005187988281 2.9000000953674316
vertex 49.949981689453125 36.550052642822266 2.9000000953674316
vertex 64.04998016357422 36.550052642822266 2.9000000953674316
endloop
endfacet
facet normal -1 0 0
outer loop
vertex 49.14998245239258 37.35005187988281 2.9000000953674316
vertex 49.14998245239258 37.35005187988281 2.200000047683716
vertex 49.14998245239258 21.65005111694336 2.200000047683716
endloop
endfacet
facet normal 0 1 0
outer loop
vertex 64.84998321533203 37.35005187988281 2.9000000953674316
vertex 64.84998321533203 37.35005187988281 2.200000047683716
vertex 49.14998245239258 37.35005187988281 2.200000047683716
endloop
endfacet
facet normal 0 0 1
outer loop
vertex 64.04998016357422 22.450050354003906 2.9000000953674316
vertex 49.14998245239258 21.65005111694336 2.9000000953674316
vertex 64.84998321533203 21.65005111694336 2.9000000953674316
endloop
endfacet
facet normal 0 -1 0
outer loop
vertex 49.14998245239258 21.65005111694336 2.9000000953674316
vertex 49.14998245239258 21.65005111694336 2.200000047683716
vertex 64.84998321533203 21.65005111694336 2.200000047683716
endloop
endfacet
facet normal 0 1 0
outer loop
vertex 64.84998321533203 37.35005187988281 2.9000000953674316
vertex 49.14998245239258 37.35005187988281 2.200000047683716
vertex 49.14998245239258 37.35005187988281 2.9000000953674316
endloop
endfacet
facet normal 1 0 0
outer loop
vertex 64.84998321533203 21.65005111694336 2.200000047683716
vertex 64.84998321533203 37.35005187988281 2.200000047683716
vertex 64.84998321533203 21.65005111694336 2.9000000953674316
endloop
endfacet
facet normal 0 0 1
outer loop
vertex 64.84998321533203 37.35005187988281 2.9000000953674316
vertex 49.14998245239258 37.35005187988281 2.9000000953674316
vertex 49.949981689453125 36.550052642822266 2.9000000953674316
endloop
endfacet
facet normal 1 0 0
outer loop
vertex 49.949981689453125 22.450050354003906 2.200000047683716
vertex 49.949981689453125 36.550052642822266 2.9000000953674316
vertex 49.949981689453125 22.450050354003906 2.9000000953674316
endloop
endfacet
facet normal 0 1 0
outer loop
vertex 64.04998016357422 22.450050354003906 2.200000047683716
vertex 49.949981689453125 22.450050354003906 2.9000000953674316
vertex 64.04998016357422 22.450050354003906 2.9000000953674316
endloop
endfacet
facet normal -1 0 0
outer loop
vertex 64.04998016357422 22.450050354003906 2.200000047683716
vertex 64.04998016357422 22.450050354003906 2.9000000953674316
vertex 64.04998016357422 36.550052642822266 2.9000000953674316
endloop
endfacet
facet normal -1 0 0
outer loop
vertex 64.04998016357422 36.550052642822266 2.9000000953674316
vertex 64.04998016357422 36.550052642822266 2.200000047683716
vertex 64.04998016357422 22.450050354003906 2.200000047683716
endloop
endfacet
facet normal 1 0 0
outer loop
vertex 49.949981689453125 36.550052642822266 2.9000000953674316
vertex 49.949981689453125 22.450050354003906 2.200000047683716
vertex 49.949981689453125 36.550052642822266 2.200000047683716
endloop
endfacet
facet normal 0 -1 0
outer loop
vertex 64.04998016357422 36.550052642822266 2.200000047683716
vertex 64.04998016357422 36.550052642822266 2.9000000953674316
vertex 49.949981689453125 36.550052642822266 2.200000047683716
endloop
endfacet
facet normal 0 -1 0
outer loop
vertex 49.949981689453125 36.550052642822266 2.200000047683716
vertex 64.04998016357422 36.550052642822266 2.9000000953674316
vertex 49.949981689453125 36.550052642822266 2.9000000953674316
endloop
endfacet
facet normal 0 1 0
outer loop
vertex 64.04998016357422 22.450050354003906 2.200000047683716
vertex 49.949981689453125 22.450050354003906 2.200000047683716
vertex 49.949981689453125 22.450050354003906 2.9000000953674316
endloop
endfacet
facet normal 1 0 0
outer loop
vertex 45.849979400634766 21.65005111694336 2.9000000953674316
vertex 45.849979400634766 37.35005187988281 2.200000047683716
vertex 45.849979400634766 37.35005187988281 2.9000000953674316
endloop
endfacet
facet normal -1 0 0
outer loop
vertex 30.149980545043945 21.65005111694336 2.9000000953674316
vertex 30.149980545043945 37.35005187988281 2.9000000953674316
vertex 30.149980545043945 21.65005111694336 2.200000047683716
endloop
endfacet
facet normal 0 1 0
outer loop
vertex 45.849979400634766 37.35005187988281 2.9000000953674316
vertex 30.149980545043945 37.35005187988281 2.200000047683716
vertex 30.149980545043945 37.35005187988281 2.9000000953674316
endloop
endfacet
facet normal 0 -1 0
outer loop
vertex 30.149980545043945 21.65005111694336 2.9000000953674316
vertex 30.149980545043945 21.65005111694336 2.200000047683716
vertex 45.849979400634766 21.65005111694336 2.200000047683716
endloop
endfacet
facet normal 1 0 0
outer loop
vertex 45.849979400634766 21.65005111694336 2.9000000953674316
vertex 45.849979400634766 21.65005111694336 2.200000047683716
vertex 45.849979400634766 37.35005187988281 2.200000047683716
endloop
endfacet
facet normal 0 -1 0
outer loop
vertex 30.149980545043945 21.65005111694336 2.9000000953674316
vertex 45.849979400634766 21.65005111694336 2.200000047683716
vertex 45.849979400634766 21.65005111694336 2.9000000953674316
endloop
endfacet
facet normal 0 0 1
outer loop
vertex 45.04998016357422 22.450050354003906 2.9000000953674316
vertex 30.149980545043945 21.65005111694336 2.9000000953674316
vertex 45.849979400634766 21.65005111694336 2.9000000953674316
endloop
endfacet
facet normal 0 0 1
outer loop
vertex 45.04998016357422 22.450050354003906 2.9000000953674316
vertex 45.849979400634766 21.65005111694336 2.9000000953674316
vertex 45.849979400634766 37.35005187988281 2.9000000953674316
endloop
endfacet
facet normal 0 0 1
outer loop
vertex 45.04998016357422 36.550052642822266 2.9000000953674316
vertex 45.04998016357422 22.450050354003906 2.9000000953674316
vertex 45.849979400634766 37.35005187988281 2.9000000953674316
endloop
endfacet
facet normal -1 0 0
outer loop
vertex 30.149980545043945 37.35005187988281 2.9000000953674316
vertex 30.149980545043945 37.35005187988281 2.200000047683716
vertex 30.149980545043945 21.65005111694336 2.200000047683716
endloop
endfacet
facet normal 0 0 1
outer loop
vertex 30.149980545043945 37.35005187988281 2.9000000953674316
vertex 30.149980545043945 21.65005111694336 2.9000000953674316
vertex 30.949981689453125 36.550052642822266 2.9000000953674316
endloop
endfacet
facet normal 0 0 1
outer loop
vertex 45.849979400634766 37.35005187988281 2.9000000953674316
vertex 30.949981689453125 36.550052642822266 2.9000000953674316
vertex 45.04998016357422 36.550052642822266 2.9000000953674316
endloop
endfacet
facet normal 0 0 1
outer loop
vertex 45.849979400634766 37.35005187988281 2.9000000953674316
vertex 30.149980545043945 37.35005187988281 2.9000000953674316
vertex 30.949981689453125 36.550052642822266 2.9000000953674316
endloop
endfacet
facet normal 0 1 0
outer loop
vertex 45.849979400634766 37.35005187988281 2.200000047683716
vertex 30.149980545043945 37.35005187988281 2.200000047683716
vertex 45.849979400634766 37.35005187988281 2.9000000953674316
endloop
endfacet
facet normal 0 0 1
outer loop
vertex 30.949981689453125 22.450050354003906 2.9000000953674316
vertex 30.149980545043945 21.65005111694336 2.9000000953674316
vertex 45.04998016357422 22.450050354003906 2.9000000953674316
endloop
endfacet
facet normal 0 0 1
outer loop
vertex 30.949981689453125 22.450050354003906 2.9000000953674316
vertex 30.949981689453125 36.550052642822266 2.9000000953674316
vertex 30.149980545043945 21.65005111694336 2.9000000953674316
endloop
endfacet
facet normal 0 -1 0
outer loop
vertex 30.949981689453125 36.550052642822266 2.200000047683716
vertex 45.04998016357422 36.550052642822266 2.9000000953674316
vertex 30.949981689453125 36.550052642822266 2.9000000953674316
endloop
endfacet
facet normal 0 1 0
outer loop
vertex 30.949981689453125 22.450050354003906 2.9000000953674316
vertex 45.04998016357422 22.450050354003906 2.200000047683716
vertex 30.949981689453125 22.450050354003906 2.200000047683716
endloop
endfacet
facet normal -1 0 0
outer loop
vertex 45.04998016357422 22.450050354003906 2.9000000953674316
vertex 45.04998016357422 36.550052642822266 2.200000047683716
vertex 45.04998016357422 22.450050354003906 2.200000047683716
endloop
endfacet
facet normal 0 -1 0
outer loop
vertex 30.949981689453125 36.550052642822266 2.200000047683716
vertex 45.04998016357422 36.550052642822266 2.200000047683716
vertex 45.04998016357422 36.550052642822266 2.9000000953674316
endloop
endfacet
facet normal 0 1 0
outer loop
vertex 45.04998016357422 22.450050354003906 2.200000047683716
vertex 30.949981689453125 22.450050354003906 2.9000000953674316
vertex 45.04998016357422 22.450050354003906 2.9000000953674316
endloop
endfacet
facet normal -1 0 0
outer loop
vertex 45.04998016357422 36.550052642822266 2.200000047683716
vertex 45.04998016357422 22.450050354003906 2.9000000953674316
vertex 45.04998016357422 36.550052642822266 2.9000000953674316
endloop
endfacet
facet normal 1 0 0
outer loop
vertex 30.949981689453125 36.550052642822266 2.9000000953674316
vertex 30.949981689453125 22.450050354003906 2.200000047683716
vertex 30.949981689453125 36.550052642822266 2.200000047683716
endloop
endfacet
facet normal 1 0 0
outer loop
vertex 30.949981689453125 22.450050354003906 2.200000047683716
vertex 30.949981689453125 36.550052642822266 2.9000000953674316
vertex 30.949981689453125 22.450050354003906 2.9000000953674316
endloop
endfacet
facet normal 0 -1 0
outer loop
vertex 11.149981498718262 21.65005111694336 2.9000000953674316
vertex 11.149981498718262 21.65005111694336 2.200000047683716
vertex 26.8499813079834 21.65005111694336 2.200000047683716
endloop
endfacet
facet normal 0 0 1
outer loop
vertex 26.04998207092285 22.450050354003906 2.9000000953674316
vertex 11.949980735778809 22.450050354003906 2.9000000953674316
vertex 11.149981498718262 21.65005111694336 2.9000000953674316
endloop
endfacet
facet normal 0 0 1
outer loop
vertex 11.949980735778809 22.450050354003906 2.9000000953674316
vertex 11.949980735778809 36.550052642822266 2.9000000953674316
vertex 11.149981498718262 21.65005111694336 2.9000000953674316
endloop
endfacet
facet normal -1 0 0
outer loop
vertex 11.149981498718262 37.35005187988281 2.9000000953674316
vertex 11.149981498718262 21.65005111694336 2.200000047683716
vertex 11.149981498718262 21.65005111694336 2.9000000953674316
endloop
endfacet
facet normal 0 0 1
outer loop
vertex 26.04998207092285 36.550052642822266 2.9000000953674316
vertex 26.04998207092285 22.450050354003906 2.9000000953674316
vertex 26.8499813079834 37.35005187988281 2.9000000953674316
endloop
endfacet
facet normal 0 0 1
outer loop
vertex 26.04998207092285 22.450050354003906 2.9000000953674316
vertex 26.8499813079834 21.65005111694336 2.9000000953674316
vertex 26.8499813079834 37.35005187988281 2.9000000953674316
endloop
endfacet
facet normal 1 0 0
outer loop
vertex 26.8499813079834 21.65005111694336 2.9000000953674316
vertex 26.8499813079834 37.35005187988281 2.200000047683716
vertex 26.8499813079834 37.35005187988281 2.9000000953674316
endloop
endfacet
facet normal 0 0 1
outer loop
vertex 11.149981498718262 37.35005187988281 2.9000000953674316
vertex 11.149981498718262 21.65005111694336 2.9000000953674316
vertex 11.949980735778809 36.550052642822266 2.9000000953674316
endloop
endfacet
facet normal 0 0 1
outer loop
vertex 26.04998207092285 22.450050354003906 2.9000000953674316
vertex 11.149981498718262 21.65005111694336 2.9000000953674316
vertex 26.8499813079834 21.65005111694336 2.9000000953674316
endloop
endfacet
facet normal 0 -1 0
outer loop
vertex 11.149981498718262 21.65005111694336 2.9000000953674316
vertex 26.8499813079834 21.65005111694336 2.200000047683716
vertex 26.8499813079834 21.65005111694336 2.9000000953674316
endloop
endfacet
facet normal -1 0 0
outer loop
vertex 11.149981498718262 37.35005187988281 2.9000000953674316
vertex 11.149981498718262 37.35005187988281 2.200000047683716
vertex 11.149981498718262 21.65005111694336 2.200000047683716
endloop
endfacet
facet normal 0 1 0
outer loop
vertex 26.8499813079834 37.35005187988281 2.9000000953674316
vertex 26.8499813079834 37.35005187988281 2.200000047683716
vertex 11.149981498718262 37.35005187988281 2.200000047683716
endloop
endfacet
facet normal 0 0 1
outer loop
vertex 26.8499813079834 37.35005187988281 2.9000000953674316
vertex 11.949980735778809 36.550052642822266 2.9000000953674316
vertex 26.04998207092285 36.550052642822266 2.9000000953674316
endloop
endfacet
facet normal 1 0 0
outer loop
vertex 26.8499813079834 21.65005111694336 2.9000000953674316
vertex 26.8499813079834 21.65005111694336 2.200000047683716
vertex 26.8499813079834 37.35005187988281 2.200000047683716
endloop
endfacet
facet normal 0 0 1
outer loop
vertex 26.8499813079834 37.35005187988281 2.9000000953674316
vertex 11.149981498718262 37.35005187988281 2.9000000953674316
vertex 11.949980735778809 36.550052642822266 2.9000000953674316
endloop
endfacet
facet normal 0 1 0
outer loop
vertex 26.8499813079834 37.35005187988281 2.9000000953674316
vertex 11.149981498718262 37.35005187988281 2.200000047683716
vertex 11.149981498718262 37.35005187988281 2.9000000953674316
endloop
endfacet
facet normal 1 0 0
outer loop
vertex 11.949980735778809 36.550052642822266 2.9000000953674316
vertex 11.949980735778809 22.450050354003906 2.200000047683716
vertex 11.949980735778809 36.550052642822266 2.200000047683716
endloop
endfacet
facet normal 0 -1 0
outer loop
vertex 11.949980735778809 36.550052642822266 2.200000047683716
vertex 26.04998207092285 36.550052642822266 2.9000000953674316
vertex 11.949980735778809 36.550052642822266 2.9000000953674316
endloop
endfacet
facet normal 0 1 0
outer loop
vertex 26.04998207092285 22.450050354003906 2.200000047683716
vertex 11.949980735778809 22.450050354003906 2.9000000953674316
vertex 26.04998207092285 22.450050354003906 2.9000000953674316
endloop
endfacet
facet normal -1 0 0
outer loop
vertex 26.04998207092285 36.550052642822266 2.200000047683716
vertex 26.04998207092285 22.450050354003906 2.9000000953674316
vertex 26.04998207092285 36.550052642822266 2.9000000953674316
endloop
endfacet
facet normal 0 -1 0
outer loop
vertex 11.949980735778809 36.550052642822266 2.200000047683716
vertex 26.04998207092285 36.550052642822266 2.200000047683716
vertex 26.04998207092285 36.550052642822266 2.9000000953674316
endloop
endfacet
facet normal 1 0 0
outer loop
vertex 11.949980735778809 22.450050354003906 2.200000047683716
vertex 11.949980735778809 36.550052642822266 2.9000000953674316
vertex 11.949980735778809 22.450050354003906 2.9000000953674316
endloop
endfacet
facet normal 0 1 0
outer loop
vertex 11.949980735778809 22.450050354003906 2.9000000953674316
vertex 26.04998207092285 22.450050354003906 2.200000047683716
vertex 11.949980735778809 22.450050354003906 2.200000047683716
endloop
endfacet
facet normal -1 0 0
outer loop
vertex 26.04998207092285 22.450050354003906 2.9000000953674316
vertex 26.04998207092285 36.550052642822266 2.200000047683716
vertex 26.04998207092285 22.450050354003906 2.200000047683716
endloop
endfacet
facet normal 0 1 0
outer loop
vertex 7.849981307983398 37.35005187988281 2.9000000953674316
vertex -7.8500189781188965 37.35005187988281 2.200000047683716
vertex -7.8500189781188965 37.35005187988281 2.9000000953674316
endloop
endfacet
facet normal -1 0 0
outer loop
vertex -7.8500189781188965 37.35005187988281 2.9000000953674316
vertex -7.8500189781188965 21.65005111694336 2.200000047683716
vertex -7.8500189781188965 21.65005111694336 2.9000000953674316
endloop
endfacet
facet normal 0 -1 0
outer loop
vertex -7.8500189781188965 21.65005111694336 2.9000000953674316
vertex 7.849981307983398 21.65005111694336 2.200000047683716
vertex 7.849981307983398 21.65005111694336 2.9000000953674316
endloop
endfacet
facet normal 0 0 1
outer loop
vertex 7.849981307983398 37.35005187988281 2.9000000953674316
vertex -7.8500189781188965 37.35005187988281 2.9000000953674316
vertex -7.050018787384033 36.550052642822266 2.9000000953674316
endloop
endfacet
facet normal 0 0 1
outer loop
vertex 7.849981307983398 37.35005187988281 2.9000000953674316
vertex -7.050018787384033 36.550052642822266 2.9000000953674316
vertex 7.049981117248535 36.550052642822266 2.9000000953674316
endloop
endfacet
facet normal 0 0 1
outer loop
vertex -7.050018787384033 22.450050354003906 2.9000000953674316
vertex -7.050018787384033 36.550052642822266 2.9000000953674316
vertex -7.8500189781188965 21.65005111694336 2.9000000953674316
endloop
endfacet
facet normal 0 0 1
outer loop
vertex -7.8500189781188965 21.65005111694336 2.9000000953674316
vertex 7.049981117248535 22.450050354003906 2.9000000953674316
vertex -7.050018787384033 22.450050354003906 2.9000000953674316
endloop
endfacet
facet normal 1 0 0
outer loop
vertex 7.849981307983398 21.65005111694336 2.9000000953674316
vertex 7.849981307983398 21.65005111694336 2.200000047683716
vertex 7.849981307983398 37.35005187988281 2.200000047683716
endloop
endfacet
facet normal 0 1 0
outer loop
vertex 7.849981307983398 37.35005187988281 2.9000000953674316
vertex 7.849981307983398 37.35005187988281 2.200000047683716
vertex -7.8500189781188965 37.35005187988281 2.200000047683716
endloop
endfacet
facet normal 0 0 1
outer loop
vertex 7.049981117248535 36.550052642822266 2.9000000953674316
vertex 7.049981117248535 22.450050354003906 2.9000000953674316
vertex 7.849981307983398 37.35005187988281 2.9000000953674316
endloop
endfacet
facet normal 0 0 1
outer loop
vertex 7.049981117248535 22.450050354003906 2.9000000953674316
vertex 7.849981307983398 21.65005111694336 2.9000000953674316
vertex 7.849981307983398 37.35005187988281 2.9000000953674316
endloop
endfacet
facet normal 0 0 1
outer loop
vertex 7.049981117248535 22.450050354003906 2.9000000953674316
vertex -7.8500189781188965 21.65005111694336 2.9000000953674316
vertex 7.849981307983398 21.65005111694336 2.9000000953674316
endloop
endfacet
facet normal 1 0 0
outer loop
vertex 7.849981307983398 21.65005111694336 2.9000000953674316
vertex 7.849981307983398 37.35005187988281 2.200000047683716
vertex 7.849981307983398 37.35005187988281 2.9000000953674316
endloop
endfacet
facet normal 0 -1 0
outer loop
vertex -7.8500189781188965 21.65005111694336 2.9000000953674316
vertex -7.8500189781188965 21.65005111694336 2.200000047683716
vertex 7.849981307983398 21.65005111694336 2.200000047683716
endloop
endfacet
facet normal -1 0 0
outer loop
vertex -7.8500189781188965 37.35005187988281 2.9000000953674316
vertex -7.8500189781188965 37.35005187988281 2.200000047683716
vertex -7.8500189781188965 21.65005111694336 2.200000047683716
endloop
endfacet
facet normal 0 0 1
outer loop
vertex -7.8500189781188965 37.35005187988281 2.9000000953674316
vertex -7.8500189781188965 21.65005111694336 2.9000000953674316
vertex -7.050018787384033 36.550052642822266 2.9000000953674316
endloop
endfacet
facet normal 1 0 0
outer loop
vertex -7.050018787384033 36.550052642822266 2.9000000953674316
vertex -7.050018787384033 22.450050354003906 2.200000047683716
vertex -7.050018787384033 36.550052642822266 2.200000047683716
endloop
endfacet
facet normal -1 0 0
outer loop
vertex 7.049981117248535 36.550052642822266 2.200000047683716
vertex 7.049981117248535 22.450050354003906 2.9000000953674316
vertex 7.049981117248535 36.550052642822266 2.9000000953674316
endloop
endfacet
facet normal 0 -1 0
outer loop
vertex -7.050018787384033 36.550052642822266 2.200000047683716
vertex 7.049981117248535 36.550052642822266 2.9000000953674316
vertex -7.050018787384033 36.550052642822266 2.9000000953674316
endloop
endfacet
facet normal 1 0 0
outer loop
vertex -7.050018787384033 22.450050354003906 2.200000047683716
vertex -7.050018787384033 36.550052642822266 2.9000000953674316
vertex -7.050018787384033 22.450050354003906 2.9000000953674316
endloop
endfacet
facet normal -1 0 0
outer loop
vertex 7.049981117248535 22.450050354003906 2.9000000953674316
vertex 7.049981117248535 36.550052642822266 2.200000047683716
vertex 7.049981117248535 22.450050354003906 2.200000047683716
endloop
endfacet
facet normal 0 -1 0
outer loop
vertex 7.049981117248535 36.550052642822266 2.9000000953674316
vertex -7.050018787384033 36.550052642822266 2.200000047683716
vertex 7.049981117248535 36.550052642822266 2.200000047683716
endloop
endfacet
facet normal 0 1 0
outer loop
vertex -7.050018787384033 22.450050354003906 2.9000000953674316
vertex 7.049981117248535 22.450050354003906 2.200000047683716
vertex -7.050018787384033 22.450050354003906 2.200000047683716
endloop
endfacet
facet normal 0 1 0
outer loop
vertex 7.049981117248535 22.450050354003906 2.200000047683716
vertex -7.050018787384033 22.450050354003906 2.9000000953674316
vertex 7.049981117248535 22.450050354003906 2.9000000953674316
endloop
endfacet
facet normal 0 0 1
outer loop
vertex -15.900018692016602 37.35005187988281 2.9000000953674316
vertex -30.800018310546875 36.550052642822266 2.9000000953674316
vertex -16.70001792907715 36.550052642822266 2.9000000953674316
endloop
endfacet
facet normal 1 0 0
outer loop
vertex -15.900018692016602 21.65005111694336 2.9000000953674316
vertex -15.900018692016602 37.35005187988281 2.200000047683716
vertex -15.900018692016602 37.35005187988281 2.9000000953674316
endloop
endfacet
facet normal 0 1 0
outer loop
vertex -15.900018692016602 37.35005187988281 2.200000047683716
vertex -31.600019454956055 37.35005187988281 2.200000047683716
vertex -15.900018692016602 37.35005187988281 2.9000000953674316
endloop
endfacet
facet normal 0 0 1
outer loop
vertex -16.70001792907715 22.450050354003906 2.9000000953674316
vertex -31.600019454956055 21.65005111694336 2.9000000953674316
vertex -15.900018692016602 21.65005111694336 2.9000000953674316
endloop
endfacet
facet normal 0 0 1
outer loop
vertex -16.70001792907715 22.450050354003906 2.9000000953674316
vertex -30.800018310546875 22.450050354003906 2.9000000953674316
vertex -31.600019454956055 21.65005111694336 2.9000000953674316
endloop
endfacet
facet normal 0 1 0
outer loop
vertex -15.900018692016602 37.35005187988281 2.9000000953674316
vertex -31.600019454956055 37.35005187988281 2.200000047683716
vertex -31.600019454956055 37.35005187988281 2.9000000953674316
endloop
endfacet
facet normal 0 -1 0
outer loop
vertex -31.600019454956055 21.65005111694336 2.9000000953674316
vertex -15.900018692016602 21.65005111694336 2.200000047683716
vertex -15.900018692016602 21.65005111694336 2.9000000953674316
endloop
endfacet
facet normal 0 0 1
outer loop
vertex -15.900018692016602 37.35005187988281 2.9000000953674316
vertex -31.600019454956055 37.35005187988281 2.9000000953674316
vertex -30.800018310546875 36.550052642822266 2.9000000953674316
endloop
endfacet
facet normal 0 0 1
outer loop
vertex -31.600019454956055 37.35005187988281 2.9000000953674316
vertex -31.600019454956055 21.65005111694336 2.9000000953674316
vertex -30.800018310546875 36.550052642822266 2.9000000953674316
endloop
endfacet
facet normal 0 0 1
outer loop
vertex -30.800018310546875 22.450050354003906 2.9000000953674316
vertex -30.800018310546875 36.550052642822266 2.9000000953674316
vertex -31.600019454956055 21.65005111694336 2.9000000953674316
endloop
endfacet
facet normal -1 0 0
outer loop
vertex -31.600019454956055 37.35005187988281 2.9000000953674316
vertex -31.600019454956055 21.65005111694336 2.200000047683716
vertex -31.600019454956055 21.65005111694336 2.9000000953674316
endloop
endfacet
facet normal 0 0 1
outer loop
vertex -15.900018692016602 37.35005187988281 2.9000000953674316
vertex -16.70001792907715 22.450050354003906 2.9000000953674316
vertex -15.900018692016602 21.65005111694336 2.9000000953674316
endloop
endfacet
facet normal 1 0 0
outer loop
vertex -15.900018692016602 21.65005111694336 2.9000000953674316
vertex -15.900018692016602 21.65005111694336 2.200000047683716
vertex -15.900018692016602 37.35005187988281 2.200000047683716
endloop
endfacet
facet normal 0 -1 0
outer loop
vertex -15.900018692016602 21.65005111694336 2.200000047683716
vertex -31.600019454956055 21.65005111694336 2.9000000953674316
vertex -31.600019454956055 21.65005111694336 2.200000047683716
endloop
endfacet
facet normal 0 0 1
outer loop
vertex -16.70001792907715 36.550052642822266 2.9000000953674316
vertex -16.70001792907715 22.450050354003906 2.9000000953674316
vertex -15.900018692016602 37.35005187988281 2.9000000953674316
endloop
endfacet
facet normal -1 0 0
outer loop
vertex -31.600019454956055 21.65005111694336 2.200000047683716
vertex -31.600019454956055 37.35005187988281 2.9000000953674316
vertex -31.600019454956055 37.35005187988281 2.200000047683716
endloop
endfacet
facet normal -1 0 0
outer loop
vertex -16.70001792907715 36.550052642822266 2.200000047683716
vertex -16.70001792907715 22.450050354003906 2.9000000953674316
vertex -16.70001792907715 36.550052642822266 2.9000000953674316
endloop
endfacet
facet normal 0 -1 0
outer loop
vertex -30.800018310546875 36.550052642822266 2.200000047683716
vertex -16.70001792907715 36.550052642822266 2.200000047683716
vertex -16.70001792907715 36.550052642822266 2.9000000953674316
endloop
endfacet
facet normal 0 1 0
outer loop
vertex -16.70001792907715 22.450050354003906 2.200000047683716
vertex -30.800018310546875 22.450050354003906 2.9000000953674316
vertex -16.70001792907715 22.450050354003906 2.9000000953674316
endloop
endfacet
facet normal 0 -1 0
outer loop
vertex -30.800018310546875 36.550052642822266 2.200000047683716
vertex -16.70001792907715 36.550052642822266 2.9000000953674316
vertex -30.800018310546875 36.550052642822266 2.9000000953674316
endloop
endfacet
facet normal -1 0 0
outer loop
vertex -16.70001792907715 22.450050354003906 2.9000000953674316
vertex -16.70001792907715 36.550052642822266 2.200000047683716
vertex -16.70001792907715 22.450050354003906 2.200000047683716
endloop
endfacet
facet normal 1 0 0
outer loop
vertex -30.800018310546875 22.450050354003906 2.200000047683716
vertex -30.800018310546875 36.550052642822266 2.9000000953674316
vertex -30.800018310546875 22.450050354003906 2.9000000953674316
endloop
endfacet
facet normal 0 1 0
outer loop
vertex -30.800018310546875 22.450050354003906 2.9000000953674316
vertex -16.70001792907715 22.450050354003906 2.200000047683716
vertex -30.800018310546875 22.450050354003906 2.200000047683716
endloop
endfacet
facet normal 1 0 0
outer loop
vertex -30.800018310546875 36.550052642822266 2.9000000953674316
vertex -30.800018310546875 22.450050354003906 2.200000047683716
vertex -30.800018310546875 36.550052642822266 2.200000047683716
endloop
endfacet
facet normal 0 0 1
outer loop
vertex -44.400020599365234 37.35005187988281 2.9000000953674316
vertex -59.300018310546875 36.550052642822266 2.9000000953674316
vertex -45.20001983642578 36.550052642822266 2.9000000953674316
endloop
endfacet
facet normal 0 -1 0
outer loop
vertex -60.10001754760742 21.65005111694336 2.9000000953674316
vertex -60.10001754760742 21.65005111694336 2.200000047683716
vertex -44.400020599365234 21.65005111694336 2.200000047683716
endloop
endfacet
facet normal -1 0 0
outer loop
vertex -60.10001754760742 21.65005111694336 2.200000047683716
vertex -60.10001754760742 37.35005187988281 2.9000000953674316
vertex -60.10001754760742 37.35005187988281 2.200000047683716
endloop
endfacet
facet normal -1 0 0
outer loop
vertex -60.10001754760742 37.35005187988281 2.9000000953674316
vertex -60.10001754760742 21.65005111694336 2.200000047683716
vertex -60.10001754760742 21.65005111694336 2.9000000953674316
endloop
endfacet
facet normal 0 0 1
outer loop
vertex -59.300018310546875 22.450050354003906 2.9000000953674316
vertex -59.300018310546875 36.550052642822266 2.9000000953674316
vertex -60.10001754760742 21.65005111694336 2.9000000953674316
endloop
endfacet
facet normal 0 0 1
outer loop
vertex -45.20001983642578 22.450050354003906 2.9000000953674316
vertex -59.300018310546875 22.450050354003906 2.9000000953674316
vertex -60.10001754760742 21.65005111694336 2.9000000953674316
endloop
endfacet
facet normal 0 0 1
outer loop
vertex -60.10001754760742 37.35005187988281 2.9000000953674316
vertex -60.10001754760742 21.65005111694336 2.9000000953674316
vertex -59.300018310546875 36.550052642822266 2.9000000953674316
endloop
endfacet
facet normal 0 1 0
outer loop
vertex -44.400020599365234 37.35005187988281 2.9000000953674316
vertex -60.10001754760742 37.35005187988281 2.200000047683716
vertex -60.10001754760742 37.35005187988281 2.9000000953674316
endloop
endfacet
facet normal 1 0 0
outer loop
vertex -44.400020599365234 37.35005187988281 2.200000047683716
vertex -44.400020599365234 21.65005111694336 2.9000000953674316
vertex -44.400020599365234 21.65005111694336 2.200000047683716
endloop
endfacet
facet normal 0 0 1
outer loop
vertex -45.20001983642578 22.450050354003906 2.9000000953674316
vertex -60.10001754760742 21.65005111694336 2.9000000953674316
vertex -44.400020599365234 21.65005111694336 2.9000000953674316
endloop
endfacet
facet normal 1 0 0
outer loop
vertex -44.400020599365234 21.65005111694336 2.9000000953674316
vertex -44.400020599365234 37.35005187988281 2.200000047683716
vertex -44.400020599365234 37.35005187988281 2.9000000953674316
endloop
endfacet
facet normal 0 0 1
outer loop
vertex -45.20001983642578 22.450050354003906 2.9000000953674316
vertex -44.400020599365234 21.65005111694336 2.9000000953674316
vertex -44.400020599365234 37.35005187988281 2.9000000953674316
endloop
endfacet
facet normal 0 0 1
outer loop
vertex -45.20001983642578 36.550052642822266 2.9000000953674316
vertex -45.20001983642578 22.450050354003906 2.9000000953674316
vertex -44.400020599365234 37.35005187988281 2.9000000953674316
endloop
endfacet
facet normal 0 1 0
outer loop
vertex -44.400020599365234 37.35005187988281 2.9000000953674316
vertex -44.400020599365234 37.35005187988281 2.200000047683716
vertex -60.10001754760742 37.35005187988281 2.200000047683716
endloop
endfacet
facet normal 0 0 1
outer loop
vertex -44.400020599365234 37.35005187988281 2.9000000953674316
vertex -60.10001754760742 37.35005187988281 2.9000000953674316
vertex -59.300018310546875 36.550052642822266 2.9000000953674316
endloop
endfacet
facet normal 0 -1 0
outer loop
vertex -60.10001754760742 21.65005111694336 2.9000000953674316
vertex -44.400020599365234 21.65005111694336 2.200000047683716
vertex -44.400020599365234 21.65005111694336 2.9000000953674316
endloop
endfacet
facet normal 1 0 0
outer loop
vertex -59.300018310546875 36.550052642822266 2.9000000953674316
vertex -59.300018310546875 22.450050354003906 2.200000047683716
vertex -59.300018310546875 36.550052642822266 2.200000047683716
endloop
endfacet
facet normal 1 0 0
outer loop
vertex -59.300018310546875 22.450050354003906 2.200000047683716
vertex -59.300018310546875 36.550052642822266 2.9000000953674316
vertex -59.300018310546875 22.450050354003906 2.9000000953674316
endloop
endfacet
facet normal 0 1 0
outer loop
vertex -59.300018310546875 22.450050354003906 2.9000000953674316
vertex -45.20001983642578 22.450050354003906 2.200000047683716
vertex -59.300018310546875 22.450050354003906 2.200000047683716
endloop
endfacet
facet normal -1 0 0
outer loop
vertex -45.20001983642578 36.550052642822266 2.200000047683716
vertex -45.20001983642578 22.450050354003906 2.9000000953674316
vertex -45.20001983642578 36.550052642822266 2.9000000953674316
endloop
endfacet
facet normal 0 -1 0
outer loop
vertex -45.20001983642578 36.550052642822266 2.9000000953674316
vertex -59.300018310546875 36.550052642822266 2.200000047683716
vertex -45.20001983642578 36.550052642822266 2.200000047683716
endloop
endfacet
facet normal 0 -1 0
outer loop
vertex -59.300018310546875 36.550052642822266 2.200000047683716
vertex -45.20001983642578 36.550052642822266 2.9000000953674316
vertex -59.300018310546875 36.550052642822266 2.9000000953674316
endloop
endfacet
facet normal 0 1 0
outer loop
vertex -45.20001983642578 22.450050354003906 2.200000047683716
vertex -59.300018310546875 22.450050354003906 2.9000000953674316
vertex -45.20001983642578 22.450050354003906 2.9000000953674316
endloop
endfacet
facet normal -1 0 0
outer loop
vertex -45.20001983642578 22.450050354003906 2.9000000953674316
vertex -45.20001983642578 36.550052642822266 2.200000047683716
vertex -45.20001983642578 22.450050354003906 2.200000047683716
endloop
endfacet
endsolid auto-kdk-case
