solid auto-kdk-case
facet normal -1 0 0
outer loop
vertex 45.04998016357422 -30.999948501586914 0
vertex 45.04998016357422 -34.549949645996094 0
vertex 45.04998016357422 -34.549949645996094 2.200000047683716
endloop
endfacet
facet normal -1 0 0
outer loop
vertex 45.04998016357422 -30.999948501586914 0
vertex 45.04998016357422 -34.549949645996094 2.200000047683716
vertex 45.04998016357422 -30.999948501586914 1.7000000476837158
endloop
endfacet
facet normal -1 0 0
outer loop
vertex -30.95001792907715 -30.999948501586914 0
vertex -30.95001792907715 -34.549949645996094 0
vertex -30.95001792907715 -34.549949645996094 2.200000047683716
endloop
endfacet
facet normal -1 0 0
outer loop
vertex 59.29998016357422 36.550052642822266 2.200000047683716
vertex 59.29998016357422 33.00004959106445 1.7000000476837158
vertex 59.29998016357422 26.000051498413086 1.7000000476837158
endloop
endfacet
facet normal 1 0 0
outer loop
vertex 45.199981689453125 36.550052642822266 2.200000047683716
vertex 45.199981689453125 22.450050354003906 2.200000047683716
vertex 45.199981689453125 33.00004959106445 1.7000000476837158
endloop
endfacet
facet normal 1 0 0
outer loop
vertex 45.199981689453125 22.450050354003906 2.200000047683716
vertex 45.199981689453125 26.000051498413086 1.7000000476837158
vertex 45.199981689453125 33.00004959106445 1.7000000476837158
endloop
endfacet
facet normal 0 1 0
outer loop
vertex 59.29998016357422 22.450050354003906 2.200000047683716
vertex 45.199981689453125 22.450050354003906 0
vertex 45.199981689453125 22.450050354003906 2.200000047683716
endloop
endfacet
facet normal -1 0 0
outer loop
vertex 64.04998016357422 17.550050735473633 2.200000047683716
vertex 64.04998016357422 14.00005054473877 1.7000000476837158
vertex 64.04998016357422 7.000051021575928 1.7000000476837158
endloop
endfacet
facet normal 0 -1 0
outer loop
vertex 49.949981689453125 17.550050735473633 2.200000047683716
vertex 64.04998016357422 17.550050735473633 0
vertex 64.04998016357422 17.550050735473633 2.200000047683716
endloop
endfacet
facet normal -1 0 0
outer loop
vertex 64.04998016357422 3.4500508308410645 2.200000047683716
vertex 64.04998016357422 17.550050735473633 2.200000047683716
vertex 64.04998016357422 7.000051021575928 1.7000000476837158
endloop
endfacet
facet normal 0 -1 0
outer loop
vertex 49.949981689453125 -1.4499491453170776 2.200000047683716
vertex 64.04998016357422 -1.4499491453170776 0
vertex 64.04998016357422 -1.4499491453170776 2.200000047683716
endloop
endfacet
facet normal 0 1 0
outer loop
vertex 64.04998016357422 3.4500508308410645 2.200000047683716
vertex 49.949981689453125 3.4500508308410645 0
vertex 49.949981689453125 3.4500508308410645 2.200000047683716
endloop
endfacet
facet normal 1 0 0
outer loop
vertex 49.949981689453125 17.550050735473633 2.200000047683716
vertex 49.949981689453125 3.4500508308410645 2.200000047683716
vertex 49.949981689453125 14.00005054473877 1.7000000476837158
endloop
endfacet
facet normal -1 0 0
outer loop
vertex 45.04998016357422 17.550050735473633 2.200000047683716
vertex 45.04998016357422 14.00005054473877 1.7000000476837158
vertex 45.04998016357422 7.000051021575928 1.7000000476837158
endloop
endfacet
facet normal 0 -1 0
outer loop
vertex 30.949981689453125 17.550050735473633 2.200000047683716
vertex 45.04998016357422 17.550050735473633 0
vertex 45.04998016357422 17.550050735473633 2.200000047683716
endloop
endfacet
facet normal 1 0 0
outer loop
vertex 49.949981689453125 3.4500508308410645 2.200000047683716
vertex 49.949981689453125 7.000051021575928 1.7000000476837158
vertex 49.949981689453125 14.00005054473877 1.7000000476837158
endloop
endfacet
facet normal 1 0 0
outer loop
vertex -45.050018310546875 17.550050735473633 2.200000047683716
vertex -45.050018310546875 3.4500508308410645 2.200000047683716
vertex -45.050018310546875 14.00005054473877 1.7000000476837158
endloop
endfacet
facet normal -1 0 0
outer loop
vertex -49.95001983642578 17.550050735473633 2.200000047683716
vertex -49.95001983642578 14.00005054473877 1.7000000476837158
vertex -49.95001983642578 7.000051021575928 1.7000000476837158
endloop
endfacet
facet normal 1 0 0
outer loop
vertex -45.050018310546875 3.4500508308410645 2.200000047683716
vertex -45.050018310546875 7.000051021575928 1.7000000476837158
vertex -45.050018310546875 14.00005054473877 1.7000000476837158
endloop
endfacet
facet normal -1 0 0
outer loop
vertex -49.95001983642578 3.4500508308410645 2.200000047683716
vertex -49.95001983642578 17.550050735473633 2.200000047683716
vertex -49.95001983642578 7.000051021575928 1.7000000476837158
endloop
endfacet
facet normal 0 1 0
outer loop
vertex -30.95001792907715 3.4500508308410645 2.200000047683716
vertex -45.050018310546875 3.4500508308410645 0
vertex -45.050018310546875 3.4500508308410645 2.200000047683716
endloop
endfacet
facet normal 1 0 0
outer loop
vertex -64.05001831054688 17.550050735473633 2.200000047683716
vertex -64.05001831054688 3.4500508308410645 2.200000047683716
vertex -64.05001831054688 14.00005054473877 1.7000000476837158
endloop
endfacet
facet normal 0 1 0
outer loop
vertex -49.95001983642578 22.450050354003906 2.200000047683716
vertex -64.05001831054688 22.450050354003906 0
vertex -64.05001831054688 22.450050354003906 2.200000047683716
endloop
endfacet
facet normal 0 -1 0
outer loop
vertex -64.05001831054688 17.550050735473633 2.200000047683716
vertex -49.95001983642578 17.550050735473633 0
vertex -49.95001983642578 17.550050735473633 2.200000047683716
endloop
endfacet
facet normal -1 0 0
outer loop
vertex 45.04998016357422 3.4500508308410645 2.200000047683716
vertex 45.04998016357422 17.550050735473633 2.200000047683716
vertex 45.04998016357422 7.000051021575928 1.7000000476837158
endloop
endfacet
facet normal 1 0 0
outer loop
vertex -64.05001831054688 22.450050354003906 2.200000047683716
vertex -64.05001831054688 26.000051498413086 1.7000000476837158
vertex -64.05001831054688 33.00004959106445 1.7000000476837158
endloop
endfacet
facet normal 1 0 0
outer loop
vertex -64.05001831054688 36.550052642822266 2.200000047683716
vertex -64.05001831054688 22.450050354003906 2.200000047683716
vertex -64.05001831054688 33.00004959106445 1.7000000476837158
endloop
endfacet
facet normal 0 -1 0
outer loop
vertex 30.949981689453125 -1.4499491453170776 2.200000047683716
vertex 45.04998016357422 -1.4499491453170776 0
vertex 45.04998016357422 -1.4499491453170776 2.200000047683716
endloop
endfacet
facet normal 0 -1 0
outer loop
vertex 16.699981689453125 36.550052642822266 2.200000047683716
vertex 30.79998207092285 36.550052642822266 0
vertex 30.79998207092285 36.550052642822266 2.200000047683716
endloop
endfacet
facet normal -1 0 0
outer loop
vertex 30.79998207092285 36.550052642822266 2.200000047683716
vertex 30.79998207092285 26.000051498413086 1.7000000476837158
vertex 30.79998207092285 22.450050354003906 2.200000047683716
endloop
endfacet
facet normal -1 0 0
outer loop
vertex 30.79998207092285 36.550052642822266 2.200000047683716
vertex 30.79998207092285 33.00004959106445 1.7000000476837158
vertex 30.79998207092285 26.000051498413086 1.7000000476837158
endloop
endfacet
facet normal 0 -1 0
outer loop
vertex -64.05001831054688 36.550052642822266 2.200000047683716
vertex -49.95001983642578 36.550052642822266 0
vertex -49.95001983642578 36.550052642822266 2.200000047683716
endloop
endfacet
facet normal 1 0 0
outer loop
vertex -64.05001831054688 -30.999948501586914 0
vertex -64.05001831054688 -30.999948501586914 1.7000000476837158
vertex -64.05001831054688 -34.549949645996094 0
endloop
endfacet
facet normal 1 0 0
outer loop
vertex -64.05001831054688 3.4500508308410645 2.200000047683716
vertex -64.05001831054688 7.000051021575928 1.7000000476837158
vertex -64.05001831054688 14.00005054473877 1.7000000476837158
endloop
endfacet
facet normal 0 -1 0
outer loop
vertex -64.05001831054688 -1.4499491453170776 2.200000047683716
vertex -49.95001983642578 -1.4499491453170776 0
vertex -49.95001983642578 -1.4499491453170776 2.200000047683716
endloop
endfacet
facet normal 0 1 0
outer loop
vertex -49.95001983642578 3.4500508308410645 2.200000047683716
vertex -64.05001831054688 3.4500508308410645 0
vertex -64.05001831054688 3.4500508308410645 2.200000047683716
endloop
endfacet
facet normal 0 1 0
outer loop
vertex 30.79998207092285 22.450050354003906 2.200000047683716
vertex 16.699981689453125 22.450050354003906 0
vertex 16.699981689453125 22.450050354003906 2.200000047683716
endloop
endfacet
facet normal 0 -1 0
outer loop
vertex -7.050018787384033 36.550052642822266 2.200000047683716
vertex 7.049981117248535 36.550052642822266 0
vertex 7.049981117248535 36.550052642822266 2.200000047683716
endloop
endfacet
facet normal 1 0 0
outer loop
vertex 16.699981689453125 22.450050354003906 2.200000047683716
vertex 16.699981689453125 33.00004959106445 1.7000000476837158
vertex 16.699981689453125 36.550052642822266 2.200000047683716
endloop
endfacet
facet normal 1 0 0
outer loop
vertex 16.699981689453125 22.450050354003906 2.200000047683716
vertex 16.699981689453125 26.000051498413086 1.7000000476837158
vertex 16.699981689453125 33.00004959106445 1.7000000476837158
endloop
endfacet
facet normal -1 0 0
outer loop
vertex 7.049981117248535 36.550052642822266 2.200000047683716
vertex 7.049981117248535 26.000051498413086 1.7000000476837158
vertex 7.049981117248535 22.450050354003906 2.200000047683716
endloop
endfacet
facet normal -1 0 0
outer loop
vertex 7.049981117248535 36.550052642822266 2.200000047683716
vertex 7.049981117248535 33.00004959106445 1.7000000476837158
vertex 7.049981117248535 26.000051498413086 1.7000000476837158
endloop
endfacet
facet normal 0 1 0
outer loop
vertex -30.95001792907715 22.450050354003906 2.200000047683716
vertex -45.050018310546875 22.450050354003906 0
vertex -45.050018310546875 22.450050354003906 2.200000047683716
endloop
endfacet
facet normal -1 0 0
outer loop
vertex -49.95001983642578 36.550052642822266 2.200000047683716
vertex -49.95001983642578 33.00004959106445 1.7000000476837158
vertex -49.95001983642578 26.000051498413086 1.7000000476837158
endloop
endfacet
facet normal -1 0 0
outer loop
vertex -49.95001983642578 36.550052642822266 2.200000047683716
vertex -49.95001983642578 26.000051498413086 1.7000000476837158
vertex -49.95001983642578 22.450050354003906 2.200000047683716
endloop
endfacet
facet normal 1 0 0
outer loop
vertex -7.050018787384033 33.00004959106445 1.7000000476837158
vertex -7.050018787384033 33.00004959106445 0
vertex -7.050018787384033 36.550052642822266 2.200000047683716
endloop
endfacet
facet normal -1 0 0
outer loop
vertex -11.950018882751465 36.550052642822266 0
vertex -11.950018882751465 33.00004959106445 1.7000000476837158
vertex -11.950018882751465 36.550052642822266 2.200000047683716
endloop
endfacet
facet normal 0 -1 0
outer loop
vertex -7.050018787384033 36.550052642822266 2.200000047683716
vertex -7.050018787384033 36.550052642822266 0
vertex 7.049981117248535 36.550052642822266 0
endloop
endfacet
facet normal 1 0 0
outer loop
vertex -45.050018310546875 -34.549949645996094 0
vertex -45.050018310546875 -30.999948501586914 0
vertex -45.050018310546875 -30.999948501586914 1.7000000476837158
endloop
endfacet
facet normal 1 0 0
outer loop
vertex -7.050018787384033 33.00004959106445 0
vertex -7.050018787384033 36.550052642822266 0
vertex -7.050018787384033 36.550052642822266 2.200000047683716
endloop
endfacet
facet normal 1 0 0
outer loop
vertex -7.050018787384033 22.450050354003906 0
vertex -7.050018787384033 26.000051498413086 1.7000000476837158
vertex -7.050018787384033 22.450050354003906 2.200000047683716
endloop
endfacet
facet normal 1 0 0
outer loop
vertex 30.949981689453125 17.550050735473633 2.200000047683716
vertex 30.949981689453125 3.4500508308410645 2.200000047683716
vertex 30.949981689453125 14.00005054473877 1.7000000476837158
endloop
endfacet
facet normal -1 0 0
outer loop
vertex 26.04998207092285 17.550050735473633 2.200000047683716
vertex 26.04998207092285 14.00005054473877 1.7000000476837158
vertex 26.04998207092285 7.000051021575928 1.7000000476837158
endloop
endfacet
facet normal -1 0 0
outer loop
vertex -11.950018882751465 26.000051498413086 1.7000000476837158
vertex -11.950018882751465 26.000051498413086 0
vertex -11.950018882751465 22.450050354003906 2.200000047683716
endloop
endfacet
facet normal 0 -1 0
outer loop
vertex 11.949980735778809 17.550050735473633 2.200000047683716
vertex 26.04998207092285 17.550050735473633 0
vertex 26.04998207092285 17.550050735473633 2.200000047683716
endloop
endfacet
facet normal -1 0 0
outer loop
vertex -11.950018882751465 26.000051498413086 0
vertex -11.950018882751465 22.450050354003906 0
vertex -11.950018882751465 22.450050354003906 2.200000047683716
endloop
endfacet
facet normal 0 1 0
outer loop
vertex -49.95001983642578 -34.549949645996094 0
vertex -64.05001831054688 -34.549949645996094 0
vertex -49.95001983642578 -34.549949645996094 2.200000047683716
endloop
endfacet
facet normal 0 1 0
outer loop
vertex -11.950018882751465 22.450050354003906 0
vertex -26.050018310546875 22.450050354003906 0
vertex -11.950018882751465 22.450050354003906 2.200000047683716
endloop
endfacet
facet normal 1 0 0
outer loop
vertex -64.05001831054688 -34.549949645996094 0
vertex -64.05001831054688 -30.999948501586914 1.7000000476837158
vertex -64.05001831054688 -34.549949645996094 2.200000047683716
endloop
endfacet
facet normal 1 0 0
outer loop
vertex 30.949981689453125 3.4500508308410645 2.200000047683716
vertex 30.949981689453125 7.000051021575928 1.7000000476837158
vertex 30.949981689453125 14.00005054473877 1.7000000476837158
endloop
endfacet
facet normal -1 0 0
outer loop
vertex 26.04998207092285 7.000051021575928 1.7000000476837158
vertex 26.04998207092285 3.4500508308410645 2.200000047683716
vertex 26.04998207092285 17.550050735473633 2.200000047683716
endloop
endfacet
facet normal 1 0 0
outer loop
vertex -26.050018310546875 33.00004959106445 1.7000000476837158
vertex -26.050018310546875 33.00004959106445 0
vertex -26.050018310546875 36.550052642822266 2.200000047683716
endloop
endfacet
facet normal -1 0 0
outer loop
vertex -30.95001792907715 36.550052642822266 0
vertex -30.95001792907715 33.00004959106445 1.7000000476837158
vertex -30.95001792907715 36.550052642822266 2.200000047683716
endloop
endfacet
facet normal -1 0 0
outer loop
vertex -49.95001983642578 -30.999948501586914 0
vertex -49.95001983642578 -34.549949645996094 0
vertex -49.95001983642578 -34.549949645996094 2.200000047683716
endloop
endfacet
facet normal 0 -1 0
outer loop
vertex -26.050018310546875 36.550052642822266 2.200000047683716
vertex -26.050018310546875 36.550052642822266 0
vertex -11.950018882751465 36.550052642822266 0
endloop
endfacet
facet normal 1 0 0
outer loop
vertex -26.050018310546875 33.00004959106445 0
vertex -26.050018310546875 36.550052642822266 0
vertex -26.050018310546875 36.550052642822266 2.200000047683716
endloop
endfacet
facet normal -1 0 0
outer loop
vertex -49.95001983642578 -30.999948501586914 1.7000000476837158
vertex -49.95001983642578 -30.999948501586914 0
vertex -49.95001983642578 -34.549949645996094 2.200000047683716
endloop
endfacet
facet normal 1 0 0
outer loop
vertex -26.050018310546875 22.450050354003906 0
vertex -26.050018310546875 26.000051498413086 1.7000000476837158
vertex -26.050018310546875 22.450050354003906 2.200000047683716
endloop
endfacet
facet normal -1 0 0
outer loop
vertex -30.95001792907715 26.000051498413086 1.7000000476837158
vertex -30.95001792907715 26.000051498413086 0
vertex -30.95001792907715 22.450050354003906 2.200000047683716
endloop
endfacet
facet normal 1 0 0
outer loop
vertex -45.050018310546875 -34.549949645996094 0
vertex -45.050018310546875 -30.999948501586914 1.7000000476837158
vertex -45.050018310546875 -34.549949645996094 2.200000047683716
endloop
endfacet
facet normal 0 1 0
outer loop
vertex 45.04998016357422 3.4500508308410645 2.200000047683716
vertex 30.949981689453125 3.4500508308410645 0
vertex 30.949981689453125 3.4500508308410645 2.200000047683716
endloop
endfacet
facet normal -1 0 0
outer loop
vertex -30.95001792907715 26.000051498413086 0
vertex -30.95001792907715 22.450050354003906 0
vertex -30.95001792907715 22.450050354003906 2.200000047683716
endloop
endfacet
facet normal 0 -1 0
outer loop
vertex 11.949980735778809 -1.4499491453170776 2.200000047683716
vertex 26.04998207092285 -1.4499491453170776 0
vertex 26.04998207092285 -1.4499491453170776 2.200000047683716
endloop
endfacet
facet normal 1 0 0
outer loop
vertex 11.949980735778809 17.550050735473633 2.200000047683716
vertex 11.949980735778809 3.4500508308410645 2.200000047683716
vertex 11.949980735778809 14.00005054473877 1.7000000476837158
endloop
endfacet
facet normal -1 0 0
outer loop
vertex 7.049981117248535 17.550050735473633 2.200000047683716
vertex 7.049981117248535 14.00005054473877 1.7000000476837158
vertex 7.049981117248535 7.000051021575928 1.7000000476837158
endloop
endfacet
facet normal 0 1 0
outer loop
vertex -30.95001792907715 22.450050354003906 0
vertex -45.050018310546875 22.450050354003906 0
vertex -30.95001792907715 22.450050354003906 2.200000047683716
endloop
endfacet
facet normal 0 -1 0
outer loop
vertex 7.049981117248535 17.550050735473633 2.200000047683716
vertex -7.050018787384033 17.550050735473633 2.200000047683716
vertex 7.049981117248535 17.550050735473633 0
endloop
endfacet
facet normal -1 0 0
outer loop
vertex -11.950018882751465 36.550052642822266 0
vertex -11.950018882751465 33.00004959106445 0
vertex -11.950018882751465 33.00004959106445 1.7000000476837158
endloop
endfacet
facet normal 1 0 0
outer loop
vertex 11.949980735778809 3.4500508308410645 2.200000047683716
vertex 11.949980735778809 7.000051021575928 1.7000000476837158
vertex 11.949980735778809 14.00005054473877 1.7000000476837158
endloop
endfacet
facet normal -1 0 0
outer loop
vertex 7.049981117248535 3.4500508308410645 2.200000047683716
vertex 7.049981117248535 17.550050735473633 2.200000047683716
vertex 7.049981117248535 7.000051021575928 1.7000000476837158
endloop
endfacet
facet normal 1 0 0
outer loop
vertex -45.050018310546875 22.450050354003906 2.200000047683716
vertex -45.050018310546875 26.000051498413086 1.7000000476837158
vertex -45.050018310546875 33.00004959106445 1.7000000476837158
endloop
endfacet
facet normal 0 1 0
outer loop
vertex 26.04998207092285 3.4500508308410645 2.200000047683716
vertex 11.949980735778809 3.4500508308410645 0
vertex 11.949980735778809 3.4500508308410645 2.200000047683716
endloop
endfacet
facet normal 1 0 0
outer loop
vertex -45.050018310546875 36.550052642822266 2.200000047683716
vertex -45.050018310546875 22.450050354003906 2.200000047683716
vertex -45.050018310546875 33.00004959106445 1.7000000476837158
endloop
endfacet
facet normal 0 -1 0
outer loop
vertex 7.049981117248535 -1.4499491453170776 2.200000047683716
vertex -7.050018787384033 -1.4499491453170776 2.200000047683716
vertex 7.049981117248535 -1.4499491453170776 0
endloop
endfacet
facet normal -1 0 0
outer loop
vertex 59.29998016357422 36.550052642822266 0
vertex 59.29998016357422 33.00004959106445 1.7000000476837158
vertex 59.29998016357422 36.550052642822266 2.200000047683716
endloop
endfacet
facet normal 1 0 0
outer loop
vertex 49.949981689453125 -30.999948501586914 0
vertex 49.949981689453125 -30.999948501586914 1.7000000476837158
vertex 49.949981689453125 -34.549949645996094 0
endloop
endfacet
facet normal 1 0 0
outer loop
vertex -7.050018787384033 26.000051498413086 0
vertex -7.050018787384033 26.000051498413086 1.7000000476837158
vertex -7.050018787384033 22.450050354003906 0
endloop
endfacet
facet normal -1 0 0
outer loop
vertex 59.29998016357422 26.000051498413086 1.7000000476837158
vertex 59.29998016357422 26.000051498413086 0
vertex 59.29998016357422 22.450050354003906 2.200000047683716
endloop
endfacet
facet normal 0 -1 0
outer loop
vertex -45.050018310546875 -1.4499491453170776 2.200000047683716
vertex -30.95001792907715 -1.4499491453170776 0
vertex -30.95001792907715 -1.4499491453170776 2.200000047683716
endloop
endfacet
facet normal -1 0 0
outer loop
vertex 59.29998016357422 26.000051498413086 0
vertex 59.29998016357422 22.450050354003906 0
vertex 59.29998016357422 22.450050354003906 2.200000047683716
endloop
endfacet
facet normal 0 1 0
outer loop
vertex 59.29998016357422 22.450050354003906 0
vertex 45.199981689453125 22.450050354003906 0
vertex 59.29998016357422 22.450050354003906 2.200000047683716
endloop
endfacet
facet normal 1 0 0
outer loop
vertex 45.199981689453125 33.00004959106445 1.7000000476837158
vertex 45.199981689453125 33.00004959106445 0
vertex 45.199981689453125 36.550052642822266 2.200000047683716
endloop
endfacet
facet normal 0 1 0
outer loop
vertex -11.950018882751465 3.4500508308410645 2.200000047683716
vertex -26.050018310546875 3.4500508308410645 0
vertex -26.050018310546875 3.4500508308410645 2.200000047683716
endloop
endfacet
facet normal -1 0 0
outer loop
vertex -30.95001792907715 3.4500508308410645 2.200000047683716
vertex -30.95001792907715 17.550050735473633 2.200000047683716
vertex -30.95001792907715 7.000051021575928 1.7000000476837158
endloop
endfacet
facet normal 1 0 0
outer loop
vertex -64.05001831054688 -11.99994945526123 0
vertex -64.05001831054688 -11.99994945526123 1.7000000476837158
vertex -64.05001831054688 -15.549948692321777 0
endloop
endfacet
facet normal 0 -1 0
outer loop
vertex 45.199981689453125 36.550052642822266 2.200000047683716
vertex 45.199981689453125 36.550052642822266 0
vertex 59.29998016357422 36.550052642822266 0
endloop
endfacet
facet normal 1 0 0
outer loop
vertex 45.199981689453125 33.00004959106445 0
vertex 45.199981689453125 36.550052642822266 0
vertex 45.199981689453125 36.550052642822266 2.200000047683716
endloop
endfacet
facet normal 1 0 0
outer loop
vertex 45.199981689453125 22.450050354003906 0
vertex 45.199981689453125 26.000051498413086 1.7000000476837158
vertex 45.199981689453125 22.450050354003906 2.200000047683716
endloop
endfacet
facet normal -1 0 0
outer loop
vertex -30.95001792907715 36.550052642822266 0
vertex -30.95001792907715 33.00004959106445 0
vertex -30.95001792907715 33.00004959106445 1.7000000476837158
endloop
endfacet
facet normal 1 0 0
outer loop
vertex -26.050018310546875 3.4500508308410645 2.200000047683716
vertex -26.050018310546875 7.000051021575928 1.7000000476837158
vertex -26.050018310546875 14.00005054473877 1.7000000476837158
endloop
endfacet
facet normal -1 0 0
outer loop
vertex 59.29998016357422 36.550052642822266 0
vertex 59.29998016357422 33.00004959106445 0
vertex 59.29998016357422 33.00004959106445 1.7000000476837158
endloop
endfacet
facet normal 0 -1 0
outer loop
vertex -45.050018310546875 17.550050735473633 2.200000047683716
vertex -30.95001792907715 17.550050735473633 0
vertex -30.95001792907715 17.550050735473633 2.200000047683716
endloop
endfacet
facet normal -1 0 0
outer loop
vertex -30.95001792907715 17.550050735473633 2.200000047683716
vertex -30.95001792907715 14.00005054473877 1.7000000476837158
vertex -30.95001792907715 7.000051021575928 1.7000000476837158
endloop
endfacet
facet normal 1 0 0
outer loop
vertex -26.050018310546875 17.550050735473633 2.200000047683716
vertex -26.050018310546875 3.4500508308410645 2.200000047683716
vertex -26.050018310546875 14.00005054473877 1.7000000476837158
endloop
endfacet
facet normal 0 -1 0
outer loop
vertex -26.050018310546875 -1.4499491453170776 2.200000047683716
vertex -11.950018882751465 -1.4499491453170776 0
vertex -11.950018882751465 -1.4499491453170776 2.200000047683716
endloop
endfacet
facet normal 1 0 0
outer loop
vertex 45.199981689453125 22.450050354003906 0
vertex 45.199981689453125 26.000051498413086 0
vertex 45.199981689453125 26.000051498413086 1.7000000476837158
endloop
endfacet
facet normal 1 0 0
outer loop
vertex -26.050018310546875 26.000051498413086 0
vertex -26.050018310546875 26.000051498413086 1.7000000476837158
vertex -26.050018310546875 22.450050354003906 0
endloop
endfacet
facet normal 0 1 0
outer loop
vertex -7.050018787384033 3.4500508308410645 2.200000047683716
vertex 7.049981117248535 3.4500508308410645 2.200000047683716
vertex -7.050018787384033 3.4500508308410645 0
endloop
endfacet
facet normal 1 0 0
outer loop
vertex 49.949981689453125 -34.549949645996094 0
vertex 49.949981689453125 -30.999948501586914 1.7000000476837158
vertex 49.949981689453125 -34.549949645996094 2.200000047683716
endloop
endfacet
facet normal -1 0 0
outer loop
vertex -11.950018882751465 3.4500508308410645 2.200000047683716
vertex -11.950018882751465 17.550050735473633 2.200000047683716
vertex -11.950018882751465 7.000051021575928 1.7000000476837158
endloop
endfacet
facet normal -1 0 0
outer loop
vertex 64.04998016357422 17.550050735473633 0
vertex 64.04998016357422 14.00005054473877 1.7000000476837158
vertex 64.04998016357422 17.550050735473633 2.200000047683716
endloop
endfacet
facet normal 1 0 0
outer loop
vertex -7.050018787384033 3.4500508308410645 2.200000047683716
vertex -7.050018787384033 7.000051021575928 1.7000000476837158
vertex -7.050018787384033 14.00005054473877 1.7000000476837158
endloop
endfacet
facet normal 1 0 0
outer loop
vertex -7.050018787384033 14.00005054473877 1.7000000476837158
vertex -7.050018787384033 14.00005054473877 0
vertex -7.050018787384033 17.550050735473633 2.200000047683716
endloop
endfacet
facet normal -1 0 0
outer loop
vertex -11.950018882751465 17.550050735473633 0
vertex -11.950018882751465 14.00005054473877 1.7000000476837158
vertex -11.950018882751465 17.550050735473633 2.200000047683716
endloop
endfacet
facet normal 0 -1 0
outer loop
vertex 49.949981689453125 17.550050735473633 2.200000047683716
vertex 49.949981689453125 17.550050735473633 0
vertex 64.04998016357422 17.550050735473633 0
endloop
endfacet
facet normal -1 0 0
outer loop
vertex 64.04998016357422 7.000051021575928 1.7000000476837158
vertex 64.04998016357422 7.000051021575928 0
vertex 64.04998016357422 3.4500508308410645 2.200000047683716
endloop
endfacet
facet normal 0 -1 0
outer loop
vertex -7.050018787384033 17.550050735473633 2.200000047683716
vertex -7.050018787384033 17.550050735473633 0
vertex 7.049981117248535 17.550050735473633 0
endloop
endfacet
facet normal -1 0 0
outer loop
vertex 64.04998016357422 7.000051021575928 0
vertex 64.04998016357422 3.4500508308410645 0
vertex 64.04998016357422 3.4500508308410645 2.200000047683716
endloop
endfacet
facet normal 0 1 0
outer loop
vertex 64.04998016357422 3.4500508308410645 0
vertex 49.949981689453125 3.4500508308410645 0
vertex 64.04998016357422 3.4500508308410645 2.200000047683716
endloop
endfacet
facet normal 0 -1 0
outer loop
vertex 49.949981689453125 -1.4499491453170776 2.200000047683716
vertex 49.949981689453125 -1.4499491453170776 0
vertex 64.04998016357422 -1.4499491453170776 0
endloop
endfacet
facet normal 1 0 0
outer loop
vertex 49.949981689453125 14.00005054473877 1.7000000476837158
vertex 49.949981689453125 14.00005054473877 0
vertex 49.949981689453125 17.550050735473633 2.200000047683716
endloop
endfacet
facet normal 1 0 0
outer loop
vertex -7.050018787384033 14.00005054473877 0
vertex -7.050018787384033 17.550050735473633 0
vertex -7.050018787384033 17.550050735473633 2.200000047683716
endloop
endfacet
facet normal 1 0 0
outer loop
vertex -7.050018787384033 3.4500508308410645 0
vertex -7.050018787384033 7.000051021575928 1.7000000476837158
vertex -7.050018787384033 3.4500508308410645 2.200000047683716
endloop
endfacet
facet normal -1 0 0
outer loop
vertex -11.950018882751465 7.000051021575928 1.7000000476837158
vertex -11.950018882751465 7.000051021575928 0
vertex -11.950018882751465 3.4500508308410645 2.200000047683716
endloop
endfacet
facet normal 0 -1 0
outer loop
vertex -7.050018787384033 -1.4499491453170776 2.200000047683716
vertex -7.050018787384033 -1.4499491453170776 0
vertex 7.049981117248535 -1.4499491453170776 0
endloop
endfacet
facet normal -1 0 0
outer loop
vertex -49.95001983642578 -20.449949264526367 0
vertex -49.95001983642578 -23.999948501586914 0
vertex -49.95001983642578 -23.999948501586914 1.7000000476837158
endloop
endfacet
facet normal -1 0 0
outer loop
vertex -11.950018882751465 7.000051021575928 0
vertex -11.950018882751465 3.4500508308410645 0
vertex -11.950018882751465 3.4500508308410645 2.200000047683716
endloop
endfacet
facet normal 1 0 0
outer loop
vertex -45.050018310546875 -11.99994945526123 0
vertex -45.050018310546875 -11.99994945526123 1.7000000476837158
vertex -45.050018310546875 -15.549948692321777 0
endloop
endfacet
facet normal -1 0 0
outer loop
vertex 45.04998016357422 17.550050735473633 0
vertex 45.04998016357422 14.00005054473877 1.7000000476837158
vertex 45.04998016357422 17.550050735473633 2.200000047683716
endloop
endfacet
facet normal 1 0 0
outer loop
vertex 49.949981689453125 14.00005054473877 0
vertex 49.949981689453125 17.550050735473633 0
vertex 49.949981689453125 17.550050735473633 2.200000047683716
endloop
endfacet
facet normal 1 0 0
outer loop
vertex 49.949981689453125 3.4500508308410645 0
vertex 49.949981689453125 7.000051021575928 1.7000000476837158
vertex 49.949981689453125 3.4500508308410645 2.200000047683716
endloop
endfacet
facet normal 0 1 0
outer loop
vertex -11.950018882751465 3.4500508308410645 0
vertex -26.050018310546875 3.4500508308410645 0
vertex -11.950018882751465 3.4500508308410645 2.200000047683716
endloop
endfacet
facet normal 1 0 0
outer loop
vertex -26.050018310546875 14.00005054473877 1.7000000476837158
vertex -26.050018310546875 14.00005054473877 0
vertex -26.050018310546875 17.550050735473633 2.200000047683716
endloop
endfacet
facet normal -1 0 0
outer loop
vertex -30.95001792907715 17.550050735473633 0
vertex -30.95001792907715 14.00005054473877 1.7000000476837158
vertex -30.95001792907715 17.550050735473633 2.200000047683716
endloop
endfacet
facet normal 0 -1 0
outer loop
vertex -26.050018310546875 17.550050735473633 2.200000047683716
vertex -26.050018310546875 17.550050735473633 0
vertex -11.950018882751465 17.550050735473633 0
endloop
endfacet
facet normal 1 0 0
outer loop
vertex -26.050018310546875 17.550050735473633 0
vertex -26.050018310546875 17.550050735473633 2.200000047683716
vertex -26.050018310546875 14.00005054473877 0
endloop
endfacet
facet normal 1 0 0
outer loop
vertex -26.050018310546875 3.4500508308410645 0
vertex -26.050018310546875 7.000051021575928 1.7000000476837158
vertex -26.050018310546875 3.4500508308410645 2.200000047683716
endloop
endfacet
facet normal -1 0 0
outer loop
vertex -30.95001792907715 7.000051021575928 1.7000000476837158
vertex -30.95001792907715 7.000051021575928 0
vertex -30.95001792907715 3.4500508308410645 2.200000047683716
endloop
endfacet
facet normal 0 -1 0
outer loop
vertex -26.050018310546875 -1.4499491453170776 2.200000047683716
vertex -26.050018310546875 -1.4499491453170776 0
vertex -11.950018882751465 -1.4499491453170776 0
endloop
endfacet
facet normal -1 0 0
outer loop
vertex -49.95001983642578 -1.4499491453170776 0
vertex -49.95001983642578 -4.999948978424072 0
vertex -49.95001983642578 -4.999948978424072 1.7000000476837158
endloop
endfacet
facet normal -1 0 0
outer loop
vertex -30.95001792907715 7.000051021575928 0
vertex -30.95001792907715 3.4500508308410645 0
vertex -30.95001792907715 3.4500508308410645 2.200000047683716
endloop
endfacet
facet normal 1 0 0
outer loop
vertex -64.05001831054688 -20.449949264526367 0
vertex -64.05001831054688 -20.449949264526367 2.200000047683716
vertex -64.05001831054688 -23.999948501586914 0
endloop
endfacet
facet normal 0 -1 0
outer loop
vertex -64.05001831054688 -20.449949264526367 2.200000047683716
vertex -64.05001831054688 -20.449949264526367 0
vertex -49.95001983642578 -20.449949264526367 0
endloop
endfacet
facet normal 0 1 0
outer loop
vertex -49.95001983642578 -15.549948692321777 0
vertex -64.05001831054688 -15.549948692321777 0
vertex -49.95001983642578 -15.549948692321777 2.200000047683716
endloop
endfacet
facet normal -1 0 0
outer loop
vertex 45.04998016357422 7.000051021575928 0
vertex 45.04998016357422 3.4500508308410645 2.200000047683716
vertex 45.04998016357422 7.000051021575928 1.7000000476837158
endloop
endfacet
facet normal -1 0 0
outer loop
vertex 45.04998016357422 7.000051021575928 0
vertex 45.04998016357422 3.4500508308410645 0
vertex 45.04998016357422 3.4500508308410645 2.200000047683716
endloop
endfacet
facet normal 0 1 0
outer loop
vertex 45.04998016357422 3.4500508308410645 0
vertex 30.949981689453125 3.4500508308410645 0
vertex 45.04998016357422 3.4500508308410645 2.200000047683716
endloop
endfacet
facet normal 0 1 0
outer loop
vertex -30.95001792907715 3.4500508308410645 0
vertex -45.050018310546875 3.4500508308410645 0
vertex -30.95001792907715 3.4500508308410645 2.200000047683716
endloop
endfacet
facet normal 1 0 0
outer loop
vertex -64.05001831054688 -20.449949264526367 2.200000047683716
vertex -64.05001831054688 -23.999948501586914 1.7000000476837158
vertex -64.05001831054688 -23.999948501586914 0
endloop
endfacet
facet normal -1 0 0
outer loop
vertex 64.04998016357422 17.550050735473633 0
vertex 64.04998016357422 14.00005054473877 0
vertex 64.04998016357422 14.00005054473877 1.7000000476837158
endloop
endfacet
facet normal 1 0 0
outer loop
vertex -64.05001831054688 -15.549948692321777 0
vertex -64.05001831054688 -11.99994945526123 1.7000000476837158
vertex -64.05001831054688 -15.549948692321777 2.200000047683716
endloop
endfacet
facet normal 1 0 0
outer loop
vertex -64.05001831054688 -4.999948978424072 0
vertex -64.05001831054688 -1.4499491453170776 0
vertex -64.05001831054688 -1.4499491453170776 2.200000047683716
endloop
endfacet
facet normal -1 0 0
outer loop
vertex -11.950018882751465 17.550050735473633 0
vertex -11.950018882751465 14.00005054473877 0
vertex -11.950018882751465 14.00005054473877 1.7000000476837158
endloop
endfacet
facet normal 0 -1 0
outer loop
vertex -26.050018310546875 17.550050735473633 2.200000047683716
vertex -11.950018882751465 17.550050735473633 0
vertex -11.950018882751465 17.550050735473633 2.200000047683716
endloop
endfacet
facet normal -1 0 0
outer loop
vertex -11.950018882751465 17.550050735473633 2.200000047683716
vertex -11.950018882751465 14.00005054473877 1.7000000476837158
vertex -11.950018882751465 7.000051021575928 1.7000000476837158
endloop
endfacet
facet normal 1 0 0
outer loop
vertex -7.050018787384033 17.550050735473633 2.200000047683716
vertex -7.050018787384033 3.4500508308410645 2.200000047683716
vertex -7.050018787384033 14.00005054473877 1.7000000476837158
endloop
endfacet
facet normal 1 0 0
outer loop
vertex 30.949981689453125 -4.999948978424072 1.7000000476837158
vertex 30.949981689453125 -4.999948978424072 0
vertex 30.949981689453125 -1.4499491453170776 2.200000047683716
endloop
endfacet
facet normal 1 0 0
outer loop
vertex -7.050018787384033 7.000051021575928 0
vertex -7.050018787384033 7.000051021575928 1.7000000476837158
vertex -7.050018787384033 3.4500508308410645 0
endloop
endfacet
facet normal -1 0 0
outer loop
vertex 26.04998207092285 -1.4499491453170776 0
vertex 26.04998207092285 -4.999948978424072 1.7000000476837158
vertex 26.04998207092285 -1.4499491453170776 2.200000047683716
endloop
endfacet
facet normal 1 0 0
outer loop
vertex -64.05001831054688 -4.999948978424072 1.7000000476837158
vertex -64.05001831054688 -4.999948978424072 0
vertex -64.05001831054688 -1.4499491453170776 2.200000047683716
endloop
endfacet
facet normal -1 0 0
outer loop
vertex -49.95001983642578 -11.99994945526123 0
vertex -49.95001983642578 -15.549948692321777 0
vertex -49.95001983642578 -15.549948692321777 2.200000047683716
endloop
endfacet
facet normal 1 0 0
outer loop
vertex -45.050018310546875 -23.999948501586914 0
vertex -45.050018310546875 -20.449949264526367 0
vertex -45.050018310546875 -20.449949264526367 2.200000047683716
endloop
endfacet
facet normal 0 -1 0
outer loop
vertex -45.050018310546875 -20.449949264526367 2.200000047683716
vertex -45.050018310546875 -20.449949264526367 0
vertex -30.95001792907715 -20.449949264526367 0
endloop
endfacet
facet normal 1 0 0
outer loop
vertex 30.949981689453125 -4.999948978424072 0
vertex 30.949981689453125 -1.4499491453170776 0
vertex 30.949981689453125 -1.4499491453170776 2.200000047683716
endloop
endfacet
facet normal 1 0 0
outer loop
vertex 30.949981689453125 -15.549948692321777 0
vertex 30.949981689453125 -11.99994945526123 1.7000000476837158
vertex 30.949981689453125 -15.549948692321777 2.200000047683716
endloop
endfacet
facet normal -1 0 0
outer loop
vertex -49.95001983642578 -20.449949264526367 2.200000047683716
vertex -49.95001983642578 -20.449949264526367 0
vertex -49.95001983642578 -23.999948501586914 1.7000000476837158
endloop
endfacet
facet normal -1 0 0
outer loop
vertex -49.95001983642578 -11.99994945526123 0
vertex -49.95001983642578 -15.549948692321777 2.200000047683716
vertex -49.95001983642578 -11.99994945526123 1.7000000476837158
endloop
endfacet
facet normal 1 0 0
outer loop
vertex -45.050018310546875 -20.449949264526367 2.200000047683716
vertex -45.050018310546875 -23.999948501586914 1.7000000476837158
vertex -45.050018310546875 -23.999948501586914 0
endloop
endfacet
facet normal 1 0 0
outer loop
vertex -45.050018310546875 -15.549948692321777 0
vertex -45.050018310546875 -11.99994945526123 1.7000000476837158
vertex -45.050018310546875 -15.549948692321777 2.200000047683716
endloop
endfacet
facet normal 1 0 0
outer loop
vertex -45.050018310546875 -4.999948978424072 0
vertex -45.050018310546875 -1.4499491453170776 0
vertex -45.050018310546875 -1.4499491453170776 2.200000047683716
endloop
endfacet
facet normal 1 0 0
outer loop
vertex 30.949981689453125 -20.449949264526367 2.200000047683716
vertex 30.949981689453125 -23.999948501586914 1.7000000476837158
vertex 30.949981689453125 -23.999948501586914 0
endloop
endfacet
facet normal -1 0 0
outer loop
vertex 26.04998207092285 -11.99994945526123 0
vertex 26.04998207092285 -15.549948692321777 2.200000047683716
vertex 26.04998207092285 -11.99994945526123 1.7000000476837158
endloop
endfacet
facet normal -1 0 0
outer loop
vertex -30.95001792907715 17.550050735473633 0
vertex -30.95001792907715 14.00005054473877 0
vertex -30.95001792907715 14.00005054473877 1.7000000476837158
endloop
endfacet
facet normal -1 0 0
outer loop
vertex 26.04998207092285 -20.449949264526367 0
vertex 26.04998207092285 -23.999948501586914 1.7000000476837158
vertex 26.04998207092285 -20.449949264526367 2.200000047683716
endloop
endfacet
facet normal 0 -1 0
outer loop
vertex 30.949981689453125 -20.449949264526367 2.200000047683716
vertex 30.949981689453125 -20.449949264526367 0
vertex 45.04998016357422 -20.449949264526367 0
endloop
endfacet
facet normal 1 0 0
outer loop
vertex 30.949981689453125 -23.999948501586914 0
vertex 30.949981689453125 -20.449949264526367 0
vertex 30.949981689453125 -20.449949264526367 2.200000047683716
endloop
endfacet
facet normal -1 0 0
outer loop
vertex -49.95001983642578 -1.4499491453170776 0
vertex -49.95001983642578 -4.999948978424072 1.7000000476837158
vertex -49.95001983642578 -1.4499491453170776 2.200000047683716
endloop
endfacet
facet normal 1 0 0
outer loop
vertex -45.050018310546875 -4.999948978424072 1.7000000476837158
vertex -45.050018310546875 -4.999948978424072 0
vertex -45.050018310546875 -1.4499491453170776 2.200000047683716
endloop
endfacet
facet normal -1 0 0
outer loop
vertex 26.04998207092285 -11.99994945526123 0
vertex 26.04998207092285 -15.549948692321777 0
vertex 26.04998207092285 -15.549948692321777 2.200000047683716
endloop
endfacet
facet normal 0 1 0
outer loop
vertex 26.04998207092285 -15.549948692321777 0
vertex 11.949980735778809 -15.549948692321777 0
vertex 26.04998207092285 -15.549948692321777 2.200000047683716
endloop
endfacet
facet normal -1 0 0
outer loop
vertex 45.04998016357422 17.550050735473633 0
vertex 45.04998016357422 14.00005054473877 0
vertex 45.04998016357422 14.00005054473877 1.7000000476837158
endloop
endfacet
facet normal 1 0 0
outer loop
vertex 11.949980735778809 -4.999948978424072 1.7000000476837158
vertex 11.949980735778809 -4.999948978424072 0
vertex 11.949980735778809 -1.4499491453170776 2.200000047683716
endloop
endfacet
facet normal 1 0 0
outer loop
vertex 49.949981689453125 7.000051021575928 0
vertex 49.949981689453125 7.000051021575928 1.7000000476837158
vertex 49.949981689453125 3.4500508308410645 0
endloop
endfacet
facet normal 1 0 0
outer loop
vertex -26.050018310546875 7.000051021575928 0
vertex -26.050018310546875 7.000051021575928 1.7000000476837158
vertex -26.050018310546875 3.4500508308410645 0
endloop
endfacet
facet normal -1 0 0
outer loop
vertex 7.049981117248535 -1.4499491453170776 0
vertex 7.049981117248535 -4.999948978424072 1.7000000476837158
vertex 7.049981117248535 -1.4499491453170776 2.200000047683716
endloop
endfacet
facet normal -1 0 0
outer loop
vertex 30.79998207092285 36.550052642822266 0
vertex 30.79998207092285 33.00004959106445 1.7000000476837158
vertex 30.79998207092285 36.550052642822266 2.200000047683716
endloop
endfacet
facet normal 1 0 0
outer loop
vertex 11.949980735778809 -4.999948978424072 0
vertex 11.949980735778809 -1.4499491453170776 0
vertex 11.949980735778809 -1.4499491453170776 2.200000047683716
endloop
endfacet
facet normal 1 0 0
outer loop
vertex 11.949980735778809 -15.549948692321777 0
vertex 11.949980735778809 -11.99994945526123 1.7000000476837158
vertex 11.949980735778809 -15.549948692321777 2.200000047683716
endloop
endfacet
facet normal 1 0 0
outer loop
vertex -45.050018310546875 33.00004959106445 1.7000000476837158
vertex -45.050018310546875 33.00004959106445 0
vertex -45.050018310546875 36.550052642822266 2.200000047683716
endloop
endfacet
facet normal 1 0 0
outer loop
vertex -26.050018310546875 -34.549949645996094 0
vertex -26.050018310546875 -30.999948501586914 0
vertex -26.050018310546875 -30.999948501586914 1.7000000476837158
endloop
endfacet
facet normal -1 0 0
outer loop
vertex -49.95001983642578 36.550052642822266 2.200000047683716
vertex -49.95001983642578 36.550052642822266 0
vertex -49.95001983642578 33.00004959106445 1.7000000476837158
endloop
endfacet
facet normal 0 -1 0
outer loop
vertex -45.050018310546875 36.550052642822266 2.200000047683716
vertex -45.050018310546875 36.550052642822266 0
vertex -30.95001792907715 36.550052642822266 0
endloop
endfacet
facet normal 0 -1 0
outer loop
vertex 16.699981689453125 36.550052642822266 2.200000047683716
vertex 16.699981689453125 36.550052642822266 0
vertex 30.79998207092285 36.550052642822266 0
endloop
endfacet
facet normal 1 0 0
outer loop
vertex -45.050018310546875 33.00004959106445 0
vertex -45.050018310546875 36.550052642822266 0
vertex -45.050018310546875 36.550052642822266 2.200000047683716
endloop
endfacet
facet normal -1 0 0
outer loop
vertex 30.79998207092285 26.000051498413086 1.7000000476837158
vertex 30.79998207092285 26.000051498413086 0
vertex 30.79998207092285 22.450050354003906 2.200000047683716
endloop
endfacet
facet normal 1 0 0
outer loop
vertex -45.050018310546875 22.450050354003906 0
vertex -45.050018310546875 26.000051498413086 1.7000000476837158
vertex -45.050018310546875 22.450050354003906 2.200000047683716
endloop
endfacet
facet normal -1 0 0
outer loop
vertex 30.79998207092285 26.000051498413086 0
vertex 30.79998207092285 22.450050354003906 0
vertex 30.79998207092285 22.450050354003906 2.200000047683716
endloop
endfacet
facet normal 0 1 0
outer loop
vertex 30.79998207092285 22.450050354003906 0
vertex 16.699981689453125 22.450050354003906 0
vertex 30.79998207092285 22.450050354003906 2.200000047683716
endloop
endfacet
facet normal 1 0 0
outer loop
vertex 16.699981689453125 33.00004959106445 1.7000000476837158
vertex 16.699981689453125 33.00004959106445 0
vertex 16.699981689453125 36.550052642822266 2.200000047683716
endloop
endfacet
facet normal -1 0 0
outer loop
vertex -49.95001983642578 26.000051498413086 1.7000000476837158
vertex -49.95001983642578 26.000051498413086 0
vertex -49.95001983642578 22.450050354003906 2.200000047683716
endloop
endfacet
facet normal -1 0 0
outer loop
vertex 7.049981117248535 36.550052642822266 0
vertex 7.049981117248535 33.00004959106445 1.7000000476837158
vertex 7.049981117248535 36.550052642822266 2.200000047683716
endloop
endfacet
facet normal -1 0 0
outer loop
vertex -49.95001983642578 26.000051498413086 0
vertex -49.95001983642578 22.450050354003906 0
vertex -49.95001983642578 22.450050354003906 2.200000047683716
endloop
endfacet
facet normal 1 0 0
outer loop
vertex 16.699981689453125 36.550052642822266 0
vertex 16.699981689453125 36.550052642822266 2.200000047683716
vertex 16.699981689453125 33.00004959106445 0
endloop
endfacet
facet normal 1 0 0
outer loop
vertex 11.949980735778809 -20.449949264526367 2.200000047683716
vertex 11.949980735778809 -23.999948501586914 1.7000000476837158
vertex 11.949980735778809 -23.999948501586914 0
endloop
endfacet
facet normal 1 0 0
outer loop
vertex 16.699981689453125 22.450050354003906 0
vertex 16.699981689453125 26.000051498413086 1.7000000476837158
vertex 16.699981689453125 22.450050354003906 2.200000047683716
endloop
endfacet
facet normal -1 0 0
outer loop
vertex 7.049981117248535 -11.99994945526123 0
vertex 7.049981117248535 -15.549948692321777 2.200000047683716
vertex 7.049981117248535 -11.99994945526123 1.7000000476837158
endloop
endfacet
facet normal -1 0 0
outer loop
vertex 7.049981117248535 -20.449949264526367 0
vertex 7.049981117248535 -23.999948501586914 1.7000000476837158
vertex 7.049981117248535 -20.449949264526367 2.200000047683716
endloop
endfacet
facet normal -1 0 0
outer loop
vertex 7.049981117248535 26.000051498413086 1.7000000476837158
vertex 7.049981117248535 26.000051498413086 0
vertex 7.049981117248535 22.450050354003906 2.200000047683716
endloop
endfacet
facet normal 1 0 0
outer loop
vertex -64.05001831054688 33.00004959106445 1.7000000476837158
vertex -64.05001831054688 33.00004959106445 0
vertex -64.05001831054688 36.550052642822266 2.200000047683716
endloop
endfacet
facet normal -1 0 0
outer loop
vertex 7.049981117248535 26.000051498413086 0
vertex 7.049981117248535 22.450050354003906 0
vertex 7.049981117248535 22.450050354003906 2.200000047683716
endloop
endfacet
facet normal 0 1 0
outer loop
vertex 7.049981117248535 22.450050354003906 0
vertex -7.050018787384033 22.450050354003906 0
vertex 7.049981117248535 22.450050354003906 2.200000047683716
endloop
endfacet
facet normal 0 -1 0
outer loop
vertex -64.05001831054688 36.550052642822266 2.200000047683716
vertex -64.05001831054688 36.550052642822266 0
vertex -49.95001983642578 36.550052642822266 0
endloop
endfacet
facet normal 0 -1 0
outer loop
vertex 11.949980735778809 -20.449949264526367 2.200000047683716
vertex 11.949980735778809 -20.449949264526367 0
vertex 26.04998207092285 -20.449949264526367 0
endloop
endfacet
facet normal 1 0 0
outer loop
vertex -7.050018787384033 -30.999948501586914 0
vertex -7.050018787384033 -30.999948501586914 1.7000000476837158
vertex -7.050018787384033 -34.549949645996094 0
endloop
endfacet
facet normal 1 0 0
outer loop
vertex -64.05001831054688 33.00004959106445 0
vertex -64.05001831054688 36.550052642822266 0
vertex -64.05001831054688 36.550052642822266 2.200000047683716
endloop
endfacet
facet normal 0 1 0
outer loop
vertex -11.950018882751465 22.450050354003906 2.200000047683716
vertex -26.050018310546875 22.450050354003906 0
vertex -26.050018310546875 22.450050354003906 2.200000047683716
endloop
endfacet
facet normal -1 0 0
outer loop
vertex 30.79998207092285 36.550052642822266 0
vertex 30.79998207092285 33.00004959106445 0
vertex 30.79998207092285 33.00004959106445 1.7000000476837158
endloop
endfacet
facet normal 0 1 0
outer loop
vertex -30.95001792907715 -34.549949645996094 0
vertex -45.050018310546875 -34.549949645996094 0
vertex -30.95001792907715 -34.549949645996094 2.200000047683716
endloop
endfacet
facet normal -1 0 0
outer loop
vertex -49.95001983642578 -11.99994945526123 1.7000000476837158
vertex -49.95001983642578 -15.549948692321777 2.200000047683716
vertex -49.95001983642578 -1.4499491453170776 2.200000047683716
endloop
endfacet
facet normal 1 0 0
outer loop
vertex -64.05001831054688 22.450050354003906 0
vertex -64.05001831054688 26.000051498413086 1.7000000476837158
vertex -64.05001831054688 22.450050354003906 2.200000047683716
endloop
endfacet
facet normal -1 0 0
outer loop
vertex -30.95001792907715 -30.999948501586914 1.7000000476837158
vertex -30.95001792907715 -30.999948501586914 0
vertex -30.95001792907715 -34.549949645996094 2.200000047683716
endloop
endfacet
facet normal 0 1 0
outer loop
vertex 64.04998016357422 -34.549949645996094 0
vertex 49.949981689453125 -34.549949645996094 0
vertex 64.04998016357422 -34.549949645996094 2.200000047683716
endloop
endfacet
facet normal 0 1 0
outer loop
vertex -49.95001983642578 22.450050354003906 0
vertex -64.05001831054688 22.450050354003906 0
vertex -49.95001983642578 22.450050354003906 2.200000047683716
endloop
endfacet
facet normal 1 0 0
outer loop
vertex -26.050018310546875 -34.549949645996094 0
vertex -26.050018310546875 -30.999948501586914 1.7000000476837158
vertex -26.050018310546875 -34.549949645996094 2.200000047683716
endloop
endfacet
facet normal -1 0 0
outer loop
vertex -49.95001983642578 36.550052642822266 0
vertex -49.95001983642578 33.00004959106445 0
vertex -49.95001983642578 33.00004959106445 1.7000000476837158
endloop
endfacet
facet normal 0 1 0
outer loop
vertex -11.950018882751465 -34.549949645996094 0
vertex -26.050018310546875 -34.549949645996094 0
vertex -11.950018882751465 -34.549949645996094 2.200000047683716
endloop
endfacet
facet normal -1 0 0
outer loop
vertex -11.950018882751465 -30.999948501586914 0
vertex -11.950018882751465 -34.549949645996094 0
vertex -11.950018882751465 -34.549949645996094 2.200000047683716
endloop
endfacet
facet normal -1 0 0
outer loop
vertex 64.04998016357422 -30.999948501586914 0
vertex 64.04998016357422 -34.549949645996094 0
vertex 64.04998016357422 -34.549949645996094 2.200000047683716
endloop
endfacet
facet normal -1 0 0
outer loop
vertex -11.950018882751465 -30.999948501586914 1.7000000476837158
vertex -11.950018882751465 -30.999948501586914 0
vertex -11.950018882751465 -34.549949645996094 2.200000047683716
endloop
endfacet
facet normal -1 0 0
outer loop
vertex 64.04998016357422 -30.999948501586914 1.7000000476837158
vertex 64.04998016357422 -30.999948501586914 0
vertex 64.04998016357422 -34.549949645996094 2.200000047683716
endloop
endfacet
facet normal 1 0 0
outer loop
vertex -45.050018310546875 26.000051498413086 0
vertex -45.050018310546875 26.000051498413086 1.7000000476837158
vertex -45.050018310546875 22.450050354003906 0
endloop
endfacet
facet normal 1 0 0
outer loop
vertex -7.050018787384033 -34.549949645996094 0
vertex -7.050018787384033 -30.999948501586914 1.7000000476837158
vertex -7.050018787384033 -34.549949645996094 2.200000047683716
endloop
endfacet
facet normal -1 0 0
outer loop
vertex 45.04998016357422 -20.449949264526367 0
vertex 45.04998016357422 -23.999948501586914 0
vertex 45.04998016357422 -23.999948501586914 1.7000000476837158
endloop
endfacet
facet normal 1 0 0
outer loop
vertex 49.949981689453125 -11.99994945526123 0
vertex 49.949981689453125 -11.99994945526123 1.7000000476837158
vertex 49.949981689453125 -15.549948692321777 0
endloop
endfacet
facet normal -1 0 0
outer loop
vertex 45.04998016357422 -1.4499491453170776 0
vertex 45.04998016357422 -4.999948978424072 0
vertex 45.04998016357422 -4.999948978424072 1.7000000476837158
endloop
endfacet
facet normal -1 0 0
outer loop
vertex 64.04998016357422 -20.449949264526367 0
vertex 64.04998016357422 -23.999948501586914 0
vertex 64.04998016357422 -23.999948501586914 1.7000000476837158
endloop
endfacet
facet normal -1 0 0
outer loop
vertex 64.04998016357422 -1.4499491453170776 0
vertex 64.04998016357422 -4.999948978424072 0
vertex 64.04998016357422 -4.999948978424072 1.7000000476837158
endloop
endfacet
facet normal -1 0 0
outer loop
vertex 7.049981117248535 36.550052642822266 0
vertex 7.049981117248535 33.00004959106445 0
vertex 7.049981117248535 33.00004959106445 1.7000000476837158
endloop
endfacet
facet normal 0 1 0
outer loop
vertex 45.04998016357422 -15.549948692321777 0
vertex 30.949981689453125 -15.549948692321777 0
vertex 45.04998016357422 -15.549948692321777 2.200000047683716
endloop
endfacet
facet normal -1 0 0
outer loop
vertex 45.04998016357422 -11.99994945526123 0
vertex 45.04998016357422 -15.549948692321777 0
vertex 45.04998016357422 -15.549948692321777 2.200000047683716
endloop
endfacet
facet normal 1 0 0
outer loop
vertex 49.949981689453125 -23.999948501586914 0
vertex 49.949981689453125 -20.449949264526367 0
vertex 49.949981689453125 -20.449949264526367 2.200000047683716
endloop
endfacet
facet normal 1 0 0
outer loop
vertex 16.699981689453125 26.000051498413086 0
vertex 16.699981689453125 26.000051498413086 1.7000000476837158
vertex 16.699981689453125 22.450050354003906 0
endloop
endfacet
facet normal -1 0 0
outer loop
vertex 45.04998016357422 -20.449949264526367 0
vertex 45.04998016357422 -23.999948501586914 1.7000000476837158
vertex 45.04998016357422 -20.449949264526367 2.200000047683716
endloop
endfacet
facet normal -1 0 0
outer loop
vertex 45.04998016357422 -11.99994945526123 0
vertex 45.04998016357422 -15.549948692321777 2.200000047683716
vertex 45.04998016357422 -11.99994945526123 1.7000000476837158
endloop
endfacet
facet normal 1 0 0
outer loop
vertex 30.949981689453125 14.00005054473877 1.7000000476837158
vertex 30.949981689453125 14.00005054473877 0
vertex 30.949981689453125 17.550050735473633 2.200000047683716
endloop
endfacet
facet normal 1 0 0
outer loop
vertex -64.05001831054688 26.000051498413086 0
vertex -64.05001831054688 26.000051498413086 1.7000000476837158
vertex -64.05001831054688 22.450050354003906 0
endloop
endfacet
facet normal -1 0 0
outer loop
vertex -30.95001792907715 -20.449949264526367 0
vertex -30.95001792907715 -23.999948501586914 0
vertex -30.95001792907715 -23.999948501586914 1.7000000476837158
endloop
endfacet
facet normal 1 0 0
outer loop
vertex 49.949981689453125 -20.449949264526367 2.200000047683716
vertex 49.949981689453125 -23.999948501586914 1.7000000476837158
vertex 49.949981689453125 -23.999948501586914 0
endloop
endfacet
facet normal 1 0 0
outer loop
vertex -26.050018310546875 -15.549948692321777 0
vertex -26.050018310546875 -11.99994945526123 0
vertex -26.050018310546875 -11.99994945526123 1.7000000476837158
endloop
endfacet
facet normal 1 0 0
outer loop
vertex 49.949981689453125 -15.549948692321777 0
vertex 49.949981689453125 -11.99994945526123 1.7000000476837158
vertex 49.949981689453125 -15.549948692321777 2.200000047683716
endloop
endfacet
facet normal -1 0 0
outer loop
vertex 26.04998207092285 17.550050735473633 0
vertex 26.04998207092285 14.00005054473877 1.7000000476837158
vertex 26.04998207092285 17.550050735473633 2.200000047683716
endloop
endfacet
facet normal 1 0 0
outer loop
vertex 49.949981689453125 -4.999948978424072 0
vertex 49.949981689453125 -1.4499491453170776 0
vertex 49.949981689453125 -1.4499491453170776 2.200000047683716
endloop
endfacet
facet normal -1 0 0
outer loop
vertex 45.04998016357422 -1.4499491453170776 0
vertex 45.04998016357422 -4.999948978424072 1.7000000476837158
vertex 45.04998016357422 -1.4499491453170776 2.200000047683716
endloop
endfacet
facet normal 0 -1 0
outer loop
vertex 30.949981689453125 17.550050735473633 2.200000047683716
vertex 30.949981689453125 17.550050735473633 0
vertex 45.04998016357422 17.550050735473633 0
endloop
endfacet
facet normal 1 0 0
outer loop
vertex 30.949981689453125 14.00005054473877 0
vertex 30.949981689453125 17.550050735473633 0
vertex 30.949981689453125 17.550050735473633 2.200000047683716
endloop
endfacet
facet normal 1 0 0
outer loop
vertex 49.949981689453125 -4.999948978424072 1.7000000476837158
vertex 49.949981689453125 -4.999948978424072 0
vertex 49.949981689453125 -1.4499491453170776 2.200000047683716
endloop
endfacet
facet normal 1 0 0
outer loop
vertex -45.050018310546875 14.00005054473877 1.7000000476837158
vertex -45.050018310546875 14.00005054473877 0
vertex -45.050018310546875 17.550050735473633 2.200000047683716
endloop
endfacet
facet normal -1 0 0
outer loop
vertex -49.95001983642578 17.550050735473633 2.200000047683716
vertex -49.95001983642578 17.550050735473633 0
vertex -49.95001983642578 14.00005054473877 1.7000000476837158
endloop
endfacet
facet normal -1 0 0
outer loop
vertex -30.95001792907715 -1.4499491453170776 0
vertex -30.95001792907715 -4.999948978424072 0
vertex -30.95001792907715 -4.999948978424072 1.7000000476837158
endloop
endfacet
facet normal 0 -1 0
outer loop
vertex -45.050018310546875 17.550050735473633 2.200000047683716
vertex -45.050018310546875 17.550050735473633 0
vertex -30.95001792907715 17.550050735473633 0
endloop
endfacet
facet normal 1 0 0
outer loop
vertex -45.050018310546875 14.00005054473877 0
vertex -45.050018310546875 17.550050735473633 0
vertex -45.050018310546875 17.550050735473633 2.200000047683716
endloop
endfacet
facet normal 1 0 0
outer loop
vertex -45.050018310546875 3.4500508308410645 0
vertex -45.050018310546875 7.000051021575928 1.7000000476837158
vertex -45.050018310546875 3.4500508308410645 2.200000047683716
endloop
endfacet
facet normal 1 0 0
outer loop
vertex 30.949981689453125 3.4500508308410645 0
vertex 30.949981689453125 7.000051021575928 1.7000000476837158
vertex 30.949981689453125 3.4500508308410645 2.200000047683716
endloop
endfacet
facet normal -1 0 0
outer loop
vertex -49.95001983642578 7.000051021575928 1.7000000476837158
vertex -49.95001983642578 7.000051021575928 0
vertex -49.95001983642578 3.4500508308410645 2.200000047683716
endloop
endfacet
facet normal 0 -1 0
outer loop
vertex -45.050018310546875 -1.4499491453170776 2.200000047683716
vertex -45.050018310546875 -1.4499491453170776 0
vertex -30.95001792907715 -1.4499491453170776 0
endloop
endfacet
facet normal -1 0 0
outer loop
vertex 26.04998207092285 7.000051021575928 1.7000000476837158
vertex 26.04998207092285 7.000051021575928 0
vertex 26.04998207092285 3.4500508308410645 2.200000047683716
endloop
endfacet
facet normal -1 0 0
outer loop
vertex -49.95001983642578 7.000051021575928 0
vertex -49.95001983642578 3.4500508308410645 0
vertex -49.95001983642578 3.4500508308410645 2.200000047683716
endloop
endfacet
facet normal 0 -1 0
outer loop
vertex 30.949981689453125 -1.4499491453170776 2.200000047683716
vertex 30.949981689453125 -1.4499491453170776 0
vertex 45.04998016357422 -1.4499491453170776 0
endloop
endfacet
facet normal -1 0 0
outer loop
vertex 26.04998207092285 7.000051021575928 0
vertex 26.04998207092285 3.4500508308410645 0
vertex 26.04998207092285 3.4500508308410645 2.200000047683716
endloop
endfacet
facet normal 0 1 0
outer loop
vertex 26.04998207092285 3.4500508308410645 0
vertex 11.949980735778809 3.4500508308410645 0
vertex 26.04998207092285 3.4500508308410645 2.200000047683716
endloop
endfacet
facet normal 1 0 0
outer loop
vertex 11.949980735778809 14.00005054473877 1.7000000476837158
vertex 11.949980735778809 14.00005054473877 0
vertex 11.949980735778809 17.550050735473633 2.200000047683716
endloop
endfacet
facet normal 0 -1 0
outer loop
vertex 49.949981689453125 -20.449949264526367 2.200000047683716
vertex 49.949981689453125 -20.449949264526367 0
vertex 64.04998016357422 -20.449949264526367 0
endloop
endfacet
facet normal -1 0 0
outer loop
vertex 7.049981117248535 17.550050735473633 0
vertex 7.049981117248535 14.00005054473877 1.7000000476837158
vertex 7.049981117248535 17.550050735473633 2.200000047683716
endloop
endfacet
facet normal 0 1 0
outer loop
vertex 64.04998016357422 -15.549948692321777 0
vertex 49.949981689453125 -15.549948692321777 0
vertex 64.04998016357422 -15.549948692321777 2.200000047683716
endloop
endfacet
facet normal -1 0 0
outer loop
vertex 64.04998016357422 -11.99994945526123 0
vertex 64.04998016357422 -15.549948692321777 0
vertex 64.04998016357422 -15.549948692321777 2.200000047683716
endloop
endfacet
facet normal -1 0 0
outer loop
vertex -11.950018882751465 -20.449949264526367 0
vertex -11.950018882751465 -23.999948501586914 0
vertex -11.950018882751465 -23.999948501586914 1.7000000476837158
endloop
endfacet
facet normal 1 0 0
outer loop
vertex -64.05001831054688 14.00005054473877 1.7000000476837158
vertex -64.05001831054688 14.00005054473877 0
vertex -64.05001831054688 17.550050735473633 2.200000047683716
endloop
endfacet
facet normal 1 0 0
outer loop
vertex -7.050018787384033 -11.99994945526123 0
vertex -7.050018787384033 -11.99994945526123 1.7000000476837158
vertex -7.050018787384033 -15.549948692321777 0
endloop
endfacet
facet normal 0 -1 0
outer loop
vertex -64.05001831054688 17.550050735473633 2.200000047683716
vertex -64.05001831054688 17.550050735473633 0
vertex -49.95001983642578 17.550050735473633 0
endloop
endfacet
facet normal 0 -1 0
outer loop
vertex 11.949980735778809 17.550050735473633 2.200000047683716
vertex 11.949980735778809 17.550050735473633 0
vertex 26.04998207092285 17.550050735473633 0
endloop
endfacet
facet normal 1 0 0
outer loop
vertex 11.949980735778809 17.550050735473633 0
vertex 11.949980735778809 17.550050735473633 2.200000047683716
vertex 11.949980735778809 14.00005054473877 0
endloop
endfacet
facet normal 1 0 0
outer loop
vertex 11.949980735778809 3.4500508308410645 0
vertex 11.949980735778809 7.000051021575928 1.7000000476837158
vertex 11.949980735778809 3.4500508308410645 2.200000047683716
endloop
endfacet
facet normal 1 0 0
outer loop
vertex -64.05001831054688 14.00005054473877 0
vertex -64.05001831054688 17.550050735473633 0
vertex -64.05001831054688 17.550050735473633 2.200000047683716
endloop
endfacet
facet normal 1 0 0
outer loop
vertex -64.05001831054688 3.4500508308410645 0
vertex -64.05001831054688 7.000051021575928 1.7000000476837158
vertex -64.05001831054688 3.4500508308410645 2.200000047683716
endloop
endfacet
facet normal -1 0 0
outer loop
vertex 64.04998016357422 -20.449949264526367 0
vertex 64.04998016357422 -23.999948501586914 1.7000000476837158
vertex 64.04998016357422 -20.449949264526367 2.200000047683716
endloop
endfacet
facet normal -1 0 0
outer loop
vertex 64.04998016357422 -11.99994945526123 0
vertex 64.04998016357422 -15.549948692321777 2.200000047683716
vertex 64.04998016357422 -11.99994945526123 1.7000000476837158
endloop
endfacet
facet normal 0 1 0
outer loop
vertex -49.95001983642578 3.4500508308410645 0
vertex -64.05001831054688 3.4500508308410645 0
vertex -49.95001983642578 3.4500508308410645 2.200000047683716
endloop
endfacet
facet normal -1 0 0
outer loop
vertex -11.950018882751465 -1.4499491453170776 0
vertex -11.950018882751465 -4.999948978424072 0
vertex -11.950018882751465 -4.999948978424072 1.7000000476837158
endloop
endfacet
facet normal 0 -1 0
outer loop
vertex -64.05001831054688 -1.4499491453170776 2.200000047683716
vertex -64.05001831054688 -1.4499491453170776 0
vertex -49.95001983642578 -1.4499491453170776 0
endloop
endfacet
facet normal -1 0 0
outer loop
vertex -49.95001983642578 17.550050735473633 0
vertex -49.95001983642578 14.00005054473877 0
vertex -49.95001983642578 14.00005054473877 1.7000000476837158
endloop
endfacet
facet normal -1 0 0
outer loop
vertex 64.04998016357422 -1.4499491453170776 0
vertex 64.04998016357422 -4.999948978424072 1.7000000476837158
vertex 64.04998016357422 -1.4499491453170776 2.200000047683716
endloop
endfacet
facet normal 0 1 0
outer loop
vertex -30.95001792907715 -15.549948692321777 0
vertex -45.050018310546875 -15.549948692321777 0
vertex -30.95001792907715 -15.549948692321777 2.200000047683716
endloop
endfacet
facet normal -1 0 0
outer loop
vertex -30.95001792907715 -11.99994945526123 0
vertex -30.95001792907715 -15.549948692321777 0
vertex -30.95001792907715 -15.549948692321777 2.200000047683716
endloop
endfacet
facet normal 1 0 0
outer loop
vertex -26.050018310546875 -23.999948501586914 0
vertex -26.050018310546875 -20.449949264526367 0
vertex -26.050018310546875 -20.449949264526367 2.200000047683716
endloop
endfacet
facet normal 0 -1 0
outer loop
vertex -26.050018310546875 -20.449949264526367 2.200000047683716
vertex -26.050018310546875 -20.449949264526367 0
vertex -11.950018882751465 -20.449949264526367 0
endloop
endfacet
facet normal 0 1 0
outer loop
vertex 26.04998207092285 -34.549949645996094 2.200000047683716
vertex 11.949980735778809 -34.549949645996094 0
vertex 11.949980735778809 -34.549949645996094 2.200000047683716
endloop
endfacet
facet normal -1 0 0
outer loop
vertex -30.95001792907715 -20.449949264526367 0
vertex -30.95001792907715 -23.999948501586914 1.7000000476837158
vertex -30.95001792907715 -20.449949264526367 2.200000047683716
endloop
endfacet
facet normal -1 0 0
outer loop
vertex -30.95001792907715 -11.99994945526123 0
vertex -30.95001792907715 -15.549948692321777 2.200000047683716
vertex -30.95001792907715 -11.99994945526123 1.7000000476837158
endloop
endfacet
facet normal 1 0 0
outer loop
vertex -45.050018310546875 7.000051021575928 0
vertex -45.050018310546875 7.000051021575928 1.7000000476837158
vertex -45.050018310546875 3.4500508308410645 0
endloop
endfacet
facet normal 1 0 0
outer loop
vertex -26.050018310546875 -20.449949264526367 2.200000047683716
vertex -26.050018310546875 -23.999948501586914 1.7000000476837158
vertex -26.050018310546875 -23.999948501586914 0
endloop
endfacet
facet normal 1 0 0
outer loop
vertex -26.050018310546875 -15.549948692321777 0
vertex -26.050018310546875 -11.99994945526123 1.7000000476837158
vertex -26.050018310546875 -15.549948692321777 2.200000047683716
endloop
endfacet
facet normal 1 0 0
outer loop
vertex -26.050018310546875 -4.999948978424072 0
vertex -26.050018310546875 -1.4499491453170776 0
vertex -26.050018310546875 -1.4499491453170776 2.200000047683716
endloop
endfacet
facet normal -1 0 0
outer loop
vertex 7.049981117248535 -23.999948501586914 1.7000000476837158
vertex 7.049981117248535 -30.999948501586914 1.7000000476837158
vertex 7.049981117248535 -20.449949264526367 2.200000047683716
endloop
endfacet
facet normal -1 0 0
outer loop
vertex 7.049981117248535 -30.999948501586914 1.7000000476837158
vertex 7.049981117248535 -34.549949645996094 2.200000047683716
vertex 7.049981117248535 -20.449949264526367 2.200000047683716
endloop
endfacet
facet normal 1 0 0
outer loop
vertex 11.949980735778809 -34.549949645996094 2.200000047683716
vertex 11.949980735778809 -30.999948501586914 1.7000000476837158
vertex 11.949980735778809 -23.999948501586914 1.7000000476837158
endloop
endfacet
facet normal -1 0 0
outer loop
vertex -30.95001792907715 -1.4499491453170776 0
vertex -30.95001792907715 -4.999948978424072 1.7000000476837158
vertex -30.95001792907715 -1.4499491453170776 2.200000047683716
endloop
endfacet
facet normal 1 0 0
outer loop
vertex 11.949980735778809 -34.549949645996094 2.200000047683716
vertex 11.949980735778809 -23.999948501586914 1.7000000476837158
vertex 11.949980735778809 -20.449949264526367 2.200000047683716
endloop
endfacet
facet normal 1 0 0
outer loop
vertex -64.05001831054688 7.000051021575928 0
vertex -64.05001831054688 7.000051021575928 1.7000000476837158
vertex -64.05001831054688 3.4500508308410645 0
endloop
endfacet
facet normal 0 1 0
outer loop
vertex 45.04998016357422 -34.549949645996094 2.200000047683716
vertex 30.949981689453125 -34.549949645996094 0
vertex 30.949981689453125 -34.549949645996094 2.200000047683716
endloop
endfacet
facet normal 1 0 0
outer loop
vertex -26.050018310546875 -4.999948978424072 1.7000000476837158
vertex -26.050018310546875 -4.999948978424072 0
vertex -26.050018310546875 -1.4499491453170776 2.200000047683716
endloop
endfacet
facet normal 0 1 0
outer loop
vertex -11.950018882751465 -15.549948692321777 0
vertex -26.050018310546875 -15.549948692321777 0
vertex -11.950018882751465 -15.549948692321777 2.200000047683716
endloop
endfacet
facet normal -1 0 0
outer loop
vertex -11.950018882751465 -11.99994945526123 0
vertex -11.950018882751465 -15.549948692321777 0
vertex -11.950018882751465 -15.549948692321777 2.200000047683716
endloop
endfacet
facet normal 1 0 0
outer loop
vertex -7.050018787384033 -23.999948501586914 0
vertex -7.050018787384033 -20.449949264526367 0
vertex -7.050018787384033 -20.449949264526367 2.200000047683716
endloop
endfacet
facet normal 0 -1 0
outer loop
vertex -7.050018787384033 -20.449949264526367 2.200000047683716
vertex -7.050018787384033 -20.449949264526367 0
vertex 7.049981117248535 -20.449949264526367 0
endloop
endfacet
facet normal -1 0 0
outer loop
vertex -30.95001792907715 36.550052642822266 2.200000047683716
vertex -30.95001792907715 33.00004959106445 1.7000000476837158
vertex -30.95001792907715 26.000051498413086 1.7000000476837158
endloop
endfacet
facet normal -1 0 0
outer loop
vertex -11.950018882751465 -20.449949264526367 0
vertex -11.950018882751465 -23.999948501586914 1.7000000476837158
vertex -11.950018882751465 -20.449949264526367 2.200000047683716
endloop
endfacet
facet normal -1 0 0
outer loop
vertex -11.950018882751465 -11.99994945526123 0
vertex -11.950018882751465 -15.549948692321777 2.200000047683716
vertex -11.950018882751465 -11.99994945526123 1.7000000476837158
endloop
endfacet
facet normal -1 0 0
outer loop
vertex -30.95001792907715 36.550052642822266 2.200000047683716
vertex -30.95001792907715 26.000051498413086 1.7000000476837158
vertex -30.95001792907715 22.450050354003906 2.200000047683716
endloop
endfacet
facet normal 1 0 0
outer loop
vertex -7.050018787384033 -20.449949264526367 2.200000047683716
vertex -7.050018787384033 -23.999948501586914 1.7000000476837158
vertex -7.050018787384033 -23.999948501586914 0
endloop
endfacet
facet normal 1 0 0
outer loop
vertex -7.050018787384033 -15.549948692321777 0
vertex -7.050018787384033 -11.99994945526123 1.7000000476837158
vertex -7.050018787384033 -15.549948692321777 2.200000047683716
endloop
endfacet
facet normal 1 0 0
outer loop
vertex -7.050018787384033 -4.999948978424072 0
vertex -7.050018787384033 -1.4499491453170776 0
vertex -7.050018787384033 -1.4499491453170776 2.200000047683716
endloop
endfacet
facet normal 1 0 0
outer loop
vertex -26.050018310546875 22.450050354003906 2.200000047683716
vertex -26.050018310546875 26.000051498413086 1.7000000476837158
vertex -26.050018310546875 33.00004959106445 1.7000000476837158
endloop
endfacet
facet normal 1 0 0
outer loop
vertex -26.050018310546875 36.550052642822266 2.200000047683716
vertex -26.050018310546875 22.450050354003906 2.200000047683716
vertex -26.050018310546875 33.00004959106445 1.7000000476837158
endloop
endfacet
facet normal 0 -1 0
outer loop
vertex -45.050018310546875 36.550052642822266 2.200000047683716
vertex -30.95001792907715 36.550052642822266 0
vertex -30.95001792907715 36.550052642822266 2.200000047683716
endloop
endfacet
facet normal -1 0 0
outer loop
vertex -11.950018882751465 -1.4499491453170776 0
vertex -11.950018882751465 -4.999948978424072 1.7000000476837158
vertex -11.950018882751465 -1.4499491453170776 2.200000047683716
endloop
endfacet
facet normal 1 0 0
outer loop
vertex 11.949980735778809 -20.449949264526367 0
vertex 11.949980735778809 -20.449949264526367 2.200000047683716
vertex 11.949980735778809 -23.999948501586914 0
endloop
endfacet
facet normal 0 1 0
outer loop
vertex -7.050018787384033 22.450050354003906 0
vertex -7.050018787384033 22.450050354003906 2.200000047683716
vertex 7.049981117248535 22.450050354003906 2.200000047683716
endloop
endfacet
facet normal -1 0 0
outer loop
vertex -11.950018882751465 36.550052642822266 2.200000047683716
vertex -11.950018882751465 33.00004959106445 1.7000000476837158
vertex -11.950018882751465 26.000051498413086 1.7000000476837158
endloop
endfacet
facet normal 1 0 0
outer loop
vertex -7.050018787384033 -4.999948978424072 1.7000000476837158
vertex -7.050018787384033 -4.999948978424072 0
vertex -7.050018787384033 -1.4499491453170776 2.200000047683716
endloop
endfacet
facet normal -1 0 0
outer loop
vertex 7.049981117248535 7.000051021575928 1.7000000476837158
vertex 7.049981117248535 7.000051021575928 0
vertex 7.049981117248535 3.4500508308410645 2.200000047683716
endloop
endfacet
facet normal -1 0 0
outer loop
vertex -11.950018882751465 36.550052642822266 2.200000047683716
vertex -11.950018882751465 26.000051498413086 1.7000000476837158
vertex -11.950018882751465 22.450050354003906 2.200000047683716
endloop
endfacet
facet normal 0 -1 0
outer loop
vertex 11.949980735778809 -1.4499491453170776 2.200000047683716
vertex 11.949980735778809 -1.4499491453170776 0
vertex 26.04998207092285 -1.4499491453170776 0
endloop
endfacet
facet normal -1 0 0
outer loop
vertex 7.049981117248535 7.000051021575928 0
vertex 7.049981117248535 3.4500508308410645 0
vertex 7.049981117248535 3.4500508308410645 2.200000047683716
endloop
endfacet
facet normal 0 1 0
outer loop
vertex 7.049981117248535 3.4500508308410645 0
vertex -7.050018787384033 3.4500508308410645 0
vertex 7.049981117248535 3.4500508308410645 2.200000047683716
endloop
endfacet
facet normal 1 0 0
outer loop
vertex -7.050018787384033 22.450050354003906 2.200000047683716
vertex -7.050018787384033 26.000051498413086 1.7000000476837158
vertex -7.050018787384033 33.00004959106445 1.7000000476837158
endloop
endfacet
facet normal 1 0 0
outer loop
vertex -7.050018787384033 22.450050354003906 2.200000047683716
vertex -7.050018787384033 33.00004959106445 1.7000000476837158
vertex -7.050018787384033 36.550052642822266 2.200000047683716
endloop
endfacet
facet normal -1 0 0
outer loop
vertex 26.04998207092285 17.550050735473633 0
vertex 26.04998207092285 14.00005054473877 0
vertex 26.04998207092285 14.00005054473877 1.7000000476837158
endloop
endfacet
facet normal 0 -1 0
outer loop
vertex -26.050018310546875 36.550052642822266 2.200000047683716
vertex -11.950018882751465 36.550052642822266 0
vertex -11.950018882751465 36.550052642822266 2.200000047683716
endloop
endfacet
facet normal -1 0 0
outer loop
vertex 7.049981117248535 -11.99994945526123 0
vertex 7.049981117248535 -15.549948692321777 0
vertex 7.049981117248535 -15.549948692321777 2.200000047683716
endloop
endfacet
facet normal 1 0 0
outer loop
vertex 30.949981689453125 7.000051021575928 0
vertex 30.949981689453125 7.000051021575928 1.7000000476837158
vertex 30.949981689453125 3.4500508308410645 0
endloop
endfacet
facet normal 0 1 0
outer loop
vertex 7.049981117248535 -15.549948692321777 0
vertex -7.050018787384033 -15.549948692321777 0
vertex 7.049981117248535 -15.549948692321777 2.200000047683716
endloop
endfacet
facet normal 1 0 0
outer loop
vertex 30.949981689453125 -11.99994945526123 1.7000000476837158
vertex 30.949981689453125 -13.941747665405273 0
vertex 30.949981689453125 -11.99994945526123 0
endloop
endfacet
facet normal -1 0 0
outer loop
vertex 26.04998207092285 -1.4499491453170776 0
vertex 26.04998207092285 -4.999948978424072 0
vertex 26.04998207092285 -4.999948978424072 1.7000000476837158
endloop
endfacet
facet normal 1 0 0
outer loop
vertex 30.949981689453125 -15.549948692321777 0
vertex 30.949981689453125 -13.941747665405273 0
vertex 30.949981689453125 -11.99994945526123 1.7000000476837158
endloop
endfacet
facet normal -1 0 0
outer loop
vertex 26.04998207092285 -20.449949264526367 0
vertex 26.04998207092285 -23.999948501586914 0
vertex 26.04998207092285 -23.999948501586914 1.7000000476837158
endloop
endfacet
facet normal 0 1 0
outer loop
vertex -49.95001983642578 -34.549949645996094 2.200000047683716
vertex -64.05001831054688 -34.549949645996094 0
vertex -64.05001831054688 -34.549949645996094 2.200000047683716
endloop
endfacet
facet normal -1 0 0
outer loop
vertex 7.049981117248535 -1.4499491453170776 0
vertex 7.049981117248535 -4.999948978424072 0
vertex 7.049981117248535 -4.999948978424072 1.7000000476837158
endloop
endfacet
facet normal -1 0 0
outer loop
vertex 7.049981117248535 17.550050735473633 0
vertex 7.049981117248535 14.00005054473877 0
vertex 7.049981117248535 14.00005054473877 1.7000000476837158
endloop
endfacet
facet normal 1 0 0
outer loop
vertex -64.05001831054688 -34.549949645996094 2.200000047683716
vertex -64.05001831054688 -30.999948501586914 1.7000000476837158
vertex -64.05001831054688 -23.999948501586914 1.7000000476837158
endloop
endfacet
facet normal 1 0 0
outer loop
vertex 11.949980735778809 -11.99994945526123 0
vertex 11.949980735778809 -11.99994945526123 1.7000000476837158
vertex 11.949980735778809 -15.549948692321777 0
endloop
endfacet
facet normal 1 0 0
outer loop
vertex -64.05001831054688 -20.449949264526367 2.200000047683716
vertex -64.05001831054688 -34.549949645996094 2.200000047683716
vertex -64.05001831054688 -23.999948501586914 1.7000000476837158
endloop
endfacet
facet normal -1 0 0
outer loop
vertex 7.049981117248535 -20.449949264526367 0
vertex 7.049981117248535 -21.920379638671875 0
vertex 7.049981117248535 -23.999948501586914 1.7000000476837158
endloop
endfacet
facet normal -1 0 0
outer loop
vertex 7.049981117248535 -21.920379638671875 0
vertex 7.049981117248535 -23.999948501586914 0
vertex 7.049981117248535 -23.999948501586914 1.7000000476837158
endloop
endfacet
facet normal 1 0 0
outer loop
vertex 30.949981689453125 -34.549949645996094 0
vertex 30.949981689453125 -30.999948501586914 1.7000000476837158
vertex 30.949981689453125 -34.549949645996094 2.200000047683716
endloop
endfacet
facet normal 1 0 0
outer loop
vertex 11.949980735778809 -30.999948501586914 0
vertex 11.949980735778809 -30.999948501586914 1.7000000476837158
vertex 11.949980735778809 -34.549949645996094 0
endloop
endfacet
facet normal 0 1 0
outer loop
vertex -30.95001792907715 -34.549949645996094 2.200000047683716
vertex -45.050018310546875 -34.549949645996094 0
vertex -45.050018310546875 -34.549949645996094 2.200000047683716
endloop
endfacet
facet normal -1 0 0
outer loop
vertex -49.95001983642578 -23.999948501586914 1.7000000476837158
vertex -49.95001983642578 -30.999948501586914 1.7000000476837158
vertex -49.95001983642578 -20.449949264526367 2.200000047683716
endloop
endfacet
facet normal -1 0 0
outer loop
vertex -49.95001983642578 -20.449949264526367 2.200000047683716
vertex -49.95001983642578 -30.999948501586914 1.7000000476837158
vertex -49.95001983642578 -34.549949645996094 2.200000047683716
endloop
endfacet
facet normal 1 0 0
outer loop
vertex -45.050018310546875 -34.549949645996094 2.200000047683716
vertex -45.050018310546875 -30.999948501586914 1.7000000476837158
vertex -45.050018310546875 -23.999948501586914 1.7000000476837158
endloop
endfacet
facet normal 1 0 0
outer loop
vertex -45.050018310546875 -20.449949264526367 2.200000047683716
vertex -45.050018310546875 -34.549949645996094 2.200000047683716
vertex -45.050018310546875 -23.999948501586914 1.7000000476837158
endloop
endfacet
facet normal 1 0 0
outer loop
vertex -7.050018787384033 -15.549948692321777 2.200000047683716
vertex -7.050018787384033 -4.999948978424072 1.7000000476837158
vertex -7.050018787384033 -1.4499491453170776 2.200000047683716
endloop
endfacet
facet normal 1 0 0
outer loop
vertex 11.949980735778809 3.4500508308410645 0
vertex 11.949980735778809 7.000051021575928 0
vertex 11.949980735778809 7.000051021575928 1.7000000476837158
endloop
endfacet
facet normal 1 0 0
outer loop
vertex -7.050018787384033 -15.549948692321777 2.200000047683716
vertex -7.050018787384033 -11.99994945526123 1.7000000476837158
vertex -7.050018787384033 -4.999948978424072 1.7000000476837158
endloop
endfacet
facet normal -1 0 0
outer loop
vertex -11.950018882751465 -1.4499491453170776 2.200000047683716
vertex -11.950018882751465 -4.999948978424072 1.7000000476837158
vertex -11.950018882751465 -11.99994945526123 1.7000000476837158
endloop
endfacet
facet normal -1 0 0
outer loop
vertex 64.04998016357422 -1.4499491453170776 2.200000047683716
vertex 64.04998016357422 -4.999948978424072 1.7000000476837158
vertex 64.04998016357422 -11.99994945526123 1.7000000476837158
endloop
endfacet
facet normal -1 0 0
outer loop
vertex 64.04998016357422 -11.99994945526123 1.7000000476837158
vertex 64.04998016357422 -15.549948692321777 2.200000047683716
vertex 64.04998016357422 -1.4499491453170776 2.200000047683716
endloop
endfacet
facet normal -1 0 0
outer loop
vertex -11.950018882751465 -11.99994945526123 1.7000000476837158
vertex -11.950018882751465 -15.549948692321777 2.200000047683716
vertex -11.950018882751465 -1.4499491453170776 2.200000047683716
endloop
endfacet
facet normal 0 1 0
outer loop
vertex -7.050018787384033 -15.549948692321777 0
vertex -7.050018787384033 -15.549948692321777 2.200000047683716
vertex 7.049981117248535 -15.549948692321777 2.200000047683716
endloop
endfacet
facet normal 0 1 0
outer loop
vertex 64.04998016357422 -15.549948692321777 2.200000047683716
vertex 49.949981689453125 -15.549948692321777 0
vertex 49.949981689453125 -15.549948692321777 2.200000047683716
endloop
endfacet
facet normal 0 -1 0
outer loop
vertex 49.949981689453125 -20.449949264526367 2.200000047683716
vertex 64.04998016357422 -20.449949264526367 0
vertex 64.04998016357422 -20.449949264526367 2.200000047683716
endloop
endfacet
facet normal 1 0 0
outer loop
vertex 49.949981689453125 -15.549948692321777 2.200000047683716
vertex 49.949981689453125 -4.999948978424072 1.7000000476837158
vertex 49.949981689453125 -1.4499491453170776 2.200000047683716
endloop
endfacet
facet normal 1 0 0
outer loop
vertex 49.949981689453125 -15.549948692321777 2.200000047683716
vertex 49.949981689453125 -11.99994945526123 1.7000000476837158
vertex 49.949981689453125 -4.999948978424072 1.7000000476837158
endloop
endfacet
facet normal -1 0 0
outer loop
vertex 45.04998016357422 -1.4499491453170776 2.200000047683716
vertex 45.04998016357422 -4.999948978424072 1.7000000476837158
vertex 45.04998016357422 -11.99994945526123 1.7000000476837158
endloop
endfacet
facet normal -1 0 0
outer loop
vertex 45.04998016357422 -11.99994945526123 1.7000000476837158
vertex 45.04998016357422 -15.549948692321777 2.200000047683716
vertex 45.04998016357422 -1.4499491453170776 2.200000047683716
endloop
endfacet
facet normal 0 -1 0
outer loop
vertex -26.050018310546875 -20.449949264526367 2.200000047683716
vertex -11.950018882751465 -20.449949264526367 0
vertex -11.950018882751465 -20.449949264526367 2.200000047683716
endloop
endfacet
facet normal 1 0 0
outer loop
vertex -26.050018310546875 -1.4499491453170776 2.200000047683716
vertex -26.050018310546875 -15.549948692321777 2.200000047683716
vertex -26.050018310546875 -4.999948978424072 1.7000000476837158
endloop
endfacet
facet normal 1 0 0
outer loop
vertex -26.050018310546875 -15.549948692321777 2.200000047683716
vertex -26.050018310546875 -11.99994945526123 1.7000000476837158
vertex -26.050018310546875 -4.999948978424072 1.7000000476837158
endloop
endfacet
facet normal -1 0 0
outer loop
vertex -30.95001792907715 -1.4499491453170776 2.200000047683716
vertex -30.95001792907715 -4.999948978424072 1.7000000476837158
vertex -30.95001792907715 -11.99994945526123 1.7000000476837158
endloop
endfacet
facet normal 0 -1 0
outer loop
vertex 30.949981689453125 -20.449949264526367 2.200000047683716
vertex 45.04998016357422 -20.449949264526367 0
vertex 45.04998016357422 -20.449949264526367 2.200000047683716
endloop
endfacet
facet normal -1 0 0
outer loop
vertex 64.04998016357422 -20.449949264526367 2.200000047683716
vertex 64.04998016357422 -30.999948501586914 1.7000000476837158
vertex 64.04998016357422 -34.549949645996094 2.200000047683716
endloop
endfacet
facet normal -1 0 0
outer loop
vertex 64.04998016357422 -23.999948501586914 1.7000000476837158
vertex 64.04998016357422 -30.999948501586914 1.7000000476837158
vertex 64.04998016357422 -20.449949264526367 2.200000047683716
endloop
endfacet
facet normal -1 0 0
outer loop
vertex -30.95001792907715 -11.99994945526123 1.7000000476837158
vertex -30.95001792907715 -15.549948692321777 2.200000047683716
vertex -30.95001792907715 -1.4499491453170776 2.200000047683716
endloop
endfacet
facet normal 0 1 0
outer loop
vertex -11.950018882751465 -15.549948692321777 2.200000047683716
vertex -26.050018310546875 -15.549948692321777 0
vertex -26.050018310546875 -15.549948692321777 2.200000047683716
endloop
endfacet
facet normal 0 1 0
outer loop
vertex 64.04998016357422 -34.549949645996094 2.200000047683716
vertex 49.949981689453125 -34.549949645996094 0
vertex 49.949981689453125 -34.549949645996094 2.200000047683716
endloop
endfacet
facet normal 1 0 0
outer loop
vertex 49.949981689453125 -34.549949645996094 2.200000047683716
vertex 49.949981689453125 -23.999948501586914 1.7000000476837158
vertex 49.949981689453125 -20.449949264526367 2.200000047683716
endloop
endfacet
facet normal 1 0 0
outer loop
vertex 49.949981689453125 -34.549949645996094 2.200000047683716
vertex 49.949981689453125 -30.999948501586914 1.7000000476837158
vertex 49.949981689453125 -23.999948501586914 1.7000000476837158
endloop
endfacet
facet normal -1 0 0
outer loop
vertex 45.04998016357422 -20.449949264526367 2.200000047683716
vertex 45.04998016357422 -30.999948501586914 1.7000000476837158
vertex 45.04998016357422 -34.549949645996094 2.200000047683716
endloop
endfacet
facet normal -1 0 0
outer loop
vertex 45.04998016357422 -30.999948501586914 1.7000000476837158
vertex 45.04998016357422 -20.449949264526367 2.200000047683716
vertex 45.04998016357422 -23.999948501586914 1.7000000476837158
endloop
endfacet
facet normal 0 -1 0
outer loop
vertex -45.050018310546875 -20.449949264526367 2.200000047683716
vertex -30.95001792907715 -20.449949264526367 0
vertex -30.95001792907715 -20.449949264526367 2.200000047683716
endloop
endfacet
facet normal -1 0 0
outer loop
vertex 26.04998207092285 -23.999948501586914 1.7000000476837158
vertex 26.04998207092285 -30.999948501586914 1.7000000476837158
vertex 26.04998207092285 -20.449949264526367 2.200000047683716
endloop
endfacet
facet normal -1 0 0
outer loop
vertex 26.04998207092285 -20.449949264526367 2.200000047683716
vertex 26.04998207092285 -30.999948501586914 1.7000000476837158
vertex 26.04998207092285 -34.549949645996094 2.200000047683716
endloop
endfacet
facet normal 1 0 0
outer loop
vertex 30.949981689453125 -34.549949645996094 2.200000047683716
vertex 30.949981689453125 -30.999948501586914 1.7000000476837158
vertex 30.949981689453125 -23.999948501586914 1.7000000476837158
endloop
endfacet
facet normal 1 0 0
outer loop
vertex 30.949981689453125 -34.549949645996094 2.200000047683716
vertex 30.949981689453125 -23.999948501586914 1.7000000476837158
vertex 30.949981689453125 -20.449949264526367 2.200000047683716
endloop
endfacet
facet normal 0 -1 0
outer loop
vertex 7.049981117248535 -20.449949264526367 2.200000047683716
vertex -7.050018787384033 -20.449949264526367 2.200000047683716
vertex 7.049981117248535 -20.449949264526367 0
endloop
endfacet
facet normal 0 1 0
outer loop
vertex 26.04998207092285 -15.549948692321777 2.200000047683716
vertex 11.949980735778809 -15.549948692321777 0
vertex 11.949980735778809 -15.549948692321777 2.200000047683716
endloop
endfacet
facet normal -1 0 0
outer loop
vertex 7.049981117248535 -11.99994945526123 1.7000000476837158
vertex 7.049981117248535 -15.549948692321777 2.200000047683716
vertex 7.049981117248535 -1.4499491453170776 2.200000047683716
endloop
endfacet
facet normal -1 0 0
outer loop
vertex 7.049981117248535 -1.4499491453170776 2.200000047683716
vertex 7.049981117248535 -4.999948978424072 1.7000000476837158
vertex 7.049981117248535 -11.99994945526123 1.7000000476837158
endloop
endfacet
facet normal 1 0 0
outer loop
vertex 11.949980735778809 -15.549948692321777 2.200000047683716
vertex 11.949980735778809 -11.99994945526123 1.7000000476837158
vertex 11.949980735778809 -4.999948978424072 1.7000000476837158
endloop
endfacet
facet normal 1 0 0
outer loop
vertex 11.949980735778809 -15.549948692321777 2.200000047683716
vertex 11.949980735778809 -4.999948978424072 1.7000000476837158
vertex 11.949980735778809 -1.4499491453170776 2.200000047683716
endloop
endfacet
facet normal 0 -1 0
outer loop
vertex 11.949980735778809 -20.449949264526367 2.200000047683716
vertex 26.04998207092285 -20.449949264526367 0
vertex 26.04998207092285 -20.449949264526367 2.200000047683716
endloop
endfacet
facet normal 0 1 0
outer loop
vertex 45.04998016357422 -15.549948692321777 2.200000047683716
vertex 30.949981689453125 -15.549948692321777 0
vertex 30.949981689453125 -15.549948692321777 2.200000047683716
endloop
endfacet
facet normal -1 0 0
outer loop
vertex 26.04998207092285 -11.99994945526123 1.7000000476837158
vertex 26.04998207092285 -15.549948692321777 2.200000047683716
vertex 26.04998207092285 -1.4499491453170776 2.200000047683716
endloop
endfacet
facet normal -1 0 0
outer loop
vertex 26.04998207092285 -1.4499491453170776 2.200000047683716
vertex 26.04998207092285 -4.999948978424072 1.7000000476837158
vertex 26.04998207092285 -11.99994945526123 1.7000000476837158
endloop
endfacet
facet normal 1 0 0
outer loop
vertex 30.949981689453125 -15.549948692321777 2.200000047683716
vertex 30.949981689453125 -11.99994945526123 1.7000000476837158
vertex 30.949981689453125 -4.999948978424072 1.7000000476837158
endloop
endfacet
facet normal 1 0 0
outer loop
vertex 30.949981689453125 -15.549948692321777 2.200000047683716
vertex 30.949981689453125 -4.999948978424072 1.7000000476837158
vertex 30.949981689453125 -1.4499491453170776 2.200000047683716
endloop
endfacet
facet normal -1 0 0
outer loop
vertex 59.29998016357422 36.550052642822266 2.200000047683716
vertex 59.29998016357422 26.000051498413086 1.7000000476837158
vertex 59.29998016357422 22.450050354003906 2.200000047683716
endloop
endfacet
facet normal 0 -1 0
outer loop
vertex 45.199981689453125 36.550052642822266 2.200000047683716
vertex 59.29998016357422 36.550052642822266 0
vertex 59.29998016357422 36.550052642822266 2.200000047683716
endloop
endfacet
facet normal 0 1 0
outer loop
vertex 45.04998016357422 -34.549949645996094 0
vertex 30.949981689453125 -34.549949645996094 0
vertex 45.04998016357422 -34.549949645996094 2.200000047683716
endloop
endfacet
facet normal 1 0 0
outer loop
vertex -7.050018787384033 -34.549949645996094 2.200000047683716
vertex -7.050018787384033 -23.999948501586914 1.7000000476837158
vertex -7.050018787384033 -20.449949264526367 2.200000047683716
endloop
endfacet
facet normal 1 0 0
outer loop
vertex -7.050018787384033 -34.549949645996094 2.200000047683716
vertex -7.050018787384033 -30.999948501586914 1.7000000476837158
vertex -7.050018787384033 -23.999948501586914 1.7000000476837158
endloop
endfacet
facet normal -1 0 0
outer loop
vertex -11.950018882751465 -20.449949264526367 2.200000047683716
vertex -11.950018882751465 -30.999948501586914 1.7000000476837158
vertex -11.950018882751465 -34.549949645996094 2.200000047683716
endloop
endfacet
facet normal -1 0 0
outer loop
vertex -11.950018882751465 -23.999948501586914 1.7000000476837158
vertex -11.950018882751465 -30.999948501586914 1.7000000476837158
vertex -11.950018882751465 -20.449949264526367 2.200000047683716
endloop
endfacet
facet normal 0 -1 0
outer loop
vertex -64.05001831054688 -20.449949264526367 2.200000047683716
vertex -49.95001983642578 -20.449949264526367 0
vertex -49.95001983642578 -20.449949264526367 2.200000047683716
endloop
endfacet
facet normal 0 1 0
outer loop
vertex -49.95001983642578 -15.549948692321777 2.200000047683716
vertex -64.05001831054688 -15.549948692321777 0
vertex -64.05001831054688 -15.549948692321777 2.200000047683716
endloop
endfacet
facet normal 0 1 0
outer loop
vertex -7.050018787384033 -34.549949645996094 2.200000047683716
vertex 7.049981117248535 -34.549949645996094 2.200000047683716
vertex -7.050018787384033 -34.549949645996094 0
endloop
endfacet
facet normal 1 0 0
outer loop
vertex -26.050018310546875 -20.449949264526367 2.200000047683716
vertex -26.050018310546875 -34.549949645996094 2.200000047683716
vertex -26.050018310546875 -23.999948501586914 1.7000000476837158
endloop
endfacet
facet normal 1 0 0
outer loop
vertex -26.050018310546875 -34.549949645996094 2.200000047683716
vertex -26.050018310546875 -30.999948501586914 1.7000000476837158
vertex -26.050018310546875 -23.999948501586914 1.7000000476837158
endloop
endfacet
facet normal -1 0 0
outer loop
vertex -30.95001792907715 -20.449949264526367 2.200000047683716
vertex -30.95001792907715 -30.999948501586914 1.7000000476837158
vertex -30.95001792907715 -34.549949645996094 2.200000047683716
endloop
endfacet
facet normal -1 0 0
outer loop
vertex -30.95001792907715 -23.999948501586914 1.7000000476837158
vertex -30.95001792907715 -30.999948501586914 1.7000000476837158
vertex -30.95001792907715 -20.449949264526367 2.200000047683716
endloop
endfacet
facet normal 0 1 0
outer loop
vertex -11.950018882751465 -34.549949645996094 2.200000047683716
vertex -26.050018310546875 -34.549949645996094 0
vertex -26.050018310546875 -34.549949645996094 2.200000047683716
endloop
endfacet
facet normal -1 0 0
outer loop
vertex 26.04998207092285 -30.999948501586914 1.7000000476837158
vertex 26.04998207092285 -30.999948501586914 0
vertex 26.04998207092285 -34.549949645996094 2.200000047683716
endloop
endfacet
facet normal -1 0 0
outer loop
vertex 26.04998207092285 -30.999948501586914 0
vertex 26.04998207092285 -34.549949645996094 0
vertex 26.04998207092285 -34.549949645996094 2.200000047683716
endloop
endfacet
facet normal 0 1 0
outer loop
vertex 26.04998207092285 -34.549949645996094 0
vertex 11.949980735778809 -34.549949645996094 0
vertex 26.04998207092285 -34.549949645996094 2.200000047683716
endloop
endfacet
facet normal 1 0 0
outer loop
vertex 11.949980735778809 -34.549949645996094 0
vertex 11.949980735778809 -30.999948501586914 1.7000000476837158
vertex 11.949980735778809 -34.549949645996094 2.200000047683716
endloop
endfacet
facet normal -1 0 0
outer loop
vertex 7.049981117248535 -30.999948501586914 1.7000000476837158
vertex 7.049981117248535 -30.999948501586914 0
vertex 7.049981117248535 -34.549949645996094 2.200000047683716
endloop
endfacet
facet normal 1 0 0
outer loop
vertex -64.05001831054688 -15.549948692321777 2.200000047683716
vertex -64.05001831054688 -11.99994945526123 1.7000000476837158
vertex -64.05001831054688 -4.999948978424072 1.7000000476837158
endloop
endfacet
facet normal -1 0 0
outer loop
vertex 7.049981117248535 -30.999948501586914 0
vertex 7.049981117248535 -34.549949645996094 0
vertex 7.049981117248535 -34.549949645996094 2.200000047683716
endloop
endfacet
facet normal 1 0 0
outer loop
vertex -64.05001831054688 -1.4499491453170776 2.200000047683716
vertex -64.05001831054688 -15.549948692321777 2.200000047683716
vertex -64.05001831054688 -4.999948978424072 1.7000000476837158
endloop
endfacet
facet normal 0 1 0
outer loop
vertex 7.049981117248535 -34.549949645996094 0
vertex -7.050018787384033 -34.549949645996094 0
vertex 7.049981117248535 -34.549949645996094 2.200000047683716
endloop
endfacet
facet normal 1 0 0
outer loop
vertex 30.949981689453125 -30.999948501586914 0
vertex 30.949981689453125 -30.999948501586914 1.7000000476837158
vertex 30.949981689453125 -34.549949645996094 0
endloop
endfacet
facet normal 1 0 0
outer loop
vertex -45.050018310546875 -1.4499491453170776 2.200000047683716
vertex -45.050018310546875 -15.549948692321777 2.200000047683716
vertex -45.050018310546875 -4.999948978424072 1.7000000476837158
endloop
endfacet
facet normal 0 1 0
outer loop
vertex -30.95001792907715 -15.549948692321777 2.200000047683716
vertex -45.050018310546875 -15.549948692321777 0
vertex -45.050018310546875 -15.549948692321777 2.200000047683716
endloop
endfacet
facet normal 1 0 0
outer loop
vertex -45.050018310546875 -15.549948692321777 2.200000047683716
vertex -45.050018310546875 -11.99994945526123 1.7000000476837158
vertex -45.050018310546875 -4.999948978424072 1.7000000476837158
endloop
endfacet
facet normal -1 0 0
outer loop
vertex -49.95001983642578 -1.4499491453170776 2.200000047683716
vertex -49.95001983642578 -4.999948978424072 1.7000000476837158
vertex -49.95001983642578 -11.99994945526123 1.7000000476837158
endloop
endfacet
facet normal -1 0 0
outer loop
vertex 64.74998474121094 -23.999948501586914 0
vertex 64.74998474121094 -30.999948501586914 0
vertex 64.74998474121094 -30.999948501586914 1.7000000476837158
endloop
endfacet
facet normal 0 -1 0
outer loop
vertex 49.24998092651367 -23.999948501586914 1.7000000476837158
vertex 49.949981689453125 -23.999948501586914 0
vertex 49.949981689453125 -23.999948501586914 1.7000000476837158
endloop
endfacet
facet normal -1 0 0
outer loop
vertex 64.74998474121094 -23.999948501586914 0
vertex 64.74998474121094 -30.999948501586914 1.7000000476837158
vertex 64.74998474121094 -23.999948501586914 1.7000000476837158
endloop
endfacet
facet normal 1 0 0
outer loop
vertex 49.24998092651367 -30.999948501586914 1.7000000476837158
vertex 49.24998092651367 -30.999948501586914 0
vertex 49.24998092651367 -23.999948501586914 1.7000000476837158
endloop
endfacet
facet normal 0 1 0
outer loop
vertex 64.74998474121094 -30.999948501586914 0
vertex 64.04998016357422 -30.999948501586914 0
vertex 64.74998474121094 -30.999948501586914 1.7000000476837158
endloop
endfacet
facet normal 1 0 0
outer loop
vertex 49.24998092651367 -23.999948501586914 1.7000000476837158
vertex 49.24998092651367 -26.747867584228516 0
vertex 49.24998092651367 -23.999948501586914 0
endloop
endfacet
facet normal 1 0 0
outer loop
vertex 49.24998092651367 -30.999948501586914 0
vertex 49.24998092651367 -26.747867584228516 0
vertex 49.24998092651367 -23.999948501586914 1.7000000476837158
endloop
endfacet
facet normal 0 1 0
outer loop
vertex 49.949981689453125 -30.999948501586914 0
vertex 49.24998092651367 -30.999948501586914 0
vertex 49.949981689453125 -30.999948501586914 1.7000000476837158
endloop
endfacet
facet normal 0 -1 0
outer loop
vertex 49.24998092651367 -23.999948501586914 1.7000000476837158
vertex 49.24998092651367 -23.999948501586914 0
vertex 49.949981689453125 -23.999948501586914 0
endloop
endfacet
facet normal 0 0 -1
outer loop
vertex 64.74998474121094 -23.999948501586914 1.7000000476837158
vertex 64.04998016357422 -30.999948501586914 1.7000000476837158
vertex 64.04998016357422 -23.999948501586914 1.7000000476837158
endloop
endfacet
facet normal 0 0 -1
outer loop
vertex 64.74998474121094 -30.999948501586914 1.7000000476837158
vertex 64.04998016357422 -30.999948501586914 1.7000000476837158
vertex 64.74998474121094 -23.999948501586914 1.7000000476837158
endloop
endfacet
facet normal 0 -1 0
outer loop
vertex 64.04998016357422 -23.999948501586914 1.7000000476837158
vertex 64.74998474121094 -23.999948501586914 0
vertex 64.74998474121094 -23.999948501586914 1.7000000476837158
endloop
endfacet
facet normal 0 1 0
outer loop
vertex 64.74998474121094 -30.999948501586914 1.7000000476837158
vertex 64.04998016357422 -30.999948501586914 0
vertex 64.04998016357422 -30.999948501586914 1.7000000476837158
endloop
endfacet
facet normal 0 0 -1
outer loop
vertex 49.949981689453125 -30.999948501586914 1.7000000476837158
vertex 49.24998092651367 -23.999948501586914 1.7000000476837158
vertex 49.949981689453125 -23.999948501586914 1.7000000476837158
endloop
endfacet
facet normal 0 0 -1
outer loop
vertex 49.949981689453125 -30.999948501586914 1.7000000476837158
vertex 49.24998092651367 -30.999948501586914 1.7000000476837158
vertex 49.24998092651367 -23.999948501586914 1.7000000476837158
endloop
endfacet
facet normal 0 -1 0
outer loop
vertex 64.74998474121094 -23.999948501586914 0
vertex 64.04998016357422 -23.999948501586914 1.7000000476837158
vertex 64.04998016357422 -23.999948501586914 0
endloop
endfacet
facet normal 0 1 0
outer loop
vertex 49.949981689453125 -30.999948501586914 1.7000000476837158
vertex 49.24998092651367 -30.999948501586914 0
vertex 49.24998092651367 -30.999948501586914 1.7000000476837158
endloop
endfacet
facet normal 0 0 -1
outer loop
vertex 30.949981689453125 -30.999948501586914 1.7000000476837158
vertex 30.249980926513672 -23.999948501586914 1.7000000476837158
vertex 30.949981689453125 -23.999948501586914 1.7000000476837158
endloop
endfacet
facet normal 0 -1 0
outer loop
vertex 45.04998016357422 -23.999948501586914 1.7000000476837158
vertex 45.74998092651367 -23.999948501586914 0
vertex 45.74998092651367 -23.999948501586914 1.7000000476837158
endloop
endfacet
facet normal -1 0 0
outer loop
vertex 45.74998092651367 -23.999948501586914 0
vertex 45.74998092651367 -30.999948501586914 1.7000000476837158
vertex 45.74998092651367 -23.999948501586914 1.7000000476837158
endloop
endfacet
facet normal 1 0 0
outer loop
vertex 30.249980926513672 -23.999948501586914 0
vertex 30.249980926513672 -23.999948501586914 1.7000000476837158
vertex 30.249980926513672 -30.999948501586914 0
endloop
endfacet
facet normal 0 0 -1
outer loop
vertex 45.74998092651367 -30.999948501586914 1.7000000476837158
vertex 45.04998016357422 -30.999948501586914 1.7000000476837158
vertex 45.74998092651367 -23.999948501586914 1.7000000476837158
endloop
endfacet
facet normal 0 1 0
outer loop
vertex 30.949981689453125 -30.999948501586914 0
vertex 30.249980926513672 -30.999948501586914 0
vertex 30.949981689453125 -30.999948501586914 1.7000000476837158
endloop
endfacet
facet normal 1 0 0
outer loop
vertex 30.249980926513672 -30.999948501586914 1.7000000476837158
vertex 30.249980926513672 -30.999948501586914 0
vertex 30.249980926513672 -23.999948501586914 1.7000000476837158
endloop
endfacet
facet normal 0 1 0
outer loop
vertex 30.949981689453125 -30.999948501586914 1.7000000476837158
vertex 30.249980926513672 -30.999948501586914 0
vertex 30.249980926513672 -30.999948501586914 1.7000000476837158
endloop
endfacet
facet normal 0 0 -1
outer loop
vertex 30.949981689453125 -30.999948501586914 1.7000000476837158
vertex 30.249980926513672 -30.999948501586914 1.7000000476837158
vertex 30.249980926513672 -23.999948501586914 1.7000000476837158
endloop
endfacet
facet normal 0 -1 0
outer loop
vertex 30.249980926513672 -23.999948501586914 1.7000000476837158
vertex 30.249980926513672 -23.999948501586914 0
vertex 30.949981689453125 -23.999948501586914 0
endloop
endfacet
facet normal 0 -1 0
outer loop
vertex 30.249980926513672 -23.999948501586914 1.7000000476837158
vertex 30.949981689453125 -23.999948501586914 0
vertex 30.949981689453125 -23.999948501586914 1.7000000476837158
endloop
endfacet
facet normal 0 -1 0
outer loop
vertex 45.04998016357422 -23.999948501586914 1.7000000476837158
vertex 45.04998016357422 -23.999948501586914 0
vertex 45.74998092651367 -23.999948501586914 0
endloop
endfacet
facet normal -1 0 0
outer loop
vertex 45.74998092651367 -23.999948501586914 0
vertex 45.74998092651367 -27.35201644897461 0
vertex 45.74998092651367 -30.999948501586914 1.7000000476837158
endloop
endfacet
facet normal -1 0 0
outer loop
vertex 45.74998092651367 -27.35201644897461 0
vertex 45.74998092651367 -30.999948501586914 0
vertex 45.74998092651367 -30.999948501586914 1.7000000476837158
endloop
endfacet
facet normal 0 1 0
outer loop
vertex 45.74998092651367 -30.999948501586914 1.7000000476837158
vertex 45.04998016357422 -30.999948501586914 0
vertex 45.04998016357422 -30.999948501586914 1.7000000476837158
endloop
endfacet
facet normal 0 1 0
outer loop
vertex 45.74998092651367 -30.999948501586914 0
vertex 45.04998016357422 -30.999948501586914 0
vertex 45.74998092651367 -30.999948501586914 1.7000000476837158
endloop
endfacet
facet normal 0 0 -1
outer loop
vertex 45.74998092651367 -23.999948501586914 1.7000000476837158
vertex 45.04998016357422 -30.999948501586914 1.7000000476837158
vertex 45.04998016357422 -23.999948501586914 1.7000000476837158
endloop
endfacet
facet normal 0 1 0
outer loop
vertex 11.949980735778809 -30.999948501586914 0
vertex 11.249980926513672 -30.999948501586914 0
vertex 11.949980735778809 -30.999948501586914 1.7000000476837158
endloop
endfacet
facet normal 1 0 0
outer loop
vertex 11.249980926513672 -30.999948501586914 1.7000000476837158
vertex 11.249980926513672 -30.999948501586914 0
vertex 11.249980926513672 -23.999948501586914 1.7000000476837158
endloop
endfacet
facet normal 0 1 0
outer loop
vertex 11.949980735778809 -30.999948501586914 1.7000000476837158
vertex 11.249980926513672 -30.999948501586914 0
vertex 11.249980926513672 -30.999948501586914 1.7000000476837158
endloop
endfacet
facet normal 0 -1 0
outer loop
vertex 11.249980926513672 -23.999948501586914 1.7000000476837158
vertex 11.949980735778809 -23.999948501586914 0
vertex 11.949980735778809 -23.999948501586914 1.7000000476837158
endloop
endfacet
facet normal 0 -1 0
outer loop
vertex 11.249980926513672 -23.999948501586914 1.7000000476837158
vertex 11.249980926513672 -23.999948501586914 0
vertex 11.949980735778809 -23.999948501586914 0
endloop
endfacet
facet normal 0 0 -1
outer loop
vertex 26.749980926513672 -23.999948501586914 1.7000000476837158
vertex 26.04998207092285 -30.999948501586914 1.7000000476837158
vertex 26.04998207092285 -23.999948501586914 1.7000000476837158
endloop
endfacet
facet normal 0 1 0
outer loop
vertex 26.749980926513672 -30.999948501586914 0
vertex 26.04998207092285 -30.999948501586914 0
vertex 26.749980926513672 -30.999948501586914 1.7000000476837158
endloop
endfacet
facet normal -1 0 0
outer loop
vertex 26.749980926513672 -23.999948501586914 0
vertex 26.749980926513672 -30.999948501586914 0
vertex 26.749980926513672 -30.999948501586914 1.7000000476837158
endloop
endfacet
facet normal 0 -1 0
outer loop
vertex 26.749980926513672 -23.999948501586914 0
vertex 26.04998207092285 -23.999948501586914 1.7000000476837158
vertex 26.04998207092285 -23.999948501586914 0
endloop
endfacet
facet normal 0 0 -1
outer loop
vertex 26.749980926513672 -30.999948501586914 1.7000000476837158
vertex 26.04998207092285 -30.999948501586914 1.7000000476837158
vertex 26.749980926513672 -23.999948501586914 1.7000000476837158
endloop
endfacet
facet normal -1 0 0
outer loop
vertex 26.749980926513672 -23.999948501586914 0
vertex 26.749980926513672 -30.999948501586914 1.7000000476837158
vertex 26.749980926513672 -23.999948501586914 1.7000000476837158
endloop
endfacet
facet normal 1 0 0
outer loop
vertex 11.249980926513672 -23.999948501586914 0
vertex 11.249980926513672 -23.999948501586914 1.7000000476837158
vertex 11.249980926513672 -30.999948501586914 0
endloop
endfacet
facet normal 0 0 -1
outer loop
vertex 11.949980735778809 -30.999948501586914 1.7000000476837158
vertex 11.249980926513672 -23.999948501586914 1.7000000476837158
vertex 11.949980735778809 -23.999948501586914 1.7000000476837158
endloop
endfacet
facet normal 0 -1 0
outer loop
vertex 26.04998207092285 -23.999948501586914 1.7000000476837158
vertex 26.749980926513672 -23.999948501586914 0
vertex 26.749980926513672 -23.999948501586914 1.7000000476837158
endloop
endfacet
facet normal 0 0 -1
outer loop
vertex 11.949980735778809 -30.999948501586914 1.7000000476837158
vertex 11.249980926513672 -30.999948501586914 1.7000000476837158
vertex 11.249980926513672 -23.999948501586914 1.7000000476837158
endloop
endfacet
facet normal 0 1 0
outer loop
vertex 26.749980926513672 -30.999948501586914 1.7000000476837158
vertex 26.04998207092285 -30.999948501586914 0
vertex 26.04998207092285 -30.999948501586914 1.7000000476837158
endloop
endfacet
facet normal 0 -1 0
outer loop
vertex -7.750019073486328 -23.999948501586914 1.7000000476837158
vertex -7.750019073486328 -23.999948501586914 0
vertex -7.050018787384033 -23.999948501586914 0
endloop
endfacet
facet normal 0 1 0
outer loop
vertex -7.050018787384033 -30.999948501586914 0
vertex -7.750019073486328 -30.999948501586914 0
vertex -7.050018787384033 -30.999948501586914 1.7000000476837158
endloop
endfacet
facet normal 0 0 -1
outer loop
vertex -7.050018787384033 -30.999948501586914 1.7000000476837158
vertex -7.750019073486328 -23.999948501586914 1.7000000476837158
vertex -7.050018787384033 -23.999948501586914 1.7000000476837158
endloop
endfacet
facet normal 0 0 -1
outer loop
vertex 7.749980926513672 -30.999948501586914 1.7000000476837158
vertex 7.049981117248535 -30.999948501586914 1.7000000476837158
vertex 7.749980926513672 -23.999948501586914 1.7000000476837158
endloop
endfacet
facet normal -1 0 0
outer loop
vertex 7.749980926513672 -23.999948501586914 0
vertex 7.749980926513672 -30.999948501586914 0
vertex 7.749980926513672 -30.999948501586914 1.7000000476837158
endloop
endfacet
facet normal 0 1 0
outer loop
vertex 7.749980926513672 -30.999948501586914 0
vertex 7.049981117248535 -30.999948501586914 0
vertex 7.749980926513672 -30.999948501586914 1.7000000476837158
endloop
endfacet
facet normal 0 0 -1
outer loop
vertex 7.749980926513672 -23.999948501586914 1.7000000476837158
vertex 7.049981117248535 -30.999948501586914 1.7000000476837158
vertex 7.049981117248535 -23.999948501586914 1.7000000476837158
endloop
endfacet
facet normal 0 0 -1
outer loop
vertex -7.050018787384033 -30.999948501586914 1.7000000476837158
vertex -7.750019073486328 -30.999948501586914 1.7000000476837158
vertex -7.750019073486328 -23.999948501586914 1.7000000476837158
endloop
endfacet
facet normal 0 -1 0
outer loop
vertex 7.749980926513672 -23.999948501586914 0
vertex 7.049981117248535 -23.999948501586914 1.7000000476837158
vertex 7.049981117248535 -23.999948501586914 0
endloop
endfacet
facet normal 0 1 0
outer loop
vertex -7.050018787384033 -30.999948501586914 1.7000000476837158
vertex -7.750019073486328 -30.999948501586914 0
vertex -7.750019073486328 -30.999948501586914 1.7000000476837158
endloop
endfacet
facet normal 1 0 0
outer loop
vertex -7.750019073486328 -30.999948501586914 1.7000000476837158
vertex -7.750019073486328 -30.999948501586914 0
vertex -7.750019073486328 -23.999948501586914 1.7000000476837158
endloop
endfacet
facet normal 0 -1 0
outer loop
vertex -7.750019073486328 -23.999948501586914 1.7000000476837158
vertex -7.050018787384033 -23.999948501586914 0
vertex -7.050018787384033 -23.999948501586914 1.7000000476837158
endloop
endfacet
facet normal 0 1 0
outer loop
vertex 7.749980926513672 -30.999948501586914 1.7000000476837158
vertex 7.049981117248535 -30.999948501586914 0
vertex 7.049981117248535 -30.999948501586914 1.7000000476837158
endloop
endfacet
facet normal 1 0 0
outer loop
vertex -7.750019073486328 -30.999948501586914 0
vertex -7.750019073486328 -23.999948501586914 0
vertex -7.750019073486328 -23.999948501586914 1.7000000476837158
endloop
endfacet
facet normal 0 -1 0
outer loop
vertex 7.049981117248535 -23.999948501586914 1.7000000476837158
vertex 7.749980926513672 -23.999948501586914 0
vertex 7.749980926513672 -23.999948501586914 1.7000000476837158
endloop
endfacet
facet normal -1 0 0
outer loop
vertex 7.749980926513672 -23.999948501586914 0
vertex 7.749980926513672 -30.999948501586914 1.7000000476837158
vertex 7.749980926513672 -23.999948501586914 1.7000000476837158
endloop
endfacet
facet normal -1 0 0
outer loop
vertex -11.250019073486328 -23.999948501586914 0
vertex -11.250019073486328 -30.999948501586914 1.7000000476837158
vertex -11.250019073486328 -23.999948501586914 1.7000000476837158
endloop
endfacet
facet normal 0 -1 0
outer loop
vertex -11.950018882751465 -23.999948501586914 1.7000000476837158
vertex -11.250019073486328 -23.999948501586914 0
vertex -11.250019073486328 -23.999948501586914 1.7000000476837158
endloop
endfacet
facet normal -1 0 0
outer loop
vertex -11.250019073486328 -23.999948501586914 0
vertex -11.250019073486328 -30.999948501586914 0
vertex -11.250019073486328 -30.999948501586914 1.7000000476837158
endloop
endfacet
facet normal 0 1 0
outer loop
vertex -11.250019073486328 -30.999948501586914 0
vertex -11.950018882751465 -30.999948501586914 0
vertex -11.250019073486328 -30.999948501586914 1.7000000476837158
endloop
endfacet
facet normal 0 0 -1
outer loop
vertex -26.050018310546875 -30.999948501586914 1.7000000476837158
vertex -26.750019073486328 -30.999948501586914 1.7000000476837158
vertex -26.750019073486328 -23.999948501586914 1.7000000476837158
endloop
endfacet
facet normal 0 0 -1
outer loop
vertex -26.050018310546875 -30.999948501586914 1.7000000476837158
vertex -26.750019073486328 -23.999948501586914 1.7000000476837158
vertex -26.050018310546875 -23.999948501586914 1.7000000476837158
endloop
endfacet
facet normal 1 0 0
outer loop
vertex -26.750019073486328 -30.999948501586914 0
vertex -26.750019073486328 -23.999948501586914 0
vertex -26.750019073486328 -23.999948501586914 1.7000000476837158
endloop
endfacet
facet normal 0 1 0
outer loop
vertex -26.050018310546875 -30.999948501586914 0
vertex -26.750019073486328 -30.999948501586914 0
vertex -26.050018310546875 -30.999948501586914 1.7000000476837158
endloop
endfacet
facet normal 0 1 0
outer loop
vertex -26.050018310546875 -30.999948501586914 1.7000000476837158
vertex -26.750019073486328 -30.999948501586914 0
vertex -26.750019073486328 -30.999948501586914 1.7000000476837158
endloop
endfacet
facet normal 0 -1 0
outer loop
vertex -26.750019073486328 -23.999948501586914 1.7000000476837158
vertex -26.750019073486328 -23.999948501586914 0
vertex -26.050018310546875 -23.999948501586914 0
endloop
endfacet
facet normal 0 0 -1
outer loop
vertex -11.250019073486328 -30.999948501586914 1.7000000476837158
vertex -11.950018882751465 -30.999948501586914 1.7000000476837158
vertex -11.250019073486328 -23.999948501586914 1.7000000476837158
endloop
endfacet
facet normal 0 0 -1
outer loop
vertex -11.250019073486328 -23.999948501586914 1.7000000476837158
vertex -11.950018882751465 -30.999948501586914 1.7000000476837158
vertex -11.950018882751465 -23.999948501586914 1.7000000476837158
endloop
endfacet
facet normal 1 0 0
outer loop
vertex -26.750019073486328 -30.999948501586914 1.7000000476837158
vertex -26.750019073486328 -30.999948501586914 0
vertex -26.750019073486328 -23.999948501586914 1.7000000476837158
endloop
endfacet
facet normal 0 -1 0
outer loop
vertex -26.750019073486328 -23.999948501586914 1.7000000476837158
vertex -26.050018310546875 -23.999948501586914 0
vertex -26.050018310546875 -23.999948501586914 1.7000000476837158
endloop
endfacet
facet normal 0 -1 0
outer loop
vertex -11.250019073486328 -23.999948501586914 0
vertex -11.950018882751465 -23.999948501586914 1.7000000476837158
vertex -11.950018882751465 -23.999948501586914 0
endloop
endfacet
facet normal 0 1 0
outer loop
vertex -11.250019073486328 -30.999948501586914 1.7000000476837158
vertex -11.950018882751465 -30.999948501586914 0
vertex -11.950018882751465 -30.999948501586914 1.7000000476837158
endloop
endfacet
facet normal 0 1 0
outer loop
vertex -30.250019073486328 -30.999948501586914 0
vertex -30.95001792907715 -30.999948501586914 0
vertex -30.250019073486328 -30.999948501586914 1.7000000476837158
endloop
endfacet
facet normal 1 0 0
outer loop
vertex -45.75001907348633 -30.999948501586914 0
vertex -45.75001907348633 -23.999948501586914 0
vertex -45.75001907348633 -23.999948501586914 1.7000000476837158
endloop
endfacet
facet normal 0 -1 0
outer loop
vertex -45.75001907348633 -23.999948501586914 1.7000000476837158
vertex -45.050018310546875 -23.999948501586914 0
vertex -45.050018310546875 -23.999948501586914 1.7000000476837158
endloop
endfacet
facet normal 0 -1 0
outer loop
vertex -45.75001907348633 -23.999948501586914 1.7000000476837158
vertex -45.75001907348633 -23.999948501586914 0
vertex -45.050018310546875 -23.999948501586914 0
endloop
endfacet
facet normal -1 0 0
outer loop
vertex -30.250019073486328 -23.999948501586914 0
vertex -30.250019073486328 -30.999948501586914 1.7000000476837158
vertex -30.250019073486328 -23.999948501586914 1.7000000476837158
endloop
endfacet
facet normal 0 -1 0
outer loop
vertex -30.95001792907715 -23.999948501586914 1.7000000476837158
vertex -30.250019073486328 -23.999948501586914 0
vertex -30.250019073486328 -23.999948501586914 1.7000000476837158
endloop
endfacet
facet normal 1 0 0
outer loop
vertex -45.75001907348633 -30.999948501586914 1.7000000476837158
vertex -45.75001907348633 -30.999948501586914 0
vertex -45.75001907348633 -23.999948501586914 1.7000000476837158
endloop
endfacet
facet normal 0 1 0
outer loop
vertex -45.050018310546875 -30.999948501586914 1.7000000476837158
vertex -45.75001907348633 -30.999948501586914 0
vertex -45.75001907348633 -30.999948501586914 1.7000000476837158
endloop
endfacet
facet normal 0 0 -1
outer loop
vertex -45.050018310546875 -30.999948501586914 1.7000000476837158
vertex -45.75001907348633 -30.999948501586914 1.7000000476837158
vertex -45.75001907348633 -23.999948501586914 1.7000000476837158
endloop
endfacet
facet normal 0 1 0
outer loop
vertex -45.050018310546875 -30.999948501586914 0
vertex -45.75001907348633 -30.999948501586914 0
vertex -45.050018310546875 -30.999948501586914 1.7000000476837158
endloop
endfacet
facet normal -1 0 0
outer loop
vertex -30.250019073486328 -23.999948501586914 0
vertex -30.250019073486328 -30.999948501586914 0
vertex -30.250019073486328 -30.999948501586914 1.7000000476837158
endloop
endfacet
facet normal 0 -1 0
outer loop
vertex -30.250019073486328 -23.999948501586914 0
vertex -30.95001792907715 -23.999948501586914 1.7000000476837158
vertex -30.95001792907715 -23.999948501586914 0
endloop
endfacet
facet normal 0 1 0
outer loop
vertex -30.250019073486328 -30.999948501586914 1.7000000476837158
vertex -30.95001792907715 -30.999948501586914 0
vertex -30.95001792907715 -30.999948501586914 1.7000000476837158
endloop
endfacet
facet normal 0 0 -1
outer loop
vertex -30.250019073486328 -23.999948501586914 1.7000000476837158
vertex -30.95001792907715 -30.999948501586914 1.7000000476837158
vertex -30.95001792907715 -23.999948501586914 1.7000000476837158
endloop
endfacet
facet normal 0 0 -1
outer loop
vertex -30.250019073486328 -30.999948501586914 1.7000000476837158
vertex -30.95001792907715 -30.999948501586914 1.7000000476837158
vertex -30.250019073486328 -23.999948501586914 1.7000000476837158
endloop
endfacet
facet normal 0 0 -1
outer loop
vertex -45.050018310546875 -30.999948501586914 1.7000000476837158
vertex -45.75001907348633 -23.999948501586914 1.7000000476837158
vertex -45.050018310546875 -23.999948501586914 1.7000000476837158
endloop
endfacet
facet normal 0 0 -1
outer loop
vertex -49.95001983642578 -30.999948501586914 1.7000000476837158
vertex -49.95001983642578 -23.999948501586914 1.7000000476837158
vertex -49.25001907348633 -23.999948501586914 1.7000000476837158
endloop
endfacet
facet normal 0 1 0
outer loop
vertex -64.05001831054688 -30.999948501586914 1.7000000476837158
vertex -64.75001525878906 -30.999948501586914 0
vertex -64.75001525878906 -30.999948501586914 1.7000000476837158
endloop
endfacet
facet normal 0 -1 0
outer loop
vertex -64.75001525878906 -23.999948501586914 1.7000000476837158
vertex -64.05001831054688 -23.999948501586914 0
vertex -64.05001831054688 -23.999948501586914 1.7000000476837158
endloop
endfacet
facet normal -1 0 0
outer loop
vertex -49.25001907348633 -23.999948501586914 0
vertex -49.25001907348633 -30.999948501586914 0
vertex -49.25001907348633 -30.999948501586914 1.7000000476837158
endloop
endfacet
facet normal 1 0 0
outer loop
vertex -64.75001525878906 -30.999948501586914 1.7000000476837158
vertex -64.75001525878906 -30.999948501586914 0
vertex -64.75001525878906 -23.999948501586914 1.7000000476837158
endloop
endfacet
facet normal 0 1 0
outer loop
vertex -49.25001907348633 -30.999948501586914 1.7000000476837158
vertex -49.95001983642578 -30.999948501586914 0
vertex -49.95001983642578 -30.999948501586914 1.7000000476837158
endloop
endfacet
facet normal 0 1 0
outer loop
vertex -49.25001907348633 -30.999948501586914 0
vertex -49.95001983642578 -30.999948501586914 0
vertex -49.25001907348633 -30.999948501586914 1.7000000476837158
endloop
endfacet
facet normal 1 0 0
outer loop
vertex -64.75001525878906 -23.999948501586914 0
vertex -64.75001525878906 -23.999948501586914 1.7000000476837158
vertex -64.75001525878906 -30.999948501586914 0
endloop
endfacet
facet normal 0 0 -1
outer loop
vertex -64.05001831054688 -30.999948501586914 1.7000000476837158
vertex -64.75001525878906 -30.999948501586914 1.7000000476837158
vertex -64.75001525878906 -23.999948501586914 1.7000000476837158
endloop
endfacet
facet normal 0 1 0
outer loop
vertex -64.05001831054688 -30.999948501586914 0
vertex -64.75001525878906 -30.999948501586914 0
vertex -64.05001831054688 -30.999948501586914 1.7000000476837158
endloop
endfacet
facet normal 0 0 -1
outer loop
vertex -49.25001907348633 -30.999948501586914 1.7000000476837158
vertex -49.95001983642578 -30.999948501586914 1.7000000476837158
vertex -49.25001907348633 -23.999948501586914 1.7000000476837158
endloop
endfacet
facet normal -1 0 0
outer loop
vertex -49.25001907348633 -23.999948501586914 0
vertex -49.25001907348633 -30.999948501586914 1.7000000476837158
vertex -49.25001907348633 -23.999948501586914 1.7000000476837158
endloop
endfacet
facet normal 0 0 -1
outer loop
vertex -64.05001831054688 -30.999948501586914 1.7000000476837158
vertex -64.75001525878906 -23.999948501586914 1.7000000476837158
vertex -64.05001831054688 -23.999948501586914 1.7000000476837158
endloop
endfacet
facet normal 0 -1 0
outer loop
vertex -49.95001983642578 -23.999948501586914 1.7000000476837158
vertex -49.25001907348633 -23.999948501586914 0
vertex -49.25001907348633 -23.999948501586914 1.7000000476837158
endloop
endfacet
facet normal 0 -1 0
outer loop
vertex -64.75001525878906 -23.999948501586914 1.7000000476837158
vertex -64.75001525878906 -23.999948501586914 0
vertex -64.05001831054688 -23.999948501586914 0
endloop
endfacet
facet normal 0 -1 0
outer loop
vertex -49.25001907348633 -23.999948501586914 0
vertex -49.95001983642578 -23.999948501586914 1.7000000476837158
vertex -49.95001983642578 -23.999948501586914 0
endloop
endfacet
facet normal -1 0 0
outer loop
vertex 64.74998474121094 -4.999948978424072 0
vertex 64.74998474121094 -11.99994945526123 0
vertex 64.74998474121094 -11.99994945526123 1.7000000476837158
endloop
endfacet
facet normal 0 -1 0
outer loop
vertex 49.24998092651367 -4.999948978424072 1.7000000476837158
vertex 49.949981689453125 -4.999948978424072 0
vertex 49.949981689453125 -4.999948978424072 1.7000000476837158
endloop
endfacet
facet normal 0 1 0
outer loop
vertex 64.74998474121094 -11.99994945526123 0
vertex 64.04998016357422 -11.99994945526123 0
vertex 64.74998474121094 -11.99994945526123 1.7000000476837158
endloop
endfacet
facet normal 0 1 0
outer loop
vertex 64.74998474121094 -11.99994945526123 1.7000000476837158
vertex 64.04998016357422 -11.99994945526123 0
vertex 64.04998016357422 -11.99994945526123 1.7000000476837158
endloop
endfacet
facet normal 0 -1 0
outer loop
vertex 64.74998474121094 -4.999948978424072 0
vertex 64.74998474121094 -4.999948978424072 1.7000000476837158
vertex 64.04998016357422 -4.999948978424072 0
endloop
endfacet
facet normal 0 0 -1
outer loop
vertex 49.949981689453125 -11.99994945526123 1.7000000476837158
vertex 49.24998092651367 -11.99994945526123 1.7000000476837158
vertex 49.24998092651367 -4.999948978424072 1.7000000476837158
endloop
endfacet
facet normal 1 0 0
outer loop
vertex 49.24998092651367 -11.99994945526123 0
vertex 49.24998092651367 -4.999948978424072 0
vertex 49.24998092651367 -4.999948978424072 1.7000000476837158
endloop
endfacet
facet normal 0 0 -1
outer loop
vertex 64.74998474121094 -4.999948978424072 1.7000000476837158
vertex 64.04998016357422 -11.99994945526123 1.7000000476837158
vertex 64.04998016357422 -4.999948978424072 1.7000000476837158
endloop
endfacet
facet normal 0 1 0
outer loop
vertex 49.949981689453125 -11.99994945526123 0
vertex 49.24998092651367 -11.99994945526123 0
vertex 49.949981689453125 -11.99994945526123 1.7000000476837158
endloop
endfacet
facet normal 0 -1 0
outer loop
vertex 49.24998092651367 -4.999948978424072 1.7000000476837158
vertex 49.24998092651367 -4.999948978424072 0
vertex 49.949981689453125 -4.999948978424072 0
endloop
endfacet
facet normal 0 -1 0
outer loop
vertex 64.04998016357422 -4.999948978424072 1.7000000476837158
vertex 64.04998016357422 -4.999948978424072 0
vertex 64.74998474121094 -4.999948978424072 1.7000000476837158
endloop
endfacet
facet normal 0 1 0
outer loop
vertex 49.949981689453125 -11.99994945526123 1.7000000476837158
vertex 49.24998092651367 -11.99994945526123 0
vertex 49.24998092651367 -11.99994945526123 1.7000000476837158
endloop
endfacet
facet normal -1 0 0
outer loop
vertex 64.74998474121094 -4.999948978424072 1.7000000476837158
vertex 64.74998474121094 -4.999948978424072 0
vertex 64.74998474121094 -11.99994945526123 1.7000000476837158
endloop
endfacet
facet normal 0 0 -1
outer loop
vertex 64.74998474121094 -11.99994945526123 1.7000000476837158
vertex 64.04998016357422 -11.99994945526123 1.7000000476837158
vertex 64.74998474121094 -4.999948978424072 1.7000000476837158
endloop
endfacet
facet normal 1 0 0
outer loop
vertex 49.24998092651367 -11.99994945526123 1.7000000476837158
vertex 49.24998092651367 -11.99994945526123 0
vertex 49.24998092651367 -4.999948978424072 1.7000000476837158
endloop
endfacet
facet normal 0 0 -1
outer loop
vertex 49.949981689453125 -11.99994945526123 1.7000000476837158
vertex 49.24998092651367 -4.999948978424072 1.7000000476837158
vertex 49.949981689453125 -4.999948978424072 1.7000000476837158
endloop
endfacet
facet normal -1 0 0
outer loop
vertex 45.74998092651367 -4.999948978424072 0
vertex 45.74998092651367 -11.99994945526123 1.7000000476837158
vertex 45.74998092651367 -4.999948978424072 1.7000000476837158
endloop
endfacet
facet normal 0 -1 0
outer loop
vertex 45.04998016357422 -4.999948978424072 1.7000000476837158
vertex 45.74998092651367 -4.999948978424072 0
vertex 45.74998092651367 -4.999948978424072 1.7000000476837158
endloop
endfacet
facet normal 0 1 0
outer loop
vertex 30.949981689453125 -11.99994945526123 1.7000000476837158
vertex 30.249980926513672 -11.99994945526123 0
vertex 30.249980926513672 -11.99994945526123 1.7000000476837158
endloop
endfacet
facet normal 0 1 0
outer loop
vertex 45.74998092651367 -11.99994945526123 1.7000000476837158
vertex 45.04998016357422 -11.99994945526123 0
vertex 45.04998016357422 -11.99994945526123 1.7000000476837158
endloop
endfacet
facet normal 0 1 0
outer loop
vertex 45.74998092651367 -11.99994945526123 0
vertex 45.04998016357422 -11.99994945526123 0
vertex 45.74998092651367 -11.99994945526123 1.7000000476837158
endloop
endfacet
facet normal -1 0 0
outer loop
vertex 45.74998092651367 -4.999948978424072 0
vertex 45.74998092651367 -11.99994945526123 0
vertex 45.74998092651367 -11.99994945526123 1.7000000476837158
endloop
endfacet
facet normal 0 -1 0
outer loop
vertex 45.04998016357422 -4.999948978424072 1.7000000476837158
vertex 45.04998016357422 -4.999948978424072 0
vertex 45.74998092651367 -4.999948978424072 0
endloop
endfacet
facet normal 0 0 -1
outer loop
vertex 30.949981689453125 -11.99994945526123 1.7000000476837158
vertex 30.249980926513672 -11.99994945526123 1.7000000476837158
vertex 30.249980926513672 -4.999948978424072 1.7000000476837158
endloop
endfacet
facet normal 0 -1 0
outer loop
vertex 30.249980926513672 -4.999948978424072 1.7000000476837158
vertex 30.249980926513672 -4.999948978424072 0
vertex 30.949981689453125 -4.999948978424072 0
endloop
endfacet
facet normal 0 -1 0
outer loop
vertex 30.249980926513672 -4.999948978424072 1.7000000476837158
vertex 30.949981689453125 -4.999948978424072 0
vertex 30.949981689453125 -4.999948978424072 1.7000000476837158
endloop
endfacet
facet normal 0 0 -1
outer loop
vertex 45.74998092651367 -4.999948978424072 1.7000000476837158
vertex 45.04998016357422 -11.99994945526123 1.7000000476837158
vertex 45.04998016357422 -4.999948978424072 1.7000000476837158
endloop
endfacet
facet normal 0 0 -1
outer loop
vertex 45.74998092651367 -11.99994945526123 1.7000000476837158
vertex 45.04998016357422 -11.99994945526123 1.7000000476837158
vertex 45.74998092651367 -4.999948978424072 1.7000000476837158
endloop
endfacet
facet normal 1 0 0
outer loop
vertex 30.249980926513672 -11.99994945526123 1.7000000476837158
vertex 30.249980926513672 -11.99994945526123 0
vertex 30.249980926513672 -4.999948978424072 1.7000000476837158
endloop
endfacet
facet normal 0 0 -1
outer loop
vertex 30.949981689453125 -11.99994945526123 1.7000000476837158
vertex 30.249980926513672 -4.999948978424072 1.7000000476837158
vertex 30.949981689453125 -4.999948978424072 1.7000000476837158
endloop
endfacet
facet normal 0 1 0
outer loop
vertex 30.949981689453125 -11.99994945526123 0
vertex 30.249980926513672 -11.99994945526123 0
vertex 30.949981689453125 -11.99994945526123 1.7000000476837158
endloop
endfacet
facet normal 1 0 0
outer loop
vertex 30.249980926513672 -4.999948978424072 0
vertex 30.249980926513672 -4.999948978424072 1.7000000476837158
vertex 30.249980926513672 -11.99994945526123 0
endloop
endfacet
facet normal 0 1 0
outer loop
vertex 11.949980735778809 -11.99994945526123 0
vertex 11.249980926513672 -11.99994945526123 0
vertex 11.949980735778809 -11.99994945526123 1.7000000476837158
endloop
endfacet
facet normal 1 0 0
outer loop
vertex 11.249980926513672 -11.99994945526123 0
vertex 11.249980926513672 -4.999948978424072 0
vertex 11.249980926513672 -4.999948978424072 1.7000000476837158
endloop
endfacet
facet normal 0 0 -1
outer loop
vertex 26.749980926513672 -11.99994945526123 1.7000000476837158
vertex 26.04998207092285 -11.99994945526123 1.7000000476837158
vertex 26.749980926513672 -4.999948978424072 1.7000000476837158
endloop
endfacet
facet normal 0 0 -1
outer loop
vertex 26.749980926513672 -4.999948978424072 1.7000000476837158
vertex 26.04998207092285 -11.99994945526123 1.7000000476837158
vertex 26.04998207092285 -4.999948978424072 1.7000000476837158
endloop
endfacet
facet normal 0 -1 0
outer loop
vertex 11.249980926513672 -4.999948978424072 1.7000000476837158
vertex 11.249980926513672 -4.999948978424072 0
vertex 11.949980735778809 -4.999948978424072 0
endloop
endfacet
facet normal 0 1 0
outer loop
vertex 26.749980926513672 -11.99994945526123 0
vertex 26.04998207092285 -11.99994945526123 0
vertex 26.749980926513672 -11.99994945526123 1.7000000476837158
endloop
endfacet
facet normal -1 0 0
outer loop
vertex 26.749980926513672 -4.999948978424072 0
vertex 26.749980926513672 -11.99994945526123 0
vertex 26.749980926513672 -11.99994945526123 1.7000000476837158
endloop
endfacet
facet normal 0 -1 0
outer loop
vertex 26.749980926513672 -4.999948978424072 0
vertex 26.04998207092285 -4.999948978424072 1.7000000476837158
vertex 26.04998207092285 -4.999948978424072 0
endloop
endfacet
facet normal 0 -1 0
outer loop
vertex 26.04998207092285 -4.999948978424072 1.7000000476837158
vertex 26.749980926513672 -4.999948978424072 0
vertex 26.749980926513672 -4.999948978424072 1.7000000476837158
endloop
endfacet
facet normal 0 1 0
outer loop
vertex 11.949980735778809 -11.99994945526123 1.7000000476837158
vertex 11.249980926513672 -11.99994945526123 0
vertex 11.249980926513672 -11.99994945526123 1.7000000476837158
endloop
endfacet
facet normal -1 0 0
outer loop
vertex 26.749980926513672 -4.999948978424072 0
vertex 26.749980926513672 -11.99994945526123 1.7000000476837158
vertex 26.749980926513672 -4.999948978424072 1.7000000476837158
endloop
endfacet
facet normal 1 0 0
outer loop
vertex 11.249980926513672 -11.99994945526123 1.7000000476837158
vertex 11.249980926513672 -11.99994945526123 0
vertex 11.249980926513672 -4.999948978424072 1.7000000476837158
endloop
endfacet
facet normal 0 -1 0
outer loop
vertex 11.249980926513672 -4.999948978424072 1.7000000476837158
vertex 11.949980735778809 -4.999948978424072 0
vertex 11.949980735778809 -4.999948978424072 1.7000000476837158
endloop
endfacet
facet normal 0 0 -1
outer loop
vertex 11.949980735778809 -11.99994945526123 1.7000000476837158
vertex 11.249980926513672 -11.99994945526123 1.7000000476837158
vertex 11.249980926513672 -4.999948978424072 1.7000000476837158
endloop
endfacet
facet normal 0 0 -1
outer loop
vertex 11.949980735778809 -11.99994945526123 1.7000000476837158
vertex 11.249980926513672 -4.999948978424072 1.7000000476837158
vertex 11.949980735778809 -4.999948978424072 1.7000000476837158
endloop
endfacet
facet normal 0 1 0
outer loop
vertex 26.749980926513672 -11.99994945526123 1.7000000476837158
vertex 26.04998207092285 -11.99994945526123 0
vertex 26.04998207092285 -11.99994945526123 1.7000000476837158
endloop
endfacet
facet normal 0 1 0
outer loop
vertex 7.749980926513672 -11.99994945526123 0
vertex 7.049981117248535 -11.99994945526123 0
vertex 7.749980926513672 -11.99994945526123 1.7000000476837158
endloop
endfacet
facet normal 0 -1 0
outer loop
vertex 7.749980926513672 -4.999948978424072 0
vertex 7.049981117248535 -4.999948978424072 1.7000000476837158
vertex 7.049981117248535 -4.999948978424072 0
endloop
endfacet
facet normal 0 1 0
outer loop
vertex -7.050018787384033 -11.99994945526123 0
vertex -7.750019073486328 -11.99994945526123 0
vertex -7.050018787384033 -11.99994945526123 1.7000000476837158
endloop
endfacet
facet normal 0 0 -1
outer loop
vertex -7.050018787384033 -11.99994945526123 1.7000000476837158
vertex -7.750019073486328 -11.99994945526123 1.7000000476837158
vertex -7.750019073486328 -4.999948978424072 1.7000000476837158
endloop
endfacet
facet normal 0 0 -1
outer loop
vertex -7.050018787384033 -11.99994945526123 1.7000000476837158
vertex -7.750019073486328 -4.999948978424072 1.7000000476837158
vertex -7.050018787384033 -4.999948978424072 1.7000000476837158
endloop
endfacet
facet normal 1 0 0
outer loop
vertex -7.750019073486328 -11.99994945526123 0
vertex -7.750019073486328 -4.999948978424072 0
vertex -7.750019073486328 -4.999948978424072 1.7000000476837158
endloop
endfacet
facet normal 0 -1 0
outer loop
vertex -7.750019073486328 -4.999948978424072 1.7000000476837158
vertex -7.750019073486328 -4.999948978424072 0
vertex -7.050018787384033 -4.999948978424072 0
endloop
endfacet
facet normal 0 -1 0
outer loop
vertex -7.750019073486328 -4.999948978424072 1.7000000476837158
vertex -7.050018787384033 -4.999948978424072 0
vertex -7.050018787384033 -4.999948978424072 1.7000000476837158
endloop
endfacet
facet normal 1 0 0
outer loop
vertex -7.750019073486328 -11.99994945526123 1.7000000476837158
vertex -7.750019073486328 -11.99994945526123 0
vertex -7.750019073486328 -4.999948978424072 1.7000000476837158
endloop
endfacet
facet normal 0 1 0
outer loop
vertex -7.050018787384033 -11.99994945526123 1.7000000476837158
vertex -7.750019073486328 -11.99994945526123 0
vertex -7.750019073486328 -11.99994945526123 1.7000000476837158
endloop
endfacet
facet normal 0 0 -1
outer loop
vertex 7.749980926513672 -4.999948978424072 1.7000000476837158
vertex 7.049981117248535 -11.99994945526123 1.7000000476837158
vertex 7.049981117248535 -4.999948978424072 1.7000000476837158
endloop
endfacet
facet normal 0 0 -1
outer loop
vertex 7.749980926513672 -11.99994945526123 1.7000000476837158
vertex 7.049981117248535 -11.99994945526123 1.7000000476837158
vertex 7.749980926513672 -4.999948978424072 1.7000000476837158
endloop
endfacet
facet normal 0 1 0
outer loop
vertex 7.749980926513672 -11.99994945526123 1.7000000476837158
vertex 7.049981117248535 -11.99994945526123 0
vertex 7.049981117248535 -11.99994945526123 1.7000000476837158
endloop
endfacet
facet normal -1 0 0
outer loop
vertex 7.749980926513672 -4.999948978424072 0
vertex 7.749980926513672 -11.99994945526123 1.7000000476837158
vertex 7.749980926513672 -4.999948978424072 1.7000000476837158
endloop
endfacet
facet normal 0 -1 0
outer loop
vertex 7.049981117248535 -4.999948978424072 1.7000000476837158
vertex 7.749980926513672 -4.999948978424072 0
vertex 7.749980926513672 -4.999948978424072 1.7000000476837158
endloop
endfacet
facet normal -1 0 0
outer loop
vertex 7.749980926513672 -4.999948978424072 0
vertex 7.749980926513672 -11.99994945526123 0
vertex 7.749980926513672 -11.99994945526123 1.7000000476837158
endloop
endfacet
facet normal 0 0 -1
outer loop
vertex -11.250019073486328 -11.99994945526123 1.7000000476837158
vertex -11.950018882751465 -11.99994945526123 1.7000000476837158
vertex -11.250019073486328 -4.999948978424072 1.7000000476837158
endloop
endfacet
facet normal 1 0 0
outer loop
vertex -26.750019073486328 -11.99994945526123 1.7000000476837158
vertex -26.750019073486328 -11.99994945526123 0
vertex -26.750019073486328 -4.999948978424072 1.7000000476837158
endloop
endfacet
facet normal 0 -1 0
outer loop
vertex -26.750019073486328 -4.999948978424072 1.7000000476837158
vertex -26.050018310546875 -4.999948978424072 0
vertex -26.050018310546875 -4.999948978424072 1.7000000476837158
endloop
endfacet
facet normal 0 1 0
outer loop
vertex -11.250019073486328 -11.99994945526123 1.7000000476837158
vertex -11.950018882751465 -11.99994945526123 0
vertex -11.950018882751465 -11.99994945526123 1.7000000476837158
endloop
endfacet
facet normal 0 1 0
outer loop
vertex -26.050018310546875 -11.99994945526123 1.7000000476837158
vertex -26.750019073486328 -11.99994945526123 0
vertex -26.750019073486328 -11.99994945526123 1.7000000476837158
endloop
endfacet
facet normal -1 0 0
outer loop
vertex -11.250019073486328 -4.999948978424072 0
vertex -11.250019073486328 -11.99994945526123 1.7000000476837158
vertex -11.250019073486328 -4.999948978424072 1.7000000476837158
endloop
endfacet
facet normal 0 -1 0
outer loop
vertex -11.950018882751465 -4.999948978424072 1.7000000476837158
vertex -11.250019073486328 -4.999948978424072 0
vertex -11.250019073486328 -4.999948978424072 1.7000000476837158
endloop
endfacet
facet normal 0 1 0
outer loop
vertex -26.050018310546875 -11.99994945526123 0
vertex -26.750019073486328 -11.99994945526123 0
vertex -26.050018310546875 -11.99994945526123 1.7000000476837158
endloop
endfacet
facet normal 1 0 0
outer loop
vertex -26.750019073486328 -4.999948978424072 0
vertex -26.750019073486328 -4.999948978424072 1.7000000476837158
vertex -26.750019073486328 -11.99994945526123 0
endloop
endfacet
facet normal 0 0 -1
outer loop
vertex -26.050018310546875 -11.99994945526123 1.7000000476837158
vertex -26.750019073486328 -11.99994945526123 1.7000000476837158
vertex -26.750019073486328 -4.999948978424072 1.7000000476837158
endloop
endfacet
facet normal 0 0 -1
outer loop
vertex -26.050018310546875 -11.99994945526123 1.7000000476837158
vertex -26.750019073486328 -4.999948978424072 1.7000000476837158
vertex -26.050018310546875 -4.999948978424072 1.7000000476837158
endloop
endfacet
facet normal 0 0 -1
outer loop
vertex -11.250019073486328 -4.999948978424072 1.7000000476837158
vertex -11.950018882751465 -11.99994945526123 1.7000000476837158
vertex -11.950018882751465 -4.999948978424072 1.7000000476837158
endloop
endfacet
facet normal 0 -1 0
outer loop
vertex -11.250019073486328 -4.999948978424072 0
vertex -11.950018882751465 -4.999948978424072 1.7000000476837158
vertex -11.950018882751465 -4.999948978424072 0
endloop
endfacet
facet normal 0 -1 0
outer loop
vertex -26.750019073486328 -4.999948978424072 1.7000000476837158
vertex -26.750019073486328 -4.999948978424072 0
vertex -26.050018310546875 -4.999948978424072 0
endloop
endfacet
facet normal -1 0 0
outer loop
vertex -11.250019073486328 -4.999948978424072 0
vertex -11.250019073486328 -11.99994945526123 0
vertex -11.250019073486328 -11.99994945526123 1.7000000476837158
endloop
endfacet
facet normal 0 1 0
outer loop
vertex -11.250019073486328 -11.99994945526123 0
vertex -11.950018882751465 -11.99994945526123 0
vertex -11.250019073486328 -11.99994945526123 1.7000000476837158
endloop
endfacet
facet normal 0 0 -1
outer loop
vertex -45.050018310546875 -11.99994945526123 1.7000000476837158
vertex -45.75001907348633 -4.999948978424072 1.7000000476837158
vertex -45.050018310546875 -4.999948978424072 1.7000000476837158
endloop
endfacet
facet normal 0 0 -1
outer loop
vertex -30.250019073486328 -4.999948978424072 1.7000000476837158
vertex -30.95001792907715 -11.99994945526123 1.7000000476837158
vertex -30.95001792907715 -4.999948978424072 1.7000000476837158
endloop
endfacet
facet normal 0 -1 0
outer loop
vertex -30.95001792907715 -4.999948978424072 1.7000000476837158
vertex -30.250019073486328 -4.999948978424072 0
vertex -30.250019073486328 -4.999948978424072 1.7000000476837158
endloop
endfacet
facet normal 0 1 0
outer loop
vertex -30.250019073486328 -11.99994945526123 1.7000000476837158
vertex -30.95001792907715 -11.99994945526123 0
vertex -30.95001792907715 -11.99994945526123 1.7000000476837158
endloop
endfacet
facet normal 0 1 0
outer loop
vertex -45.050018310546875 -11.99994945526123 0
vertex -45.75001907348633 -11.99994945526123 0
vertex -45.050018310546875 -11.99994945526123 1.7000000476837158
endloop
endfacet
facet normal -1 0 0
outer loop
vertex -30.250019073486328 -4.999948978424072 0
vertex -30.250019073486328 -11.99994945526123 1.7000000476837158
vertex -30.250019073486328 -4.999948978424072 1.7000000476837158
endloop
endfacet
facet normal 1 0 0
outer loop
vertex -45.75001907348633 -4.999948978424072 0
vertex -45.75001907348633 -4.999948978424072 1.7000000476837158
vertex -45.75001907348633 -11.99994945526123 0
endloop
endfacet
facet normal 0 0 -1
outer loop
vertex -45.050018310546875 -11.99994945526123 1.7000000476837158
vertex -45.75001907348633 -11.99994945526123 1.7000000476837158
vertex -45.75001907348633 -4.999948978424072 1.7000000476837158
endloop
endfacet
facet normal 0 -1 0
outer loop
vertex -45.75001907348633 -4.999948978424072 1.7000000476837158
vertex -45.75001907348633 -4.999948978424072 0
vertex -45.050018310546875 -4.999948978424072 0
endloop
endfacet
facet normal 0 -1 0
outer loop
vertex -30.250019073486328 -4.999948978424072 0
vertex -30.95001792907715 -4.999948978424072 1.7000000476837158
vertex -30.95001792907715 -4.999948978424072 0
endloop
endfacet
facet normal -1 0 0
outer loop
vertex -30.250019073486328 -4.999948978424072 0
vertex -30.250019073486328 -11.99994945526123 0
vertex -30.250019073486328 -11.99994945526123 1.7000000476837158
endloop
endfacet
facet normal 0 1 0
outer loop
vertex -30.250019073486328 -11.99994945526123 0
vertex -30.95001792907715 -11.99994945526123 0
vertex -30.250019073486328 -11.99994945526123 1.7000000476837158
endloop
endfacet
facet normal 0 1 0
outer loop
vertex -45.050018310546875 -11.99994945526123 1.7000000476837158
vertex -45.75001907348633 -11.99994945526123 0
vertex -45.75001907348633 -11.99994945526123 1.7000000476837158
endloop
endfacet
facet normal 1 0 0
outer loop
vertex -45.75001907348633 -11.99994945526123 1.7000000476837158
vertex -45.75001907348633 -11.99994945526123 0
vertex -45.75001907348633 -4.999948978424072 1.7000000476837158
endloop
endfacet
facet normal 0 -1 0
outer loop
vertex -45.75001907348633 -4.999948978424072 1.7000000476837158
vertex -45.050018310546875 -4.999948978424072 0
vertex -45.050018310546875 -4.999948978424072 1.7000000476837158
endloop
endfacet
facet normal 0 0 -1
outer loop
vertex -30.250019073486328 -11.99994945526123 1.7000000476837158
vertex -30.95001792907715 -11.99994945526123 1.7000000476837158
vertex -30.250019073486328 -4.999948978424072 1.7000000476837158
endloop
endfacet
facet normal 0 -1 0
outer loop
vertex -64.75001525878906 -4.999948978424072 1.7000000476837158
vertex -64.75001525878906 -4.999948978424072 0
vertex -64.05001831054688 -4.999948978424072 0
endloop
endfacet
facet normal -1 0 0
outer loop
vertex -49.25001907348633 -4.999948978424072 0
vertex -49.25001907348633 -11.99994945526123 1.7000000476837158
vertex -49.25001907348633 -4.999948978424072 1.7000000476837158
endloop
endfacet
facet normal 1 0 0
outer loop
vertex -64.75001525878906 -4.999948978424072 0
vertex -64.75001525878906 -4.999948978424072 1.7000000476837158
vertex -64.75001525878906 -11.99994945526123 0
endloop
endfacet
facet normal 0 1 0
outer loop
vertex -64.05001831054688 -11.99994945526123 0
vertex -64.75001525878906 -11.99994945526123 0
vertex -64.05001831054688 -11.99994945526123 1.7000000476837158
endloop
endfacet
facet normal 0 1 0
outer loop
vertex -49.25001907348633 -11.99994945526123 0
vertex -49.95001983642578 -11.99994945526123 0
vertex -49.25001907348633 -11.99994945526123 1.7000000476837158
endloop
endfacet
facet normal -1 0 0
outer loop
vertex -49.25001907348633 -4.999948978424072 0
vertex -49.25001907348633 -11.99994945526123 0
vertex -49.25001907348633 -11.99994945526123 1.7000000476837158
endloop
endfacet
facet normal 0 0 -1
outer loop
vertex -49.95001983642578 -11.99994945526123 1.7000000476837158
vertex -49.95001983642578 -4.999948978424072 1.7000000476837158
vertex -49.25001907348633 -4.999948978424072 1.7000000476837158
endloop
endfacet
facet normal 0 0 -1
outer loop
vertex -49.25001907348633 -11.99994945526123 1.7000000476837158
vertex -49.95001983642578 -11.99994945526123 1.7000000476837158
vertex -49.25001907348633 -4.999948978424072 1.7000000476837158
endloop
endfacet
facet normal 0 -1 0
outer loop
vertex -49.25001907348633 -4.999948978424072 0
vertex -49.95001983642578 -4.999948978424072 1.7000000476837158
vertex -49.95001983642578 -4.999948978424072 0
endloop
endfacet
facet normal 0 1 0
outer loop
vertex -64.05001831054688 -11.99994945526123 1.7000000476837158
vertex -64.75001525878906 -11.99994945526123 0
vertex -64.75001525878906 -11.99994945526123 1.7000000476837158
endloop
endfacet
facet normal 1 0 0
outer loop
vertex -64.75001525878906 -11.99994945526123 1.7000000476837158
vertex -64.75001525878906 -11.99994945526123 0
vertex -64.75001525878906 -4.999948978424072 1.7000000476837158
endloop
endfacet
facet normal 0 0 -1
outer loop
vertex -64.05001831054688 -11.99994945526123 1.7000000476837158
vertex -64.75001525878906 -11.99994945526123 1.7000000476837158
vertex -64.75001525878906 -4.999948978424072 1.7000000476837158
endloop
endfacet
facet normal 0 -1 0
outer loop
vertex -64.75001525878906 -4.999948978424072 1.7000000476837158
vertex -64.05001831054688 -4.999948978424072 0
vertex -64.05001831054688 -4.999948978424072 1.7000000476837158
endloop
endfacet
facet normal 0 0 -1
outer loop
vertex -64.05001831054688 -11.99994945526123 1.7000000476837158
vertex -64.75001525878906 -4.999948978424072 1.7000000476837158
vertex -64.05001831054688 -4.999948978424072 1.7000000476837158
endloop
endfacet
facet normal 0 -1 0
outer loop
vertex -49.95001983642578 -4.999948978424072 1.7000000476837158
vertex -49.25001907348633 -4.999948978424072 0
vertex -49.25001907348633 -4.999948978424072 1.7000000476837158
endloop
endfacet
facet normal 0 1 0
outer loop
vertex -49.25001907348633 -11.99994945526123 1.7000000476837158
vertex -49.95001983642578 -11.99994945526123 0
vertex -49.95001983642578 -11.99994945526123 1.7000000476837158
endloop
endfacet
facet normal 0 -1 0
outer loop
vertex 64.04998016357422 14.00005054473877 1.7000000476837158
vertex 64.74998474121094 14.00005054473877 0
vertex 64.74998474121094 14.00005054473877 1.7000000476837158
endloop
endfacet
facet normal 0 0 -1
outer loop
vertex 49.949981689453125 7.000051021575928 1.7000000476837158
vertex 49.24998092651367 7.000051021575928 1.7000000476837158
vertex 49.24998092651367 14.00005054473877 1.7000000476837158
endloop
endfacet
facet normal -1 0 0
outer loop
vertex 64.74998474121094 14.00005054473877 0
vertex 64.74998474121094 7.000051021575928 1.7000000476837158
vertex 64.74998474121094 14.00005054473877 1.7000000476837158
endloop
endfacet
facet normal 0 1 0
outer loop
vertex 64.74998474121094 7.000051021575928 1.7000000476837158
vertex 64.04998016357422 7.000051021575928 0
vertex 64.04998016357422 7.000051021575928 1.7000000476837158
endloop
endfacet
facet normal 0 -1 0
outer loop
vertex 49.24998092651367 14.00005054473877 1.7000000476837158
vertex 49.949981689453125 14.00005054473877 0
vertex 49.949981689453125 14.00005054473877 1.7000000476837158
endloop
endfacet
facet normal 1 0 0
outer loop
vertex 49.24998092651367 7.000051021575928 1.7000000476837158
vertex 49.24998092651367 7.000051021575928 0
vertex 49.24998092651367 14.00005054473877 1.7000000476837158
endloop
endfacet
facet normal 0 1 0
outer loop
vertex 49.949981689453125 7.000051021575928 1.7000000476837158
vertex 49.24998092651367 7.000051021575928 0
vertex 49.24998092651367 7.000051021575928 1.7000000476837158
endloop
endfacet
facet normal 0 0 -1
outer loop
vertex 64.74998474121094 14.00005054473877 1.7000000476837158
vertex 64.04998016357422 7.000051021575928 1.7000000476837158
vertex 64.04998016357422 14.00005054473877 1.7000000476837158
endloop
endfacet
facet normal 0 0 -1
outer loop
vertex 64.74998474121094 7.000051021575928 1.7000000476837158
vertex 64.04998016357422 7.000051021575928 1.7000000476837158
vertex 64.74998474121094 14.00005054473877 1.7000000476837158
endloop
endfacet
facet normal 0 -1 0
outer loop
vertex 49.24998092651367 14.00005054473877 1.7000000476837158
vertex 49.24998092651367 14.00005054473877 0
vertex 49.949981689453125 14.00005054473877 0
endloop
endfacet
facet normal 0 1 0
outer loop
vertex 49.949981689453125 7.000051021575928 0
vertex 49.24998092651367 7.000051021575928 0
vertex 49.949981689453125 7.000051021575928 1.7000000476837158
endloop
endfacet
facet normal 0 1 0
outer loop
vertex 64.74998474121094 7.000051021575928 0
vertex 64.04998016357422 7.000051021575928 0
vertex 64.74998474121094 7.000051021575928 1.7000000476837158
endloop
endfacet
facet normal 0 -1 0
outer loop
vertex 64.74998474121094 14.00005054473877 0
vertex 64.04998016357422 14.00005054473877 1.7000000476837158
vertex 64.04998016357422 14.00005054473877 0
endloop
endfacet
facet normal 0 0 -1
outer loop
vertex 49.949981689453125 14.00005054473877 1.7000000476837158
vertex 49.949981689453125 7.000051021575928 1.7000000476837158
vertex 49.24998092651367 14.00005054473877 1.7000000476837158
endloop
endfacet
facet normal 1 0 0
outer loop
vertex 49.24998092651367 7.000051021575928 0
vertex 49.24998092651367 14.00005054473877 0
vertex 49.24998092651367 14.00005054473877 1.7000000476837158
endloop
endfacet
facet normal -1 0 0
outer loop
vertex 64.74998474121094 14.00005054473877 0
vertex 64.74998474121094 7.000051021575928 0
vertex 64.74998474121094 7.000051021575928 1.7000000476837158
endloop
endfacet
facet normal 0 0 -1
outer loop
vertex 30.949981689453125 14.00005054473877 1.7000000476837158
vertex 30.949981689453125 7.000051021575928 1.7000000476837158
vertex 30.249980926513672 14.00005054473877 1.7000000476837158
endloop
endfacet
facet normal 0 0 -1
outer loop
vertex 45.74998092651367 7.000051021575928 1.7000000476837158
vertex 45.04998016357422 7.000051021575928 1.7000000476837158
vertex 45.74998092651367 14.00005054473877 1.7000000476837158
endloop
endfacet
facet normal 0 0 -1
outer loop
vertex 45.74998092651367 14.00005054473877 1.7000000476837158
vertex 45.04998016357422 7.000051021575928 1.7000000476837158
vertex 45.04998016357422 14.00005054473877 1.7000000476837158
endloop
endfacet
facet normal 1 0 0
outer loop
vertex 30.249980926513672 7.000051021575928 1.7000000476837158
vertex 30.249980926513672 7.000051021575928 0
vertex 30.249980926513672 14.00005054473877 1.7000000476837158
endloop
endfacet
facet normal 0 1 0
outer loop
vertex 30.949981689453125 7.000051021575928 1.7000000476837158
vertex 30.249980926513672 7.000051021575928 0
vertex 30.249980926513672 7.000051021575928 1.7000000476837158
endloop
endfacet
facet normal 0 -1 0
outer loop
vertex 45.04998016357422 14.00005054473877 1.7000000476837158
vertex 45.74998092651367 14.00005054473877 0
vertex 45.74998092651367 14.00005054473877 1.7000000476837158
endloop
endfacet
facet normal -1 0 0
outer loop
vertex 45.74998092651367 14.00005054473877 0
vertex 45.74998092651367 7.000051021575928 1.7000000476837158
vertex 45.74998092651367 14.00005054473877 1.7000000476837158
endloop
endfacet
facet normal 0 -1 0
outer loop
vertex 30.249980926513672 14.00005054473877 1.7000000476837158
vertex 30.949981689453125 14.00005054473877 0
vertex 30.949981689453125 14.00005054473877 1.7000000476837158
endloop
endfacet
facet normal 0 0 -1
outer loop
vertex 30.949981689453125 7.000051021575928 1.7000000476837158
vertex 30.249980926513672 7.000051021575928 1.7000000476837158
vertex 30.249980926513672 14.00005054473877 1.7000000476837158
endloop
endfacet
facet normal 0 1 0
outer loop
vertex 45.74998092651367 7.000051021575928 1.7000000476837158
vertex 45.04998016357422 7.000051021575928 0
vertex 45.04998016357422 7.000051021575928 1.7000000476837158
endloop
endfacet
facet normal -1 0 0
outer loop
vertex 45.74998092651367 14.00005054473877 0
vertex 45.74998092651367 7.000051021575928 0
vertex 45.74998092651367 7.000051021575928 1.7000000476837158
endloop
endfacet
facet normal 0 1 0
outer loop
vertex 45.74998092651367 7.000051021575928 0
vertex 45.04998016357422 7.000051021575928 0
vertex 45.74998092651367 7.000051021575928 1.7000000476837158
endloop
endfacet
facet normal 0 -1 0
outer loop
vertex 30.249980926513672 14.00005054473877 1.7000000476837158
vertex 30.249980926513672 14.00005054473877 0
vertex 30.949981689453125 14.00005054473877 0
endloop
endfacet
facet normal 1 0 0
outer loop
vertex 30.249980926513672 14.00005054473877 0
vertex 30.249980926513672 14.00005054473877 1.7000000476837158
vertex 30.249980926513672 7.000051021575928 0
endloop
endfacet
facet normal 0 -1 0
outer loop
vertex 45.04998016357422 14.00005054473877 1.7000000476837158
vertex 45.04998016357422 14.00005054473877 0
vertex 45.74998092651367 14.00005054473877 0
endloop
endfacet
facet normal 0 1 0
outer loop
vertex 30.949981689453125 7.000051021575928 0
vertex 30.249980926513672 7.000051021575928 0
vertex 30.949981689453125 7.000051021575928 1.7000000476837158
endloop
endfacet
facet normal 0 -1 0
outer loop
vertex 26.749980926513672 14.00005054473877 0
vertex 26.04998207092285 14.00005054473877 1.7000000476837158
vertex 26.04998207092285 14.00005054473877 0
endloop
endfacet
facet normal 0 0 -1
outer loop
vertex 26.749980926513672 14.00005054473877 1.7000000476837158
vertex 26.04998207092285 7.000051021575928 1.7000000476837158
vertex 26.04998207092285 14.00005054473877 1.7000000476837158
endloop
endfacet
facet normal -1 0 0
outer loop
vertex 26.749980926513672 14.00005054473877 0
vertex 26.749980926513672 7.000051021575928 1.7000000476837158
vertex 26.749980926513672 14.00005054473877 1.7000000476837158
endloop
endfacet
facet normal 1 0 0
outer loop
vertex 11.249980926513672 7.000051021575928 0
vertex 11.249980926513672 14.00005054473877 0
vertex 11.249980926513672 14.00005054473877 1.7000000476837158
endloop
endfacet
facet normal -1 0 0
outer loop
vertex 26.749980926513672 14.00005054473877 0
vertex 26.749980926513672 7.000051021575928 0
vertex 26.749980926513672 7.000051021575928 1.7000000476837158
endloop
endfacet
facet normal 0 1 0
outer loop
vertex 11.949980735778809 7.000051021575928 1.7000000476837158
vertex 11.249980926513672 7.000051021575928 0
vertex 11.249980926513672 7.000051021575928 1.7000000476837158
endloop
endfacet
facet normal 0 -1 0
outer loop
vertex 26.04998207092285 14.00005054473877 1.7000000476837158
vertex 26.749980926513672 14.00005054473877 0
vertex 26.749980926513672 14.00005054473877 1.7000000476837158
endloop
endfacet
facet normal 0 0 -1
outer loop
vertex 11.949980735778809 7.000051021575928 1.7000000476837158
vertex 11.249980926513672 7.000051021575928 1.7000000476837158
vertex 11.249980926513672 14.00005054473877 1.7000000476837158
endloop
endfacet
facet normal 0 -1 0
outer loop
vertex 11.249980926513672 14.00005054473877 1.7000000476837158
vertex 11.949980735778809 14.00005054473877 0
vertex 11.949980735778809 14.00005054473877 1.7000000476837158
endloop
endfacet
facet normal 0 1 0
outer loop
vertex 26.749980926513672 7.000051021575928 1.7000000476837158
vertex 26.04998207092285 7.000051021575928 0
vertex 26.04998207092285 7.000051021575928 1.7000000476837158
endloop
endfacet
facet normal 0 1 0
outer loop
vertex 11.949980735778809 7.000051021575928 0
vertex 11.249980926513672 7.000051021575928 0
vertex 11.949980735778809 7.000051021575928 1.7000000476837158
endloop
endfacet
facet normal 0 0 -1
outer loop
vertex 11.949980735778809 14.00005054473877 1.7000000476837158
vertex 11.949980735778809 7.000051021575928 1.7000000476837158
vertex 11.249980926513672 14.00005054473877 1.7000000476837158
endloop
endfacet
facet normal 0 -1 0
outer loop
vertex 11.249980926513672 14.00005054473877 1.7000000476837158
vertex 11.249980926513672 14.00005054473877 0
vertex 11.949980735778809 14.00005054473877 0
endloop
endfacet
facet normal 0 0 -1
outer loop
vertex 26.749980926513672 7.000051021575928 1.7000000476837158
vertex 26.04998207092285 7.000051021575928 1.7000000476837158
vertex 26.749980926513672 14.00005054473877 1.7000000476837158
endloop
endfacet
facet normal 0 1 0
outer loop
vertex 26.749980926513672 7.000051021575928 0
vertex 26.04998207092285 7.000051021575928 0
vertex 26.749980926513672 7.000051021575928 1.7000000476837158
endloop
endfacet
facet normal 1 0 0
outer loop
vertex 11.249980926513672 7.000051021575928 1.7000000476837158
vertex 11.249980926513672 7.000051021575928 0
vertex 11.249980926513672 14.00005054473877 1.7000000476837158
endloop
endfacet
facet normal 0 -1 0
outer loop
vertex 7.749980926513672 14.00005054473877 0
vertex 7.049981117248535 14.00005054473877 1.7000000476837158
vertex 7.049981117248535 14.00005054473877 0
endloop
endfacet
facet normal 0 -1 0
outer loop
vertex -7.750019073486328 14.00005054473877 1.7000000476837158
vertex -7.750019073486328 14.00005054473877 0
vertex -7.050018787384033 14.00005054473877 0
endloop
endfacet
facet normal 0 0 -1
outer loop
vertex -7.050018787384033 7.000051021575928 1.7000000476837158
vertex -7.750019073486328 7.000051021575928 1.7000000476837158
vertex -7.750019073486328 14.00005054473877 1.7000000476837158
endloop
endfacet
facet normal -1 0 0
outer loop
vertex 7.749980926513672 14.00005054473877 0
vertex 7.749980926513672 7.000051021575928 0
vertex 7.749980926513672 7.000051021575928 1.7000000476837158
endloop
endfacet
facet normal 0 1 0
outer loop
vertex 7.749980926513672 7.000051021575928 0
vertex 7.049981117248535 7.000051021575928 0
vertex 7.749980926513672 7.000051021575928 1.7000000476837158
endloop
endfacet
facet normal 0 1 0
outer loop
vertex 7.749980926513672 7.000051021575928 1.7000000476837158
vertex 7.049981117248535 7.000051021575928 0
vertex 7.049981117248535 7.000051021575928 1.7000000476837158
endloop
endfacet
facet normal 0 0 -1
outer loop
vertex 7.749980926513672 14.00005054473877 1.7000000476837158
vertex 7.049981117248535 7.000051021575928 1.7000000476837158
vertex 7.049981117248535 14.00005054473877 1.7000000476837158
endloop
endfacet
facet normal 0 1 0
outer loop
vertex -7.050018787384033 7.000051021575928 0
vertex -7.750019073486328 7.000051021575928 0
vertex -7.050018787384033 7.000051021575928 1.7000000476837158
endloop
endfacet
facet normal 1 0 0
outer loop
vertex -7.750019073486328 7.000051021575928 1.7000000476837158
vertex -7.750019073486328 7.000051021575928 0
vertex -7.750019073486328 14.00005054473877 1.7000000476837158
endloop
endfacet
facet normal 0 1 0
outer loop
vertex -7.050018787384033 7.000051021575928 1.7000000476837158
vertex -7.750019073486328 7.000051021575928 0
vertex -7.750019073486328 7.000051021575928 1.7000000476837158
endloop
endfacet
facet normal 0 0 -1
outer loop
vertex 7.749980926513672 7.000051021575928 1.7000000476837158
vertex 7.049981117248535 7.000051021575928 1.7000000476837158
vertex 7.749980926513672 14.00005054473877 1.7000000476837158
endloop
endfacet
facet normal 0 0 -1
outer loop
vertex -7.050018787384033 14.00005054473877 1.7000000476837158
vertex -7.050018787384033 7.000051021575928 1.7000000476837158
vertex -7.750019073486328 14.00005054473877 1.7000000476837158
endloop
endfacet
facet normal 0 -1 0
outer loop
vertex 7.049981117248535 14.00005054473877 1.7000000476837158
vertex 7.749980926513672 14.00005054473877 0
vertex 7.749980926513672 14.00005054473877 1.7000000476837158
endloop
endfacet
facet normal -1 0 0
outer loop
vertex 7.749980926513672 14.00005054473877 0
vertex 7.749980926513672 7.000051021575928 1.7000000476837158
vertex 7.749980926513672 14.00005054473877 1.7000000476837158
endloop
endfacet
facet normal 1 0 0
outer loop
vertex -7.750019073486328 14.00005054473877 0
vertex -7.750019073486328 14.00005054473877 1.7000000476837158
vertex -7.750019073486328 7.000051021575928 0
endloop
endfacet
facet normal 0 -1 0
outer loop
vertex -7.750019073486328 14.00005054473877 1.7000000476837158
vertex -7.050018787384033 14.00005054473877 0
vertex -7.050018787384033 14.00005054473877 1.7000000476837158
endloop
endfacet
facet normal 0 1 0
outer loop
vertex -26.050018310546875 7.000051021575928 0
vertex -26.750019073486328 7.000051021575928 0
vertex -26.050018310546875 7.000051021575928 1.7000000476837158
endloop
endfacet
facet normal 0 -1 0
outer loop
vertex -26.750019073486328 14.00005054473877 1.7000000476837158
vertex -26.050018310546875 14.00005054473877 0
vertex -26.050018310546875 14.00005054473877 1.7000000476837158
endloop
endfacet
facet normal 0 0 -1
outer loop
vertex -11.250019073486328 14.00005054473877 1.7000000476837158
vertex -11.950018882751465 7.000051021575928 1.7000000476837158
vertex -11.950018882751465 14.00005054473877 1.7000000476837158
endloop
endfacet
facet normal 0 -1 0
outer loop
vertex -11.950018882751465 14.00005054473877 0
vertex -11.250019073486328 14.00005054473877 0
vertex -11.950018882751465 14.00005054473877 1.7000000476837158
endloop
endfacet
facet normal -1 0 0
outer loop
vertex -11.250019073486328 14.00005054473877 0
vertex -11.250019073486328 7.000051021575928 0
vertex -11.250019073486328 7.000051021575928 1.7000000476837158
endloop
endfacet
facet normal 0 -1 0
outer loop
vertex -11.950018882751465 14.00005054473877 1.7000000476837158
vertex -11.250019073486328 14.00005054473877 0
vertex -11.250019073486328 14.00005054473877 1.7000000476837158
endloop
endfacet
facet normal 0 0 -1
outer loop
vertex -26.050018310546875 14.00005054473877 1.7000000476837158
vertex -26.050018310546875 7.000051021575928 1.7000000476837158
vertex -26.750019073486328 14.00005054473877 1.7000000476837158
endloop
endfacet
facet normal 0 1 0
outer loop
vertex -11.250019073486328 7.000051021575928 0
vertex -11.950018882751465 7.000051021575928 0
vertex -11.250019073486328 7.000051021575928 1.7000000476837158
endloop
endfacet
facet normal 0 0 -1
outer loop
vertex -11.250019073486328 7.000051021575928 1.7000000476837158
vertex -11.950018882751465 7.000051021575928 1.7000000476837158
vertex -11.250019073486328 14.00005054473877 1.7000000476837158
endloop
endfacet
facet normal 0 0 -1
outer loop
vertex -26.050018310546875 7.000051021575928 1.7000000476837158
vertex -26.750019073486328 7.000051021575928 1.7000000476837158
vertex -26.750019073486328 14.00005054473877 1.7000000476837158
endloop
endfacet
facet normal 0 1 0
outer loop
vertex -11.250019073486328 7.000051021575928 1.7000000476837158
vertex -11.950018882751465 7.000051021575928 0
vertex -11.950018882751465 7.000051021575928 1.7000000476837158
endloop
endfacet
facet normal 0 -1 0
outer loop
vertex -26.750019073486328 14.00005054473877 1.7000000476837158
vertex -26.750019073486328 14.00005054473877 0
vertex -26.050018310546875 14.00005054473877 0
endloop
endfacet
facet normal 1 0 0
outer loop
vertex -26.750019073486328 14.00005054473877 0
vertex -26.750019073486328 14.00005054473877 1.7000000476837158
vertex -26.750019073486328 7.000051021575928 0
endloop
endfacet
facet normal 1 0 0
outer loop
vertex -26.750019073486328 7.000051021575928 1.7000000476837158
vertex -26.750019073486328 7.000051021575928 0
vertex -26.750019073486328 14.00005054473877 1.7000000476837158
endloop
endfacet
facet normal -1 0 0
outer loop
vertex -11.250019073486328 14.00005054473877 0
vertex -11.250019073486328 7.000051021575928 1.7000000476837158
vertex -11.250019073486328 14.00005054473877 1.7000000476837158
endloop
endfacet
facet normal 0 1 0
outer loop
vertex -26.050018310546875 7.000051021575928 1.7000000476837158
vertex -26.750019073486328 7.000051021575928 0
vertex -26.750019073486328 7.000051021575928 1.7000000476837158
endloop
endfacet
facet normal 1 0 0
outer loop
vertex -45.75001907348633 14.00005054473877 0
vertex -45.75001907348633 14.00005054473877 1.7000000476837158
vertex -45.75001907348633 7.000051021575928 0
endloop
endfacet
facet normal 0 1 0
outer loop
vertex -30.250019073486328 7.000051021575928 0
vertex -30.95001792907715 7.000051021575928 0
vertex -30.250019073486328 7.000051021575928 1.7000000476837158
endloop
endfacet
facet normal 0 -1 0
outer loop
vertex -30.250019073486328 14.00005054473877 0
vertex -30.95001792907715 14.00005054473877 1.7000000476837158
vertex -30.95001792907715 14.00005054473877 0
endloop
endfacet
facet normal 1 0 0
outer loop
vertex -45.75001907348633 7.000051021575928 1.7000000476837158
vertex -45.75001907348633 7.000051021575928 0
vertex -45.75001907348633 14.00005054473877 1.7000000476837158
endloop
endfacet
facet normal 0 1 0
outer loop
vertex -45.050018310546875 7.000051021575928 0
vertex -45.75001907348633 7.000051021575928 0
vertex -45.050018310546875 7.000051021575928 1.7000000476837158
endloop
endfacet
facet normal 0 0 -1
outer loop
vertex -45.050018310546875 7.000051021575928 1.7000000476837158
vertex -45.75001907348633 7.000051021575928 1.7000000476837158
vertex -45.75001907348633 14.00005054473877 1.7000000476837158
endloop
endfacet
facet normal 0 1 0
outer loop
vertex -45.050018310546875 7.000051021575928 1.7000000476837158
vertex -45.75001907348633 7.000051021575928 0
vertex -45.75001907348633 7.000051021575928 1.7000000476837158
endloop
endfacet
facet normal 0 1 0
outer loop
vertex -30.250019073486328 7.000051021575928 1.7000000476837158
vertex -30.95001792907715 7.000051021575928 0
vertex -30.95001792907715 7.000051021575928 1.7000000476837158
endloop
endfacet
facet normal 0 -1 0
outer loop
vertex -45.75001907348633 14.00005054473877 1.7000000476837158
vertex -45.050018310546875 14.00005054473877 0
vertex -45.050018310546875 14.00005054473877 1.7000000476837158
endloop
endfacet
facet normal 0 -1 0
outer loop
vertex -45.75001907348633 14.00005054473877 1.7000000476837158
vertex -45.75001907348633 14.00005054473877 0
vertex -45.050018310546875 14.00005054473877 0
endloop
endfacet
facet normal -1 0 0
outer loop
vertex -30.250019073486328 14.00005054473877 0
vertex -30.250019073486328 7.000051021575928 0
vertex -30.250019073486328 7.000051021575928 1.7000000476837158
endloop
endfacet
facet normal 0 0 -1
outer loop
vertex -45.050018310546875 14.00005054473877 1.7000000476837158
vertex -45.050018310546875 7.000051021575928 1.7000000476837158
vertex -45.75001907348633 14.00005054473877 1.7000000476837158
endloop
endfacet
facet normal 0 0 -1
outer loop
vertex -30.250019073486328 14.00005054473877 1.7000000476837158
vertex -30.95001792907715 7.000051021575928 1.7000000476837158
vertex -30.95001792907715 14.00005054473877 1.7000000476837158
endloop
endfacet
facet normal 0 -1 0
outer loop
vertex -30.95001792907715 14.00005054473877 1.7000000476837158
vertex -30.250019073486328 14.00005054473877 0
vertex -30.250019073486328 14.00005054473877 1.7000000476837158
endloop
endfacet
facet normal 0 0 -1
outer loop
vertex -30.250019073486328 7.000051021575928 1.7000000476837158
vertex -30.95001792907715 7.000051021575928 1.7000000476837158
vertex -30.250019073486328 14.00005054473877 1.7000000476837158
endloop
endfacet
facet normal -1 0 0
outer loop
vertex -30.250019073486328 14.00005054473877 0
vertex -30.250019073486328 7.000051021575928 1.7000000476837158
vertex -30.250019073486328 14.00005054473877 1.7000000476837158
endloop
endfacet
facet normal 0 0 -1
outer loop
vertex -64.05001831054688 7.000051021575928 1.7000000476837158
vertex -64.75001525878906 7.000051021575928 1.7000000476837158
vertex -64.75001525878906 14.00005054473877 1.7000000476837158
endloop
endfacet
facet normal 1 0 0
outer loop
vertex -64.75001525878906 7.000051021575928 1.7000000476837158
vertex -64.75001525878906 7.000051021575928 0
vertex -64.75001525878906 14.00005054473877 1.7000000476837158
endloop
endfacet
facet normal 0 0 -1
outer loop
vertex -49.25001907348633 14.00005054473877 1.7000000476837158
vertex -49.95001983642578 7.000051021575928 1.7000000476837158
vertex -49.95001983642578 14.00005054473877 1.7000000476837158
endloop
endfacet
facet normal 1 0 0
outer loop
vertex -64.75001525878906 14.00005054473877 0
vertex -64.75001525878906 14.00005054473877 1.7000000476837158
vertex -64.75001525878906 7.000051021575928 0
endloop
endfacet
facet normal 0 -1 0
outer loop
vertex -64.75001525878906 14.00005054473877 1.7000000476837158
vertex -64.05001831054688 14.00005054473877 0
vertex -64.05001831054688 14.00005054473877 1.7000000476837158
endloop
endfacet
facet normal 0 1 0
outer loop
vertex -64.05001831054688 7.000051021575928 1.7000000476837158
vertex -64.05001831054688 7.000051021575928 0
vertex -64.75001525878906 7.000051021575928 1.7000000476837158
endloop
endfacet
facet normal 0 -1 0
outer loop
vertex -64.75001525878906 14.00005054473877 1.7000000476837158
vertex -64.75001525878906 14.00005054473877 0
vertex -64.05001831054688 14.00005054473877 0
endloop
endfacet
facet normal 0 1 0
outer loop
vertex -64.05001831054688 7.000051021575928 0
vertex -64.75001525878906 7.000051021575928 0
vertex -64.75001525878906 7.000051021575928 1.7000000476837158
endloop
endfacet
facet normal 0 0 -1
outer loop
vertex -49.25001907348633 7.000051021575928 1.7000000476837158
vertex -49.95001983642578 7.000051021575928 1.7000000476837158
vertex -49.25001907348633 14.00005054473877 1.7000000476837158
endloop
endfacet
facet normal 0 1 0
outer loop
vertex -49.25001907348633 7.000051021575928 0
vertex -49.95001983642578 7.000051021575928 0
vertex -49.25001907348633 7.000051021575928 1.7000000476837158
endloop
endfacet
facet normal 0 -1 0
outer loop
vertex -49.95001983642578 14.00005054473877 1.7000000476837158
vertex -49.25001907348633 14.00005054473877 0
vertex -49.25001907348633 14.00005054473877 1.7000000476837158
endloop
endfacet
facet normal -1 0 0
outer loop
vertex -49.25001907348633 14.00005054473877 0
vertex -49.25001907348633 7.000051021575928 1.7000000476837158
vertex -49.25001907348633 14.00005054473877 1.7000000476837158
endloop
endfacet
facet normal 0 1 0
outer loop
vertex -49.25001907348633 7.000051021575928 1.7000000476837158
vertex -49.95001983642578 7.000051021575928 0
vertex -49.95001983642578 7.000051021575928 1.7000000476837158
endloop
endfacet
facet normal 0 -1 0
outer loop
vertex -49.25001907348633 14.00005054473877 0
vertex -49.95001983642578 14.00005054473877 1.7000000476837158
vertex -49.95001983642578 14.00005054473877 0
endloop
endfacet
facet normal -1 0 0
outer loop
vertex -49.25001907348633 14.00005054473877 0
vertex -49.25001907348633 7.000051021575928 0
vertex -49.25001907348633 7.000051021575928 1.7000000476837158
endloop
endfacet
facet normal 0 0 -1
outer loop
vertex -64.05001831054688 14.00005054473877 1.7000000476837158
vertex -64.05001831054688 7.000051021575928 1.7000000476837158
vertex -64.75001525878906 14.00005054473877 1.7000000476837158
endloop
endfacet
facet normal 0 -1 0
outer loop
vertex 59.29998016357422 33.00004959106445 1.7000000476837158
vertex 59.99998092651367 33.00004959106445 0
vertex 59.99998092651367 33.00004959106445 1.7000000476837158
endloop
endfacet
facet normal 0 1 0
outer loop
vertex 59.99998092651367 26.000051498413086 0
vertex 59.29998016357422 26.000051498413086 0
vertex 59.99998092651367 26.000051498413086 1.7000000476837158
endloop
endfacet
facet normal 0 0 -1
outer loop
vertex 45.199981689453125 26.000051498413086 1.7000000476837158
vertex 44.49998092651367 26.000051498413086 1.7000000476837158
vertex 44.49998092651367 33.00004959106445 1.7000000476837158
endloop
endfacet
facet normal 0 0 -1
outer loop
vertex 59.99998092651367 33.00004959106445 1.7000000476837158
vertex 59.29998016357422 26.000051498413086 1.7000000476837158
vertex 59.29998016357422 33.00004959106445 1.7000000476837158
endloop
endfacet
facet normal 0 1 0
outer loop
vertex 45.199981689453125 26.000051498413086 1.7000000476837158
vertex 44.49998092651367 26.000051498413086 0
vertex 44.49998092651367 26.000051498413086 1.7000000476837158
endloop
endfacet
facet normal -1 0 0
outer loop
vertex 59.99998092651367 33.00004959106445 0
vertex 59.99998092651367 26.000051498413086 1.7000000476837158
vertex 59.99998092651367 33.00004959106445 1.7000000476837158
endloop
endfacet
facet normal 0 0 -1
outer loop
vertex 45.199981689453125 26.000051498413086 1.7000000476837158
vertex 44.49998092651367 33.00004959106445 1.7000000476837158
vertex 45.199981689453125 33.00004959106445 1.7000000476837158
endloop
endfacet
facet normal 0 0 -1
outer loop
vertex 59.99998092651367 26.000051498413086 1.7000000476837158
vertex 59.29998016357422 26.000051498413086 1.7000000476837158
vertex 59.99998092651367 33.00004959106445 1.7000000476837158
endloop
endfacet
facet normal 0 1 0
outer loop
vertex 45.199981689453125 26.000051498413086 0
vertex 44.49998092651367 26.000051498413086 0
vertex 45.199981689453125 26.000051498413086 1.7000000476837158
endloop
endfacet
facet normal 1 0 0
outer loop
vertex 44.49998092651367 26.000051498413086 1.7000000476837158
vertex 44.49998092651367 26.000051498413086 0
vertex 44.49998092651367 33.00004959106445 1.7000000476837158
endloop
endfacet
facet normal 0 -1 0
outer loop
vertex 59.99998092651367 33.00004959106445 0
vertex 59.29998016357422 33.00004959106445 1.7000000476837158
vertex 59.29998016357422 33.00004959106445 0
endloop
endfacet
facet normal -1 0 0
outer loop
vertex 59.99998092651367 33.00004959106445 0
vertex 59.99998092651367 26.000051498413086 0
vertex 59.99998092651367 26.000051498413086 1.7000000476837158
endloop
endfacet
facet normal 0 -1 0
outer loop
vertex 44.49998092651367 33.00004959106445 1.7000000476837158
vertex 44.49998092651367 33.00004959106445 0
vertex 45.199981689453125 33.00004959106445 0
endloop
endfacet
facet normal 0 1 0
outer loop
vertex 59.99998092651367 26.000051498413086 1.7000000476837158
vertex 59.29998016357422 26.000051498413086 0
vertex 59.29998016357422 26.000051498413086 1.7000000476837158
endloop
endfacet
facet normal 0 -1 0
outer loop
vertex 44.49998092651367 33.00004959106445 1.7000000476837158
vertex 45.199981689453125 33.00004959106445 0
vertex 45.199981689453125 33.00004959106445 1.7000000476837158
endloop
endfacet
facet normal 1 0 0
outer loop
vertex 44.49998092651367 26.000051498413086 0
vertex 44.49998092651367 33.00004959106445 0
vertex 44.49998092651367 33.00004959106445 1.7000000476837158
endloop
endfacet
facet normal 0 0 -1
outer loop
vertex 31.499980926513672 33.00004959106445 1.7000000476837158
vertex 30.79998207092285 26.000051498413086 1.7000000476837158
vertex 30.79998207092285 33.00004959106445 1.7000000476837158
endloop
endfacet
facet normal 0 0 -1
outer loop
vertex 16.699981689453125 26.000051498413086 1.7000000476837158
vertex 15.999980926513672 26.000051498413086 1.7000000476837158
vertex 15.999980926513672 33.00004959106445 1.7000000476837158
endloop
endfacet
facet normal 0 -1 0
outer loop
vertex 30.79998207092285 33.00004959106445 1.7000000476837158
vertex 31.499980926513672 33.00004959106445 0
vertex 31.499980926513672 33.00004959106445 1.7000000476837158
endloop
endfacet
facet normal -1 0 0
outer loop
vertex 31.499980926513672 33.00004959106445 0
vertex 31.499980926513672 26.000051498413086 1.7000000476837158
vertex 31.499980926513672 33.00004959106445 1.7000000476837158
endloop
endfacet
facet normal 0 0 -1
outer loop
vertex 31.499980926513672 26.000051498413086 1.7000000476837158
vertex 30.79998207092285 26.000051498413086 1.7000000476837158
vertex 31.499980926513672 33.00004959106445 1.7000000476837158
endloop
endfacet
facet normal 0 0 -1
outer loop
vertex 16.699981689453125 26.000051498413086 1.7000000476837158
vertex 15.999980926513672 33.00004959106445 1.7000000476837158
vertex 16.699981689453125 33.00004959106445 1.7000000476837158
endloop
endfacet
facet normal 0 -1 0
outer loop
vertex 31.499980926513672 33.00004959106445 0
vertex 30.79998207092285 33.00004959106445 1.7000000476837158
vertex 30.79998207092285 33.00004959106445 0
endloop
endfacet
facet normal 0 1 0
outer loop
vertex 31.499980926513672 26.000051498413086 1.7000000476837158
vertex 30.79998207092285 26.000051498413086 0
vertex 30.79998207092285 26.000051498413086 1.7000000476837158
endloop
endfacet
facet normal -1 0 0
outer loop
vertex 31.499980926513672 33.00004959106445 0
vertex 31.499980926513672 26.000051498413086 0
vertex 31.499980926513672 26.000051498413086 1.7000000476837158
endloop
endfacet
facet normal 0 -1 0
outer loop
vertex 15.999980926513672 33.00004959106445 1.7000000476837158
vertex 16.699981689453125 33.00004959106445 0
vertex 16.699981689453125 33.00004959106445 1.7000000476837158
endloop
endfacet
facet normal 0 1 0
outer loop
vertex 16.699981689453125 26.000051498413086 0
vertex 15.999980926513672 26.000051498413086 0
vertex 16.699981689453125 26.000051498413086 1.7000000476837158
endloop
endfacet
facet normal 1 0 0
outer loop
vertex 15.999980926513672 26.000051498413086 0
vertex 15.999980926513672 33.00004959106445 0
vertex 15.999980926513672 33.00004959106445 1.7000000476837158
endloop
endfacet
facet normal 1 0 0
outer loop
vertex 15.999980926513672 26.000051498413086 1.7000000476837158
vertex 15.999980926513672 26.000051498413086 0
vertex 15.999980926513672 33.00004959106445 1.7000000476837158
endloop
endfacet
facet normal 0 -1 0
outer loop
vertex 15.999980926513672 33.00004959106445 1.7000000476837158
vertex 15.999980926513672 33.00004959106445 0
vertex 16.699981689453125 33.00004959106445 0
endloop
endfacet
facet normal 0 1 0
outer loop
vertex 16.699981689453125 26.000051498413086 1.7000000476837158
vertex 15.999980926513672 26.000051498413086 0
vertex 15.999980926513672 26.000051498413086 1.7000000476837158
endloop
endfacet
facet normal 0 1 0
outer loop
vertex 31.499980926513672 26.000051498413086 0
vertex 30.79998207092285 26.000051498413086 0
vertex 31.499980926513672 26.000051498413086 1.7000000476837158
endloop
endfacet
facet normal 0 0 -1
outer loop
vertex 7.749980926513672 26.000051498413086 1.7000000476837158
vertex 7.049981117248535 26.000051498413086 1.7000000476837158
vertex 7.749980926513672 33.00004959106445 1.7000000476837158
endloop
endfacet
facet normal 0 -1 0
outer loop
vertex -7.750019073486328 33.00004959106445 1.7000000476837158
vertex -7.750019073486328 33.00004959106445 0
vertex -7.050018787384033 33.00004959106445 0
endloop
endfacet
facet normal -1 0 0
outer loop
vertex 7.749980926513672 33.00004959106445 0
vertex 7.749980926513672 26.000051498413086 1.7000000476837158
vertex 7.749980926513672 33.00004959106445 1.7000000476837158
endloop
endfacet
facet normal 0 0 -1
outer loop
vertex -7.050018787384033 26.000051498413086 1.7000000476837158
vertex -7.750019073486328 26.000051498413086 1.7000000476837158
vertex -7.750019073486328 33.00004959106445 1.7000000476837158
endloop
endfacet
facet normal 0 0 -1
outer loop
vertex -7.050018787384033 26.000051498413086 1.7000000476837158
vertex -7.750019073486328 33.00004959106445 1.7000000476837158
vertex -7.050018787384033 33.00004959106445 1.7000000476837158
endloop
endfacet
facet normal 0 1 0
outer loop
vertex -7.050018787384033 26.000051498413086 1.7000000476837158
vertex -7.750019073486328 26.000051498413086 0
vertex -7.750019073486328 26.000051498413086 1.7000000476837158
endloop
endfacet
facet normal 0 -1 0
outer loop
vertex -7.750019073486328 33.00004959106445 1.7000000476837158
vertex -7.050018787384033 33.00004959106445 0
vertex -7.050018787384033 33.00004959106445 1.7000000476837158
endloop
endfacet
facet normal 0 -1 0
outer loop
vertex 7.749980926513672 33.00004959106445 0
vertex 7.049981117248535 33.00004959106445 1.7000000476837158
vertex 7.049981117248535 33.00004959106445 0
endloop
endfacet
facet normal 0 0 -1
outer loop
vertex 7.749980926513672 33.00004959106445 1.7000000476837158
vertex 7.049981117248535 26.000051498413086 1.7000000476837158
vertex 7.049981117248535 33.00004959106445 1.7000000476837158
endloop
endfacet
facet normal -1 0 0
outer loop
vertex 7.749980926513672 33.00004959106445 0
vertex 7.749980926513672 26.000051498413086 0
vertex 7.749980926513672 26.000051498413086 1.7000000476837158
endloop
endfacet
facet normal 0 1 0
outer loop
vertex 7.749980926513672 26.000051498413086 0
vertex 7.049981117248535 26.000051498413086 0
vertex 7.749980926513672 26.000051498413086 1.7000000476837158
endloop
endfacet
facet normal 1 0 0
outer loop
vertex -7.750019073486328 26.000051498413086 0
vertex -7.750019073486328 33.00004959106445 0
vertex -7.750019073486328 33.00004959106445 1.7000000476837158
endloop
endfacet
facet normal 0 1 0
outer loop
vertex -7.050018787384033 26.000051498413086 0
vertex -7.750019073486328 26.000051498413086 0
vertex -7.050018787384033 26.000051498413086 1.7000000476837158
endloop
endfacet
facet normal 0 -1 0
outer loop
vertex 7.049981117248535 33.00004959106445 1.7000000476837158
vertex 7.749980926513672 33.00004959106445 0
vertex 7.749980926513672 33.00004959106445 1.7000000476837158
endloop
endfacet
facet normal 0 1 0
outer loop
vertex 7.749980926513672 26.000051498413086 1.7000000476837158
vertex 7.049981117248535 26.000051498413086 0
vertex 7.049981117248535 26.000051498413086 1.7000000476837158
endloop
endfacet
facet normal 1 0 0
outer loop
vertex -7.750019073486328 26.000051498413086 1.7000000476837158
vertex -7.750019073486328 26.000051498413086 0
vertex -7.750019073486328 33.00004959106445 1.7000000476837158
endloop
endfacet
facet normal 0 0 -1
outer loop
vertex -11.250019073486328 26.000051498413086 1.7000000476837158
vertex -11.950018882751465 26.000051498413086 1.7000000476837158
vertex -11.250019073486328 33.00004959106445 1.7000000476837158
endloop
endfacet
facet normal 0 0 -1
outer loop
vertex -26.050018310546875 26.000051498413086 1.7000000476837158
vertex -26.750019073486328 33.00004959106445 1.7000000476837158
vertex -26.050018310546875 33.00004959106445 1.7000000476837158
endloop
endfacet
facet normal 0 1 0
outer loop
vertex -11.250019073486328 26.000051498413086 0
vertex -11.950018882751465 26.000051498413086 0
vertex -11.250019073486328 26.000051498413086 1.7000000476837158
endloop
endfacet
facet normal 0 -1 0
outer loop
vertex -11.950018882751465 33.00004959106445 0
vertex -11.250019073486328 33.00004959106445 0
vertex -11.950018882751465 33.00004959106445 1.7000000476837158
endloop
endfacet
facet normal 0 1 0
outer loop
vertex -26.050018310546875 26.000051498413086 1.7000000476837158
vertex -26.750019073486328 26.000051498413086 0
vertex -26.750019073486328 26.000051498413086 1.7000000476837158
endloop
endfacet
facet normal -1 0 0
outer loop
vertex -11.250019073486328 33.00004959106445 0
vertex -11.250019073486328 26.000051498413086 0
vertex -11.250019073486328 26.000051498413086 1.7000000476837158
endloop
endfacet
facet normal 0 1 0
outer loop
vertex -26.050018310546875 26.000051498413086 0
vertex -26.750019073486328 26.000051498413086 0
vertex -26.050018310546875 26.000051498413086 1.7000000476837158
endloop
endfacet
facet normal 1 0 0
outer loop
vertex -26.750019073486328 26.000051498413086 0
vertex -26.750019073486328 33.00004959106445 0
vertex -26.750019073486328 33.00004959106445 1.7000000476837158
endloop
endfacet
facet normal 0 -1 0
outer loop
vertex -26.750019073486328 33.00004959106445 1.7000000476837158
vertex -26.750019073486328 33.00004959106445 0
vertex -26.050018310546875 33.00004959106445 0
endloop
endfacet
facet normal -1 0 0
outer loop
vertex -11.250019073486328 33.00004959106445 0
vertex -11.250019073486328 26.000051498413086 1.7000000476837158
vertex -11.250019073486328 33.00004959106445 1.7000000476837158
endloop
endfacet
facet normal 1 0 0
outer loop
vertex -26.750019073486328 26.000051498413086 1.7000000476837158
vertex -26.750019073486328 26.000051498413086 0
vertex -26.750019073486328 33.00004959106445 1.7000000476837158
endloop
endfacet
facet normal 0 -1 0
outer loop
vertex -11.950018882751465 33.00004959106445 1.7000000476837158
vertex -11.250019073486328 33.00004959106445 0
vertex -11.250019073486328 33.00004959106445 1.7000000476837158
endloop
endfacet
facet normal 0 -1 0
outer loop
vertex -26.750019073486328 33.00004959106445 1.7000000476837158
vertex -26.050018310546875 33.00004959106445 0
vertex -26.050018310546875 33.00004959106445 1.7000000476837158
endloop
endfacet
facet normal 0 0 -1
outer loop
vertex -26.050018310546875 26.000051498413086 1.7000000476837158
vertex -26.750019073486328 26.000051498413086 1.7000000476837158
vertex -26.750019073486328 33.00004959106445 1.7000000476837158
endloop
endfacet
facet normal 0 1 0
outer loop
vertex -11.250019073486328 26.000051498413086 1.7000000476837158
vertex -11.950018882751465 26.000051498413086 0
vertex -11.950018882751465 26.000051498413086 1.7000000476837158
endloop
endfacet
facet normal 0 0 -1
outer loop
vertex -11.250019073486328 33.00004959106445 1.7000000476837158
vertex -11.950018882751465 26.000051498413086 1.7000000476837158
vertex -11.950018882751465 33.00004959106445 1.7000000476837158
endloop
endfacet
facet normal 0 0 -1
outer loop
vertex -30.250019073486328 33.00004959106445 1.7000000476837158
vertex -30.95001792907715 26.000051498413086 1.7000000476837158
vertex -30.95001792907715 33.00004959106445 1.7000000476837158
endloop
endfacet
facet normal 1 0 0
outer loop
vertex -45.75001907348633 33.00004959106445 0
vertex -45.75001907348633 33.00004959106445 1.7000000476837158
vertex -45.75001907348633 26.000051498413086 0
endloop
endfacet
facet normal 0 0 -1
outer loop
vertex -45.050018310546875 26.000051498413086 1.7000000476837158
vertex -45.75001907348633 33.00004959106445 1.7000000476837158
vertex -45.050018310546875 33.00004959106445 1.7000000476837158
endloop
endfacet
facet normal 0 0 -1
outer loop
vertex -30.250019073486328 26.000051498413086 1.7000000476837158
vertex -30.95001792907715 26.000051498413086 1.7000000476837158
vertex -30.250019073486328 33.00004959106445 1.7000000476837158
endloop
endfacet
facet normal 0 1 0
outer loop
vertex -45.050018310546875 26.000051498413086 0
vertex -45.75001907348633 26.000051498413086 0
vertex -45.050018310546875 26.000051498413086 1.7000000476837158
endloop
endfacet
facet normal 0 -1 0
outer loop
vertex -30.95001792907715 33.00004959106445 1.7000000476837158
vertex -30.250019073486328 33.00004959106445 0
vertex -30.250019073486328 33.00004959106445 1.7000000476837158
endloop
endfacet
facet normal 0 0 -1
outer loop
vertex -45.050018310546875 26.000051498413086 1.7000000476837158
vertex -45.75001907348633 26.000051498413086 1.7000000476837158
vertex -45.75001907348633 33.00004959106445 1.7000000476837158
endloop
endfacet
facet normal 0 -1 0
outer loop
vertex -30.250019073486328 33.00004959106445 0
vertex -30.95001792907715 33.00004959106445 1.7000000476837158
vertex -30.95001792907715 33.00004959106445 0
endloop
endfacet
facet normal 0 -1 0
outer loop
vertex -45.75001907348633 33.00004959106445 1.7000000476837158
vertex -45.050018310546875 33.00004959106445 0
vertex -45.050018310546875 33.00004959106445 1.7000000476837158
endloop
endfacet
facet normal -1 0 0
outer loop
vertex -30.250019073486328 33.00004959106445 0
vertex -30.250019073486328 26.000051498413086 0
vertex -30.250019073486328 26.000051498413086 1.7000000476837158
endloop
endfacet
facet normal 0 1 0
outer loop
vertex -30.250019073486328 26.000051498413086 1.7000000476837158
vertex -30.95001792907715 26.000051498413086 0
vertex -30.95001792907715 26.000051498413086 1.7000000476837158
endloop
endfacet
facet normal 1 0 0
outer loop
vertex -45.75001907348633 26.000051498413086 1.7000000476837158
vertex -45.75001907348633 26.000051498413086 0
vertex -45.75001907348633 33.00004959106445 1.7000000476837158
endloop
endfacet
facet normal 0 -1 0
outer loop
vertex -45.75001907348633 33.00004959106445 1.7000000476837158
vertex -45.75001907348633 33.00004959106445 0
vertex -45.050018310546875 33.00004959106445 0
endloop
endfacet
facet normal 0 1 0
outer loop
vertex -30.250019073486328 26.000051498413086 0
vertex -30.95001792907715 26.000051498413086 0
vertex -30.250019073486328 26.000051498413086 1.7000000476837158
endloop
endfacet
facet normal -1 0 0
outer loop
vertex -30.250019073486328 33.00004959106445 0
vertex -30.250019073486328 26.000051498413086 1.7000000476837158
vertex -30.250019073486328 33.00004959106445 1.7000000476837158
endloop
endfacet
facet normal 0 1 0
outer loop
vertex -45.050018310546875 26.000051498413086 1.7000000476837158
vertex -45.75001907348633 26.000051498413086 0
vertex -45.75001907348633 26.000051498413086 1.7000000476837158
endloop
endfacet
facet normal 0 1 0
outer loop
vertex -49.25001907348633 26.000051498413086 1.7000000476837158
vertex -49.95001983642578 26.000051498413086 0
vertex -49.95001983642578 26.000051498413086 1.7000000476837158
endloop
endfacet
facet normal 0 -1 0
outer loop
vertex -49.25001907348633 33.00004959106445 0
vertex -49.95001983642578 33.00004959106445 1.7000000476837158
vertex -49.95001983642578 33.00004959106445 0
endloop
endfacet
facet normal 0 0 -1
outer loop
vertex -49.95001983642578 26.000051498413086 1.7000000476837158
vertex -49.95001983642578 33.00004959106445 1.7000000476837158
vertex -49.25001907348633 33.00004959106445 1.7000000476837158
endloop
endfacet
facet normal 0 0 -1
outer loop
vertex -49.25001907348633 26.000051498413086 1.7000000476837158
vertex -49.95001983642578 26.000051498413086 1.7000000476837158
vertex -49.25001907348633 33.00004959106445 1.7000000476837158
endloop
endfacet
facet normal -1 0 0
outer loop
vertex -49.25001907348633 33.00004959106445 0
vertex -49.25001907348633 26.000051498413086 1.7000000476837158
vertex -49.25001907348633 33.00004959106445 1.7000000476837158
endloop
endfacet
facet normal 1 0 0
outer loop
vertex -64.75001525878906 33.00004959106445 0
vertex -64.75001525878906 33.00004959106445 1.7000000476837158
vertex -64.75001525878906 26.000051498413086 0
endloop
endfacet
facet normal 0 -1 0
outer loop
vertex -64.75001525878906 33.00004959106445 1.7000000476837158
vertex -64.75001525878906 33.00004959106445 0
vertex -64.05001831054688 33.00004959106445 0
endloop
endfacet
facet normal 0 1 0
outer loop
vertex -64.05001831054688 26.000051498413086 1.7000000476837158
vertex -64.05001831054688 26.000051498413086 0
vertex -64.75001525878906 26.000051498413086 1.7000000476837158
endloop
endfacet
facet normal 0 -1 0
outer loop
vertex -49.95001983642578 33.00004959106445 1.7000000476837158
vertex -49.25001907348633 33.00004959106445 0
vertex -49.25001907348633 33.00004959106445 1.7000000476837158
endloop
endfacet
facet normal 0 -1 0
outer loop
vertex -64.75001525878906 33.00004959106445 1.7000000476837158
vertex -64.05001831054688 33.00004959106445 0
vertex -64.05001831054688 33.00004959106445 1.7000000476837158
endloop
endfacet
facet normal 0 1 0
outer loop
vertex -64.05001831054688 26.000051498413086 0
vertex -64.75001525878906 26.000051498413086 0
vertex -64.75001525878906 26.000051498413086 1.7000000476837158
endloop
endfacet
facet normal 0 1 0
outer loop
vertex -49.25001907348633 26.000051498413086 0
vertex -49.95001983642578 26.000051498413086 0
vertex -49.25001907348633 26.000051498413086 1.7000000476837158
endloop
endfacet
facet normal 0 0 -1
outer loop
vertex -64.05001831054688 26.000051498413086 1.7000000476837158
vertex -64.75001525878906 26.000051498413086 1.7000000476837158
vertex -64.75001525878906 33.00004959106445 1.7000000476837158
endloop
endfacet
facet normal 1 0 0
outer loop
vertex -64.75001525878906 26.000051498413086 1.7000000476837158
vertex -64.75001525878906 26.000051498413086 0
vertex -64.75001525878906 33.00004959106445 1.7000000476837158
endloop
endfacet
facet normal -1 0 0
outer loop
vertex -49.25001907348633 33.00004959106445 0
vertex -49.25001907348633 26.000051498413086 0
vertex -49.25001907348633 26.000051498413086 1.7000000476837158
endloop
endfacet
facet normal 0 0 -1
outer loop
vertex -64.05001831054688 26.000051498413086 1.7000000476837158
vertex -64.75001525878906 33.00004959106445 1.7000000476837158
vertex -64.05001831054688 33.00004959106445 1.7000000476837158
endloop
endfacet
facet normal 0.9807861114401027 -0.19508614406513386 0
outer loop
vertex 28.08423614501953 -36.82773971557617 0
vertex 28.08423614501953 -36.82773971557617 1.7000000476837158
vertex 28.04998207092285 -36.99995040893555 0
endloop
endfacet
facet normal 0.8314665660174577 -0.5555747920803612 0
outer loop
vertex 28.18178367614746 -36.6817512512207 0
vertex 28.18178367614746 -36.6817512512207 1.7000000476837158
vertex 28.08423614501953 -36.82773971557617 0
endloop
endfacet
facet normal -0.9807852845629332 0.19509030110388895 0
outer loop
vertex 28.949981689453125 -36.99995040893555 1.7000000476837158
vertex 28.949981689453125 -36.99995040893555 0
vertex 28.915727615356445 -37.172157287597656 1.7000000476837158
endloop
endfacet
facet normal -0.8314665660174577 0.5555747920803612 0
outer loop
vertex 28.915727615356445 -37.172157287597656 1.7000000476837158
vertex 28.915727615356445 -37.172157287597656 0
vertex 28.818180084228516 -37.318145751953125 1.7000000476837158
endloop
endfacet
facet normal -0.5555722659416437 0.8314682539438699 0
outer loop
vertex 28.818180084228516 -37.318145751953125 1.7000000476837158
vertex 28.818180084228516 -37.318145751953125 0
vertex 28.67218780517578 -37.41569519042969 1.7000000476837158
endloop
endfacet
facet normal -0.8314665660174577 0.5555747920803612 0
outer loop
vertex 28.915727615356445 -37.172157287597656 0
vertex 28.818180084228516 -37.318145751953125 0
vertex 28.818180084228516 -37.318145751953125 1.7000000476837158
endloop
endfacet
facet normal 0.8314665660174577 -0.5555747920803612 0
outer loop
vertex 28.08423614501953 -36.82773971557617 1.7000000476837158
vertex 28.08423614501953 -36.82773971557617 0
vertex 28.18178367614746 -36.6817512512207 1.7000000476837158
endloop
endfacet
facet normal -0.5555722659416437 0.8314682539438699 0
outer loop
vertex 28.818180084228516 -37.318145751953125 0
vertex 28.67218780517578 -37.41569519042969 0
vertex 28.67218780517578 -37.41569519042969 1.7000000476837158
endloop
endfacet
facet normal -0.9807852845629332 0.19509030110388895 0
outer loop
vertex 28.949981689453125 -36.99995040893555 0
vertex 28.915727615356445 -37.172157287597656 0
vertex 28.915727615356445 -37.172157287597656 1.7000000476837158
endloop
endfacet
facet normal 0.5555772839934787 0.8314649009491799 0
outer loop
vertex 28.327774047851562 -37.41569519042969 0
vertex 28.18178367614746 -37.318145751953125 0
vertex 28.18178367614746 -37.318145751953125 1.7000000476837158
endloop
endfacet
facet normal -0.1950798514286955 0.9807873630744628 0
outer loop
vertex 28.67218780517578 -37.41569519042969 0
vertex 28.499980926513672 -37.449947357177734 0
vertex 28.499980926513672 -37.449947357177734 1.7000000476837158
endloop
endfacet
facet normal 0.5555772839934787 0.8314649009491799 0
outer loop
vertex 28.327774047851562 -37.41569519042969 1.7000000476837158
vertex 28.327774047851562 -37.41569519042969 0
vertex 28.18178367614746 -37.318145751953125 1.7000000476837158
endloop
endfacet
facet normal 0.1950798514286955 0.9807873630744628 0
outer loop
vertex 28.499980926513672 -37.449947357177734 0
vertex 28.327774047851562 -37.41569519042969 0
vertex 28.327774047851562 -37.41569519042969 1.7000000476837158
endloop
endfacet
facet normal -0.1950798514286955 0.9807873630744628 0
outer loop
vertex 28.67218780517578 -37.41569519042969 1.7000000476837158
vertex 28.67218780517578 -37.41569519042969 0
vertex 28.499980926513672 -37.449947357177734 1.7000000476837158
endloop
endfacet
facet normal 0 0 -1
outer loop
vertex 28.949981689453125 -36.99995040893555 1.7000000476837158
vertex 28.915727615356445 -37.172157287597656 1.7000000476837158
vertex 28.915727615356445 -36.82773971557617 1.7000000476837158
endloop
endfacet
facet normal 0 0 -1
outer loop
vertex 28.818180084228516 -36.6817512512207 1.7000000476837158
vertex 28.915727615356445 -36.82773971557617 1.7000000476837158
vertex 28.818180084228516 -37.318145751953125 1.7000000476837158
endloop
endfacet
facet normal 0 0 -1
outer loop
vertex 28.67218780517578 -36.58420181274414 1.7000000476837158
vertex 28.499980926513672 -37.449947357177734 1.7000000476837158
vertex 28.499980926513672 -36.549949645996094 1.7000000476837158
endloop
endfacet
facet normal 0 0 -1
outer loop
vertex 28.818180084228516 -36.6817512512207 1.7000000476837158
vertex 28.67218780517578 -37.41569519042969 1.7000000476837158
vertex 28.67218780517578 -36.58420181274414 1.7000000476837158
endloop
endfacet
facet normal 0.8314665660174577 0.5555747920803612 0
outer loop
vertex 28.08423614501953 -37.172157287597656 0
vertex 28.08423614501953 -37.172157287597656 1.7000000476837158
vertex 28.18178367614746 -37.318145751953125 0
endloop
endfacet
facet normal 0.1950798514286955 0.9807873630744628 0
outer loop
vertex 28.499980926513672 -37.449947357177734 1.7000000476837158
vertex 28.499980926513672 -37.449947357177734 0
vertex 28.327774047851562 -37.41569519042969 1.7000000476837158
endloop
endfacet
facet normal 0 0 -1
outer loop
vertex 28.499980926513672 -36.549949645996094 1.7000000476837158
vertex 28.327774047851562 -37.41569519042969 1.7000000476837158
vertex 28.327774047851562 -36.58420181274414 1.7000000476837158
endloop
endfacet
facet normal 0 0 -1
outer loop
vertex 28.327774047851562 -36.58420181274414 1.7000000476837158
vertex 28.18178367614746 -37.318145751953125 1.7000000476837158
vertex 28.18178367614746 -36.6817512512207 1.7000000476837158
endloop
endfacet
facet normal 0 0 -1
outer loop
vertex 28.18178367614746 -36.6817512512207 1.7000000476837158
vertex 28.08423614501953 -37.172157287597656 1.7000000476837158
vertex 28.08423614501953 -36.82773971557617 1.7000000476837158
endloop
endfacet
facet normal 0 0 -1
outer loop
vertex 28.08423614501953 -37.172157287597656 1.7000000476837158
vertex 28.04998207092285 -36.99995040893555 1.7000000476837158
vertex 28.08423614501953 -36.82773971557617 1.7000000476837158
endloop
endfacet
facet normal 0 0 -1
outer loop
vertex 28.915727615356445 -37.172157287597656 1.7000000476837158
vertex 28.818180084228516 -37.318145751953125 1.7000000476837158
vertex 28.915727615356445 -36.82773971557617 1.7000000476837158
endloop
endfacet
facet normal 0 0 -1
outer loop
vertex 28.818180084228516 -37.318145751953125 1.7000000476837158
vertex 28.67218780517578 -37.41569519042969 1.7000000476837158
vertex 28.818180084228516 -36.6817512512207 1.7000000476837158
endloop
endfacet
facet normal 0 0 -1
outer loop
vertex 28.67218780517578 -37.41569519042969 1.7000000476837158
vertex 28.499980926513672 -37.449947357177734 1.7000000476837158
vertex 28.67218780517578 -36.58420181274414 1.7000000476837158
endloop
endfacet
facet normal 0 0 -1
outer loop
vertex 28.499980926513672 -37.449947357177734 1.7000000476837158
vertex 28.327774047851562 -37.41569519042969 1.7000000476837158
vertex 28.499980926513672 -36.549949645996094 1.7000000476837158
endloop
endfacet
facet normal -0.8314665660174577 -0.5555747920803612 0
outer loop
vertex 28.818180084228516 -36.6817512512207 1.7000000476837158
vertex 28.818180084228516 -36.6817512512207 0
vertex 28.915727615356445 -36.82773971557617 1.7000000476837158
endloop
endfacet
facet normal -0.9807861114401027 -0.19508614406513386 0
outer loop
vertex 28.915727615356445 -36.82773971557617 1.7000000476837158
vertex 28.915727615356445 -36.82773971557617 0
vertex 28.949981689453125 -36.99995040893555 1.7000000476837158
endloop
endfacet
facet normal 0 0 -1
outer loop
vertex 28.327774047851562 -37.41569519042969 1.7000000476837158
vertex 28.18178367614746 -37.318145751953125 1.7000000476837158
vertex 28.327774047851562 -36.58420181274414 1.7000000476837158
endloop
endfacet
facet normal 0 0 -1
outer loop
vertex 28.18178367614746 -37.318145751953125 1.7000000476837158
vertex 28.08423614501953 -37.172157287597656 1.7000000476837158
vertex 28.18178367614746 -36.6817512512207 1.7000000476837158
endloop
endfacet
facet normal 0.9807852845629332 0.19509030110388895 0
outer loop
vertex 28.08423614501953 -37.172157287597656 1.7000000476837158
vertex 28.08423614501953 -37.172157287597656 0
vertex 28.04998207092285 -36.99995040893555 1.7000000476837158
endloop
endfacet
facet normal 0.8314665660174577 0.5555747920803612 0
outer loop
vertex 28.18178367614746 -37.318145751953125 1.7000000476837158
vertex 28.18178367614746 -37.318145751953125 0
vertex 28.08423614501953 -37.172157287597656 1.7000000476837158
endloop
endfacet
facet normal -0.5555722659416437 -0.8314682539438699 0
outer loop
vertex 28.818180084228516 -36.6817512512207 0
vertex 28.818180084228516 -36.6817512512207 1.7000000476837158
vertex 28.67218780517578 -36.58420181274414 0
endloop
endfacet
facet normal -0.5555722659416437 -0.8314682539438699 0
outer loop
vertex 28.67218780517578 -36.58420181274414 1.7000000476837158
vertex 28.67218780517578 -36.58420181274414 0
vertex 28.818180084228516 -36.6817512512207 1.7000000476837158
endloop
endfacet
facet normal -0.1950798514286955 -0.9807873630744628 0
outer loop
vertex 28.499980926513672 -36.549949645996094 1.7000000476837158
vertex 28.499980926513672 -36.549949645996094 0
vertex 28.67218780517578 -36.58420181274414 1.7000000476837158
endloop
endfacet
facet normal 0.1950798514286955 -0.9807873630744628 0
outer loop
vertex 28.327774047851562 -36.58420181274414 1.7000000476837158
vertex 28.327774047851562 -36.58420181274414 0
vertex 28.499980926513672 -36.549949645996094 1.7000000476837158
endloop
endfacet
facet normal -0.8314665660174577 -0.5555747920803612 0
outer loop
vertex 28.818180084228516 -36.6817512512207 0
vertex 28.915727615356445 -36.82773971557617 0
vertex 28.915727615356445 -36.82773971557617 1.7000000476837158
endloop
endfacet
facet normal -0.9807861114401027 -0.19508614406513386 0
outer loop
vertex 28.915727615356445 -36.82773971557617 0
vertex 28.949981689453125 -36.99995040893555 0
vertex 28.949981689453125 -36.99995040893555 1.7000000476837158
endloop
endfacet
facet normal -0.1950798514286955 -0.9807873630744628 0
outer loop
vertex 28.67218780517578 -36.58420181274414 0
vertex 28.67218780517578 -36.58420181274414 1.7000000476837158
vertex 28.499980926513672 -36.549949645996094 0
endloop
endfacet
facet normal 0.1950798514286955 -0.9807873630744628 0
outer loop
vertex 28.499980926513672 -36.549949645996094 0
vertex 28.499980926513672 -36.549949645996094 1.7000000476837158
vertex 28.327774047851562 -36.58420181274414 0
endloop
endfacet
facet normal 0.5555772839934787 -0.8314649009491799 0
outer loop
vertex 28.327774047851562 -36.58420181274414 0
vertex 28.327774047851562 -36.58420181274414 1.7000000476837158
vertex 28.18178367614746 -36.6817512512207 0
endloop
endfacet
facet normal 0.9807852845629332 0.19509030110388895 0
outer loop
vertex 28.04998207092285 -36.99995040893555 0
vertex 28.04998207092285 -36.99995040893555 1.7000000476837158
vertex 28.08423614501953 -37.172157287597656 0
endloop
endfacet
facet normal 0.5555772839934787 -0.8314649009491799 0
outer loop
vertex 28.18178367614746 -36.6817512512207 1.7000000476837158
vertex 28.18178367614746 -36.6817512512207 0
vertex 28.327774047851562 -36.58420181274414 1.7000000476837158
endloop
endfacet
facet normal 0.9807861114401027 -0.19508614406513386 0
outer loop
vertex 28.04998207092285 -36.99995040893555 1.7000000476837158
vertex 28.04998207092285 -36.99995040893555 0
vertex 28.08423614501953 -36.82773971557617 1.7000000476837158
endloop
endfacet
facet normal 0.9807852845629332 -0.19509030110388895 0
outer loop
vertex 28.08423614501953 -35.557743072509766 0
vertex 28.08423614501953 -35.557743072509766 1.7000000476837158
vertex 28.04998207092285 -35.729949951171875 0
endloop
endfacet
facet normal 0 0 -1
outer loop
vertex 28.499980926513672 -35.27994918823242 1.7000000476837158
vertex 28.327774047851562 -36.145694732666016 1.7000000476837158
vertex 28.327774047851562 -35.314205169677734 1.7000000476837158
endloop
endfacet
facet normal 0.8314665660174577 0.5555747920803612 0
outer loop
vertex 28.08423614501953 -35.902156829833984 0
vertex 28.08423614501953 -35.902156829833984 1.7000000476837158
vertex 28.18178367614746 -36.04814529418945 0
endloop
endfacet
facet normal -0.5555572457639897 -0.8314782899626002 0
outer loop
vertex 28.818180084228516 -35.41175079345703 0
vertex 28.818180084228516 -35.41175079345703 1.7000000476837158
vertex 28.67218780517578 -35.314205169677734 0
endloop
endfacet
facet normal -0.9807852845629332 -0.19509030110388895 0
outer loop
vertex 28.915727615356445 -35.557743072509766 1.7000000476837158
vertex 28.915727615356445 -35.557743072509766 0
vertex 28.949981689453125 -35.729949951171875 1.7000000476837158
endloop
endfacet
facet normal 0.5555622638012966 -0.8314749371087372 0
outer loop
vertex 28.327774047851562 -35.314205169677734 0
vertex 28.327774047851562 -35.314205169677734 1.7000000476837158
vertex 28.18178367614746 -35.41175079345703 0
endloop
endfacet
facet normal 0.9807852845629332 0.19509030110388895 0
outer loop
vertex 28.04998207092285 -35.729949951171875 0
vertex 28.04998207092285 -35.729949951171875 1.7000000476837158
vertex 28.08423614501953 -35.902156829833984 0
endloop
endfacet
facet normal 0.5555772839934787 0.8314649009491799 0
outer loop
vertex 28.327774047851562 -36.145694732666016 0
vertex 28.18178367614746 -36.04814529418945 0
vertex 28.18178367614746 -36.04814529418945 1.7000000476837158
endloop
endfacet
facet normal -0.8314732719568675 -0.5555647559208026 0
outer loop
vertex 28.818180084228516 -35.41175079345703 1.7000000476837158
vertex 28.818180084228516 -35.41175079345703 0
vertex 28.915727615356445 -35.557743072509766 1.7000000476837158
endloop
endfacet
facet normal 0.1951007507126451 0.9807832059488795 0
outer loop
vertex 28.499980926513672 -36.17995071411133 0
vertex 28.327774047851562 -36.145694732666016 0
vertex 28.327774047851562 -36.145694732666016 1.7000000476837158
endloop
endfacet
facet normal -0.1951007507126451 0.9807832059488795 0
outer loop
vertex 28.67218780517578 -36.145694732666016 0
vertex 28.499980926513672 -36.17995071411133 0
vertex 28.499980926513672 -36.17995071411133 1.7000000476837158
endloop
endfacet
facet normal -0.5555722659416437 0.8314682539438699 0
outer loop
vertex 28.818180084228516 -36.04814529418945 0
vertex 28.67218780517578 -36.145694732666016 0
vertex 28.67218780517578 -36.145694732666016 1.7000000476837158
endloop
endfacet
facet normal 0.1951007507126451 0.9807832059488795 0
outer loop
vertex 28.499980926513672 -36.17995071411133 1.7000000476837158
vertex 28.499980926513672 -36.17995071411133 0
vertex 28.327774047851562 -36.145694732666016 1.7000000476837158
endloop
endfacet
facet normal 0.5555772839934787 0.8314649009491799 0
outer loop
vertex 28.327774047851562 -36.145694732666016 1.7000000476837158
vertex 28.327774047851562 -36.145694732666016 0
vertex 28.18178367614746 -36.04814529418945 1.7000000476837158
endloop
endfacet
facet normal -0.1951007507126451 0.9807832059488795 0
outer loop
vertex 28.67218780517578 -36.145694732666016 1.7000000476837158
vertex 28.67218780517578 -36.145694732666016 0
vertex 28.499980926513672 -36.17995071411133 1.7000000476837158
endloop
endfacet
facet normal -0.8314665660174577 0.5555747920803612 0
outer loop
vertex 28.915727615356445 -35.902156829833984 0
vertex 28.818180084228516 -36.04814529418945 0
vertex 28.818180084228516 -36.04814529418945 1.7000000476837158
endloop
endfacet
facet normal -0.5555722659416437 0.8314682539438699 0
outer loop
vertex 28.818180084228516 -36.04814529418945 1.7000000476837158
vertex 28.818180084228516 -36.04814529418945 0
vertex 28.67218780517578 -36.145694732666016 1.7000000476837158
endloop
endfacet
facet normal -0.9807852845629332 0.19509030110388895 0
outer loop
vertex 28.949981689453125 -35.729949951171875 0
vertex 28.915727615356445 -35.902156829833984 0
vertex 28.915727615356445 -35.902156829833984 1.7000000476837158
endloop
endfacet
facet normal 0.9807852845629332 -0.19509030110388895 0
outer loop
vertex 28.04998207092285 -35.729949951171875 1.7000000476837158
vertex 28.04998207092285 -35.729949951171875 0
vertex 28.08423614501953 -35.557743072509766 1.7000000476837158
endloop
endfacet
facet normal 0.9807852845629332 0.19509030110388895 0
outer loop
vertex 28.08423614501953 -35.902156829833984 1.7000000476837158
vertex 28.08423614501953 -35.902156829833984 0
vertex 28.04998207092285 -35.729949951171875 1.7000000476837158
endloop
endfacet
facet normal 0 0 -1
outer loop
vertex 28.08423614501953 -35.902156829833984 1.7000000476837158
vertex 28.04998207092285 -35.729949951171875 1.7000000476837158
vertex 28.08423614501953 -35.557743072509766 1.7000000476837158
endloop
endfacet
facet normal 0 0 -1
outer loop
vertex 28.18178367614746 -36.04814529418945 1.7000000476837158
vertex 28.08423614501953 -35.902156829833984 1.7000000476837158
vertex 28.18178367614746 -35.41175079345703 1.7000000476837158
endloop
endfacet
facet normal -0.9807852845629332 -0.19509030110388895 0
outer loop
vertex 28.915727615356445 -35.557743072509766 0
vertex 28.949981689453125 -35.729949951171875 0
vertex 28.949981689453125 -35.729949951171875 1.7000000476837158
endloop
endfacet
facet normal 0.1951007507126451 -0.9807832059488795 0
outer loop
vertex 28.499980926513672 -35.27994918823242 0
vertex 28.499980926513672 -35.27994918823242 1.7000000476837158
vertex 28.327774047851562 -35.314205169677734 0
endloop
endfacet
facet normal -0.5555572457639897 -0.8314782899626002 0
outer loop
vertex 28.67218780517578 -35.314205169677734 1.7000000476837158
vertex 28.67218780517578 -35.314205169677734 0
vertex 28.818180084228516 -35.41175079345703 1.7000000476837158
endloop
endfacet
facet normal -0.8314665660174577 0.5555747920803612 0
outer loop
vertex 28.915727615356445 -35.902156829833984 1.7000000476837158
vertex 28.915727615356445 -35.902156829833984 0
vertex 28.818180084228516 -36.04814529418945 1.7000000476837158
endloop
endfacet
facet normal -0.1951007507126451 -0.9807832059488795 0
outer loop
vertex 28.499980926513672 -35.27994918823242 1.7000000476837158
vertex 28.499980926513672 -35.27994918823242 0
vertex 28.67218780517578 -35.314205169677734 1.7000000476837158
endloop
endfacet
facet normal 0.1951007507126451 -0.9807832059488795 0
outer loop
vertex 28.327774047851562 -35.314205169677734 1.7000000476837158
vertex 28.327774047851562 -35.314205169677734 0
vertex 28.499980926513672 -35.27994918823242 1.7000000476837158
endloop
endfacet
facet normal 0 0 -1
outer loop
vertex 28.327774047851562 -36.145694732666016 1.7000000476837158
vertex 28.18178367614746 -36.04814529418945 1.7000000476837158
vertex 28.327774047851562 -35.314205169677734 1.7000000476837158
endloop
endfacet
facet normal 0 0 -1
outer loop
vertex 28.499980926513672 -36.17995071411133 1.7000000476837158
vertex 28.327774047851562 -36.145694732666016 1.7000000476837158
vertex 28.499980926513672 -35.27994918823242 1.7000000476837158
endloop
endfacet
facet normal 0 0 -1
outer loop
vertex 28.67218780517578 -36.145694732666016 1.7000000476837158
vertex 28.499980926513672 -36.17995071411133 1.7000000476837158
vertex 28.67218780517578 -35.314205169677734 1.7000000476837158
endloop
endfacet
facet normal 0 0 -1
outer loop
vertex 28.818180084228516 -36.04814529418945 1.7000000476837158
vertex 28.67218780517578 -36.145694732666016 1.7000000476837158
vertex 28.818180084228516 -35.41175079345703 1.7000000476837158
endloop
endfacet
facet normal 0 0 -1
outer loop
vertex 28.915727615356445 -35.902156829833984 1.7000000476837158
vertex 28.818180084228516 -36.04814529418945 1.7000000476837158
vertex 28.915727615356445 -35.557743072509766 1.7000000476837158
endloop
endfacet
facet normal 0 0 -1
outer loop
vertex 28.818180084228516 -35.41175079345703 1.7000000476837158
vertex 28.915727615356445 -35.557743072509766 1.7000000476837158
vertex 28.818180084228516 -36.04814529418945 1.7000000476837158
endloop
endfacet
facet normal 0 0 -1
outer loop
vertex 28.949981689453125 -35.729949951171875 1.7000000476837158
vertex 28.915727615356445 -35.902156829833984 1.7000000476837158
vertex 28.915727615356445 -35.557743072509766 1.7000000476837158
endloop
endfacet
facet normal 0.5555622638012966 -0.8314749371087372 0
outer loop
vertex 28.18178367614746 -35.41175079345703 1.7000000476837158
vertex 28.18178367614746 -35.41175079345703 0
vertex 28.327774047851562 -35.314205169677734 1.7000000476837158
endloop
endfacet
facet normal 0.8314665660174577 0.5555747920803612 0
outer loop
vertex 28.18178367614746 -36.04814529418945 1.7000000476837158
vertex 28.18178367614746 -36.04814529418945 0
vertex 28.08423614501953 -35.902156829833984 1.7000000476837158
endloop
endfacet
facet normal -0.9807852845629332 0.19509030110388895 0
outer loop
vertex 28.949981689453125 -35.729949951171875 1.7000000476837158
vertex 28.949981689453125 -35.729949951171875 0
vertex 28.915727615356445 -35.902156829833984 1.7000000476837158
endloop
endfacet
facet normal -0.1951007507126451 -0.9807832059488795 0
outer loop
vertex 28.67218780517578 -35.314205169677734 0
vertex 28.67218780517578 -35.314205169677734 1.7000000476837158
vertex 28.499980926513672 -35.27994918823242 0
endloop
endfacet
facet normal 0.8314732719568675 -0.5555647559208026 0
outer loop
vertex 28.08423614501953 -35.557743072509766 1.7000000476837158
vertex 28.08423614501953 -35.557743072509766 0
vertex 28.18178367614746 -35.41175079345703 1.7000000476837158
endloop
endfacet
facet normal 0.8314732719568675 -0.5555647559208026 0
outer loop
vertex 28.18178367614746 -35.41175079345703 0
vertex 28.18178367614746 -35.41175079345703 1.7000000476837158
vertex 28.08423614501953 -35.557743072509766 0
endloop
endfacet
facet normal -0.8314732719568675 -0.5555647559208026 0
outer loop
vertex 28.818180084228516 -35.41175079345703 0
vertex 28.915727615356445 -35.557743072509766 0
vertex 28.915727615356445 -35.557743072509766 1.7000000476837158
endloop
endfacet
facet normal 0 0 -1
outer loop
vertex 28.18178367614746 -35.41175079345703 1.7000000476837158
vertex 28.08423614501953 -35.902156829833984 1.7000000476837158
vertex 28.08423614501953 -35.557743072509766 1.7000000476837158
endloop
endfacet
facet normal 0 0 -1
outer loop
vertex 28.818180084228516 -35.41175079345703 1.7000000476837158
vertex 28.67218780517578 -36.145694732666016 1.7000000476837158
vertex 28.67218780517578 -35.314205169677734 1.7000000476837158
endloop
endfacet
facet normal 0 0 -1
outer loop
vertex 28.67218780517578 -35.314205169677734 1.7000000476837158
vertex 28.499980926513672 -36.17995071411133 1.7000000476837158
vertex 28.499980926513672 -35.27994918823242 1.7000000476837158
endloop
endfacet
facet normal 0 0 -1
outer loop
vertex 28.327774047851562 -35.314205169677734 1.7000000476837158
vertex 28.18178367614746 -36.04814529418945 1.7000000476837158
vertex 28.18178367614746 -35.41175079345703 1.7000000476837158
endloop
endfacet
facet normal 0.5555622638012966 -0.8314749371087372 0
outer loop
vertex 28.327774047851562 -34.04420471191406 0
vertex 28.327774047851562 -34.04420471191406 1.7000000476837158
vertex 28.18178367614746 -34.14175033569336 0
endloop
endfacet
facet normal -0.8314732719568675 0.5555647559208026 0
outer loop
vertex 28.915727615356445 -34.63215637207031 1.7000000476837158
vertex 28.915727615356445 -34.63215637207031 0
vertex 28.818180084228516 -34.77814865112305 1.7000000476837158
endloop
endfacet
facet normal 0 0 -1
outer loop
vertex 28.08423614501953 -34.63215637207031 1.7000000476837158
vertex 28.04998207092285 -34.4599494934082 1.7000000476837158
vertex 28.08423614501953 -34.287742614746094 1.7000000476837158
endloop
endfacet
facet normal 0 0 -1
outer loop
vertex 28.18178367614746 -34.77814865112305 1.7000000476837158
vertex 28.08423614501953 -34.63215637207031 1.7000000476837158
vertex 28.18178367614746 -34.14175033569336 1.7000000476837158
endloop
endfacet
facet normal 0 0 -1
outer loop
vertex 28.327774047851562 -34.875694274902344 1.7000000476837158
vertex 28.18178367614746 -34.77814865112305 1.7000000476837158
vertex 28.327774047851562 -34.04420471191406 1.7000000476837158
endloop
endfacet
facet normal -0.9807852845629332 -0.19509030110388895 0
outer loop
vertex 28.915727615356445 -34.287742614746094 1.7000000476837158
vertex 28.915727615356445 -34.287742614746094 0
vertex 28.949981689453125 -34.4599494934082 1.7000000476837158
endloop
endfacet
facet normal 0 0 -1
outer loop
vertex 28.499980926513672 -34.909950256347656 1.7000000476837158
vertex 28.327774047851562 -34.875694274902344 1.7000000476837158
vertex 28.499980926513672 -34.00994873046875 1.7000000476837158
endloop
endfacet
facet normal 0 0 -1
outer loop
vertex 28.67218780517578 -34.875694274902344 1.7000000476837158
vertex 28.499980926513672 -34.909950256347656 1.7000000476837158
vertex 28.67218780517578 -34.04420471191406 1.7000000476837158
endloop
endfacet
facet normal 0.5555622638012966 0.8314749371087372 0
outer loop
vertex 28.327774047851562 -34.875694274902344 1.7000000476837158
vertex 28.327774047851562 -34.875694274902344 0
vertex 28.18178367614746 -34.77814865112305 1.7000000476837158
endloop
endfacet
facet normal 0 0 -1
outer loop
vertex 28.327774047851562 -34.04420471191406 1.7000000476837158
vertex 28.18178367614746 -34.77814865112305 1.7000000476837158
vertex 28.18178367614746 -34.14175033569336 1.7000000476837158
endloop
endfacet
facet normal 0 0 -1
outer loop
vertex 28.499980926513672 -34.00994873046875 1.7000000476837158
vertex 28.327774047851562 -34.875694274902344 1.7000000476837158
vertex 28.327774047851562 -34.04420471191406 1.7000000476837158
endloop
endfacet
facet normal 0 0 -1
outer loop
vertex 28.499980926513672 -34.00994873046875 1.7000000476837158
vertex 28.67218780517578 -34.04420471191406 1.7000000476837158
vertex 28.499980926513672 -34.909950256347656 1.7000000476837158
endloop
endfacet
facet normal 0 0 -1
outer loop
vertex 28.67218780517578 -34.875694274902344 1.7000000476837158
vertex 28.67218780517578 -34.04420471191406 1.7000000476837158
vertex 28.818180084228516 -34.14175033569336 1.7000000476837158
endloop
endfacet
facet normal 0.5555622638012966 0.8314749371087372 0
outer loop
vertex 28.327774047851562 -34.875694274902344 0
vertex 28.18178367614746 -34.77814865112305 0
vertex 28.18178367614746 -34.77814865112305 1.7000000476837158
endloop
endfacet
facet normal 0 0 -1
outer loop
vertex 28.818180084228516 -34.77814865112305 1.7000000476837158
vertex 28.67218780517578 -34.875694274902344 1.7000000476837158
vertex 28.818180084228516 -34.14175033569336 1.7000000476837158
endloop
endfacet
facet normal 0 0 -1
outer loop
vertex 28.915727615356445 -34.63215637207031 1.7000000476837158
vertex 28.818180084228516 -34.77814865112305 1.7000000476837158
vertex 28.915727615356445 -34.287742614746094 1.7000000476837158
endloop
endfacet
facet normal 0 0 -1
outer loop
vertex 28.818180084228516 -34.14175033569336 1.7000000476837158
vertex 28.915727615356445 -34.287742614746094 1.7000000476837158
vertex 28.818180084228516 -34.77814865112305 1.7000000476837158
endloop
endfacet
facet normal 0 0 -1
outer loop
vertex 28.949981689453125 -34.4599494934082 1.7000000476837158
vertex 28.915727615356445 -34.63215637207031 1.7000000476837158
vertex 28.915727615356445 -34.287742614746094 1.7000000476837158
endloop
endfacet
facet normal 0.8314732719568675 0.5555647559208026 0
outer loop
vertex 28.08423614501953 -34.63215637207031 0
vertex 28.08423614501953 -34.63215637207031 1.7000000476837158
vertex 28.18178367614746 -34.77814865112305 0
endloop
endfacet
facet normal 0.8314732719568675 0.5555647559208026 0
outer loop
vertex 28.18178367614746 -34.77814865112305 1.7000000476837158
vertex 28.18178367614746 -34.77814865112305 0
vertex 28.08423614501953 -34.63215637207031 1.7000000476837158
endloop
endfacet
facet normal 0.9807852845629332 0.19509030110388895 0
outer loop
vertex 28.08423614501953 -34.63215637207031 1.7000000476837158
vertex 28.08423614501953 -34.63215637207031 0
vertex 28.04998207092285 -34.4599494934082 1.7000000476837158
endloop
endfacet
facet normal -0.1951007507126451 0.9807832059488795 0
outer loop
vertex 28.67218780517578 -34.875694274902344 1.7000000476837158
vertex 28.67218780517578 -34.875694274902344 0
vertex 28.499980926513672 -34.909950256347656 1.7000000476837158
endloop
endfacet
facet normal 0.9807852845629332 -0.19509030110388895 0
outer loop
vertex 28.04998207092285 -34.4599494934082 1.7000000476837158
vertex 28.04998207092285 -34.4599494934082 0
vertex 28.08423614501953 -34.287742614746094 1.7000000476837158
endloop
endfacet
facet normal 0.8314732719568675 -0.5555647559208026 0
outer loop
vertex 28.08423614501953 -34.287742614746094 1.7000000476837158
vertex 28.08423614501953 -34.287742614746094 0
vertex 28.18178367614746 -34.14175033569336 1.7000000476837158
endloop
endfacet
facet normal 0.9807852845629332 0.19509030110388895 0
outer loop
vertex 28.04998207092285 -34.4599494934082 0
vertex 28.04998207092285 -34.4599494934082 1.7000000476837158
vertex 28.08423614501953 -34.63215637207031 0
endloop
endfacet
facet normal 0.9807852845629332 -0.19509030110388895 0
outer loop
vertex 28.08423614501953 -34.287742614746094 0
vertex 28.08423614501953 -34.287742614746094 1.7000000476837158
vertex 28.04998207092285 -34.4599494934082 0
endloop
endfacet
facet normal 0.5555622638012966 -0.8314749371087372 0
outer loop
vertex 28.18178367614746 -34.14175033569336 1.7000000476837158
vertex 28.18178367614746 -34.14175033569336 0
vertex 28.327774047851562 -34.04420471191406 1.7000000476837158
endloop
endfacet
facet normal 0.1951007507126451 -0.9807832059488795 0
outer loop
vertex 28.327774047851562 -34.04420471191406 1.7000000476837158
vertex 28.327774047851562 -34.04420471191406 0
vertex 28.499980926513672 -34.00994873046875 1.7000000476837158
endloop
endfacet
facet normal -0.5555572457639897 -0.8314782899626002 0
outer loop
vertex 28.67218780517578 -34.04420471191406 1.7000000476837158
vertex 28.67218780517578 -34.04420471191406 0
vertex 28.818180084228516 -34.14175033569336 1.7000000476837158
endloop
endfacet
facet normal 0.8314732719568675 -0.5555647559208026 0
outer loop
vertex 28.18178367614746 -34.14175033569336 0
vertex 28.18178367614746 -34.14175033569336 1.7000000476837158
vertex 28.08423614501953 -34.287742614746094 0
endloop
endfacet
facet normal -0.8314732719568675 -0.5555647559208026 0
outer loop
vertex 28.818180084228516 -34.14175033569336 0
vertex 28.915727615356445 -34.287742614746094 0
vertex 28.915727615356445 -34.287742614746094 1.7000000476837158
endloop
endfacet
facet normal -0.9807852845629332 -0.19509030110388895 0
outer loop
vertex 28.915727615356445 -34.287742614746094 0
vertex 28.949981689453125 -34.4599494934082 0
vertex 28.949981689453125 -34.4599494934082 1.7000000476837158
endloop
endfacet
facet normal -0.9807852845629332 0.19509030110388895 0
outer loop
vertex 28.949981689453125 -34.4599494934082 0
vertex 28.915727615356445 -34.63215637207031 0
vertex 28.915727615356445 -34.63215637207031 1.7000000476837158
endloop
endfacet
facet normal -0.1951007507126451 -0.9807832059488795 0
outer loop
vertex 28.499980926513672 -34.00994873046875 1.7000000476837158
vertex 28.499980926513672 -34.00994873046875 0
vertex 28.67218780517578 -34.04420471191406 1.7000000476837158
endloop
endfacet
facet normal -0.8314732719568675 0.5555647559208026 0
outer loop
vertex 28.915727615356445 -34.63215637207031 0
vertex 28.818180084228516 -34.77814865112305 0
vertex 28.818180084228516 -34.77814865112305 1.7000000476837158
endloop
endfacet
facet normal -0.5555572457639897 0.8314782899626002 0
outer loop
vertex 28.818180084228516 -34.77814865112305 0
vertex 28.67218780517578 -34.875694274902344 0
vertex 28.67218780517578 -34.875694274902344 1.7000000476837158
endloop
endfacet
facet normal -0.5555572457639897 -0.8314782899626002 0
outer loop
vertex 28.818180084228516 -34.14175033569336 0
vertex 28.818180084228516 -34.14175033569336 1.7000000476837158
vertex 28.67218780517578 -34.04420471191406 0
endloop
endfacet
facet normal -0.1951007507126451 -0.9807832059488795 0
outer loop
vertex 28.499980926513672 -34.00994873046875 0
vertex 28.67218780517578 -34.04420471191406 0
vertex 28.67218780517578 -34.04420471191406 1.7000000476837158
endloop
endfacet
facet normal -0.1951007507126451 0.9807832059488795 0
outer loop
vertex 28.67218780517578 -34.875694274902344 0
vertex 28.499980926513672 -34.909950256347656 0
vertex 28.499980926513672 -34.909950256347656 1.7000000476837158
endloop
endfacet
facet normal 0.1951007507126451 0.9807832059488795 0
outer loop
vertex 28.499980926513672 -34.909950256347656 0
vertex 28.327774047851562 -34.875694274902344 0
vertex 28.327774047851562 -34.875694274902344 1.7000000476837158
endloop
endfacet
facet normal 0.1951007507126451 0.9807832059488795 0
outer loop
vertex 28.499980926513672 -34.909950256347656 1.7000000476837158
vertex 28.499980926513672 -34.909950256347656 0
vertex 28.327774047851562 -34.875694274902344 1.7000000476837158
endloop
endfacet
facet normal -0.8314732719568675 -0.5555647559208026 0
outer loop
vertex 28.818180084228516 -34.14175033569336 1.7000000476837158
vertex 28.818180084228516 -34.14175033569336 0
vertex 28.915727615356445 -34.287742614746094 1.7000000476837158
endloop
endfacet
facet normal 0.1951007507126451 -0.9807832059488795 0
outer loop
vertex 28.499980926513672 -34.00994873046875 0
vertex 28.499980926513672 -34.00994873046875 1.7000000476837158
vertex 28.327774047851562 -34.04420471191406 0
endloop
endfacet
facet normal -0.5555572457639897 0.8314782899626002 0
outer loop
vertex 28.818180084228516 -34.77814865112305 1.7000000476837158
vertex 28.818180084228516 -34.77814865112305 0
vertex 28.67218780517578 -34.875694274902344 1.7000000476837158
endloop
endfacet
facet normal -0.9807852845629332 0.19509030110388895 0
outer loop
vertex 28.949981689453125 -34.4599494934082 1.7000000476837158
vertex 28.949981689453125 -34.4599494934082 0
vertex 28.915727615356445 -34.63215637207031 1.7000000476837158
endloop
endfacet
facet normal 0 0 -1
outer loop
vertex 28.18178367614746 -34.14175033569336 1.7000000476837158
vertex 28.08423614501953 -34.63215637207031 1.7000000476837158
vertex 28.08423614501953 -34.287742614746094 1.7000000476837158
endloop
endfacet
facet normal -0.1951007507126451 -0.9807832059488795 0
outer loop
vertex 28.499980926513672 -32.73994827270508 1.7000000476837158
vertex 28.499980926513672 -32.73994827270508 0
vertex 28.67218780517578 -32.77420425415039 1.7000000476837158
endloop
endfacet
facet normal 0.9807852845629332 -0.19509030110388895 0
outer loop
vertex 28.04998207092285 -33.18994903564453 1.7000000476837158
vertex 28.04998207092285 -33.18994903564453 0
vertex 28.08423614501953 -33.01774215698242 1.7000000476837158
endloop
endfacet
facet normal 0.1951007507126451 -0.9807832059488795 0
outer loop
vertex 28.327774047851562 -32.77420425415039 1.7000000476837158
vertex 28.327774047851562 -32.77420425415039 0
vertex 28.499980926513672 -32.73994827270508 1.7000000476837158
endloop
endfacet
facet normal 0.8314732719568675 0.5555647559208026 0
outer loop
vertex 28.08423614501953 -33.36215591430664 0
vertex 28.08423614501953 -33.36215591430664 1.7000000476837158
vertex 28.18178367614746 -33.508148193359375 0
endloop
endfacet
facet normal 0.8314732719568675 0.5555647559208026 0
outer loop
vertex 28.18178367614746 -33.508148193359375 1.7000000476837158
vertex 28.18178367614746 -33.508148193359375 0
vertex 28.08423614501953 -33.36215591430664 1.7000000476837158
endloop
endfacet
facet normal 0.9807852845629332 0.19509030110388895 0
outer loop
vertex 28.04998207092285 -33.18994903564453 0
vertex 28.04998207092285 -33.18994903564453 1.7000000476837158
vertex 28.08423614501953 -33.36215591430664 0
endloop
endfacet
facet normal 0.9807852845629332 -0.19509030110388895 0
outer loop
vertex 28.08423614501953 -33.01774215698242 0
vertex 28.08423614501953 -33.01774215698242 1.7000000476837158
vertex 28.04998207092285 -33.18994903564453 0
endloop
endfacet
facet normal 0.8314732719568675 -0.5555647559208026 0
outer loop
vertex 28.18178367614746 -32.87174987792969 0
vertex 28.18178367614746 -32.87174987792969 1.7000000476837158
vertex 28.08423614501953 -33.01774215698242 0
endloop
endfacet
facet normal 0.5555622638012966 0.8314749371087372 0
outer loop
vertex 28.327774047851562 -33.60569381713867 1.7000000476837158
vertex 28.327774047851562 -33.60569381713867 0
vertex 28.18178367614746 -33.508148193359375 1.7000000476837158
endloop
endfacet
facet normal 0.1951007507126451 0.9807832059488795 0
outer loop
vertex 28.499980926513672 -33.639949798583984 1.7000000476837158
vertex 28.499980926513672 -33.639949798583984 0
vertex 28.327774047851562 -33.60569381713867 1.7000000476837158
endloop
endfacet
facet normal 0.5555622638012966 0.8314749371087372 0
outer loop
vertex 28.327774047851562 -33.60569381713867 0
vertex 28.18178367614746 -33.508148193359375 0
vertex 28.18178367614746 -33.508148193359375 1.7000000476837158
endloop
endfacet
facet normal 0.1951007507126451 0.9807832059488795 0
outer loop
vertex 28.499980926513672 -33.639949798583984 0
vertex 28.327774047851562 -33.60569381713867 0
vertex 28.327774047851562 -33.60569381713867 1.7000000476837158
endloop
endfacet
facet normal -0.1951007507126451 0.9807832059488795 0
outer loop
vertex 28.67218780517578 -33.60569381713867 0
vertex 28.499980926513672 -33.639949798583984 0
vertex 28.499980926513672 -33.639949798583984 1.7000000476837158
endloop
endfacet
facet normal -0.5555572457639897 0.8314782899626002 0
outer loop
vertex 28.818180084228516 -33.508148193359375 0
vertex 28.67218780517578 -33.60569381713867 0
vertex 28.67218780517578 -33.60569381713867 1.7000000476837158
endloop
endfacet
facet normal 0.5555622638012966 -0.8314749371087372 0
outer loop
vertex 28.327774047851562 -32.77420425415039 0
vertex 28.327774047851562 -32.77420425415039 1.7000000476837158
vertex 28.18178367614746 -32.87174987792969 0
endloop
endfacet
facet normal -0.8314732719568675 0.5555647559208026 0
outer loop
vertex 28.915727615356445 -33.36215591430664 0
vertex 28.818180084228516 -33.508148193359375 0
vertex 28.818180084228516 -33.508148193359375 1.7000000476837158
endloop
endfacet
facet normal -0.9807852845629332 0.19509030110388895 0
outer loop
vertex 28.949981689453125 -33.18994903564453 0
vertex 28.915727615356445 -33.36215591430664 0
vertex 28.915727615356445 -33.36215591430664 1.7000000476837158
endloop
endfacet
facet normal -0.8314732719568675 -0.5555647559208026 0
outer loop
vertex 28.818180084228516 -32.87174987792969 0
vertex 28.915727615356445 -33.01774215698242 0
vertex 28.915727615356445 -33.01774215698242 1.7000000476837158
endloop
endfacet
facet normal -0.9807852845629332 -0.19509030110388895 0
outer loop
vertex 28.915727615356445 -33.01774215698242 0
vertex 28.949981689453125 -33.18994903564453 0
vertex 28.949981689453125 -33.18994903564453 1.7000000476837158
endloop
endfacet
facet normal -0.5555572457639897 -0.8314782899626002 0
outer loop
vertex 28.67218780517578 -32.77420425415039 0
vertex 28.818180084228516 -32.87174987792969 0
vertex 28.818180084228516 -32.87174987792969 1.7000000476837158
endloop
endfacet
facet normal 0.1951007507126451 -0.9807832059488795 0
outer loop
vertex 28.499980926513672 -32.73994827270508 0
vertex 28.499980926513672 -32.73994827270508 1.7000000476837158
vertex 28.327774047851562 -32.77420425415039 0
endloop
endfacet
facet normal 0 0 -1
outer loop
vertex 28.18178367614746 -33.508148193359375 1.7000000476837158
vertex 28.08423614501953 -33.36215591430664 1.7000000476837158
vertex 28.18178367614746 -32.87174987792969 1.7000000476837158
endloop
endfacet
facet normal 0 0 -1
outer loop
vertex 28.08423614501953 -33.36215591430664 1.7000000476837158
vertex 28.04998207092285 -33.18994903564453 1.7000000476837158
vertex 28.08423614501953 -33.01774215698242 1.7000000476837158
endloop
endfacet
facet normal 0 0 -1
outer loop
vertex 28.18178367614746 -32.87174987792969 1.7000000476837158
vertex 28.08423614501953 -33.36215591430664 1.7000000476837158
vertex 28.08423614501953 -33.01774215698242 1.7000000476837158
endloop
endfacet
facet normal 0 0 -1
outer loop
vertex 28.499980926513672 -33.639949798583984 1.7000000476837158
vertex 28.327774047851562 -33.60569381713867 1.7000000476837158
vertex 28.499980926513672 -32.73994827270508 1.7000000476837158
endloop
endfacet
facet normal 0 0 -1
outer loop
vertex 28.327774047851562 -33.60569381713867 1.7000000476837158
vertex 28.18178367614746 -33.508148193359375 1.7000000476837158
vertex 28.327774047851562 -32.77420425415039 1.7000000476837158
endloop
endfacet
facet normal 0 0 -1
outer loop
vertex 28.67218780517578 -33.60569381713867 1.7000000476837158
vertex 28.499980926513672 -33.639949798583984 1.7000000476837158
vertex 28.67218780517578 -32.77420425415039 1.7000000476837158
endloop
endfacet
facet normal 0 0 -1
outer loop
vertex 28.327774047851562 -32.77420425415039 1.7000000476837158
vertex 28.18178367614746 -33.508148193359375 1.7000000476837158
vertex 28.18178367614746 -32.87174987792969 1.7000000476837158
endloop
endfacet
facet normal 0 0 -1
outer loop
vertex 28.499980926513672 -32.73994827270508 1.7000000476837158
vertex 28.327774047851562 -33.60569381713867 1.7000000476837158
vertex 28.327774047851562 -32.77420425415039 1.7000000476837158
endloop
endfacet
facet normal 0 0 -1
outer loop
vertex 28.67218780517578 -32.77420425415039 1.7000000476837158
vertex 28.499980926513672 -33.639949798583984 1.7000000476837158
vertex 28.499980926513672 -32.73994827270508 1.7000000476837158
endloop
endfacet
facet normal 0 0 -1
outer loop
vertex 28.67218780517578 -32.77420425415039 1.7000000476837158
vertex 28.818180084228516 -32.87174987792969 1.7000000476837158
vertex 28.67218780517578 -33.60569381713867 1.7000000476837158
endloop
endfacet
facet normal 0 0 -1
outer loop
vertex 28.818180084228516 -33.508148193359375 1.7000000476837158
vertex 28.67218780517578 -33.60569381713867 1.7000000476837158
vertex 28.818180084228516 -32.87174987792969 1.7000000476837158
endloop
endfacet
facet normal 0 0 -1
outer loop
vertex 28.915727615356445 -33.36215591430664 1.7000000476837158
vertex 28.818180084228516 -33.508148193359375 1.7000000476837158
vertex 28.915727615356445 -33.01774215698242 1.7000000476837158
endloop
endfacet
facet normal 0 0 -1
outer loop
vertex 28.949981689453125 -33.18994903564453 1.7000000476837158
vertex 28.915727615356445 -33.36215591430664 1.7000000476837158
vertex 28.915727615356445 -33.01774215698242 1.7000000476837158
endloop
endfacet
facet normal 0 0 -1
outer loop
vertex 28.818180084228516 -32.87174987792969 1.7000000476837158
vertex 28.915727615356445 -33.01774215698242 1.7000000476837158
vertex 28.818180084228516 -33.508148193359375 1.7000000476837158
endloop
endfacet
facet normal -0.1951007507126451 0.9807832059488795 0
outer loop
vertex 28.67218780517578 -33.60569381713867 1.7000000476837158
vertex 28.67218780517578 -33.60569381713867 0
vertex 28.499980926513672 -33.639949798583984 1.7000000476837158
endloop
endfacet
facet normal -0.5555572457639897 0.8314782899626002 0
outer loop
vertex 28.818180084228516 -33.508148193359375 1.7000000476837158
vertex 28.818180084228516 -33.508148193359375 0
vertex 28.67218780517578 -33.60569381713867 1.7000000476837158
endloop
endfacet
facet normal 0.5555622638012966 -0.8314749371087372 0
outer loop
vertex 28.18178367614746 -32.87174987792969 1.7000000476837158
vertex 28.18178367614746 -32.87174987792969 0
vertex 28.327774047851562 -32.77420425415039 1.7000000476837158
endloop
endfacet
facet normal -0.5555572457639897 -0.8314782899626002 0
outer loop
vertex 28.67218780517578 -32.77420425415039 1.7000000476837158
vertex 28.67218780517578 -32.77420425415039 0
vertex 28.818180084228516 -32.87174987792969 1.7000000476837158
endloop
endfacet
facet normal -0.8314732719568675 0.5555647559208026 0
outer loop
vertex 28.915727615356445 -33.36215591430664 1.7000000476837158
vertex 28.915727615356445 -33.36215591430664 0
vertex 28.818180084228516 -33.508148193359375 1.7000000476837158
endloop
endfacet
facet normal -0.9807852845629332 0.19509030110388895 0
outer loop
vertex 28.949981689453125 -33.18994903564453 1.7000000476837158
vertex 28.949981689453125 -33.18994903564453 0
vertex 28.915727615356445 -33.36215591430664 1.7000000476837158
endloop
endfacet
facet normal -0.9807852845629332 -0.19509030110388895 0
outer loop
vertex 28.915727615356445 -33.01774215698242 1.7000000476837158
vertex 28.915727615356445 -33.01774215698242 0
vertex 28.949981689453125 -33.18994903564453 1.7000000476837158
endloop
endfacet
facet normal -0.8314732719568675 -0.5555647559208026 0
outer loop
vertex 28.818180084228516 -32.87174987792969 1.7000000476837158
vertex 28.818180084228516 -32.87174987792969 0
vertex 28.915727615356445 -33.01774215698242 1.7000000476837158
endloop
endfacet
facet normal 0.8314732719568675 -0.5555647559208026 0
outer loop
vertex 28.08423614501953 -33.01774215698242 1.7000000476837158
vertex 28.08423614501953 -33.01774215698242 0
vertex 28.18178367614746 -32.87174987792969 1.7000000476837158
endloop
endfacet
facet normal 0.9807852845629332 0.19509030110388895 0
outer loop
vertex 28.08423614501953 -33.36215591430664 1.7000000476837158
vertex 28.08423614501953 -33.36215591430664 0
vertex 28.04998207092285 -33.18994903564453 1.7000000476837158
endloop
endfacet
facet normal -0.1951007507126451 -0.9807832059488795 0
outer loop
vertex 28.67218780517578 -32.77420425415039 0
vertex 28.67218780517578 -32.77420425415039 1.7000000476837158
vertex 28.499980926513672 -32.73994827270508 0
endloop
endfacet
facet normal 0.5555622638012966 0.8314749371087372 0
outer loop
vertex 28.327774047851562 -32.335693359375 0
vertex 28.18178367614746 -32.2381477355957 0
vertex 28.18178367614746 -32.2381477355957 1.7000000476837158
endloop
endfacet
facet normal 0.8314732719568675 0.5555647559208026 0
outer loop
vertex 28.18178367614746 -32.2381477355957 1.7000000476837158
vertex 28.18178367614746 -32.2381477355957 0
vertex 28.08423614501953 -32.09215545654297 1.7000000476837158
endloop
endfacet
facet normal -0.9807852845629332 -0.19509030110388895 0
outer loop
vertex 28.915727615356445 -31.74774169921875 1.7000000476837158
vertex 28.915727615356445 -31.74774169921875 0
vertex 28.949981689453125 -31.91994857788086 1.7000000476837158
endloop
endfacet
facet normal 0 0 -1
outer loop
vertex 28.18178367614746 -32.2381477355957 1.7000000476837158
vertex 28.08423614501953 -32.09215545654297 1.7000000476837158
vertex 28.18178367614746 -31.60175132751465 1.7000000476837158
endloop
endfacet
facet normal 0.8314699190325903 -0.555569773965375 0
outer loop
vertex 28.18178367614746 -31.60175132751465 0
vertex 28.18178367614746 -31.60175132751465 1.7000000476837158
vertex 28.08423614501953 -31.74774169921875 0
endloop
endfacet
facet normal 0.9807852845629332 -0.19509030110388895 0
outer loop
vertex 28.08423614501953 -31.74774169921875 0
vertex 28.08423614501953 -31.74774169921875 1.7000000476837158
vertex 28.04998207092285 -31.91994857788086 0
endloop
endfacet
facet normal 0.9807852845629332 0.19509030110388895 0
outer loop
vertex 28.04998207092285 -31.91994857788086 0
vertex 28.04998207092285 -31.91994857788086 1.7000000476837158
vertex 28.08423614501953 -32.09215545654297 0
endloop
endfacet
facet normal 0.8314732719568675 0.5555647559208026 0
outer loop
vertex 28.08423614501953 -32.09215545654297 0
vertex 28.08423614501953 -32.09215545654297 1.7000000476837158
vertex 28.18178367614746 -32.2381477355957 0
endloop
endfacet
facet normal -0.5555572457639897 0.8314782899626002 0
outer loop
vertex 28.818180084228516 -32.2381477355957 0
vertex 28.67218780517578 -32.335693359375 0
vertex 28.67218780517578 -32.335693359375 1.7000000476837158
endloop
endfacet
facet normal -0.8314732719568675 0.5555647559208026 0
outer loop
vertex 28.915727615356445 -32.09215545654297 0
vertex 28.818180084228516 -32.2381477355957 0
vertex 28.818180084228516 -32.2381477355957 1.7000000476837158
endloop
endfacet
facet normal 0.555569773965375 -0.8314699190325903 0
outer loop
vertex 28.327774047851562 -31.50420379638672 0
vertex 28.327774047851562 -31.50420379638672 1.7000000476837158
vertex 28.18178367614746 -31.60175132751465 0
endloop
endfacet
facet normal 0.19509030110388895 -0.9807852845629332 0
outer loop
vertex 28.499980926513672 -31.46994972229004 0
vertex 28.499980926513672 -31.46994972229004 1.7000000476837158
vertex 28.327774047851562 -31.50420379638672 0
endloop
endfacet
facet normal -0.19509030110388895 -0.9807852845629332 0
outer loop
vertex 28.67218780517578 -31.50420379638672 0
vertex 28.67218780517578 -31.50420379638672 1.7000000476837158
vertex 28.499980926513672 -31.46994972229004 0
endloop
endfacet
facet normal -0.9807852845629332 0.19509030110388895 0
outer loop
vertex 28.949981689453125 -31.91994857788086 0
vertex 28.915727615356445 -32.09215545654297 0
vertex 28.915727615356445 -32.09215545654297 1.7000000476837158
endloop
endfacet
facet normal -0.9807852845629332 -0.19509030110388895 0
outer loop
vertex 28.915727615356445 -31.74774169921875 0
vertex 28.949981689453125 -31.91994857788086 0
vertex 28.949981689453125 -31.91994857788086 1.7000000476837158
endloop
endfacet
facet normal -0.8314699190325903 -0.555569773965375 0
outer loop
vertex 28.818180084228516 -31.60175132751465 0
vertex 28.915727615356445 -31.74774169921875 0
vertex 28.915727615356445 -31.74774169921875 1.7000000476837158
endloop
endfacet
facet normal -0.5555647559208026 -0.8314732719568675 0
outer loop
vertex 28.818180084228516 -31.60175132751465 0
vertex 28.818180084228516 -31.60175132751465 1.7000000476837158
vertex 28.67218780517578 -31.50420379638672 0
endloop
endfacet
facet normal -0.1951007507126451 0.9807832059488795 0
outer loop
vertex 28.67218780517578 -32.335693359375 0
vertex 28.499980926513672 -32.36994934082031 0
vertex 28.499980926513672 -32.36994934082031 1.7000000476837158
endloop
endfacet
facet normal 0 0 -1
outer loop
vertex 28.18178367614746 -31.60175132751465 1.7000000476837158
vertex 28.08423614501953 -32.09215545654297 1.7000000476837158
vertex 28.08423614501953 -31.74774169921875 1.7000000476837158
endloop
endfacet
facet normal 0 0 -1
outer loop
vertex 28.327774047851562 -32.335693359375 1.7000000476837158
vertex 28.18178367614746 -32.2381477355957 1.7000000476837158
vertex 28.327774047851562 -31.50420379638672 1.7000000476837158
endloop
endfacet
facet normal 0 0 -1
outer loop
vertex 28.499980926513672 -32.36994934082031 1.7000000476837158
vertex 28.327774047851562 -32.335693359375 1.7000000476837158
vertex 28.499980926513672 -31.46994972229004 1.7000000476837158
endloop
endfacet
facet normal 0 0 -1
outer loop
vertex 28.327774047851562 -31.50420379638672 1.7000000476837158
vertex 28.18178367614746 -32.2381477355957 1.7000000476837158
vertex 28.18178367614746 -31.60175132751465 1.7000000476837158
endloop
endfacet
facet normal 0 0 -1
outer loop
vertex 28.499980926513672 -31.46994972229004 1.7000000476837158
vertex 28.327774047851562 -32.335693359375 1.7000000476837158
vertex 28.327774047851562 -31.50420379638672 1.7000000476837158
endloop
endfacet
facet normal 0 0 -1
outer loop
vertex 28.67218780517578 -32.335693359375 1.7000000476837158
vertex 28.499980926513672 -32.36994934082031 1.7000000476837158
vertex 28.67218780517578 -31.50420379638672 1.7000000476837158
endloop
endfacet
facet normal 0 0 -1
outer loop
vertex 28.67218780517578 -31.50420379638672 1.7000000476837158
vertex 28.499980926513672 -32.36994934082031 1.7000000476837158
vertex 28.499980926513672 -31.46994972229004 1.7000000476837158
endloop
endfacet
facet normal 0 0 -1
outer loop
vertex 28.67218780517578 -32.335693359375 1.7000000476837158
vertex 28.67218780517578 -31.50420379638672 1.7000000476837158
vertex 28.818180084228516 -31.60175132751465 1.7000000476837158
endloop
endfacet
facet normal 0 0 -1
outer loop
vertex 28.818180084228516 -32.2381477355957 1.7000000476837158
vertex 28.67218780517578 -32.335693359375 1.7000000476837158
vertex 28.818180084228516 -31.60175132751465 1.7000000476837158
endloop
endfacet
facet normal 0 0 -1
outer loop
vertex 28.915727615356445 -32.09215545654297 1.7000000476837158
vertex 28.818180084228516 -32.2381477355957 1.7000000476837158
vertex 28.915727615356445 -31.74774169921875 1.7000000476837158
endloop
endfacet
facet normal 0 0 -1
outer loop
vertex 28.949981689453125 -31.91994857788086 1.7000000476837158
vertex 28.915727615356445 -32.09215545654297 1.7000000476837158
vertex 28.915727615356445 -31.74774169921875 1.7000000476837158
endloop
endfacet
facet normal 0 0 -1
outer loop
vertex 28.818180084228516 -31.60175132751465 1.7000000476837158
vertex 28.915727615356445 -31.74774169921875 1.7000000476837158
vertex 28.818180084228516 -32.2381477355957 1.7000000476837158
endloop
endfacet
facet normal 0.1951007507126451 0.9807832059488795 0
outer loop
vertex 28.499980926513672 -32.36994934082031 0
vertex 28.327774047851562 -32.335693359375 0
vertex 28.327774047851562 -32.335693359375 1.7000000476837158
endloop
endfacet
facet normal 0 0 -1
outer loop
vertex 28.08423614501953 -32.09215545654297 1.7000000476837158
vertex 28.04998207092285 -31.91994857788086 1.7000000476837158
vertex 28.08423614501953 -31.74774169921875 1.7000000476837158
endloop
endfacet
facet normal -0.9807852845629332 0.19509030110388895 0
outer loop
vertex 28.949981689453125 -31.91994857788086 1.7000000476837158
vertex 28.949981689453125 -31.91994857788086 0
vertex 28.915727615356445 -32.09215545654297 1.7000000476837158
endloop
endfacet
facet normal -0.5555647559208026 -0.8314732719568675 0
outer loop
vertex 28.67218780517578 -31.50420379638672 1.7000000476837158
vertex 28.67218780517578 -31.50420379638672 0
vertex 28.818180084228516 -31.60175132751465 1.7000000476837158
endloop
endfacet
facet normal -0.19509030110388895 -0.9807852845629332 0
outer loop
vertex 28.499980926513672 -31.46994972229004 1.7000000476837158
vertex 28.499980926513672 -31.46994972229004 0
vertex 28.67218780517578 -31.50420379638672 1.7000000476837158
endloop
endfacet
facet normal 0.19509030110388895 -0.9807852845629332 0
outer loop
vertex 28.327774047851562 -31.50420379638672 1.7000000476837158
vertex 28.327774047851562 -31.50420379638672 0
vertex 28.499980926513672 -31.46994972229004 1.7000000476837158
endloop
endfacet
facet normal 0.555569773965375 -0.8314699190325903 0
outer loop
vertex 28.18178367614746 -31.60175132751465 1.7000000476837158
vertex 28.18178367614746 -31.60175132751465 0
vertex 28.327774047851562 -31.50420379638672 1.7000000476837158
endloop
endfacet
facet normal -0.8314732719568675 0.5555647559208026 0
outer loop
vertex 28.915727615356445 -32.09215545654297 1.7000000476837158
vertex 28.915727615356445 -32.09215545654297 0
vertex 28.818180084228516 -32.2381477355957 1.7000000476837158
endloop
endfacet
facet normal -0.5555572457639897 0.8314782899626002 0
outer loop
vertex 28.818180084228516 -32.2381477355957 1.7000000476837158
vertex 28.818180084228516 -32.2381477355957 0
vertex 28.67218780517578 -32.335693359375 1.7000000476837158
endloop
endfacet
facet normal -0.1951007507126451 0.9807832059488795 0
outer loop
vertex 28.67218780517578 -32.335693359375 1.7000000476837158
vertex 28.67218780517578 -32.335693359375 0
vertex 28.499980926513672 -32.36994934082031 1.7000000476837158
endloop
endfacet
facet normal 0.1951007507126451 0.9807832059488795 0
outer loop
vertex 28.499980926513672 -32.36994934082031 1.7000000476837158
vertex 28.499980926513672 -32.36994934082031 0
vertex 28.327774047851562 -32.335693359375 1.7000000476837158
endloop
endfacet
facet normal 0.5555622638012966 0.8314749371087372 0
outer loop
vertex 28.327774047851562 -32.335693359375 1.7000000476837158
vertex 28.327774047851562 -32.335693359375 0
vertex 28.18178367614746 -32.2381477355957 1.7000000476837158
endloop
endfacet
facet normal 0.8314699190325903 -0.555569773965375 0
outer loop
vertex 28.08423614501953 -31.74774169921875 1.7000000476837158
vertex 28.08423614501953 -31.74774169921875 0
vertex 28.18178367614746 -31.60175132751465 1.7000000476837158
endloop
endfacet
facet normal 0.9807852845629332 -0.19509030110388895 0
outer loop
vertex 28.04998207092285 -31.91994857788086 1.7000000476837158
vertex 28.04998207092285 -31.91994857788086 0
vertex 28.08423614501953 -31.74774169921875 1.7000000476837158
endloop
endfacet
facet normal 0.9807852845629332 0.19509030110388895 0
outer loop
vertex 28.08423614501953 -32.09215545654297 1.7000000476837158
vertex 28.08423614501953 -32.09215545654297 0
vertex 28.04998207092285 -31.91994857788086 1.7000000476837158
endloop
endfacet
facet normal -0.8314699190325903 -0.555569773965375 0
outer loop
vertex 28.818180084228516 -31.60175132751465 1.7000000476837158
vertex 28.818180084228516 -31.60175132751465 0
vertex 28.915727615356445 -31.74774169921875 1.7000000476837158
endloop
endfacet
facet normal -0.5555647559208026 -0.8314732719568675 0
outer loop
vertex 28.818180084228516 -30.331750869750977 0
vertex 28.818180084228516 -30.331750869750977 1.7000000476837158
vertex 28.67218780517578 -30.234203338623047 0
endloop
endfacet
facet normal 0.9807852845629332 0.19509030110388895 0
outer loop
vertex 28.08423614501953 -30.82215690612793 0
vertex 28.04998207092285 -30.64995002746582 0
vertex 28.04998207092285 -30.64995002746582 1.7000000476837158
endloop
endfacet
facet normal 0.9807856980081253 -0.19508822256280442 0
outer loop
vertex 28.08423614501953 -30.477741241455078 0
vertex 28.08423614501953 -30.477741241455078 1.7000000476837158
vertex 28.04998207092285 -30.64995002746582 0
endloop
endfacet
facet normal 0.8314699190325903 -0.555569773965375 0
outer loop
vertex 28.18178367614746 -30.331750869750977 0
vertex 28.18178367614746 -30.331750869750977 1.7000000476837158
vertex 28.08423614501953 -30.477741241455078 0
endloop
endfacet
facet normal 0.19509030110388895 0.9807852845629332 0
outer loop
vertex 28.499980926513672 -31.09994888305664 0
vertex 28.327774047851562 -31.06569480895996 0
vertex 28.327774047851562 -31.06569480895996 1.7000000476837158
endloop
endfacet
facet normal -0.19509030110388895 0.9807852845629332 0
outer loop
vertex 28.67218780517578 -31.06569480895996 0
vertex 28.499980926513672 -31.09994888305664 0
vertex 28.499980926513672 -31.09994888305664 1.7000000476837158
endloop
endfacet
facet normal -0.5555647559208026 0.8314732719568675 0
outer loop
vertex 28.818180084228516 -30.96814727783203 0
vertex 28.67218780517578 -31.06569480895996 0
vertex 28.67218780517578 -31.06569480895996 1.7000000476837158
endloop
endfacet
facet normal 0.555569773965375 0.8314699190325903 0
outer loop
vertex 28.327774047851562 -31.06569480895996 0
vertex 28.18178367614746 -30.96814727783203 0
vertex 28.18178367614746 -30.96814727783203 1.7000000476837158
endloop
endfacet
facet normal -0.8314699190325903 0.555569773965375 0
outer loop
vertex 28.915727615356445 -30.82215690612793 0
vertex 28.818180084228516 -30.96814727783203 0
vertex 28.818180084228516 -30.96814727783203 1.7000000476837158
endloop
endfacet
facet normal -0.9807852845629332 0.19509030110388895 0
outer loop
vertex 28.949981689453125 -30.64995002746582 0
vertex 28.915727615356445 -30.82215690612793 0
vertex 28.915727615356445 -30.82215690612793 1.7000000476837158
endloop
endfacet
facet normal 0.555569773965375 -0.8314699190325903 0
outer loop
vertex 28.327774047851562 -30.234203338623047 0
vertex 28.327774047851562 -30.234203338623047 1.7000000476837158
vertex 28.18178367614746 -30.331750869750977 0
endloop
endfacet
facet normal 0.19509030110388895 -0.9807852845629332 0
outer loop
vertex 28.499980926513672 -30.199949264526367 0
vertex 28.499980926513672 -30.199949264526367 1.7000000476837158
vertex 28.327774047851562 -30.234203338623047 0
endloop
endfacet
facet normal -0.19509030110388895 -0.9807852845629332 0
outer loop
vertex 28.67218780517578 -30.234203338623047 0
vertex 28.67218780517578 -30.234203338623047 1.7000000476837158
vertex 28.499980926513672 -30.199949264526367 0
endloop
endfacet
facet normal 0 0 -1
outer loop
vertex 28.08423614501953 -30.82215690612793 1.7000000476837158
vertex 28.04998207092285 -30.64995002746582 1.7000000476837158
vertex 28.08423614501953 -30.477741241455078 1.7000000476837158
endloop
endfacet
facet normal 0 0 -1
outer loop
vertex 28.18178367614746 -30.96814727783203 1.7000000476837158
vertex 28.08423614501953 -30.82215690612793 1.7000000476837158
vertex 28.18178367614746 -30.331750869750977 1.7000000476837158
endloop
endfacet
facet normal 0 0 -1
outer loop
vertex 28.18178367614746 -30.331750869750977 1.7000000476837158
vertex 28.08423614501953 -30.82215690612793 1.7000000476837158
vertex 28.08423614501953 -30.477741241455078 1.7000000476837158
endloop
endfacet
facet normal 0 0 -1
outer loop
vertex 28.327774047851562 -31.06569480895996 1.7000000476837158
vertex 28.18178367614746 -30.96814727783203 1.7000000476837158
vertex 28.327774047851562 -30.234203338623047 1.7000000476837158
endloop
endfacet
facet normal 0 0 -1
outer loop
vertex 28.499980926513672 -31.09994888305664 1.7000000476837158
vertex 28.327774047851562 -31.06569480895996 1.7000000476837158
vertex 28.499980926513672 -30.199949264526367 1.7000000476837158
endloop
endfacet
facet normal 0 0 -1
outer loop
vertex 28.67218780517578 -31.06569480895996 1.7000000476837158
vertex 28.499980926513672 -31.09994888305664 1.7000000476837158
vertex 28.67218780517578 -30.234203338623047 1.7000000476837158
endloop
endfacet
facet normal 0 0 -1
outer loop
vertex 28.818180084228516 -30.96814727783203 1.7000000476837158
vertex 28.67218780517578 -31.06569480895996 1.7000000476837158
vertex 28.818180084228516 -30.331750869750977 1.7000000476837158
endloop
endfacet
facet normal 0 0 -1
outer loop
vertex 28.915727615356445 -30.82215690612793 1.7000000476837158
vertex 28.818180084228516 -30.96814727783203 1.7000000476837158
vertex 28.915727615356445 -30.477741241455078 1.7000000476837158
endloop
endfacet
facet normal 0 0 -1
outer loop
vertex 28.949981689453125 -30.64995002746582 1.7000000476837158
vertex 28.915727615356445 -30.82215690612793 1.7000000476837158
vertex 28.915727615356445 -30.477741241455078 1.7000000476837158
endloop
endfacet
facet normal 0 0 -1
outer loop
vertex 28.327774047851562 -30.234203338623047 1.7000000476837158
vertex 28.18178367614746 -30.96814727783203 1.7000000476837158
vertex 28.18178367614746 -30.331750869750977 1.7000000476837158
endloop
endfacet
facet normal 0 0 -1
outer loop
vertex 28.499980926513672 -30.199949264526367 1.7000000476837158
vertex 28.327774047851562 -31.06569480895996 1.7000000476837158
vertex 28.327774047851562 -30.234203338623047 1.7000000476837158
endloop
endfacet
facet normal 0 0 -1
outer loop
vertex 28.67218780517578 -30.234203338623047 1.7000000476837158
vertex 28.499980926513672 -31.09994888305664 1.7000000476837158
vertex 28.499980926513672 -30.199949264526367 1.7000000476837158
endloop
endfacet
facet normal 0 0 -1
outer loop
vertex 28.818180084228516 -30.331750869750977 1.7000000476837158
vertex 28.67218780517578 -31.06569480895996 1.7000000476837158
vertex 28.67218780517578 -30.234203338623047 1.7000000476837158
endloop
endfacet
facet normal 0 0 -1
outer loop
vertex 28.818180084228516 -30.331750869750977 1.7000000476837158
vertex 28.915727615356445 -30.477741241455078 1.7000000476837158
vertex 28.818180084228516 -30.96814727783203 1.7000000476837158
endloop
endfacet
facet normal 0.8314699190325903 0.555569773965375 0
outer loop
vertex 28.08423614501953 -30.82215690612793 0
vertex 28.08423614501953 -30.82215690612793 1.7000000476837158
vertex 28.18178367614746 -30.96814727783203 0
endloop
endfacet
facet normal -0.8314699190325903 -0.555569773965375 0
outer loop
vertex 28.818180084228516 -30.331750869750977 1.7000000476837158
vertex 28.818180084228516 -30.331750869750977 0
vertex 28.915727615356445 -30.477741241455078 1.7000000476837158
endloop
endfacet
facet normal -0.9807856980081253 -0.19508822256280442 0
outer loop
vertex 28.915727615356445 -30.477741241455078 1.7000000476837158
vertex 28.915727615356445 -30.477741241455078 0
vertex 28.949981689453125 -30.64995002746582 1.7000000476837158
endloop
endfacet
facet normal -0.5555647559208026 -0.8314732719568675 0
outer loop
vertex 28.67218780517578 -30.234203338623047 1.7000000476837158
vertex 28.67218780517578 -30.234203338623047 0
vertex 28.818180084228516 -30.331750869750977 1.7000000476837158
endloop
endfacet
facet normal -0.19509030110388895 -0.9807852845629332 0
outer loop
vertex 28.499980926513672 -30.199949264526367 1.7000000476837158
vertex 28.499980926513672 -30.199949264526367 0
vertex 28.67218780517578 -30.234203338623047 1.7000000476837158
endloop
endfacet
facet normal 0.19509030110388895 -0.9807852845629332 0
outer loop
vertex 28.327774047851562 -30.234203338623047 1.7000000476837158
vertex 28.327774047851562 -30.234203338623047 0
vertex 28.499980926513672 -30.199949264526367 1.7000000476837158
endloop
endfacet
facet normal 0.555569773965375 -0.8314699190325903 0
outer loop
vertex 28.18178367614746 -30.331750869750977 1.7000000476837158
vertex 28.18178367614746 -30.331750869750977 0
vertex 28.327774047851562 -30.234203338623047 1.7000000476837158
endloop
endfacet
facet normal -0.9807852845629332 0.19509030110388895 0
outer loop
vertex 28.949981689453125 -30.64995002746582 1.7000000476837158
vertex 28.949981689453125 -30.64995002746582 0
vertex 28.915727615356445 -30.82215690612793 1.7000000476837158
endloop
endfacet
facet normal -0.8314699190325903 0.555569773965375 0
outer loop
vertex 28.915727615356445 -30.82215690612793 1.7000000476837158
vertex 28.915727615356445 -30.82215690612793 0
vertex 28.818180084228516 -30.96814727783203 1.7000000476837158
endloop
endfacet
facet normal -0.5555647559208026 0.8314732719568675 0
outer loop
vertex 28.818180084228516 -30.96814727783203 1.7000000476837158
vertex 28.818180084228516 -30.96814727783203 0
vertex 28.67218780517578 -31.06569480895996 1.7000000476837158
endloop
endfacet
facet normal -0.19509030110388895 0.9807852845629332 0
outer loop
vertex 28.67218780517578 -31.06569480895996 1.7000000476837158
vertex 28.67218780517578 -31.06569480895996 0
vertex 28.499980926513672 -31.09994888305664 1.7000000476837158
endloop
endfacet
facet normal 0.19509030110388895 0.9807852845629332 0
outer loop
vertex 28.499980926513672 -31.09994888305664 1.7000000476837158
vertex 28.499980926513672 -31.09994888305664 0
vertex 28.327774047851562 -31.06569480895996 1.7000000476837158
endloop
endfacet
facet normal 0.555569773965375 0.8314699190325903 0
outer loop
vertex 28.327774047851562 -31.06569480895996 1.7000000476837158
vertex 28.327774047851562 -31.06569480895996 0
vertex 28.18178367614746 -30.96814727783203 1.7000000476837158
endloop
endfacet
facet normal 0.8314699190325903 -0.555569773965375 0
outer loop
vertex 28.08423614501953 -30.477741241455078 1.7000000476837158
vertex 28.08423614501953 -30.477741241455078 0
vertex 28.18178367614746 -30.331750869750977 1.7000000476837158
endloop
endfacet
facet normal 0.9807856980081253 -0.19508822256280442 0
outer loop
vertex 28.04998207092285 -30.64995002746582 1.7000000476837158
vertex 28.04998207092285 -30.64995002746582 0
vertex 28.08423614501953 -30.477741241455078 1.7000000476837158
endloop
endfacet
facet normal 0.9807852845629332 0.19509030110388895 0
outer loop
vertex 28.08423614501953 -30.82215690612793 1.7000000476837158
vertex 28.08423614501953 -30.82215690612793 0
vertex 28.04998207092285 -30.64995002746582 1.7000000476837158
endloop
endfacet
facet normal 0.8314699190325903 0.555569773965375 0
outer loop
vertex 28.18178367614746 -30.96814727783203 1.7000000476837158
vertex 28.18178367614746 -30.96814727783203 0
vertex 28.08423614501953 -30.82215690612793 1.7000000476837158
endloop
endfacet
facet normal -0.9807856980081253 -0.19508822256280442 0
outer loop
vertex 28.915727615356445 -30.477741241455078 0
vertex 28.949981689453125 -30.64995002746582 0
vertex 28.949981689453125 -30.64995002746582 1.7000000476837158
endloop
endfacet
facet normal -0.8314699190325903 -0.555569773965375 0
outer loop
vertex 28.818180084228516 -30.331750869750977 0
vertex 28.915727615356445 -30.477741241455078 0
vertex 28.915727615356445 -30.477741241455078 1.7000000476837158
endloop
endfacet
facet normal 0 0 -1
outer loop
vertex 28.67218780517578 -29.79569435119629 1.7000000476837158
vertex 28.499980926513672 -29.82994842529297 1.7000000476837158
vertex 28.67218780517578 -28.964202880859375 1.7000000476837158
endloop
endfacet
facet normal -0.19509030110388895 -0.9807852845629332 0
outer loop
vertex 28.67218780517578 -28.964202880859375 0
vertex 28.67218780517578 -28.964202880859375 1.7000000476837158
vertex 28.499980926513672 -28.929948806762695 0
endloop
endfacet
facet normal 0 0 -1
outer loop
vertex 28.327774047851562 -28.964202880859375 1.7000000476837158
vertex 28.18178367614746 -29.69814682006836 1.7000000476837158
vertex 28.18178367614746 -29.061750411987305 1.7000000476837158
endloop
endfacet
facet normal 0.8314699190325903 0.555569773965375 0
outer loop
vertex 28.18178367614746 -29.69814682006836 1.7000000476837158
vertex 28.18178367614746 -29.69814682006836 0
vertex 28.08423614501953 -29.552156448364258 1.7000000476837158
endloop
endfacet
facet normal -0.8314699190325903 -0.555569773965375 0
outer loop
vertex 28.915727615356445 -29.207740783691406 0
vertex 28.915727615356445 -29.207740783691406 1.7000000476837158
vertex 28.818180084228516 -29.061750411987305 0
endloop
endfacet
facet normal -0.5555647559208026 -0.8314732719568675 0
outer loop
vertex 28.818180084228516 -29.061750411987305 0
vertex 28.818180084228516 -29.061750411987305 1.7000000476837158
vertex 28.67218780517578 -28.964202880859375 0
endloop
endfacet
facet normal 0.19509030110388895 -0.9807852845629332 0
outer loop
vertex 28.499980926513672 -28.929948806762695 0
vertex 28.499980926513672 -28.929948806762695 1.7000000476837158
vertex 28.327774047851562 -28.964202880859375 0
endloop
endfacet
facet normal 0.555569773965375 -0.8314699190325903 0
outer loop
vertex 28.327774047851562 -28.964202880859375 0
vertex 28.327774047851562 -28.964202880859375 1.7000000476837158
vertex 28.18178367614746 -29.061750411987305 0
endloop
endfacet
facet normal -0.9807856980081253 -0.19508822256280442 0
outer loop
vertex 28.915727615356445 -29.207740783691406 0
vertex 28.949981689453125 -29.37994956970215 0
vertex 28.949981689453125 -29.37994956970215 1.7000000476837158
endloop
endfacet
facet normal -0.9807852845629332 0.19509030110388895 0
outer loop
vertex 28.949981689453125 -29.37994956970215 0
vertex 28.915727615356445 -29.552156448364258 0
vertex 28.915727615356445 -29.552156448364258 1.7000000476837158
endloop
endfacet
facet normal 0 0 -1
outer loop
vertex 28.18178367614746 -29.69814682006836 1.7000000476837158
vertex 28.08423614501953 -29.552156448364258 1.7000000476837158
vertex 28.18178367614746 -29.061750411987305 1.7000000476837158
endloop
endfacet
facet normal 0 0 -1
outer loop
vertex 28.08423614501953 -29.552156448364258 1.7000000476837158
vertex 28.04998207092285 -29.37994956970215 1.7000000476837158
vertex 28.08423614501953 -29.207740783691406 1.7000000476837158
endloop
endfacet
facet normal -0.8314699190325903 0.555569773965375 0
outer loop
vertex 28.915727615356445 -29.552156448364258 0
vertex 28.818180084228516 -29.69814682006836 0
vertex 28.818180084228516 -29.69814682006836 1.7000000476837158
endloop
endfacet
facet normal -0.5555647559208026 0.8314732719568675 0
outer loop
vertex 28.818180084228516 -29.69814682006836 0
vertex 28.67218780517578 -29.79569435119629 0
vertex 28.67218780517578 -29.79569435119629 1.7000000476837158
endloop
endfacet
facet normal -0.19509030110388895 0.9807852845629332 0
outer loop
vertex 28.67218780517578 -29.79569435119629 0
vertex 28.499980926513672 -29.82994842529297 0
vertex 28.499980926513672 -29.82994842529297 1.7000000476837158
endloop
endfacet
facet normal 0.555569773965375 0.8314699190325903 0
outer loop
vertex 28.327774047851562 -29.79569435119629 0
vertex 28.18178367614746 -29.69814682006836 0
vertex 28.18178367614746 -29.69814682006836 1.7000000476837158
endloop
endfacet
facet normal 0.19509030110388895 0.9807852845629332 0
outer loop
vertex 28.499980926513672 -29.82994842529297 0
vertex 28.327774047851562 -29.79569435119629 0
vertex 28.327774047851562 -29.79569435119629 1.7000000476837158
endloop
endfacet
facet normal 0.8314699190325903 -0.555569773965375 0
outer loop
vertex 28.18178367614746 -29.061750411987305 0
vertex 28.18178367614746 -29.061750411987305 1.7000000476837158
vertex 28.08423614501953 -29.207740783691406 0
endloop
endfacet
facet normal 0.9807856980081253 -0.19508822256280442 0
outer loop
vertex 28.08423614501953 -29.207740783691406 0
vertex 28.08423614501953 -29.207740783691406 1.7000000476837158
vertex 28.04998207092285 -29.37994956970215 0
endloop
endfacet
facet normal 0.9807852845629332 0.19509030110388895 0
outer loop
vertex 28.04998207092285 -29.37994956970215 0
vertex 28.04998207092285 -29.37994956970215 1.7000000476837158
vertex 28.08423614501953 -29.552156448364258 0
endloop
endfacet
facet normal 0.8314699190325903 0.555569773965375 0
outer loop
vertex 28.08423614501953 -29.552156448364258 0
vertex 28.08423614501953 -29.552156448364258 1.7000000476837158
vertex 28.18178367614746 -29.69814682006836 0
endloop
endfacet
facet normal 0 0 -1
outer loop
vertex 28.18178367614746 -29.061750411987305 1.7000000476837158
vertex 28.08423614501953 -29.552156448364258 1.7000000476837158
vertex 28.08423614501953 -29.207740783691406 1.7000000476837158
endloop
endfacet
facet normal 0 0 -1
outer loop
vertex 28.327774047851562 -29.79569435119629 1.7000000476837158
vertex 28.18178367614746 -29.69814682006836 1.7000000476837158
vertex 28.327774047851562 -28.964202880859375 1.7000000476837158
endloop
endfacet
facet normal 0 0 -1
outer loop
vertex 28.499980926513672 -29.82994842529297 1.7000000476837158
vertex 28.327774047851562 -29.79569435119629 1.7000000476837158
vertex 28.499980926513672 -28.929948806762695 1.7000000476837158
endloop
endfacet
facet normal 0 0 -1
outer loop
vertex 28.499980926513672 -28.929948806762695 1.7000000476837158
vertex 28.327774047851562 -29.79569435119629 1.7000000476837158
vertex 28.327774047851562 -28.964202880859375 1.7000000476837158
endloop
endfacet
facet normal 0 0 -1
outer loop
vertex 28.67218780517578 -28.964202880859375 1.7000000476837158
vertex 28.499980926513672 -29.82994842529297 1.7000000476837158
vertex 28.499980926513672 -28.929948806762695 1.7000000476837158
endloop
endfacet
facet normal 0 0 -1
outer loop
vertex 28.67218780517578 -29.79569435119629 1.7000000476837158
vertex 28.67218780517578 -28.964202880859375 1.7000000476837158
vertex 28.818180084228516 -29.061750411987305 1.7000000476837158
endloop
endfacet
facet normal 0 0 -1
outer loop
vertex 28.818180084228516 -29.69814682006836 1.7000000476837158
vertex 28.67218780517578 -29.79569435119629 1.7000000476837158
vertex 28.818180084228516 -29.061750411987305 1.7000000476837158
endloop
endfacet
facet normal 0 0 -1
outer loop
vertex 28.915727615356445 -29.552156448364258 1.7000000476837158
vertex 28.818180084228516 -29.69814682006836 1.7000000476837158
vertex 28.915727615356445 -29.207740783691406 1.7000000476837158
endloop
endfacet
facet normal 0 0 -1
outer loop
vertex 28.915727615356445 -29.207740783691406 1.7000000476837158
vertex 28.818180084228516 -29.69814682006836 1.7000000476837158
vertex 28.818180084228516 -29.061750411987305 1.7000000476837158
endloop
endfacet
facet normal 0 0 -1
outer loop
vertex 28.949981689453125 -29.37994956970215 1.7000000476837158
vertex 28.915727615356445 -29.552156448364258 1.7000000476837158
vertex 28.915727615356445 -29.207740783691406 1.7000000476837158
endloop
endfacet
facet normal -0.8314699190325903 -0.555569773965375 0
outer loop
vertex 28.818180084228516 -29.061750411987305 1.7000000476837158
vertex 28.818180084228516 -29.061750411987305 0
vertex 28.915727615356445 -29.207740783691406 1.7000000476837158
endloop
endfacet
facet normal -0.5555647559208026 -0.8314732719568675 0
outer loop
vertex 28.67218780517578 -28.964202880859375 1.7000000476837158
vertex 28.67218780517578 -28.964202880859375 0
vertex 28.818180084228516 -29.061750411987305 1.7000000476837158
endloop
endfacet
facet normal -0.19509030110388895 -0.9807852845629332 0
outer loop
vertex 28.499980926513672 -28.929948806762695 1.7000000476837158
vertex 28.499980926513672 -28.929948806762695 0
vertex 28.67218780517578 -28.964202880859375 1.7000000476837158
endloop
endfacet
facet normal 0.19509030110388895 -0.9807852845629332 0
outer loop
vertex 28.327774047851562 -28.964202880859375 1.7000000476837158
vertex 28.327774047851562 -28.964202880859375 0
vertex 28.499980926513672 -28.929948806762695 1.7000000476837158
endloop
endfacet
facet normal 0.555569773965375 -0.8314699190325903 0
outer loop
vertex 28.18178367614746 -29.061750411987305 1.7000000476837158
vertex 28.18178367614746 -29.061750411987305 0
vertex 28.327774047851562 -28.964202880859375 1.7000000476837158
endloop
endfacet
facet normal -0.9807856980081253 -0.19508822256280442 0
outer loop
vertex 28.915727615356445 -29.207740783691406 1.7000000476837158
vertex 28.915727615356445 -29.207740783691406 0
vertex 28.949981689453125 -29.37994956970215 1.7000000476837158
endloop
endfacet
facet normal -0.9807852845629332 0.19509030110388895 0
outer loop
vertex 28.949981689453125 -29.37994956970215 1.7000000476837158
vertex 28.949981689453125 -29.37994956970215 0
vertex 28.915727615356445 -29.552156448364258 1.7000000476837158
endloop
endfacet
facet normal -0.8314699190325903 0.555569773965375 0
outer loop
vertex 28.915727615356445 -29.552156448364258 1.7000000476837158
vertex 28.915727615356445 -29.552156448364258 0
vertex 28.818180084228516 -29.69814682006836 1.7000000476837158
endloop
endfacet
facet normal -0.5555647559208026 0.8314732719568675 0
outer loop
vertex 28.818180084228516 -29.69814682006836 1.7000000476837158
vertex 28.818180084228516 -29.69814682006836 0
vertex 28.67218780517578 -29.79569435119629 1.7000000476837158
endloop
endfacet
facet normal -0.19509030110388895 0.9807852845629332 0
outer loop
vertex 28.67218780517578 -29.79569435119629 1.7000000476837158
vertex 28.67218780517578 -29.79569435119629 0
vertex 28.499980926513672 -29.82994842529297 1.7000000476837158
endloop
endfacet
facet normal 0.19509030110388895 0.9807852845629332 0
outer loop
vertex 28.499980926513672 -29.82994842529297 1.7000000476837158
vertex 28.499980926513672 -29.82994842529297 0
vertex 28.327774047851562 -29.79569435119629 1.7000000476837158
endloop
endfacet
facet normal 0.555569773965375 0.8314699190325903 0
outer loop
vertex 28.327774047851562 -29.79569435119629 1.7000000476837158
vertex 28.327774047851562 -29.79569435119629 0
vertex 28.18178367614746 -29.69814682006836 1.7000000476837158
endloop
endfacet
facet normal 0.8314699190325903 -0.555569773965375 0
outer loop
vertex 28.08423614501953 -29.207740783691406 1.7000000476837158
vertex 28.08423614501953 -29.207740783691406 0
vertex 28.18178367614746 -29.061750411987305 1.7000000476837158
endloop
endfacet
facet normal 0.9807856980081253 -0.19508822256280442 0
outer loop
vertex 28.04998207092285 -29.37994956970215 1.7000000476837158
vertex 28.04998207092285 -29.37994956970215 0
vertex 28.08423614501953 -29.207740783691406 1.7000000476837158
endloop
endfacet
facet normal 0.9807852845629332 0.19509030110388895 0
outer loop
vertex 28.08423614501953 -29.552156448364258 1.7000000476837158
vertex 28.08423614501953 -29.552156448364258 0
vertex 28.04998207092285 -29.37994956970215 1.7000000476837158
endloop
endfacet
facet normal 0.5555772839934787 0.8314649009491799 0
outer loop
vertex 28.327774047851562 -28.52569580078125 1.7000000476837158
vertex 28.327774047851562 -28.52569580078125 0
vertex 28.18178367614746 -28.428146362304688 1.7000000476837158
endloop
endfacet
facet normal 0 0 -1
outer loop
vertex 28.18178367614746 -28.428146362304688 1.7000000476837158
vertex 28.08423614501953 -28.282155990600586 1.7000000476837158
vertex 28.18178367614746 -27.791751861572266 1.7000000476837158
endloop
endfacet
facet normal -0.19509030110388895 0.9807852845629332 0
outer loop
vertex 28.67218780517578 -28.52569580078125 0
vertex 28.499980926513672 -28.55994987487793 0
vertex 28.499980926513672 -28.55994987487793 1.7000000476837158
endloop
endfacet
facet normal 0.8314699190325903 -0.555569773965375 0
outer loop
vertex 28.08423614501953 -27.937742233276367 1.7000000476837158
vertex 28.08423614501953 -27.937742233276367 0
vertex 28.18178367614746 -27.791751861572266 1.7000000476837158
endloop
endfacet
facet normal 0 0 -1
outer loop
vertex 28.949981689453125 -28.109949111938477 1.7000000476837158
vertex 28.915727615356445 -28.282155990600586 1.7000000476837158
vertex 28.915727615356445 -27.937742233276367 1.7000000476837158
endloop
endfacet
facet normal 0 0 -1
outer loop
vertex 28.818180084228516 -27.791751861572266 1.7000000476837158
vertex 28.915727615356445 -27.937742233276367 1.7000000476837158
vertex 28.818180084228516 -28.428146362304688 1.7000000476837158
endloop
endfacet
facet normal 0 0 -1
outer loop
vertex 28.915727615356445 -28.282155990600586 1.7000000476837158
vertex 28.818180084228516 -28.428146362304688 1.7000000476837158
vertex 28.915727615356445 -27.937742233276367 1.7000000476837158
endloop
endfacet
facet normal 0.9807852845629332 0.19509030110388895 0
outer loop
vertex 28.04998207092285 -28.109949111938477 0
vertex 28.04998207092285 -28.109949111938477 1.7000000476837158
vertex 28.08423614501953 -28.282155990600586 0
endloop
endfacet
facet normal 0 0 -1
outer loop
vertex 28.499980926513672 -28.55994987487793 1.7000000476837158
vertex 28.327774047851562 -28.52569580078125 1.7000000476837158
vertex 28.499980926513672 -27.659948348999023 1.7000000476837158
endloop
endfacet
facet normal 0 0 -1
outer loop
vertex 28.67218780517578 -28.52569580078125 1.7000000476837158
vertex 28.499980926513672 -28.55994987487793 1.7000000476837158
vertex 28.67218780517578 -27.694202423095703 1.7000000476837158
endloop
endfacet
facet normal 0 0 -1
outer loop
vertex 28.327774047851562 -27.694202423095703 1.7000000476837158
vertex 28.18178367614746 -28.428146362304688 1.7000000476837158
vertex 28.18178367614746 -27.791751861572266 1.7000000476837158
endloop
endfacet
facet normal 0 0 -1
outer loop
vertex 28.499980926513672 -27.659948348999023 1.7000000476837158
vertex 28.327774047851562 -28.52569580078125 1.7000000476837158
vertex 28.327774047851562 -27.694202423095703 1.7000000476837158
endloop
endfacet
facet normal 0 0 -1
outer loop
vertex 28.67218780517578 -28.52569580078125 1.7000000476837158
vertex 28.67218780517578 -27.694202423095703 1.7000000476837158
vertex 28.818180084228516 -27.791751861572266 1.7000000476837158
endloop
endfacet
facet normal 0.8314699190325903 0.555569773965375 0
outer loop
vertex 28.08423614501953 -28.282155990600586 0
vertex 28.08423614501953 -28.282155990600586 1.7000000476837158
vertex 28.18178367614746 -28.428146362304688 0
endloop
endfacet
facet normal 0.9807852845629332 -0.19509030110388895 0
outer loop
vertex 28.08423614501953 -27.937742233276367 0
vertex 28.08423614501953 -27.937742233276367 1.7000000476837158
vertex 28.04998207092285 -28.109949111938477 0
endloop
endfacet
facet normal 0.8314699190325903 -0.555569773965375 0
outer loop
vertex 28.18178367614746 -27.791751861572266 0
vertex 28.18178367614746 -27.791751861572266 1.7000000476837158
vertex 28.08423614501953 -27.937742233276367 0
endloop
endfacet
facet normal 0.19509030110388895 0.9807852845629332 0
outer loop
vertex 28.499980926513672 -28.55994987487793 1.7000000476837158
vertex 28.499980926513672 -28.55994987487793 0
vertex 28.327774047851562 -28.52569580078125 1.7000000476837158
endloop
endfacet
facet normal -0.19509030110388895 0.9807852845629332 0
outer loop
vertex 28.67218780517578 -28.52569580078125 1.7000000476837158
vertex 28.67218780517578 -28.52569580078125 0
vertex 28.499980926513672 -28.55994987487793 1.7000000476837158
endloop
endfacet
facet normal 0.5555772839934787 0.8314649009491799 0
outer loop
vertex 28.18178367614746 -28.428146362304688 0
vertex 28.18178367614746 -28.428146362304688 1.7000000476837158
vertex 28.327774047851562 -28.52569580078125 0
endloop
endfacet
facet normal 0.8314699190325903 0.555569773965375 0
outer loop
vertex 28.18178367614746 -28.428146362304688 1.7000000476837158
vertex 28.18178367614746 -28.428146362304688 0
vertex 28.08423614501953 -28.282155990600586 1.7000000476837158
endloop
endfacet
facet normal 0.9807852845629332 0.19509030110388895 0
outer loop
vertex 28.08423614501953 -28.282155990600586 1.7000000476837158
vertex 28.08423614501953 -28.282155990600586 0
vertex 28.04998207092285 -28.109949111938477 1.7000000476837158
endloop
endfacet
facet normal 0.9807852845629332 -0.19509030110388895 0
outer loop
vertex 28.04998207092285 -28.109949111938477 1.7000000476837158
vertex 28.04998207092285 -28.109949111938477 0
vertex 28.08423614501953 -27.937742233276367 1.7000000476837158
endloop
endfacet
facet normal 0 0 -1
outer loop
vertex 28.327774047851562 -28.52569580078125 1.7000000476837158
vertex 28.18178367614746 -28.428146362304688 1.7000000476837158
vertex 28.327774047851562 -27.694202423095703 1.7000000476837158
endloop
endfacet
facet normal 0 0 -1
outer loop
vertex 28.18178367614746 -27.791751861572266 1.7000000476837158
vertex 28.08423614501953 -28.282155990600586 1.7000000476837158
vertex 28.08423614501953 -27.937742233276367 1.7000000476837158
endloop
endfacet
facet normal -0.5555722659416437 0.8314682539438699 0
outer loop
vertex 28.818180084228516 -28.428146362304688 0
vertex 28.67218780517578 -28.52569580078125 0
vertex 28.67218780517578 -28.52569580078125 1.7000000476837158
endloop
endfacet
facet normal -0.5555722659416437 0.8314682539438699 0
outer loop
vertex 28.818180084228516 -28.428146362304688 1.7000000476837158
vertex 28.818180084228516 -28.428146362304688 0
vertex 28.67218780517578 -28.52569580078125 1.7000000476837158
endloop
endfacet
facet normal -0.8314699190325903 0.555569773965375 0
outer loop
vertex 28.915727615356445 -28.282155990600586 1.7000000476837158
vertex 28.915727615356445 -28.282155990600586 0
vertex 28.818180084228516 -28.428146362304688 1.7000000476837158
endloop
endfacet
facet normal -0.9807852845629332 0.19509030110388895 0
outer loop
vertex 28.949981689453125 -28.109949111938477 1.7000000476837158
vertex 28.949981689453125 -28.109949111938477 0
vertex 28.915727615356445 -28.282155990600586 1.7000000476837158
endloop
endfacet
facet normal -0.9807852845629332 -0.19509030110388895 0
outer loop
vertex 28.915727615356445 -27.937742233276367 1.7000000476837158
vertex 28.915727615356445 -27.937742233276367 0
vertex 28.949981689453125 -28.109949111938477 1.7000000476837158
endloop
endfacet
facet normal -0.8314699190325903 -0.555569773965375 0
outer loop
vertex 28.818180084228516 -27.791751861572266 1.7000000476837158
vertex 28.818180084228516 -27.791751861572266 0
vertex 28.915727615356445 -27.937742233276367 1.7000000476837158
endloop
endfacet
facet normal 0.5555772839934787 -0.8314649009491799 0
outer loop
vertex 28.18178367614746 -27.791751861572266 1.7000000476837158
vertex 28.18178367614746 -27.791751861572266 0
vertex 28.327774047851562 -27.694202423095703 1.7000000476837158
endloop
endfacet
facet normal 0.19509030110388895 -0.9807852845629332 0
outer loop
vertex 28.327774047851562 -27.694202423095703 1.7000000476837158
vertex 28.327774047851562 -27.694202423095703 0
vertex 28.499980926513672 -27.659948348999023 1.7000000476837158
endloop
endfacet
facet normal -0.19509030110388895 -0.9807852845629332 0
outer loop
vertex 28.499980926513672 -27.659948348999023 1.7000000476837158
vertex 28.499980926513672 -27.659948348999023 0
vertex 28.67218780517578 -27.694202423095703 1.7000000476837158
endloop
endfacet
facet normal -0.5555722659416437 -0.8314682539438699 0
outer loop
vertex 28.67218780517578 -27.694202423095703 1.7000000476837158
vertex 28.67218780517578 -27.694202423095703 0
vertex 28.818180084228516 -27.791751861572266 1.7000000476837158
endloop
endfacet
facet normal -0.8314699190325903 0.555569773965375 0
outer loop
vertex 28.915727615356445 -28.282155990600586 0
vertex 28.818180084228516 -28.428146362304688 0
vertex 28.818180084228516 -28.428146362304688 1.7000000476837158
endloop
endfacet
facet normal -0.9807852845629332 0.19509030110388895 0
outer loop
vertex 28.949981689453125 -28.109949111938477 0
vertex 28.915727615356445 -28.282155990600586 0
vertex 28.915727615356445 -28.282155990600586 1.7000000476837158
endloop
endfacet
facet normal -0.9807852845629332 -0.19509030110388895 0
outer loop
vertex 28.915727615356445 -27.937742233276367 0
vertex 28.949981689453125 -28.109949111938477 0
vertex 28.949981689453125 -28.109949111938477 1.7000000476837158
endloop
endfacet
facet normal -0.8314699190325903 -0.555569773965375 0
outer loop
vertex 28.818180084228516 -27.791751861572266 0
vertex 28.915727615356445 -27.937742233276367 0
vertex 28.915727615356445 -27.937742233276367 1.7000000476837158
endloop
endfacet
facet normal 0 0 -1
outer loop
vertex 28.08423614501953 -28.282155990600586 1.7000000476837158
vertex 28.04998207092285 -28.109949111938477 1.7000000476837158
vertex 28.08423614501953 -27.937742233276367 1.7000000476837158
endloop
endfacet
facet normal 0.5555772839934787 -0.8314649009491799 0
outer loop
vertex 28.327774047851562 -27.694202423095703 0
vertex 28.327774047851562 -27.694202423095703 1.7000000476837158
vertex 28.18178367614746 -27.791751861572266 0
endloop
endfacet
facet normal 0.19509030110388895 -0.9807852845629332 0
outer loop
vertex 28.499980926513672 -27.659948348999023 0
vertex 28.499980926513672 -27.659948348999023 1.7000000476837158
vertex 28.327774047851562 -27.694202423095703 0
endloop
endfacet
facet normal -0.19509030110388895 -0.9807852845629332 0
outer loop
vertex 28.67218780517578 -27.694202423095703 0
vertex 28.67218780517578 -27.694202423095703 1.7000000476837158
vertex 28.499980926513672 -27.659948348999023 0
endloop
endfacet
facet normal -0.5555722659416437 -0.8314682539438699 0
outer loop
vertex 28.818180084228516 -27.791751861572266 0
vertex 28.818180084228516 -27.791751861572266 1.7000000476837158
vertex 28.67218780517578 -27.694202423095703 0
endloop
endfacet
facet normal 0 0 -1
outer loop
vertex 28.818180084228516 -28.428146362304688 1.7000000476837158
vertex 28.67218780517578 -28.52569580078125 1.7000000476837158
vertex 28.818180084228516 -27.791751861572266 1.7000000476837158
endloop
endfacet
facet normal 0 0 -1
outer loop
vertex 28.67218780517578 -27.694202423095703 1.7000000476837158
vertex 28.499980926513672 -28.55994987487793 1.7000000476837158
vertex 28.499980926513672 -27.659948348999023 1.7000000476837158
endloop
endfacet
facet normal 0.19509030110388895 0.9807852845629332 0
outer loop
vertex 28.499980926513672 -28.55994987487793 0
vertex 28.327774047851562 -28.52569580078125 0
vertex 28.327774047851562 -28.52569580078125 1.7000000476837158
endloop
endfacet
facet normal -0.8314699190325903 0.555569773965375 0
outer loop
vertex 28.915727615356445 -27.012157440185547 1.7000000476837158
vertex 28.915727615356445 -27.012157440185547 0
vertex 28.818180084228516 -27.15814781188965 1.7000000476837158
endloop
endfacet
facet normal 0.8314699190325903 0.555569773965375 0
outer loop
vertex 28.18178367614746 -27.15814781188965 1.7000000476837158
vertex 28.18178367614746 -27.15814781188965 0
vertex 28.08423614501953 -27.012157440185547 1.7000000476837158
endloop
endfacet
facet normal -0.8314699190325903 -0.555569773965375 0
outer loop
vertex 28.818180084228516 -26.521751403808594 1.7000000476837158
vertex 28.818180084228516 -26.521751403808594 0
vertex 28.915727615356445 -26.667741775512695 1.7000000476837158
endloop
endfacet
facet normal -0.9807852845629332 -0.19509030110388895 0
outer loop
vertex 28.915727615356445 -26.667741775512695 1.7000000476837158
vertex 28.915727615356445 -26.667741775512695 0
vertex 28.949981689453125 -26.839948654174805 1.7000000476837158
endloop
endfacet
facet normal -0.5555647559208026 -0.8314732719568675 0
outer loop
vertex 28.67218780517578 -26.424203872680664 1.7000000476837158
vertex 28.67218780517578 -26.424203872680664 0
vertex 28.818180084228516 -26.521751403808594 1.7000000476837158
endloop
endfacet
facet normal 0 0 -1
outer loop
vertex 28.915727615356445 -27.012157440185547 1.7000000476837158
vertex 28.818180084228516 -27.15814781188965 1.7000000476837158
vertex 28.915727615356445 -26.667741775512695 1.7000000476837158
endloop
endfacet
facet normal 0 0 -1
outer loop
vertex 28.818180084228516 -27.15814781188965 1.7000000476837158
vertex 28.67218780517578 -27.255695343017578 1.7000000476837158
vertex 28.818180084228516 -26.521751403808594 1.7000000476837158
endloop
endfacet
facet normal 0 0 -1
outer loop
vertex 28.67218780517578 -27.255695343017578 1.7000000476837158
vertex 28.67218780517578 -26.424203872680664 1.7000000476837158
vertex 28.818180084228516 -26.521751403808594 1.7000000476837158
endloop
endfacet
facet normal 0 0 -1
outer loop
vertex 28.67218780517578 -26.424203872680664 1.7000000476837158
vertex 28.499980926513672 -27.289949417114258 1.7000000476837158
vertex 28.499980926513672 -26.389949798583984 1.7000000476837158
endloop
endfacet
facet normal 0 0 -1
outer loop
vertex 28.499980926513672 -26.389949798583984 1.7000000476837158
vertex 28.327774047851562 -27.255695343017578 1.7000000476837158
vertex 28.327774047851562 -26.424203872680664 1.7000000476837158
endloop
endfacet
facet normal 0 0 -1
outer loop
vertex 28.327774047851562 -26.424203872680664 1.7000000476837158
vertex 28.18178367614746 -27.15814781188965 1.7000000476837158
vertex 28.18178367614746 -26.521751403808594 1.7000000476837158
endloop
endfacet
facet normal 0 0 -1
outer loop
vertex 28.67218780517578 -27.255695343017578 1.7000000476837158
vertex 28.499980926513672 -27.289949417114258 1.7000000476837158
vertex 28.67218780517578 -26.424203872680664 1.7000000476837158
endloop
endfacet
facet normal 0 0 -1
outer loop
vertex 28.499980926513672 -27.289949417114258 1.7000000476837158
vertex 28.327774047851562 -27.255695343017578 1.7000000476837158
vertex 28.499980926513672 -26.389949798583984 1.7000000476837158
endloop
endfacet
facet normal 0 0 -1
outer loop
vertex 28.327774047851562 -27.255695343017578 1.7000000476837158
vertex 28.18178367614746 -27.15814781188965 1.7000000476837158
vertex 28.327774047851562 -26.424203872680664 1.7000000476837158
endloop
endfacet
facet normal 0 0 -1
outer loop
vertex 28.18178367614746 -26.521751403808594 1.7000000476837158
vertex 28.08423614501953 -27.012157440185547 1.7000000476837158
vertex 28.08423614501953 -26.667741775512695 1.7000000476837158
endloop
endfacet
facet normal -0.19509030110388895 -0.9807852845629332 0
outer loop
vertex 28.499980926513672 -26.389949798583984 1.7000000476837158
vertex 28.499980926513672 -26.389949798583984 0
vertex 28.67218780517578 -26.424203872680664 1.7000000476837158
endloop
endfacet
facet normal 0.19509030110388895 -0.9807852845629332 0
outer loop
vertex 28.327774047851562 -26.424203872680664 1.7000000476837158
vertex 28.327774047851562 -26.424203872680664 0
vertex 28.499980926513672 -26.389949798583984 1.7000000476837158
endloop
endfacet
facet normal 0.9807852845629332 -0.19509030110388895 0
outer loop
vertex 28.08423614501953 -26.667741775512695 0
vertex 28.08423614501953 -26.667741775512695 1.7000000476837158
vertex 28.04998207092285 -26.839948654174805 0
endloop
endfacet
facet normal 0.9807856980081253 0.19508822256280442 0
outer loop
vertex 28.04998207092285 -26.839948654174805 0
vertex 28.04998207092285 -26.839948654174805 1.7000000476837158
vertex 28.08423614501953 -27.012157440185547 0
endloop
endfacet
facet normal 0.8314699190325903 0.555569773965375 0
outer loop
vertex 28.08423614501953 -27.012157440185547 0
vertex 28.08423614501953 -27.012157440185547 1.7000000476837158
vertex 28.18178367614746 -27.15814781188965 0
endloop
endfacet
facet normal -0.8314699190325903 0.555569773965375 0
outer loop
vertex 28.915727615356445 -27.012157440185547 0
vertex 28.818180084228516 -27.15814781188965 0
vertex 28.818180084228516 -27.15814781188965 1.7000000476837158
endloop
endfacet
facet normal 0.555569773965375 -0.8314699190325903 0
outer loop
vertex 28.18178367614746 -26.521751403808594 1.7000000476837158
vertex 28.18178367614746 -26.521751403808594 0
vertex 28.327774047851562 -26.424203872680664 1.7000000476837158
endloop
endfacet
facet normal -0.5555647559208026 0.8314732719568675 0
outer loop
vertex 28.818180084228516 -27.15814781188965 0
vertex 28.67218780517578 -27.255695343017578 0
vertex 28.67218780517578 -27.255695343017578 1.7000000476837158
endloop
endfacet
facet normal -0.19509030110388895 0.9807852845629332 0
outer loop
vertex 28.67218780517578 -27.255695343017578 0
vertex 28.499980926513672 -27.289949417114258 0
vertex 28.499980926513672 -27.289949417114258 1.7000000476837158
endloop
endfacet
facet normal 0.19509030110388895 0.9807852845629332 0
outer loop
vertex 28.499980926513672 -27.289949417114258 0
vertex 28.327774047851562 -27.255695343017578 0
vertex 28.327774047851562 -27.255695343017578 1.7000000476837158
endloop
endfacet
facet normal 0.555569773965375 0.8314699190325903 0
outer loop
vertex 28.327774047851562 -27.255695343017578 0
vertex 28.18178367614746 -27.15814781188965 0
vertex 28.18178367614746 -27.15814781188965 1.7000000476837158
endloop
endfacet
facet normal 0.8314699190325903 -0.555569773965375 0
outer loop
vertex 28.08423614501953 -26.667741775512695 1.7000000476837158
vertex 28.08423614501953 -26.667741775512695 0
vertex 28.18178367614746 -26.521751403808594 1.7000000476837158
endloop
endfacet
facet normal 0.9807852845629332 -0.19509030110388895 0
outer loop
vertex 28.04998207092285 -26.839948654174805 1.7000000476837158
vertex 28.04998207092285 -26.839948654174805 0
vertex 28.08423614501953 -26.667741775512695 1.7000000476837158
endloop
endfacet
facet normal 0.9807856980081253 0.19508822256280442 0
outer loop
vertex 28.08423614501953 -27.012157440185547 1.7000000476837158
vertex 28.08423614501953 -27.012157440185547 0
vertex 28.04998207092285 -26.839948654174805 1.7000000476837158
endloop
endfacet
facet normal -0.5555647559208026 0.8314732719568675 0
outer loop
vertex 28.818180084228516 -27.15814781188965 1.7000000476837158
vertex 28.818180084228516 -27.15814781188965 0
vertex 28.67218780517578 -27.255695343017578 1.7000000476837158
endloop
endfacet
facet normal -0.19509030110388895 0.9807852845629332 0
outer loop
vertex 28.67218780517578 -27.255695343017578 1.7000000476837158
vertex 28.67218780517578 -27.255695343017578 0
vertex 28.499980926513672 -27.289949417114258 1.7000000476837158
endloop
endfacet
facet normal 0.555569773965375 0.8314699190325903 0
outer loop
vertex 28.327774047851562 -27.255695343017578 1.7000000476837158
vertex 28.327774047851562 -27.255695343017578 0
vertex 28.18178367614746 -27.15814781188965 1.7000000476837158
endloop
endfacet
facet normal 0.19509030110388895 0.9807852845629332 0
outer loop
vertex 28.499980926513672 -27.289949417114258 1.7000000476837158
vertex 28.499980926513672 -27.289949417114258 0
vertex 28.327774047851562 -27.255695343017578 1.7000000476837158
endloop
endfacet
facet normal 0 0 -1
outer loop
vertex 28.18178367614746 -27.15814781188965 1.7000000476837158
vertex 28.08423614501953 -27.012157440185547 1.7000000476837158
vertex 28.18178367614746 -26.521751403808594 1.7000000476837158
endloop
endfacet
facet normal 0 0 -1
outer loop
vertex 28.818180084228516 -26.521751403808594 1.7000000476837158
vertex 28.915727615356445 -26.667741775512695 1.7000000476837158
vertex 28.818180084228516 -27.15814781188965 1.7000000476837158
endloop
endfacet
facet normal 0 0 -1
outer loop
vertex 28.949981689453125 -26.839948654174805 1.7000000476837158
vertex 28.915727615356445 -27.012157440185547 1.7000000476837158
vertex 28.915727615356445 -26.667741775512695 1.7000000476837158
endloop
endfacet
facet normal -0.5555647559208026 -0.8314732719568675 0
outer loop
vertex 28.818180084228516 -26.521751403808594 0
vertex 28.818180084228516 -26.521751403808594 1.7000000476837158
vertex 28.67218780517578 -26.424203872680664 0
endloop
endfacet
facet normal -0.8314699190325903 -0.555569773965375 0
outer loop
vertex 28.818180084228516 -26.521751403808594 0
vertex 28.915727615356445 -26.667741775512695 0
vertex 28.915727615356445 -26.667741775512695 1.7000000476837158
endloop
endfacet
facet normal -0.9807852845629332 -0.19509030110388895 0
outer loop
vertex 28.915727615356445 -26.667741775512695 0
vertex 28.949981689453125 -26.839948654174805 0
vertex 28.949981689453125 -26.839948654174805 1.7000000476837158
endloop
endfacet
facet normal -0.9807856980081253 0.19508822256280442 0
outer loop
vertex 28.949981689453125 -26.839948654174805 0
vertex 28.915727615356445 -27.012157440185547 0
vertex 28.915727615356445 -27.012157440185547 1.7000000476837158
endloop
endfacet
facet normal -0.19509030110388895 -0.9807852845629332 0
outer loop
vertex 28.67218780517578 -26.424203872680664 0
vertex 28.67218780517578 -26.424203872680664 1.7000000476837158
vertex 28.499980926513672 -26.389949798583984 0
endloop
endfacet
facet normal 0.19509030110388895 -0.9807852845629332 0
outer loop
vertex 28.499980926513672 -26.389949798583984 0
vertex 28.499980926513672 -26.389949798583984 1.7000000476837158
vertex 28.327774047851562 -26.424203872680664 0
endloop
endfacet
facet normal 0.555569773965375 -0.8314699190325903 0
outer loop
vertex 28.327774047851562 -26.424203872680664 0
vertex 28.327774047851562 -26.424203872680664 1.7000000476837158
vertex 28.18178367614746 -26.521751403808594 0
endloop
endfacet
facet normal 0.8314699190325903 -0.555569773965375 0
outer loop
vertex 28.18178367614746 -26.521751403808594 0
vertex 28.18178367614746 -26.521751403808594 1.7000000476837158
vertex 28.08423614501953 -26.667741775512695 0
endloop
endfacet
facet normal 0 0 -1
outer loop
vertex 28.08423614501953 -27.012157440185547 1.7000000476837158
vertex 28.04998207092285 -26.839948654174805 1.7000000476837158
vertex 28.08423614501953 -26.667741775512695 1.7000000476837158
endloop
endfacet
facet normal -0.9807856980081253 0.19508822256280442 0
outer loop
vertex 28.949981689453125 -26.839948654174805 1.7000000476837158
vertex 28.949981689453125 -26.839948654174805 0
vertex 28.915727615356445 -27.012157440185547 1.7000000476837158
endloop
endfacet
facet normal 0.8314649009491799 -0.5555772839934787 0
outer loop
vertex 47.08394241333008 -26.667741775512695 1.7000000476837158
vertex 47.08394241333008 -26.667741775512695 0
vertex 47.18149185180664 -26.521751403808594 1.7000000476837158
endloop
endfacet
facet normal 0.19508614406513386 0.9807861114401027 0
outer loop
vertex 47.499691009521484 -27.289949417114258 1.7000000476837158
vertex 47.499691009521484 -27.289949417114258 0
vertex 47.32748031616211 -27.255695343017578 1.7000000476837158
endloop
endfacet
facet normal 0.5555747920803612 -0.8314665660174577 0
outer loop
vertex 47.18149185180664 -26.521751403808594 1.7000000476837158
vertex 47.18149185180664 -26.521751403808594 0
vertex 47.32748031616211 -26.424203872680664 1.7000000476837158
endloop
endfacet
facet normal 0 0 -1
outer loop
vertex 47.81788635253906 -26.521751403808594 1.7000000476837158
vertex 47.671897888183594 -27.255695343017578 1.7000000476837158
vertex 47.671897888183594 -26.424203872680664 1.7000000476837158
endloop
endfacet
facet normal 0 0 -1
outer loop
vertex 47.671897888183594 -26.424203872680664 1.7000000476837158
vertex 47.499691009521484 -27.289949417114258 1.7000000476837158
vertex 47.499691009521484 -26.389949798583984 1.7000000476837158
endloop
endfacet
facet normal 0 0 -1
outer loop
vertex 47.499691009521484 -26.389949798583984 1.7000000476837158
vertex 47.32748031616211 -27.255695343017578 1.7000000476837158
vertex 47.32748031616211 -26.424203872680664 1.7000000476837158
endloop
endfacet
facet normal 0 0 -1
outer loop
vertex 47.81788635253906 -26.521751403808594 1.7000000476837158
vertex 47.915435791015625 -26.667741775512695 1.7000000476837158
vertex 47.81788635253906 -27.15814781188965 1.7000000476837158
endloop
endfacet
facet normal 0 0 -1
outer loop
vertex 47.94968795776367 -26.839948654174805 1.7000000476837158
vertex 47.915435791015625 -27.012157440185547 1.7000000476837158
vertex 47.915435791015625 -26.667741775512695 1.7000000476837158
endloop
endfacet
facet normal 0 0 -1
outer loop
vertex 47.915435791015625 -27.012157440185547 1.7000000476837158
vertex 47.81788635253906 -27.15814781188965 1.7000000476837158
vertex 47.915435791015625 -26.667741775512695 1.7000000476837158
endloop
endfacet
facet normal 0 0 -1
outer loop
vertex 47.81788635253906 -27.15814781188965 1.7000000476837158
vertex 47.671897888183594 -27.255695343017578 1.7000000476837158
vertex 47.81788635253906 -26.521751403808594 1.7000000476837158
endloop
endfacet
facet normal 0 0 -1
outer loop
vertex 47.671897888183594 -27.255695343017578 1.7000000476837158
vertex 47.499691009521484 -27.289949417114258 1.7000000476837158
vertex 47.671897888183594 -26.424203872680664 1.7000000476837158
endloop
endfacet
facet normal 0 0 -1
outer loop
vertex 47.499691009521484 -27.289949417114258 1.7000000476837158
vertex 47.32748031616211 -27.255695343017578 1.7000000476837158
vertex 47.499691009521484 -26.389949798583984 1.7000000476837158
endloop
endfacet
facet normal 0 0 -1
outer loop
vertex 47.32748031616211 -26.424203872680664 1.7000000476837158
vertex 47.18149185180664 -27.15814781188965 1.7000000476837158
vertex 47.18149185180664 -26.521751403808594 1.7000000476837158
endloop
endfacet
facet normal 0 0 -1
outer loop
vertex 47.18149185180664 -26.521751403808594 1.7000000476837158
vertex 47.08394241333008 -27.012157440185547 1.7000000476837158
vertex 47.08394241333008 -26.667741775512695 1.7000000476837158
endloop
endfacet
facet normal 0 0 -1
outer loop
vertex 47.18149185180664 -27.15814781188965 1.7000000476837158
vertex 47.08394241333008 -27.012157440185547 1.7000000476837158
vertex 47.18149185180664 -26.521751403808594 1.7000000476837158
endloop
endfacet
facet normal 0 0 -1
outer loop
vertex 47.32748031616211 -27.255695343017578 1.7000000476837158
vertex 47.18149185180664 -27.15814781188965 1.7000000476837158
vertex 47.32748031616211 -26.424203872680664 1.7000000476837158
endloop
endfacet
facet normal 0 0 -1
outer loop
vertex 47.08394241333008 -27.012157440185547 1.7000000476837158
vertex 47.04969024658203 -26.839948654174805 1.7000000476837158
vertex 47.08394241333008 -26.667741775512695 1.7000000476837158
endloop
endfacet
facet normal -0.5555747920803612 -0.8314665660174577 0
outer loop
vertex 47.81788635253906 -26.521751403808594 0
vertex 47.81788635253906 -26.521751403808594 1.7000000476837158
vertex 47.671897888183594 -26.424203872680664 0
endloop
endfacet
facet normal -0.8314649009491799 -0.5555772839934787 0
outer loop
vertex 47.81788635253906 -26.521751403808594 0
vertex 47.915435791015625 -26.667741775512695 0
vertex 47.915435791015625 -26.667741775512695 1.7000000476837158
endloop
endfacet
facet normal -0.19509030110388895 -0.9807852845629332 0
outer loop
vertex 47.671897888183594 -26.424203872680664 0
vertex 47.671897888183594 -26.424203872680664 1.7000000476837158
vertex 47.499691009521484 -26.389949798583984 0
endloop
endfacet
facet normal 0.19508614406513386 -0.9807861114401027 0
outer loop
vertex 47.499691009521484 -26.389949798583984 0
vertex 47.499691009521484 -26.389949798583984 1.7000000476837158
vertex 47.32748031616211 -26.424203872680664 0
endloop
endfacet
facet normal -0.9807873630744628 -0.1950798514286955 0
outer loop
vertex 47.94968795776367 -26.839948654174805 0
vertex 47.94968795776367 -26.839948654174805 1.7000000476837158
vertex 47.915435791015625 -26.667741775512695 0
endloop
endfacet
facet normal -0.9807877764762413 0.19507777299013523 0
outer loop
vertex 47.94968795776367 -26.839948654174805 0
vertex 47.915435791015625 -27.012157440185547 0
vertex 47.915435791015625 -27.012157440185547 1.7000000476837158
endloop
endfacet
facet normal 0.8314649009491799 0.5555772839934787 0
outer loop
vertex 47.18149185180664 -27.15814781188965 1.7000000476837158
vertex 47.18149185180664 -27.15814781188965 0
vertex 47.08394241333008 -27.012157440185547 1.7000000476837158
endloop
endfacet
facet normal 0.5555747920803612 0.8314665660174577 0
outer loop
vertex 47.32748031616211 -27.255695343017578 1.7000000476837158
vertex 47.32748031616211 -27.255695343017578 0
vertex 47.18149185180664 -27.15814781188965 1.7000000476837158
endloop
endfacet
facet normal 0.5555747920803612 -0.8314665660174577 0
outer loop
vertex 47.32748031616211 -26.424203872680664 0
vertex 47.32748031616211 -26.424203872680664 1.7000000476837158
vertex 47.18149185180664 -26.521751403808594 0
endloop
endfacet
facet normal 0.8314649009491799 -0.5555772839934787 0
outer loop
vertex 47.18149185180664 -26.521751403808594 0
vertex 47.18149185180664 -26.521751403808594 1.7000000476837158
vertex 47.08394241333008 -26.667741775512695 0
endloop
endfacet
facet normal 0.9807873630744628 -0.1950798514286955 0
outer loop
vertex 47.08394241333008 -26.667741775512695 0
vertex 47.08394241333008 -26.667741775512695 1.7000000476837158
vertex 47.04969024658203 -26.839948654174805 0
endloop
endfacet
facet normal 0.8314649009491799 0.5555772839934787 0
outer loop
vertex 47.08394241333008 -27.012157440185547 0
vertex 47.08394241333008 -27.012157440185547 1.7000000476837158
vertex 47.18149185180664 -27.15814781188965 0
endloop
endfacet
facet normal 0.9807877764762413 0.19507777299013523 0
outer loop
vertex 47.04969024658203 -26.839948654174805 0
vertex 47.04969024658203 -26.839948654174805 1.7000000476837158
vertex 47.08394241333008 -27.012157440185547 0
endloop
endfacet
facet normal -0.8314649009491799 0.5555772839934787 0
outer loop
vertex 47.915435791015625 -27.012157440185547 0
vertex 47.81788635253906 -27.15814781188965 0
vertex 47.81788635253906 -27.15814781188965 1.7000000476837158
endloop
endfacet
facet normal -0.5555747920803612 0.8314665660174577 0
outer loop
vertex 47.81788635253906 -27.15814781188965 0
vertex 47.671897888183594 -27.255695343017578 0
vertex 47.671897888183594 -27.255695343017578 1.7000000476837158
endloop
endfacet
facet normal 0.19508614406513386 0.9807861114401027 0
outer loop
vertex 47.499691009521484 -27.289949417114258 0
vertex 47.32748031616211 -27.255695343017578 0
vertex 47.32748031616211 -27.255695343017578 1.7000000476837158
endloop
endfacet
facet normal -0.19509030110388895 0.9807852845629332 0
outer loop
vertex 47.671897888183594 -27.255695343017578 0
vertex 47.499691009521484 -27.289949417114258 0
vertex 47.499691009521484 -27.289949417114258 1.7000000476837158
endloop
endfacet
facet normal 0.9807873630744628 -0.1950798514286955 0
outer loop
vertex 47.04969024658203 -26.839948654174805 1.7000000476837158
vertex 47.04969024658203 -26.839948654174805 0
vertex 47.08394241333008 -26.667741775512695 1.7000000476837158
endloop
endfacet
facet normal 0.5555747920803612 0.8314665660174577 0
outer loop
vertex 47.32748031616211 -27.255695343017578 0
vertex 47.18149185180664 -27.15814781188965 0
vertex 47.18149185180664 -27.15814781188965 1.7000000476837158
endloop
endfacet
facet normal -0.5555747920803612 -0.8314665660174577 0
outer loop
vertex 47.671897888183594 -26.424203872680664 1.7000000476837158
vertex 47.671897888183594 -26.424203872680664 0
vertex 47.81788635253906 -26.521751403808594 1.7000000476837158
endloop
endfacet
facet normal -0.8314649009491799 -0.5555772839934787 0
outer loop
vertex 47.81788635253906 -26.521751403808594 1.7000000476837158
vertex 47.81788635253906 -26.521751403808594 0
vertex 47.915435791015625 -26.667741775512695 1.7000000476837158
endloop
endfacet
facet normal -0.9807873630744628 -0.1950798514286955 0
outer loop
vertex 47.915435791015625 -26.667741775512695 1.7000000476837158
vertex 47.915435791015625 -26.667741775512695 0
vertex 47.94968795776367 -26.839948654174805 1.7000000476837158
endloop
endfacet
facet normal -0.19509030110388895 -0.9807852845629332 0
outer loop
vertex 47.499691009521484 -26.389949798583984 1.7000000476837158
vertex 47.499691009521484 -26.389949798583984 0
vertex 47.671897888183594 -26.424203872680664 1.7000000476837158
endloop
endfacet
facet normal 0.19508614406513386 -0.9807861114401027 0
outer loop
vertex 47.32748031616211 -26.424203872680664 1.7000000476837158
vertex 47.32748031616211 -26.424203872680664 0
vertex 47.499691009521484 -26.389949798583984 1.7000000476837158
endloop
endfacet
facet normal -0.9807877764762413 0.19507777299013523 0
outer loop
vertex 47.94968795776367 -26.839948654174805 1.7000000476837158
vertex 47.94968795776367 -26.839948654174805 0
vertex 47.915435791015625 -27.012157440185547 1.7000000476837158
endloop
endfacet
facet normal -0.8314649009491799 0.5555772839934787 0
outer loop
vertex 47.915435791015625 -27.012157440185547 1.7000000476837158
vertex 47.915435791015625 -27.012157440185547 0
vertex 47.81788635253906 -27.15814781188965 1.7000000476837158
endloop
endfacet
facet normal 0.9807877764762413 0.19507777299013523 0
outer loop
vertex 47.08394241333008 -27.012157440185547 1.7000000476837158
vertex 47.08394241333008 -27.012157440185547 0
vertex 47.04969024658203 -26.839948654174805 1.7000000476837158
endloop
endfacet
facet normal -0.5555747920803612 0.8314665660174577 0
outer loop
vertex 47.81788635253906 -27.15814781188965 1.7000000476837158
vertex 47.81788635253906 -27.15814781188965 0
vertex 47.671897888183594 -27.255695343017578 1.7000000476837158
endloop
endfacet
facet normal -0.19509030110388895 0.9807852845629332 0
outer loop
vertex 47.671897888183594 -27.255695343017578 1.7000000476837158
vertex 47.671897888183594 -27.255695343017578 0
vertex 47.499691009521484 -27.289949417114258 1.7000000476837158
endloop
endfacet
facet normal -0.8314649009491799 -0.5555772839934787 0
outer loop
vertex 47.81788635253906 -27.791751861572266 0
vertex 47.915435791015625 -27.937742233276367 0
vertex 47.915435791015625 -27.937742233276367 1.7000000476837158
endloop
endfacet
facet normal -0.19509030110388895 -0.9807852845629332 0
outer loop
vertex 47.671897888183594 -27.694202423095703 0
vertex 47.671897888183594 -27.694202423095703 1.7000000476837158
vertex 47.499691009521484 -27.659948348999023 0
endloop
endfacet
facet normal -0.19509030110388895 -0.9807852845629332 0
outer loop
vertex 47.499691009521484 -27.659948348999023 1.7000000476837158
vertex 47.499691009521484 -27.659948348999023 0
vertex 47.671897888183594 -27.694202423095703 1.7000000476837158
endloop
endfacet
facet normal 0 0 -1
outer loop
vertex 47.81788635253906 -27.791751861572266 1.7000000476837158
vertex 47.671897888183594 -28.52569580078125 1.7000000476837158
vertex 47.671897888183594 -27.694202423095703 1.7000000476837158
endloop
endfacet
facet normal 0 0 -1
outer loop
vertex 47.671897888183594 -27.694202423095703 1.7000000476837158
vertex 47.499691009521484 -28.55994987487793 1.7000000476837158
vertex 47.499691009521484 -27.659948348999023 1.7000000476837158
endloop
endfacet
facet normal 0.19508614406513386 -0.9807861114401027 0
outer loop
vertex 47.32748031616211 -27.694202423095703 1.7000000476837158
vertex 47.32748031616211 -27.694202423095703 0
vertex 47.499691009521484 -27.659948348999023 1.7000000476837158
endloop
endfacet
facet normal -0.8314649009491799 -0.5555772839934787 0
outer loop
vertex 47.81788635253906 -27.791751861572266 1.7000000476837158
vertex 47.81788635253906 -27.791751861572266 0
vertex 47.915435791015625 -27.937742233276367 1.7000000476837158
endloop
endfacet
facet normal -0.9807873630744628 -0.1950798514286955 0
outer loop
vertex 47.915435791015625 -27.937742233276367 1.7000000476837158
vertex 47.915435791015625 -27.937742233276367 0
vertex 47.94968795776367 -28.109949111938477 1.7000000476837158
endloop
endfacet
facet normal -0.9807873630744628 0.1950798514286955 0
outer loop
vertex 47.94968795776367 -28.109949111938477 1.7000000476837158
vertex 47.94968795776367 -28.109949111938477 0
vertex 47.915435791015625 -28.282155990600586 1.7000000476837158
endloop
endfacet
facet normal -0.8314649009491799 0.5555772839934787 0
outer loop
vertex 47.915435791015625 -28.282155990600586 1.7000000476837158
vertex 47.915435791015625 -28.282155990600586 0
vertex 47.81788635253906 -28.428146362304688 1.7000000476837158
endloop
endfacet
facet normal -0.5555823021157262 0.8314615478636338 0
outer loop
vertex 47.81788635253906 -28.428146362304688 1.7000000476837158
vertex 47.81788635253906 -28.428146362304688 0
vertex 47.671897888183594 -28.52569580078125 1.7000000476837158
endloop
endfacet
facet normal -0.19509030110388895 0.9807852845629332 0
outer loop
vertex 47.671897888183594 -28.52569580078125 1.7000000476837158
vertex 47.671897888183594 -28.52569580078125 0
vertex 47.499691009521484 -28.55994987487793 1.7000000476837158
endloop
endfacet
facet normal 0 0 -1
outer loop
vertex 47.499691009521484 -27.659948348999023 1.7000000476837158
vertex 47.32748031616211 -28.52569580078125 1.7000000476837158
vertex 47.32748031616211 -27.694202423095703 1.7000000476837158
endloop
endfacet
facet normal 0 0 -1
outer loop
vertex 47.915435791015625 -28.282155990600586 1.7000000476837158
vertex 47.81788635253906 -28.428146362304688 1.7000000476837158
vertex 47.915435791015625 -27.937742233276367 1.7000000476837158
endloop
endfacet
facet normal 0 0 -1
outer loop
vertex 47.81788635253906 -28.428146362304688 1.7000000476837158
vertex 47.671897888183594 -28.52569580078125 1.7000000476837158
vertex 47.81788635253906 -27.791751861572266 1.7000000476837158
endloop
endfacet
facet normal 0 0 -1
outer loop
vertex 47.671897888183594 -28.52569580078125 1.7000000476837158
vertex 47.499691009521484 -28.55994987487793 1.7000000476837158
vertex 47.671897888183594 -27.694202423095703 1.7000000476837158
endloop
endfacet
facet normal 0 0 -1
outer loop
vertex 47.499691009521484 -28.55994987487793 1.7000000476837158
vertex 47.32748031616211 -28.52569580078125 1.7000000476837158
vertex 47.499691009521484 -27.659948348999023 1.7000000476837158
endloop
endfacet
facet normal -0.8314649009491799 0.5555772839934787 0
outer loop
vertex 47.915435791015625 -28.282155990600586 0
vertex 47.81788635253906 -28.428146362304688 0
vertex 47.81788635253906 -28.428146362304688 1.7000000476837158
endloop
endfacet
facet normal -0.5555823021157262 0.8314615478636338 0
outer loop
vertex 47.81788635253906 -28.428146362304688 0
vertex 47.671897888183594 -28.52569580078125 0
vertex 47.671897888183594 -28.52569580078125 1.7000000476837158
endloop
endfacet
facet normal -0.19509030110388895 0.9807852845629332 0
outer loop
vertex 47.671897888183594 -28.52569580078125 0
vertex 47.499691009521484 -28.55994987487793 0
vertex 47.499691009521484 -28.55994987487793 1.7000000476837158
endloop
endfacet
facet normal 0.19508614406513386 0.9807861114401027 0
outer loop
vertex 47.499691009521484 -28.55994987487793 0
vertex 47.32748031616211 -28.52569580078125 0
vertex 47.32748031616211 -28.52569580078125 1.7000000476837158
endloop
endfacet
facet normal 0 0 -1
outer loop
vertex 47.81788635253906 -27.791751861572266 1.7000000476837158
vertex 47.915435791015625 -27.937742233276367 1.7000000476837158
vertex 47.81788635253906 -28.428146362304688 1.7000000476837158
endloop
endfacet
facet normal -0.9807873630744628 -0.1950798514286955 0
outer loop
vertex 47.94968795776367 -28.109949111938477 0
vertex 47.94968795776367 -28.109949111938477 1.7000000476837158
vertex 47.915435791015625 -27.937742233276367 0
endloop
endfacet
facet normal 0.19508614406513386 -0.9807861114401027 0
outer loop
vertex 47.499691009521484 -27.659948348999023 0
vertex 47.499691009521484 -27.659948348999023 1.7000000476837158
vertex 47.32748031616211 -27.694202423095703 0
endloop
endfacet
facet normal -0.9807873630744628 0.1950798514286955 0
outer loop
vertex 47.94968795776367 -28.109949111938477 0
vertex 47.915435791015625 -28.282155990600586 0
vertex 47.915435791015625 -28.282155990600586 1.7000000476837158
endloop
endfacet
facet normal 0 0 -1
outer loop
vertex 47.94968795776367 -28.109949111938477 1.7000000476837158
vertex 47.915435791015625 -28.282155990600586 1.7000000476837158
vertex 47.915435791015625 -27.937742233276367 1.7000000476837158
endloop
endfacet
facet normal 0.5555823021157262 0.8314615478636338 0
outer loop
vertex 47.32748031616211 -28.52569580078125 1.7000000476837158
vertex 47.32748031616211 -28.52569580078125 0
vertex 47.18149185180664 -28.428146362304688 1.7000000476837158
endloop
endfacet
facet normal 0.9807873630744628 -0.1950798514286955 0
outer loop
vertex 47.04969024658203 -28.109949111938477 1.7000000476837158
vertex 47.04969024658203 -28.109949111938477 0
vertex 47.08394241333008 -27.937742233276367 1.7000000476837158
endloop
endfacet
facet normal 0.8314649009491799 -0.5555772839934787 0
outer loop
vertex 47.08394241333008 -27.937742233276367 1.7000000476837158
vertex 47.08394241333008 -27.937742233276367 0
vertex 47.18149185180664 -27.791751861572266 1.7000000476837158
endloop
endfacet
facet normal 0.5555823021157262 -0.8314615478636338 0
outer loop
vertex 47.18149185180664 -27.791751861572266 1.7000000476837158
vertex 47.18149185180664 -27.791751861572266 0
vertex 47.32748031616211 -27.694202423095703 1.7000000476837158
endloop
endfacet
facet normal 0.19508614406513386 0.9807861114401027 0
outer loop
vertex 47.499691009521484 -28.55994987487793 1.7000000476837158
vertex 47.499691009521484 -28.55994987487793 0
vertex 47.32748031616211 -28.52569580078125 1.7000000476837158
endloop
endfacet
facet normal 0.5555823021157262 -0.8314615478636338 0
outer loop
vertex 47.32748031616211 -27.694202423095703 0
vertex 47.32748031616211 -27.694202423095703 1.7000000476837158
vertex 47.18149185180664 -27.791751861572266 0
endloop
endfacet
facet normal 0 0 -1
outer loop
vertex 47.32748031616211 -27.694202423095703 1.7000000476837158
vertex 47.18149185180664 -28.428146362304688 1.7000000476837158
vertex 47.18149185180664 -27.791751861572266 1.7000000476837158
endloop
endfacet
facet normal 0 0 -1
outer loop
vertex 47.18149185180664 -27.791751861572266 1.7000000476837158
vertex 47.08394241333008 -28.282155990600586 1.7000000476837158
vertex 47.08394241333008 -27.937742233276367 1.7000000476837158
endloop
endfacet
facet normal 0 0 -1
outer loop
vertex 47.08394241333008 -28.282155990600586 1.7000000476837158
vertex 47.04969024658203 -28.109949111938477 1.7000000476837158
vertex 47.08394241333008 -27.937742233276367 1.7000000476837158
endloop
endfacet
facet normal 0 0 -1
outer loop
vertex 47.32748031616211 -28.52569580078125 1.7000000476837158
vertex 47.18149185180664 -28.428146362304688 1.7000000476837158
vertex 47.32748031616211 -27.694202423095703 1.7000000476837158
endloop
endfacet
facet normal 0 0 -1
outer loop
vertex 47.18149185180664 -28.428146362304688 1.7000000476837158
vertex 47.08394241333008 -28.282155990600586 1.7000000476837158
vertex 47.18149185180664 -27.791751861572266 1.7000000476837158
endloop
endfacet
facet normal 0.9807873630744628 0.1950798514286955 0
outer loop
vertex 47.08394241333008 -28.282155990600586 1.7000000476837158
vertex 47.08394241333008 -28.282155990600586 0
vertex 47.04969024658203 -28.109949111938477 1.7000000476837158
endloop
endfacet
facet normal 0.8314649009491799 0.5555772839934787 0
outer loop
vertex 47.18149185180664 -28.428146362304688 1.7000000476837158
vertex 47.18149185180664 -28.428146362304688 0
vertex 47.08394241333008 -28.282155990600586 1.7000000476837158
endloop
endfacet
facet normal -0.5555823021157262 -0.8314615478636338 0
outer loop
vertex 47.81788635253906 -27.791751861572266 0
vertex 47.81788635253906 -27.791751861572266 1.7000000476837158
vertex 47.671897888183594 -27.694202423095703 0
endloop
endfacet
facet normal 0.8314649009491799 -0.5555772839934787 0
outer loop
vertex 47.18149185180664 -27.791751861572266 0
vertex 47.18149185180664 -27.791751861572266 1.7000000476837158
vertex 47.08394241333008 -27.937742233276367 0
endloop
endfacet
facet normal 0.9807873630744628 -0.1950798514286955 0
outer loop
vertex 47.08394241333008 -27.937742233276367 0
vertex 47.08394241333008 -27.937742233276367 1.7000000476837158
vertex 47.04969024658203 -28.109949111938477 0
endloop
endfacet
facet normal 0.8314649009491799 0.5555772839934787 0
outer loop
vertex 47.18149185180664 -28.428146362304688 0
vertex 47.08394241333008 -28.282155990600586 0
vertex 47.08394241333008 -28.282155990600586 1.7000000476837158
endloop
endfacet
facet normal 0.5555823021157262 0.8314615478636338 0
outer loop
vertex 47.18149185180664 -28.428146362304688 0
vertex 47.18149185180664 -28.428146362304688 1.7000000476837158
vertex 47.32748031616211 -28.52569580078125 0
endloop
endfacet
facet normal 0.9807873630744628 0.1950798514286955 0
outer loop
vertex 47.04969024658203 -28.109949111938477 0
vertex 47.04969024658203 -28.109949111938477 1.7000000476837158
vertex 47.08394241333008 -28.282155990600586 0
endloop
endfacet
facet normal -0.5555823021157262 -0.8314615478636338 0
outer loop
vertex 47.671897888183594 -27.694202423095703 1.7000000476837158
vertex 47.671897888183594 -27.694202423095703 0
vertex 47.81788635253906 -27.791751861572266 1.7000000476837158
endloop
endfacet
facet normal 0.5555747920803612 -0.8314665660174577 0
outer loop
vertex 47.32748031616211 -28.964202880859375 0
vertex 47.32748031616211 -28.964202880859375 1.7000000476837158
vertex 47.18149185180664 -29.061750411987305 0
endloop
endfacet
facet normal 0 0 -1
outer loop
vertex 47.499691009521484 -28.929948806762695 1.7000000476837158
vertex 47.32748031616211 -29.79569435119629 1.7000000476837158
vertex 47.32748031616211 -28.964202880859375 1.7000000476837158
endloop
endfacet
facet normal -0.5555747920803612 -0.8314665660174577 0
outer loop
vertex 47.671897888183594 -28.964202880859375 1.7000000476837158
vertex 47.671897888183594 -28.964202880859375 0
vertex 47.81788635253906 -29.061750411987305 1.7000000476837158
endloop
endfacet
facet normal 0 0 -1
outer loop
vertex 47.32748031616211 -29.79569435119629 1.7000000476837158
vertex 47.18149185180664 -29.69814682006836 1.7000000476837158
vertex 47.32748031616211 -28.964202880859375 1.7000000476837158
endloop
endfacet
facet normal -0.8314649009491799 -0.5555772839934787 0
outer loop
vertex 47.81788635253906 -29.061750411987305 1.7000000476837158
vertex 47.81788635253906 -29.061750411987305 0
vertex 47.915435791015625 -29.207740783691406 1.7000000476837158
endloop
endfacet
facet normal -0.19509030110388895 -0.9807852845629332 0
outer loop
vertex 47.499691009521484 -28.929948806762695 1.7000000476837158
vertex 47.499691009521484 -28.929948806762695 0
vertex 47.671897888183594 -28.964202880859375 1.7000000476837158
endloop
endfacet
facet normal 0.19508614406513386 -0.9807861114401027 0
outer loop
vertex 47.32748031616211 -28.964202880859375 1.7000000476837158
vertex 47.32748031616211 -28.964202880859375 0
vertex 47.499691009521484 -28.929948806762695 1.7000000476837158
endloop
endfacet
facet normal -0.9807877764762413 -0.19507777299013523 0
outer loop
vertex 47.915435791015625 -29.207740783691406 1.7000000476837158
vertex 47.915435791015625 -29.207740783691406 0
vertex 47.94968795776367 -29.37994956970215 1.7000000476837158
endloop
endfacet
facet normal -0.9807873630744628 0.1950798514286955 0
outer loop
vertex 47.94968795776367 -29.37994956970215 1.7000000476837158
vertex 47.94968795776367 -29.37994956970215 0
vertex 47.915435791015625 -29.552156448364258 1.7000000476837158
endloop
endfacet
facet normal -0.8314649009491799 0.5555772839934787 0
outer loop
vertex 47.915435791015625 -29.552156448364258 1.7000000476837158
vertex 47.915435791015625 -29.552156448364258 0
vertex 47.81788635253906 -29.69814682006836 1.7000000476837158
endloop
endfacet
facet normal -0.5555747920803612 0.8314665660174577 0
outer loop
vertex 47.81788635253906 -29.69814682006836 1.7000000476837158
vertex 47.81788635253906 -29.69814682006836 0
vertex 47.671897888183594 -29.79569435119629 1.7000000476837158
endloop
endfacet
facet normal -0.19509030110388895 0.9807852845629332 0
outer loop
vertex 47.671897888183594 -29.79569435119629 1.7000000476837158
vertex 47.671897888183594 -29.79569435119629 0
vertex 47.499691009521484 -29.82994842529297 1.7000000476837158
endloop
endfacet
facet normal 0.19508614406513386 0.9807861114401027 0
outer loop
vertex 47.499691009521484 -29.82994842529297 1.7000000476837158
vertex 47.499691009521484 -29.82994842529297 0
vertex 47.32748031616211 -29.79569435119629 1.7000000476837158
endloop
endfacet
facet normal 0 0 -1
outer loop
vertex 47.18149185180664 -29.061750411987305 1.7000000476837158
vertex 47.08394241333008 -29.552156448364258 1.7000000476837158
vertex 47.08394241333008 -29.207740783691406 1.7000000476837158
endloop
endfacet
facet normal 0 0 -1
outer loop
vertex 47.32748031616211 -28.964202880859375 1.7000000476837158
vertex 47.18149185180664 -29.69814682006836 1.7000000476837158
vertex 47.18149185180664 -29.061750411987305 1.7000000476837158
endloop
endfacet
facet normal 0.5555747920803612 -0.8314665660174577 0
outer loop
vertex 47.18149185180664 -29.061750411987305 1.7000000476837158
vertex 47.18149185180664 -29.061750411987305 0
vertex 47.32748031616211 -28.964202880859375 1.7000000476837158
endloop
endfacet
facet normal 0.8314649009491799 -0.5555772839934787 0
outer loop
vertex 47.08394241333008 -29.207740783691406 1.7000000476837158
vertex 47.08394241333008 -29.207740783691406 0
vertex 47.18149185180664 -29.061750411987305 1.7000000476837158
endloop
endfacet
facet normal 0.9807877764762413 -0.19507777299013523 0
outer loop
vertex 47.04969024658203 -29.37994956970215 1.7000000476837158
vertex 47.04969024658203 -29.37994956970215 0
vertex 47.08394241333008 -29.207740783691406 1.7000000476837158
endloop
endfacet
facet normal 0.9807873630744628 0.1950798514286955 0
outer loop
vertex 47.08394241333008 -29.552156448364258 1.7000000476837158
vertex 47.08394241333008 -29.552156448364258 0
vertex 47.04969024658203 -29.37994956970215 1.7000000476837158
endloop
endfacet
facet normal 0.8314649009491799 0.5555772839934787 0
outer loop
vertex 47.18149185180664 -29.69814682006836 1.7000000476837158
vertex 47.18149185180664 -29.69814682006836 0
vertex 47.08394241333008 -29.552156448364258 1.7000000476837158
endloop
endfacet
facet normal 0.5555747920803612 0.8314665660174577 0
outer loop
vertex 47.32748031616211 -29.79569435119629 1.7000000476837158
vertex 47.32748031616211 -29.79569435119629 0
vertex 47.18149185180664 -29.69814682006836 1.7000000476837158
endloop
endfacet
facet normal 0.9807877764762413 -0.19507777299013523 0
outer loop
vertex 47.08394241333008 -29.207740783691406 0
vertex 47.08394241333008 -29.207740783691406 1.7000000476837158
vertex 47.04969024658203 -29.37994956970215 0
endloop
endfacet
facet normal 0.9807873630744628 0.1950798514286955 0
outer loop
vertex 47.04969024658203 -29.37994956970215 0
vertex 47.04969024658203 -29.37994956970215 1.7000000476837158
vertex 47.08394241333008 -29.552156448364258 0
endloop
endfacet
facet normal 0.8314649009491799 0.5555772839934787 0
outer loop
vertex 47.08394241333008 -29.552156448364258 0
vertex 47.08394241333008 -29.552156448364258 1.7000000476837158
vertex 47.18149185180664 -29.69814682006836 0
endloop
endfacet
facet normal 0.5555747920803612 0.8314665660174577 0
outer loop
vertex 47.18149185180664 -29.69814682006836 0
vertex 47.18149185180664 -29.69814682006836 1.7000000476837158
vertex 47.32748031616211 -29.79569435119629 0
endloop
endfacet
facet normal -0.9807873630744628 0.1950798514286955 0
outer loop
vertex 47.94968795776367 -29.37994956970215 0
vertex 47.915435791015625 -29.552156448364258 0
vertex 47.915435791015625 -29.552156448364258 1.7000000476837158
endloop
endfacet
facet normal -0.9807877764762413 -0.19507777299013523 0
outer loop
vertex 47.915435791015625 -29.207740783691406 0
vertex 47.94968795776367 -29.37994956970215 0
vertex 47.94968795776367 -29.37994956970215 1.7000000476837158
endloop
endfacet
facet normal 0.19508614406513386 -0.9807861114401027 0
outer loop
vertex 47.499691009521484 -28.929948806762695 0
vertex 47.499691009521484 -28.929948806762695 1.7000000476837158
vertex 47.32748031616211 -28.964202880859375 0
endloop
endfacet
facet normal -0.19509030110388895 -0.9807852845629332 0
outer loop
vertex 47.671897888183594 -28.964202880859375 0
vertex 47.671897888183594 -28.964202880859375 1.7000000476837158
vertex 47.499691009521484 -28.929948806762695 0
endloop
endfacet
facet normal -0.8314649009491799 -0.5555772839934787 0
outer loop
vertex 47.81788635253906 -29.061750411987305 0
vertex 47.915435791015625 -29.207740783691406 0
vertex 47.915435791015625 -29.207740783691406 1.7000000476837158
endloop
endfacet
facet normal -0.5555747920803612 -0.8314665660174577 0
outer loop
vertex 47.671897888183594 -28.964202880859375 0
vertex 47.81788635253906 -29.061750411987305 0
vertex 47.81788635253906 -29.061750411987305 1.7000000476837158
endloop
endfacet
facet normal 0.19508614406513386 0.9807861114401027 0
outer loop
vertex 47.499691009521484 -29.82994842529297 0
vertex 47.32748031616211 -29.79569435119629 0
vertex 47.32748031616211 -29.79569435119629 1.7000000476837158
endloop
endfacet
facet normal -0.19509030110388895 0.9807852845629332 0
outer loop
vertex 47.671897888183594 -29.79569435119629 0
vertex 47.499691009521484 -29.82994842529297 0
vertex 47.499691009521484 -29.82994842529297 1.7000000476837158
endloop
endfacet
facet normal -0.5555747920803612 0.8314665660174577 0
outer loop
vertex 47.81788635253906 -29.69814682006836 0
vertex 47.671897888183594 -29.79569435119629 0
vertex 47.671897888183594 -29.79569435119629 1.7000000476837158
endloop
endfacet
facet normal -0.8314649009491799 0.5555772839934787 0
outer loop
vertex 47.915435791015625 -29.552156448364258 0
vertex 47.81788635253906 -29.69814682006836 0
vertex 47.81788635253906 -29.69814682006836 1.7000000476837158
endloop
endfacet
facet normal 0 0 -1
outer loop
vertex 47.499691009521484 -29.82994842529297 1.7000000476837158
vertex 47.32748031616211 -29.79569435119629 1.7000000476837158
vertex 47.499691009521484 -28.929948806762695 1.7000000476837158
endloop
endfacet
facet normal 0 0 -1
outer loop
vertex 47.81788635253906 -29.69814682006836 1.7000000476837158
vertex 47.671897888183594 -29.79569435119629 1.7000000476837158
vertex 47.81788635253906 -29.061750411987305 1.7000000476837158
endloop
endfacet
facet normal 0 0 -1
outer loop
vertex 47.08394241333008 -29.552156448364258 1.7000000476837158
vertex 47.04969024658203 -29.37994956970215 1.7000000476837158
vertex 47.08394241333008 -29.207740783691406 1.7000000476837158
endloop
endfacet
facet normal 0 0 -1
outer loop
vertex 47.18149185180664 -29.69814682006836 1.7000000476837158
vertex 47.08394241333008 -29.552156448364258 1.7000000476837158
vertex 47.18149185180664 -29.061750411987305 1.7000000476837158
endloop
endfacet
facet normal 0 0 -1
outer loop
vertex 47.915435791015625 -29.552156448364258 1.7000000476837158
vertex 47.81788635253906 -29.69814682006836 1.7000000476837158
vertex 47.915435791015625 -29.207740783691406 1.7000000476837158
endloop
endfacet
facet normal 0 0 -1
outer loop
vertex 47.671897888183594 -28.964202880859375 1.7000000476837158
vertex 47.81788635253906 -29.061750411987305 1.7000000476837158
vertex 47.671897888183594 -29.79569435119629 1.7000000476837158
endloop
endfacet
facet normal 0 0 -1
outer loop
vertex 47.81788635253906 -29.061750411987305 1.7000000476837158
vertex 47.915435791015625 -29.207740783691406 1.7000000476837158
vertex 47.81788635253906 -29.69814682006836 1.7000000476837158
endloop
endfacet
facet normal 0 0 -1
outer loop
vertex 47.94968795776367 -29.37994956970215 1.7000000476837158
vertex 47.915435791015625 -29.552156448364258 1.7000000476837158
vertex 47.915435791015625 -29.207740783691406 1.7000000476837158
endloop
endfacet
facet normal 0 0 -1
outer loop
vertex 47.671897888183594 -29.79569435119629 1.7000000476837158
vertex 47.499691009521484 -29.82994842529297 1.7000000476837158
vertex 47.671897888183594 -28.964202880859375 1.7000000476837158
endloop
endfacet
facet normal 0 0 -1
outer loop
vertex 47.671897888183594 -28.964202880859375 1.7000000476837158
vertex 47.499691009521484 -29.82994842529297 1.7000000476837158
vertex 47.499691009521484 -28.929948806762695 1.7000000476837158
endloop
endfacet
facet normal 0.8314649009491799 -0.5555772839934787 0
outer loop
vertex 47.18149185180664 -29.061750411987305 0
vertex 47.18149185180664 -29.061750411987305 1.7000000476837158
vertex 47.08394241333008 -29.207740783691406 0
endloop
endfacet
facet normal 0 0 -1
outer loop
vertex 47.18149185180664 -30.331750869750977 1.7000000476837158
vertex 47.08394241333008 -30.82215690612793 1.7000000476837158
vertex 47.08394241333008 -30.477741241455078 1.7000000476837158
endloop
endfacet
facet normal 0.5555747920803612 -0.8314665660174577 0
outer loop
vertex 47.18149185180664 -30.331750869750977 1.7000000476837158
vertex 47.18149185180664 -30.331750869750977 0
vertex 47.32748031616211 -30.234203338623047 1.7000000476837158
endloop
endfacet
facet normal 0.5555747920803612 -0.8314665660174577 0
outer loop
vertex 47.32748031616211 -30.234203338623047 0
vertex 47.32748031616211 -30.234203338623047 1.7000000476837158
vertex 47.18149185180664 -30.331750869750977 0
endloop
endfacet
facet normal 0.8314649009491799 -0.5555772839934787 0
outer loop
vertex 47.18149185180664 -30.331750869750977 0
vertex 47.18149185180664 -30.331750869750977 1.7000000476837158
vertex 47.08394241333008 -30.477741241455078 0
endloop
endfacet
facet normal 0.9807877764762413 -0.19507777299013523 0
outer loop
vertex 47.08394241333008 -30.477741241455078 0
vertex 47.08394241333008 -30.477741241455078 1.7000000476837158
vertex 47.04969024658203 -30.64995002746582 0
endloop
endfacet
facet normal 0.8314649009491799 0.5555772839934787 0
outer loop
vertex 47.18149185180664 -30.96814727783203 0
vertex 47.08394241333008 -30.82215690612793 0
vertex 47.08394241333008 -30.82215690612793 1.7000000476837158
endloop
endfacet
facet normal 0.5555747920803612 0.8314665660174577 0
outer loop
vertex 47.18149185180664 -30.96814727783203 0
vertex 47.18149185180664 -30.96814727783203 1.7000000476837158
vertex 47.32748031616211 -31.06569480895996 0
endloop
endfacet
facet normal 0.9807873630744628 0.1950798514286955 0
outer loop
vertex 47.04969024658203 -30.64995002746582 0
vertex 47.04969024658203 -30.64995002746582 1.7000000476837158
vertex 47.08394241333008 -30.82215690612793 0
endloop
endfacet
facet normal 0.19508614406513386 0.9807861114401027 0
outer loop
vertex 47.499691009521484 -31.09994888305664 1.7000000476837158
vertex 47.499691009521484 -31.09994888305664 0
vertex 47.32748031616211 -31.06569480895996 1.7000000476837158
endloop
endfacet
facet normal -0.19509030110388895 0.9807852845629332 0
outer loop
vertex 47.671897888183594 -31.06569480895996 1.7000000476837158
vertex 47.671897888183594 -31.06569480895996 0
vertex 47.499691009521484 -31.09994888305664 1.7000000476837158
endloop
endfacet
facet normal -0.5555747920803612 0.8314665660174577 0
outer loop
vertex 47.81788635253906 -30.96814727783203 1.7000000476837158
vertex 47.81788635253906 -30.96814727783203 0
vertex 47.671897888183594 -31.06569480895996 1.7000000476837158
endloop
endfacet
facet normal 0.19508614406513386 0.9807861114401027 0
outer loop
vertex 47.499691009521484 -31.09994888305664 0
vertex 47.32748031616211 -31.06569480895996 0
vertex 47.32748031616211 -31.06569480895996 1.7000000476837158
endloop
endfacet
facet normal -0.19509030110388895 0.9807852845629332 0
outer loop
vertex 47.671897888183594 -31.06569480895996 0
vertex 47.499691009521484 -31.09994888305664 0
vertex 47.499691009521484 -31.09994888305664 1.7000000476837158
endloop
endfacet
facet normal -0.5555747920803612 0.8314665660174577 0
outer loop
vertex 47.81788635253906 -30.96814727783203 0
vertex 47.671897888183594 -31.06569480895996 0
vertex 47.671897888183594 -31.06569480895996 1.7000000476837158
endloop
endfacet
facet normal -0.8314649009491799 0.5555772839934787 0
outer loop
vertex 47.915435791015625 -30.82215690612793 0
vertex 47.81788635253906 -30.96814727783203 0
vertex 47.81788635253906 -30.96814727783203 1.7000000476837158
endloop
endfacet
facet normal -0.9807873630744628 0.1950798514286955 0
outer loop
vertex 47.94968795776367 -30.64995002746582 0
vertex 47.915435791015625 -30.82215690612793 0
vertex 47.915435791015625 -30.82215690612793 1.7000000476837158
endloop
endfacet
facet normal -0.9807877764762413 -0.19507777299013523 0
outer loop
vertex 47.915435791015625 -30.477741241455078 0
vertex 47.94968795776367 -30.64995002746582 0
vertex 47.94968795776367 -30.64995002746582 1.7000000476837158
endloop
endfacet
facet normal -0.5555747920803612 -0.8314665660174577 0
outer loop
vertex 47.671897888183594 -30.234203338623047 0
vertex 47.81788635253906 -30.331750869750977 0
vertex 47.81788635253906 -30.331750869750977 1.7000000476837158
endloop
endfacet
facet normal -0.8314649009491799 -0.5555772839934787 0
outer loop
vertex 47.81788635253906 -30.331750869750977 0
vertex 47.915435791015625 -30.477741241455078 0
vertex 47.915435791015625 -30.477741241455078 1.7000000476837158
endloop
endfacet
facet normal 0.19508614406513386 -0.9807861114401027 0
outer loop
vertex 47.499691009521484 -30.199949264526367 0
vertex 47.499691009521484 -30.199949264526367 1.7000000476837158
vertex 47.32748031616211 -30.234203338623047 0
endloop
endfacet
facet normal -0.19509030110388895 -0.9807852845629332 0
outer loop
vertex 47.671897888183594 -30.234203338623047 0
vertex 47.671897888183594 -30.234203338623047 1.7000000476837158
vertex 47.499691009521484 -30.199949264526367 0
endloop
endfacet
facet normal -0.8314649009491799 0.5555772839934787 0
outer loop
vertex 47.915435791015625 -30.82215690612793 1.7000000476837158
vertex 47.915435791015625 -30.82215690612793 0
vertex 47.81788635253906 -30.96814727783203 1.7000000476837158
endloop
endfacet
facet normal -0.9807873630744628 0.1950798514286955 0
outer loop
vertex 47.94968795776367 -30.64995002746582 1.7000000476837158
vertex 47.94968795776367 -30.64995002746582 0
vertex 47.915435791015625 -30.82215690612793 1.7000000476837158
endloop
endfacet
facet normal -0.9807877764762413 -0.19507777299013523 0
outer loop
vertex 47.915435791015625 -30.477741241455078 1.7000000476837158
vertex 47.915435791015625 -30.477741241455078 0
vertex 47.94968795776367 -30.64995002746582 1.7000000476837158
endloop
endfacet
facet normal -0.8314649009491799 -0.5555772839934787 0
outer loop
vertex 47.81788635253906 -30.331750869750977 1.7000000476837158
vertex 47.81788635253906 -30.331750869750977 0
vertex 47.915435791015625 -30.477741241455078 1.7000000476837158
endloop
endfacet
facet normal 0.19508614406513386 -0.9807861114401027 0
outer loop
vertex 47.32748031616211 -30.234203338623047 1.7000000476837158
vertex 47.32748031616211 -30.234203338623047 0
vertex 47.499691009521484 -30.199949264526367 1.7000000476837158
endloop
endfacet
facet normal -0.19509030110388895 -0.9807852845629332 0
outer loop
vertex 47.499691009521484 -30.199949264526367 1.7000000476837158
vertex 47.499691009521484 -30.199949264526367 0
vertex 47.671897888183594 -30.234203338623047 1.7000000476837158
endloop
endfacet
facet normal -0.5555747920803612 -0.8314665660174577 0
outer loop
vertex 47.671897888183594 -30.234203338623047 1.7000000476837158
vertex 47.671897888183594 -30.234203338623047 0
vertex 47.81788635253906 -30.331750869750977 1.7000000476837158
endloop
endfacet
facet normal 0 0 -1
outer loop
vertex 47.81788635253906 -30.331750869750977 1.7000000476837158
vertex 47.915435791015625 -30.477741241455078 1.7000000476837158
vertex 47.81788635253906 -30.96814727783203 1.7000000476837158
endloop
endfacet
facet normal 0.8314649009491799 -0.5555772839934787 0
outer loop
vertex 47.08394241333008 -30.477741241455078 1.7000000476837158
vertex 47.08394241333008 -30.477741241455078 0
vertex 47.18149185180664 -30.331750869750977 1.7000000476837158
endloop
endfacet
facet normal 0.5555747920803612 0.8314665660174577 0
outer loop
vertex 47.32748031616211 -31.06569480895996 1.7000000476837158
vertex 47.32748031616211 -31.06569480895996 0
vertex 47.18149185180664 -30.96814727783203 1.7000000476837158
endloop
endfacet
facet normal 0 0 -1
outer loop
vertex 47.671897888183594 -30.234203338623047 1.7000000476837158
vertex 47.81788635253906 -30.331750869750977 1.7000000476837158
vertex 47.671897888183594 -31.06569480895996 1.7000000476837158
endloop
endfacet
facet normal 0 0 -1
outer loop
vertex 47.671897888183594 -30.234203338623047 1.7000000476837158
vertex 47.499691009521484 -31.09994888305664 1.7000000476837158
vertex 47.499691009521484 -30.199949264526367 1.7000000476837158
endloop
endfacet
facet normal 0 0 -1
outer loop
vertex 47.499691009521484 -30.199949264526367 1.7000000476837158
vertex 47.32748031616211 -31.06569480895996 1.7000000476837158
vertex 47.32748031616211 -30.234203338623047 1.7000000476837158
endloop
endfacet
facet normal 0 0 -1
outer loop
vertex 47.94968795776367 -30.64995002746582 1.7000000476837158
vertex 47.915435791015625 -30.82215690612793 1.7000000476837158
vertex 47.915435791015625 -30.477741241455078 1.7000000476837158
endloop
endfacet
facet normal 0 0 -1
outer loop
vertex 47.915435791015625 -30.82215690612793 1.7000000476837158
vertex 47.81788635253906 -30.96814727783203 1.7000000476837158
vertex 47.915435791015625 -30.477741241455078 1.7000000476837158
endloop
endfacet
facet normal 0 0 -1
outer loop
vertex 47.81788635253906 -30.96814727783203 1.7000000476837158
vertex 47.671897888183594 -31.06569480895996 1.7000000476837158
vertex 47.81788635253906 -30.331750869750977 1.7000000476837158
endloop
endfacet
facet normal 0 0 -1
outer loop
vertex 47.671897888183594 -31.06569480895996 1.7000000476837158
vertex 47.499691009521484 -31.09994888305664 1.7000000476837158
vertex 47.671897888183594 -30.234203338623047 1.7000000476837158
endloop
endfacet
facet normal 0 0 -1
outer loop
vertex 47.499691009521484 -31.09994888305664 1.7000000476837158
vertex 47.32748031616211 -31.06569480895996 1.7000000476837158
vertex 47.499691009521484 -30.199949264526367 1.7000000476837158
endloop
endfacet
facet normal 0 0 -1
outer loop
vertex 47.08394241333008 -30.82215690612793 1.7000000476837158
vertex 47.04969024658203 -30.64995002746582 1.7000000476837158
vertex 47.08394241333008 -30.477741241455078 1.7000000476837158
endloop
endfacet
facet normal 0 0 -1
outer loop
vertex 47.18149185180664 -30.96814727783203 1.7000000476837158
vertex 47.08394241333008 -30.82215690612793 1.7000000476837158
vertex 47.18149185180664 -30.331750869750977 1.7000000476837158
endloop
endfacet
facet normal 0 0 -1
outer loop
vertex 47.32748031616211 -31.06569480895996 1.7000000476837158
vertex 47.18149185180664 -30.96814727783203 1.7000000476837158
vertex 47.32748031616211 -30.234203338623047 1.7000000476837158
endloop
endfacet
facet normal 0.9807873630744628 0.1950798514286955 0
outer loop
vertex 47.08394241333008 -30.82215690612793 1.7000000476837158
vertex 47.08394241333008 -30.82215690612793 0
vertex 47.04969024658203 -30.64995002746582 1.7000000476837158
endloop
endfacet
facet normal 0.8314649009491799 0.5555772839934787 0
outer loop
vertex 47.18149185180664 -30.96814727783203 1.7000000476837158
vertex 47.18149185180664 -30.96814727783203 0
vertex 47.08394241333008 -30.82215690612793 1.7000000476837158
endloop
endfacet
facet normal 0.9807877764762413 -0.19507777299013523 0
outer loop
vertex 47.04969024658203 -30.64995002746582 1.7000000476837158
vertex 47.04969024658203 -30.64995002746582 0
vertex 47.08394241333008 -30.477741241455078 1.7000000476837158
endloop
endfacet
facet normal 0 0 -1
outer loop
vertex 47.32748031616211 -30.234203338623047 1.7000000476837158
vertex 47.18149185180664 -30.96814727783203 1.7000000476837158
vertex 47.18149185180664 -30.331750869750977 1.7000000476837158
endloop
endfacet
facet normal 0 0 -1
outer loop
vertex 47.499691009521484 -32.36994934082031 1.7000000476837158
vertex 47.32748031616211 -32.335693359375 1.7000000476837158
vertex 47.499691009521484 -31.46994972229004 1.7000000476837158
endloop
endfacet
facet normal 0 0 -1
outer loop
vertex 47.81788635253906 -31.60175132751465 1.7000000476837158
vertex 47.915435791015625 -31.74774169921875 1.7000000476837158
vertex 47.81788635253906 -32.2381477355957 1.7000000476837158
endloop
endfacet
facet normal 0.19509659346884756 0.9807840329128791 0
outer loop
vertex 47.499691009521484 -32.36994934082031 0
vertex 47.32748031616211 -32.335693359375 0
vertex 47.32748031616211 -32.335693359375 1.7000000476837158
endloop
endfacet
facet normal 0.19509659346884756 0.9807840329128791 0
outer loop
vertex 47.499691009521484 -32.36994934082031 1.7000000476837158
vertex 47.499691009521484 -32.36994934082031 0
vertex 47.32748031616211 -32.335693359375 1.7000000476837158
endloop
endfacet
facet normal -0.1951007507126451 0.9807832059488795 0
outer loop
vertex 47.671897888183594 -32.335693359375 1.7000000476837158
vertex 47.671897888183594 -32.335693359375 0
vertex 47.499691009521484 -32.36994934082031 1.7000000476837158
endloop
endfacet
facet normal -0.5555672819090188 0.8314715841640199 0
outer loop
vertex 47.81788635253906 -32.2381477355957 1.7000000476837158
vertex 47.81788635253906 -32.2381477355957 0
vertex 47.671897888183594 -32.335693359375 1.7000000476837158
endloop
endfacet
facet normal -0.8314682539438699 0.5555722659416437 0
outer loop
vertex 47.915435791015625 -32.09215545654297 1.7000000476837158
vertex 47.915435791015625 -32.09215545654297 0
vertex 47.81788635253906 -32.2381477355957 1.7000000476837158
endloop
endfacet
facet normal -0.9807873630744628 0.1950798514286955 0
outer loop
vertex 47.94968795776367 -31.91994857788086 1.7000000476837158
vertex 47.94968795776367 -31.91994857788086 0
vertex 47.915435791015625 -32.09215545654297 1.7000000476837158
endloop
endfacet
facet normal -0.8314649009491799 -0.5555772839934787 0
outer loop
vertex 47.81788635253906 -31.60175132751465 0
vertex 47.915435791015625 -31.74774169921875 0
vertex 47.915435791015625 -31.74774169921875 1.7000000476837158
endloop
endfacet
facet normal 0.5555747920803612 -0.8314665660174577 0
outer loop
vertex 47.18149185180664 -31.60175132751465 1.7000000476837158
vertex 47.18149185180664 -31.60175132751465 0
vertex 47.32748031616211 -31.50420379638672 1.7000000476837158
endloop
endfacet
facet normal -0.5555747920803612 -0.8314665660174577 0
outer loop
vertex 47.671897888183594 -31.50420379638672 0
vertex 47.81788635253906 -31.60175132751465 0
vertex 47.81788635253906 -31.60175132751465 1.7000000476837158
endloop
endfacet
facet normal -0.19509030110388895 -0.9807852845629332 0
outer loop
vertex 47.671897888183594 -31.50420379638672 0
vertex 47.671897888183594 -31.50420379638672 1.7000000476837158
vertex 47.499691009521484 -31.46994972229004 0
endloop
endfacet
facet normal 0.19508614406513386 -0.9807861114401027 0
outer loop
vertex 47.499691009521484 -31.46994972229004 0
vertex 47.499691009521484 -31.46994972229004 1.7000000476837158
vertex 47.32748031616211 -31.50420379638672 0
endloop
endfacet
facet normal -0.9807873630744628 -0.1950798514286955 0
outer loop
vertex 47.94968795776367 -31.91994857788086 0
vertex 47.94968795776367 -31.91994857788086 1.7000000476837158
vertex 47.915435791015625 -31.74774169921875 0
endloop
endfacet
facet normal -0.9807873630744628 0.1950798514286955 0
outer loop
vertex 47.94968795776367 -31.91994857788086 0
vertex 47.915435791015625 -32.09215545654297 0
vertex 47.915435791015625 -32.09215545654297 1.7000000476837158
endloop
endfacet
facet normal -0.8314682539438699 0.5555722659416437 0
outer loop
vertex 47.915435791015625 -32.09215545654297 0
vertex 47.81788635253906 -32.2381477355957 0
vertex 47.81788635253906 -32.2381477355957 1.7000000476837158
endloop
endfacet
facet normal -0.5555672819090188 0.8314715841640199 0
outer loop
vertex 47.81788635253906 -32.2381477355957 0
vertex 47.671897888183594 -32.335693359375 0
vertex 47.671897888183594 -32.335693359375 1.7000000476837158
endloop
endfacet
facet normal 0.8314649009491799 -0.5555772839934787 0
outer loop
vertex 47.08394241333008 -31.74774169921875 1.7000000476837158
vertex 47.08394241333008 -31.74774169921875 0
vertex 47.18149185180664 -31.60175132751465 1.7000000476837158
endloop
endfacet
facet normal 0.9807873630744628 -0.1950798514286955 0
outer loop
vertex 47.04969024658203 -31.91994857788086 1.7000000476837158
vertex 47.04969024658203 -31.91994857788086 0
vertex 47.08394241333008 -31.74774169921875 1.7000000476837158
endloop
endfacet
facet normal -0.1951007507126451 0.9807832059488795 0
outer loop
vertex 47.671897888183594 -32.335693359375 0
vertex 47.499691009521484 -32.36994934082031 0
vertex 47.499691009521484 -32.36994934082031 1.7000000476837158
endloop
endfacet
facet normal 0 0 -1
outer loop
vertex 47.671897888183594 -32.335693359375 1.7000000476837158
vertex 47.499691009521484 -32.36994934082031 1.7000000476837158
vertex 47.671897888183594 -31.50420379638672 1.7000000476837158
endloop
endfacet
facet normal 0 0 -1
outer loop
vertex 47.499691009521484 -31.46994972229004 1.7000000476837158
vertex 47.32748031616211 -32.335693359375 1.7000000476837158
vertex 47.32748031616211 -31.50420379638672 1.7000000476837158
endloop
endfacet
facet normal 0.9807873630744628 0.1950798514286955 0
outer loop
vertex 47.08394241333008 -32.09215545654297 1.7000000476837158
vertex 47.08394241333008 -32.09215545654297 0
vertex 47.04969024658203 -31.91994857788086 1.7000000476837158
endloop
endfacet
facet normal 0.8314682539438699 0.5555722659416437 0
outer loop
vertex 47.18149185180664 -32.2381477355957 1.7000000476837158
vertex 47.18149185180664 -32.2381477355957 0
vertex 47.08394241333008 -32.09215545654297 1.7000000476837158
endloop
endfacet
facet normal 0 0 -1
outer loop
vertex 47.32748031616211 -31.50420379638672 1.7000000476837158
vertex 47.18149185180664 -32.2381477355957 1.7000000476837158
vertex 47.18149185180664 -31.60175132751465 1.7000000476837158
endloop
endfacet
facet normal 0 0 -1
outer loop
vertex 47.18149185180664 -31.60175132751465 1.7000000476837158
vertex 47.08394241333008 -32.09215545654297 1.7000000476837158
vertex 47.08394241333008 -31.74774169921875 1.7000000476837158
endloop
endfacet
facet normal -0.9807873630744628 -0.1950798514286955 0
outer loop
vertex 47.915435791015625 -31.74774169921875 1.7000000476837158
vertex 47.915435791015625 -31.74774169921875 0
vertex 47.94968795776367 -31.91994857788086 1.7000000476837158
endloop
endfacet
facet normal 0.5555747920803612 -0.8314665660174577 0
outer loop
vertex 47.32748031616211 -31.50420379638672 0
vertex 47.32748031616211 -31.50420379638672 1.7000000476837158
vertex 47.18149185180664 -31.60175132751465 0
endloop
endfacet
facet normal 0 0 -1
outer loop
vertex 47.32748031616211 -32.335693359375 1.7000000476837158
vertex 47.18149185180664 -32.2381477355957 1.7000000476837158
vertex 47.32748031616211 -31.50420379638672 1.7000000476837158
endloop
endfacet
facet normal 0 0 -1
outer loop
vertex 47.18149185180664 -32.2381477355957 1.7000000476837158
vertex 47.08394241333008 -32.09215545654297 1.7000000476837158
vertex 47.18149185180664 -31.60175132751465 1.7000000476837158
endloop
endfacet
facet normal 0 0 -1
outer loop
vertex 47.08394241333008 -32.09215545654297 1.7000000476837158
vertex 47.04969024658203 -31.91994857788086 1.7000000476837158
vertex 47.08394241333008 -31.74774169921875 1.7000000476837158
endloop
endfacet
facet normal 0 0 -1
outer loop
vertex 47.671897888183594 -31.50420379638672 1.7000000476837158
vertex 47.499691009521484 -32.36994934082031 1.7000000476837158
vertex 47.499691009521484 -31.46994972229004 1.7000000476837158
endloop
endfacet
facet normal 0.8314649009491799 -0.5555772839934787 0
outer loop
vertex 47.18149185180664 -31.60175132751465 0
vertex 47.18149185180664 -31.60175132751465 1.7000000476837158
vertex 47.08394241333008 -31.74774169921875 0
endloop
endfacet
facet normal 0.9807873630744628 -0.1950798514286955 0
outer loop
vertex 47.08394241333008 -31.74774169921875 0
vertex 47.08394241333008 -31.74774169921875 1.7000000476837158
vertex 47.04969024658203 -31.91994857788086 0
endloop
endfacet
facet normal 0.19508614406513386 -0.9807861114401027 0
outer loop
vertex 47.32748031616211 -31.50420379638672 1.7000000476837158
vertex 47.32748031616211 -31.50420379638672 0
vertex 47.499691009521484 -31.46994972229004 1.7000000476837158
endloop
endfacet
facet normal -0.19509030110388895 -0.9807852845629332 0
outer loop
vertex 47.499691009521484 -31.46994972229004 1.7000000476837158
vertex 47.499691009521484 -31.46994972229004 0
vertex 47.671897888183594 -31.50420379638672 1.7000000476837158
endloop
endfacet
facet normal -0.8314649009491799 -0.5555772839934787 0
outer loop
vertex 47.81788635253906 -31.60175132751465 1.7000000476837158
vertex 47.81788635253906 -31.60175132751465 0
vertex 47.915435791015625 -31.74774169921875 1.7000000476837158
endloop
endfacet
facet normal -0.5555747920803612 -0.8314665660174577 0
outer loop
vertex 47.671897888183594 -31.50420379638672 1.7000000476837158
vertex 47.671897888183594 -31.50420379638672 0
vertex 47.81788635253906 -31.60175132751465 1.7000000476837158
endloop
endfacet
facet normal 0.9807873630744628 0.1950798514286955 0
outer loop
vertex 47.04969024658203 -31.91994857788086 0
vertex 47.04969024658203 -31.91994857788086 1.7000000476837158
vertex 47.08394241333008 -32.09215545654297 0
endloop
endfacet
facet normal 0.8314682539438699 0.5555722659416437 0
outer loop
vertex 47.18149185180664 -32.2381477355957 0
vertex 47.08394241333008 -32.09215545654297 0
vertex 47.08394241333008 -32.09215545654297 1.7000000476837158
endloop
endfacet
facet normal 0.5555672819090188 0.8314715841640199 0
outer loop
vertex 47.18149185180664 -32.2381477355957 0
vertex 47.18149185180664 -32.2381477355957 1.7000000476837158
vertex 47.32748031616211 -32.335693359375 0
endloop
endfacet
facet normal 0 0 -1
outer loop
vertex 47.81788635253906 -32.2381477355957 1.7000000476837158
vertex 47.671897888183594 -32.335693359375 1.7000000476837158
vertex 47.81788635253906 -31.60175132751465 1.7000000476837158
endloop
endfacet
facet normal 0 0 -1
outer loop
vertex 47.915435791015625 -32.09215545654297 1.7000000476837158
vertex 47.81788635253906 -32.2381477355957 1.7000000476837158
vertex 47.915435791015625 -31.74774169921875 1.7000000476837158
endloop
endfacet
facet normal 0 0 -1
outer loop
vertex 47.94968795776367 -31.91994857788086 1.7000000476837158
vertex 47.915435791015625 -32.09215545654297 1.7000000476837158
vertex 47.915435791015625 -31.74774169921875 1.7000000476837158
endloop
endfacet
facet normal 0 0 -1
outer loop
vertex 47.671897888183594 -31.50420379638672 1.7000000476837158
vertex 47.81788635253906 -31.60175132751465 1.7000000476837158
vertex 47.671897888183594 -32.335693359375 1.7000000476837158
endloop
endfacet
facet normal 0.5555672819090188 0.8314715841640199 0
outer loop
vertex 47.32748031616211 -32.335693359375 1.7000000476837158
vertex 47.32748031616211 -32.335693359375 0
vertex 47.18149185180664 -32.2381477355957 1.7000000476837158
endloop
endfacet
facet normal 0.19509659346884756 -0.9807840329128791 0
outer loop
vertex 47.32748031616211 -32.77420425415039 1.7000000476837158
vertex 47.32748031616211 -32.77420425415039 0
vertex 47.499691009521484 -32.73994827270508 1.7000000476837158
endloop
endfacet
facet normal -0.1951007507126451 -0.9807832059488795 0
outer loop
vertex 47.671897888183594 -32.77420425415039 0
vertex 47.671897888183594 -32.77420425415039 1.7000000476837158
vertex 47.499691009521484 -32.73994827270508 0
endloop
endfacet
facet normal -0.1951007507126451 0.9807832059488795 0
outer loop
vertex 47.671897888183594 -33.60569381713867 0
vertex 47.499691009521484 -33.639949798583984 0
vertex 47.499691009521484 -33.639949798583984 1.7000000476837158
endloop
endfacet
facet normal 0.19509659346884756 0.9807840329128791 0
outer loop
vertex 47.499691009521484 -33.639949798583984 0
vertex 47.32748031616211 -33.60569381713867 0
vertex 47.32748031616211 -33.60569381713867 1.7000000476837158
endloop
endfacet
facet normal -0.8314682539438699 0.5555722659416437 0
outer loop
vertex 47.915435791015625 -33.36215591430664 0
vertex 47.81788635253906 -33.508148193359375 0
vertex 47.81788635253906 -33.508148193359375 1.7000000476837158
endloop
endfacet
facet normal 0.5555672819090188 0.8314715841640199 0
outer loop
vertex 47.32748031616211 -33.60569381713867 1.7000000476837158
vertex 47.32748031616211 -33.60569381713867 0
vertex 47.18149185180664 -33.508148193359375 1.7000000476837158
endloop
endfacet
facet normal 0.9807873630744628 0.1950798514286955 0
outer loop
vertex 47.08394241333008 -33.36215591430664 1.7000000476837158
vertex 47.08394241333008 -33.36215591430664 0
vertex 47.04969024658203 -33.18994903564453 1.7000000476837158
endloop
endfacet
facet normal 0.8314682539438699 0.5555722659416437 0
outer loop
vertex 47.18149185180664 -33.508148193359375 1.7000000476837158
vertex 47.18149185180664 -33.508148193359375 0
vertex 47.08394241333008 -33.36215591430664 1.7000000476837158
endloop
endfacet
facet normal 0 0 -1
outer loop
vertex 47.08394241333008 -33.36215591430664 1.7000000476837158
vertex 47.04969024658203 -33.18994903564453 1.7000000476837158
vertex 47.08394241333008 -33.01774215698242 1.7000000476837158
endloop
endfacet
facet normal 0 0 -1
outer loop
vertex 47.18149185180664 -33.508148193359375 1.7000000476837158
vertex 47.08394241333008 -33.36215591430664 1.7000000476837158
vertex 47.18149185180664 -32.87174987792969 1.7000000476837158
endloop
endfacet
facet normal 0 0 -1
outer loop
vertex 47.32748031616211 -33.60569381713867 1.7000000476837158
vertex 47.18149185180664 -33.508148193359375 1.7000000476837158
vertex 47.32748031616211 -32.77420425415039 1.7000000476837158
endloop
endfacet
facet normal 0 0 -1
outer loop
vertex 47.18149185180664 -32.87174987792969 1.7000000476837158
vertex 47.08394241333008 -33.36215591430664 1.7000000476837158
vertex 47.08394241333008 -33.01774215698242 1.7000000476837158
endloop
endfacet
facet normal 0 0 -1
outer loop
vertex 47.32748031616211 -32.77420425415039 1.7000000476837158
vertex 47.18149185180664 -33.508148193359375 1.7000000476837158
vertex 47.18149185180664 -32.87174987792969 1.7000000476837158
endloop
endfacet
facet normal 0.9807873630744628 -0.1950798514286955 0
outer loop
vertex 47.04969024658203 -33.18994903564453 1.7000000476837158
vertex 47.04969024658203 -33.18994903564453 0
vertex 47.08394241333008 -33.01774215698242 1.7000000476837158
endloop
endfacet
facet normal 0.8314682539438699 -0.5555722659416437 0
outer loop
vertex 47.08394241333008 -33.01774215698242 1.7000000476837158
vertex 47.08394241333008 -33.01774215698242 0
vertex 47.18149185180664 -32.87174987792969 1.7000000476837158
endloop
endfacet
facet normal 0.5555672819090188 -0.8314715841640199 0
outer loop
vertex 47.18149185180664 -32.87174987792969 1.7000000476837158
vertex 47.18149185180664 -32.87174987792969 0
vertex 47.32748031616211 -32.77420425415039 1.7000000476837158
endloop
endfacet
facet normal 0.5555672819090188 -0.8314715841640199 0
outer loop
vertex 47.32748031616211 -32.77420425415039 0
vertex 47.32748031616211 -32.77420425415039 1.7000000476837158
vertex 47.18149185180664 -32.87174987792969 0
endloop
endfacet
facet normal 0.8314682539438699 -0.5555722659416437 0
outer loop
vertex 47.18149185180664 -32.87174987792969 0
vertex 47.18149185180664 -32.87174987792969 1.7000000476837158
vertex 47.08394241333008 -33.01774215698242 0
endloop
endfacet
facet normal 0.9807873630744628 -0.1950798514286955 0
outer loop
vertex 47.08394241333008 -33.01774215698242 0
vertex 47.08394241333008 -33.01774215698242 1.7000000476837158
vertex 47.04969024658203 -33.18994903564453 0
endloop
endfacet
facet normal -0.9807873630744628 0.1950798514286955 0
outer loop
vertex 47.94968795776367 -33.18994903564453 0
vertex 47.915435791015625 -33.36215591430664 0
vertex 47.915435791015625 -33.36215591430664 1.7000000476837158
endloop
endfacet
facet normal -0.9807873630744628 -0.1950798514286955 0
outer loop
vertex 47.94968795776367 -33.18994903564453 0
vertex 47.94968795776367 -33.18994903564453 1.7000000476837158
vertex 47.915435791015625 -33.01774215698242 0
endloop
endfacet
facet normal -0.8314682539438699 -0.5555722659416437 0
outer loop
vertex 47.81788635253906 -32.87174987792969 1.7000000476837158
vertex 47.81788635253906 -32.87174987792969 0
vertex 47.915435791015625 -33.01774215698242 1.7000000476837158
endloop
endfacet
facet normal -0.8314682539438699 -0.5555722659416437 0
outer loop
vertex 47.81788635253906 -32.87174987792969 0
vertex 47.915435791015625 -33.01774215698242 0
vertex 47.915435791015625 -33.01774215698242 1.7000000476837158
endloop
endfacet
facet normal -0.5555672819090188 -0.8314715841640199 0
outer loop
vertex 47.671897888183594 -32.77420425415039 0
vertex 47.81788635253906 -32.87174987792969 0
vertex 47.81788635253906 -32.87174987792969 1.7000000476837158
endloop
endfacet
facet normal -0.5555672819090188 -0.8314715841640199 0
outer loop
vertex 47.671897888183594 -32.77420425415039 1.7000000476837158
vertex 47.671897888183594 -32.77420425415039 0
vertex 47.81788635253906 -32.87174987792969 1.7000000476837158
endloop
endfacet
facet normal 0 0 -1
outer loop
vertex 47.499691009521484 -33.639949798583984 1.7000000476837158
vertex 47.32748031616211 -33.60569381713867 1.7000000476837158
vertex 47.499691009521484 -32.73994827270508 1.7000000476837158
endloop
endfacet
facet normal 0 0 -1
outer loop
vertex 47.671897888183594 -33.60569381713867 1.7000000476837158
vertex 47.499691009521484 -33.639949798583984 1.7000000476837158
vertex 47.671897888183594 -32.77420425415039 1.7000000476837158
endloop
endfacet
facet normal 0 0 -1
outer loop
vertex 47.81788635253906 -33.508148193359375 1.7000000476837158
vertex 47.671897888183594 -33.60569381713867 1.7000000476837158
vertex 47.81788635253906 -32.87174987792969 1.7000000476837158
endloop
endfacet
facet normal 0 0 -1
outer loop
vertex 47.915435791015625 -33.36215591430664 1.7000000476837158
vertex 47.81788635253906 -33.508148193359375 1.7000000476837158
vertex 47.915435791015625 -33.01774215698242 1.7000000476837158
endloop
endfacet
facet normal 0 0 -1
outer loop
vertex 47.94968795776367 -33.18994903564453 1.7000000476837158
vertex 47.915435791015625 -33.36215591430664 1.7000000476837158
vertex 47.915435791015625 -33.01774215698242 1.7000000476837158
endloop
endfacet
facet normal 0 0 -1
outer loop
vertex 47.499691009521484 -32.73994827270508 1.7000000476837158
vertex 47.32748031616211 -33.60569381713867 1.7000000476837158
vertex 47.32748031616211 -32.77420425415039 1.7000000476837158
endloop
endfacet
facet normal 0 0 -1
outer loop
vertex 47.671897888183594 -32.77420425415039 1.7000000476837158
vertex 47.499691009521484 -33.639949798583984 1.7000000476837158
vertex 47.499691009521484 -32.73994827270508 1.7000000476837158
endloop
endfacet
facet normal 0 0 -1
outer loop
vertex 47.671897888183594 -32.77420425415039 1.7000000476837158
vertex 47.81788635253906 -32.87174987792969 1.7000000476837158
vertex 47.671897888183594 -33.60569381713867 1.7000000476837158
endloop
endfacet
facet normal 0 0 -1
outer loop
vertex 47.81788635253906 -32.87174987792969 1.7000000476837158
vertex 47.915435791015625 -33.01774215698242 1.7000000476837158
vertex 47.81788635253906 -33.508148193359375 1.7000000476837158
endloop
endfacet
facet normal -0.9807873630744628 -0.1950798514286955 0
outer loop
vertex 47.915435791015625 -33.01774215698242 1.7000000476837158
vertex 47.915435791015625 -33.01774215698242 0
vertex 47.94968795776367 -33.18994903564453 1.7000000476837158
endloop
endfacet
facet normal -0.9807873630744628 0.1950798514286955 0
outer loop
vertex 47.94968795776367 -33.18994903564453 1.7000000476837158
vertex 47.94968795776367 -33.18994903564453 0
vertex 47.915435791015625 -33.36215591430664 1.7000000476837158
endloop
endfacet
facet normal -0.8314682539438699 0.5555722659416437 0
outer loop
vertex 47.915435791015625 -33.36215591430664 1.7000000476837158
vertex 47.915435791015625 -33.36215591430664 0
vertex 47.81788635253906 -33.508148193359375 1.7000000476837158
endloop
endfacet
facet normal -0.5555672819090188 0.8314715841640199 0
outer loop
vertex 47.81788635253906 -33.508148193359375 1.7000000476837158
vertex 47.81788635253906 -33.508148193359375 0
vertex 47.671897888183594 -33.60569381713867 1.7000000476837158
endloop
endfacet
facet normal -0.1951007507126451 0.9807832059488795 0
outer loop
vertex 47.671897888183594 -33.60569381713867 1.7000000476837158
vertex 47.671897888183594 -33.60569381713867 0
vertex 47.499691009521484 -33.639949798583984 1.7000000476837158
endloop
endfacet
facet normal 0.8314682539438699 0.5555722659416437 0
outer loop
vertex 47.08394241333008 -33.36215591430664 0
vertex 47.08394241333008 -33.36215591430664 1.7000000476837158
vertex 47.18149185180664 -33.508148193359375 0
endloop
endfacet
facet normal 0.9807873630744628 0.1950798514286955 0
outer loop
vertex 47.04969024658203 -33.18994903564453 0
vertex 47.04969024658203 -33.18994903564453 1.7000000476837158
vertex 47.08394241333008 -33.36215591430664 0
endloop
endfacet
facet normal 0.5555672819090188 0.8314715841640199 0
outer loop
vertex 47.32748031616211 -33.60569381713867 0
vertex 47.18149185180664 -33.508148193359375 0
vertex 47.18149185180664 -33.508148193359375 1.7000000476837158
endloop
endfacet
facet normal 0.19509659346884756 0.9807840329128791 0
outer loop
vertex 47.499691009521484 -33.639949798583984 1.7000000476837158
vertex 47.499691009521484 -33.639949798583984 0
vertex 47.32748031616211 -33.60569381713867 1.7000000476837158
endloop
endfacet
facet normal -0.1951007507126451 -0.9807832059488795 0
outer loop
vertex 47.499691009521484 -32.73994827270508 1.7000000476837158
vertex 47.499691009521484 -32.73994827270508 0
vertex 47.671897888183594 -32.77420425415039 1.7000000476837158
endloop
endfacet
facet normal 0.19509659346884756 -0.9807840329128791 0
outer loop
vertex 47.499691009521484 -32.73994827270508 0
vertex 47.499691009521484 -32.73994827270508 1.7000000476837158
vertex 47.32748031616211 -32.77420425415039 0
endloop
endfacet
facet normal -0.5555672819090188 0.8314715841640199 0
outer loop
vertex 47.81788635253906 -33.508148193359375 0
vertex 47.671897888183594 -33.60569381713867 0
vertex 47.671897888183594 -33.60569381713867 1.7000000476837158
endloop
endfacet
facet normal -0.8314682539438699 -0.5555722659416437 0
outer loop
vertex 47.81788635253906 -34.14175033569336 1.7000000476837158
vertex 47.81788635253906 -34.14175033569336 0
vertex 47.915435791015625 -34.287742614746094 1.7000000476837158
endloop
endfacet
facet normal 0 0 -1
outer loop
vertex 47.81788635253906 -34.14175033569336 1.7000000476837158
vertex 47.671897888183594 -34.875694274902344 1.7000000476837158
vertex 47.671897888183594 -34.04420471191406 1.7000000476837158
endloop
endfacet
facet normal 0 0 -1
outer loop
vertex 47.81788635253906 -34.14175033569336 1.7000000476837158
vertex 47.915435791015625 -34.287742614746094 1.7000000476837158
vertex 47.81788635253906 -34.77814865112305 1.7000000476837158
endloop
endfacet
facet normal 0 0 -1
outer loop
vertex 47.94968795776367 -34.4599494934082 1.7000000476837158
vertex 47.915435791015625 -34.63215637207031 1.7000000476837158
vertex 47.915435791015625 -34.287742614746094 1.7000000476837158
endloop
endfacet
facet normal 0 0 -1
outer loop
vertex 47.671897888183594 -34.04420471191406 1.7000000476837158
vertex 47.499691009521484 -34.909950256347656 1.7000000476837158
vertex 47.499691009521484 -34.00994873046875 1.7000000476837158
endloop
endfacet
facet normal 0 0 -1
outer loop
vertex 47.499691009521484 -34.00994873046875 1.7000000476837158
vertex 47.32748031616211 -34.875694274902344 1.7000000476837158
vertex 47.32748031616211 -34.04420471191406 1.7000000476837158
endloop
endfacet
facet normal 0 0 -1
outer loop
vertex 47.915435791015625 -34.63215637207031 1.7000000476837158
vertex 47.81788635253906 -34.77814865112305 1.7000000476837158
vertex 47.915435791015625 -34.287742614746094 1.7000000476837158
endloop
endfacet
facet normal 0 0 -1
outer loop
vertex 47.81788635253906 -34.77814865112305 1.7000000476837158
vertex 47.671897888183594 -34.875694274902344 1.7000000476837158
vertex 47.81788635253906 -34.14175033569336 1.7000000476837158
endloop
endfacet
facet normal 0 0 -1
outer loop
vertex 47.671897888183594 -34.875694274902344 1.7000000476837158
vertex 47.499691009521484 -34.909950256347656 1.7000000476837158
vertex 47.671897888183594 -34.04420471191406 1.7000000476837158
endloop
endfacet
facet normal 0 0 -1
outer loop
vertex 47.499691009521484 -34.909950256347656 1.7000000476837158
vertex 47.32748031616211 -34.875694274902344 1.7000000476837158
vertex 47.499691009521484 -34.00994873046875 1.7000000476837158
endloop
endfacet
facet normal -0.5555672819090188 -0.8314715841640199 0
outer loop
vertex 47.671897888183594 -34.04420471191406 1.7000000476837158
vertex 47.671897888183594 -34.04420471191406 0
vertex 47.81788635253906 -34.14175033569336 1.7000000476837158
endloop
endfacet
facet normal -0.1951007507126451 -0.9807832059488795 0
outer loop
vertex 47.499691009521484 -34.00994873046875 1.7000000476837158
vertex 47.499691009521484 -34.00994873046875 0
vertex 47.671897888183594 -34.04420471191406 1.7000000476837158
endloop
endfacet
facet normal 0.19509659346884756 -0.9807840329128791 0
outer loop
vertex 47.32748031616211 -34.04420471191406 1.7000000476837158
vertex 47.32748031616211 -34.04420471191406 0
vertex 47.499691009521484 -34.00994873046875 1.7000000476837158
endloop
endfacet
facet normal 0 0 -1
outer loop
vertex 47.32748031616211 -34.04420471191406 1.7000000476837158
vertex 47.18149185180664 -34.77814865112305 1.7000000476837158
vertex 47.18149185180664 -34.14175033569336 1.7000000476837158
endloop
endfacet
facet normal 0 0 -1
outer loop
vertex 47.18149185180664 -34.14175033569336 1.7000000476837158
vertex 47.08394241333008 -34.63215637207031 1.7000000476837158
vertex 47.08394241333008 -34.287742614746094 1.7000000476837158
endloop
endfacet
facet normal 0 0 -1
outer loop
vertex 47.18149185180664 -34.77814865112305 1.7000000476837158
vertex 47.08394241333008 -34.63215637207031 1.7000000476837158
vertex 47.18149185180664 -34.14175033569336 1.7000000476837158
endloop
endfacet
facet normal 0 0 -1
outer loop
vertex 47.08394241333008 -34.63215637207031 1.7000000476837158
vertex 47.04969024658203 -34.4599494934082 1.7000000476837158
vertex 47.08394241333008 -34.287742614746094 1.7000000476837158
endloop
endfacet
facet normal 0 0 -1
outer loop
vertex 47.32748031616211 -34.875694274902344 1.7000000476837158
vertex 47.18149185180664 -34.77814865112305 1.7000000476837158
vertex 47.32748031616211 -34.04420471191406 1.7000000476837158
endloop
endfacet
facet normal -0.9807873630744628 -0.1950798514286955 0
outer loop
vertex 47.915435791015625 -34.287742614746094 1.7000000476837158
vertex 47.915435791015625 -34.287742614746094 0
vertex 47.94968795776367 -34.4599494934082 1.7000000476837158
endloop
endfacet
facet normal -0.9807873630744628 0.1950798514286955 0
outer loop
vertex 47.94968795776367 -34.4599494934082 1.7000000476837158
vertex 47.94968795776367 -34.4599494934082 0
vertex 47.915435791015625 -34.63215637207031 1.7000000476837158
endloop
endfacet
facet normal 0.5555672819090188 0.8314715841640199 0
outer loop
vertex 47.32748031616211 -34.875694274902344 0
vertex 47.18149185180664 -34.77814865112305 0
vertex 47.18149185180664 -34.77814865112305 1.7000000476837158
endloop
endfacet
facet normal 0.8314682539438699 0.5555722659416437 0
outer loop
vertex 47.18149185180664 -34.77814865112305 0
vertex 47.08394241333008 -34.63215637207031 0
vertex 47.08394241333008 -34.63215637207031 1.7000000476837158
endloop
endfacet
facet normal 0.9807873630744628 0.1950798514286955 0
outer loop
vertex 47.04969024658203 -34.4599494934082 0
vertex 47.04969024658203 -34.4599494934082 1.7000000476837158
vertex 47.08394241333008 -34.63215637207031 0
endloop
endfacet
facet normal 0.9807873630744628 -0.1950798514286955 0
outer loop
vertex 47.08394241333008 -34.287742614746094 0
vertex 47.08394241333008 -34.287742614746094 1.7000000476837158
vertex 47.04969024658203 -34.4599494934082 0
endloop
endfacet
facet normal 0.8314682539438699 -0.5555722659416437 0
outer loop
vertex 47.18149185180664 -34.14175033569336 0
vertex 47.18149185180664 -34.14175033569336 1.7000000476837158
vertex 47.08394241333008 -34.287742614746094 0
endloop
endfacet
facet normal 0.5555672819090188 -0.8314715841640199 0
outer loop
vertex 47.32748031616211 -34.04420471191406 0
vertex 47.32748031616211 -34.04420471191406 1.7000000476837158
vertex 47.18149185180664 -34.14175033569336 0
endloop
endfacet
facet normal 0.19509659346884756 0.9807840329128791 0
outer loop
vertex 47.499691009521484 -34.909950256347656 0
vertex 47.32748031616211 -34.875694274902344 0
vertex 47.32748031616211 -34.875694274902344 1.7000000476837158
endloop
endfacet
facet normal -0.1951007507126451 0.9807832059488795 0
outer loop
vertex 47.671897888183594 -34.875694274902344 0
vertex 47.499691009521484 -34.909950256347656 0
vertex 47.499691009521484 -34.909950256347656 1.7000000476837158
endloop
endfacet
facet normal -0.5555672819090188 0.8314715841640199 0
outer loop
vertex 47.81788635253906 -34.77814865112305 0
vertex 47.671897888183594 -34.875694274902344 0
vertex 47.671897888183594 -34.875694274902344 1.7000000476837158
endloop
endfacet
facet normal -0.8314682539438699 0.5555722659416437 0
outer loop
vertex 47.915435791015625 -34.63215637207031 0
vertex 47.81788635253906 -34.77814865112305 0
vertex 47.81788635253906 -34.77814865112305 1.7000000476837158
endloop
endfacet
facet normal -0.8314682539438699 0.5555722659416437 0
outer loop
vertex 47.915435791015625 -34.63215637207031 1.7000000476837158
vertex 47.915435791015625 -34.63215637207031 0
vertex 47.81788635253906 -34.77814865112305 1.7000000476837158
endloop
endfacet
facet normal -0.5555672819090188 0.8314715841640199 0
outer loop
vertex 47.81788635253906 -34.77814865112305 1.7000000476837158
vertex 47.81788635253906 -34.77814865112305 0
vertex 47.671897888183594 -34.875694274902344 1.7000000476837158
endloop
endfacet
facet normal -0.1951007507126451 0.9807832059488795 0
outer loop
vertex 47.671897888183594 -34.875694274902344 1.7000000476837158
vertex 47.671897888183594 -34.875694274902344 0
vertex 47.499691009521484 -34.909950256347656 1.7000000476837158
endloop
endfacet
facet normal 0.19509659346884756 0.9807840329128791 0
outer loop
vertex 47.499691009521484 -34.909950256347656 1.7000000476837158
vertex 47.499691009521484 -34.909950256347656 0
vertex 47.32748031616211 -34.875694274902344 1.7000000476837158
endloop
endfacet
facet normal -0.9807873630744628 0.1950798514286955 0
outer loop
vertex 47.94968795776367 -34.4599494934082 0
vertex 47.915435791015625 -34.63215637207031 0
vertex 47.915435791015625 -34.63215637207031 1.7000000476837158
endloop
endfacet
facet normal -0.9807873630744628 -0.1950798514286955 0
outer loop
vertex 47.94968795776367 -34.4599494934082 0
vertex 47.94968795776367 -34.4599494934082 1.7000000476837158
vertex 47.915435791015625 -34.287742614746094 0
endloop
endfacet
facet normal -0.8314682539438699 -0.5555722659416437 0
outer loop
vertex 47.81788635253906 -34.14175033569336 0
vertex 47.915435791015625 -34.287742614746094 0
vertex 47.915435791015625 -34.287742614746094 1.7000000476837158
endloop
endfacet
facet normal -0.1951007507126451 -0.9807832059488795 0
outer loop
vertex 47.671897888183594 -34.04420471191406 0
vertex 47.671897888183594 -34.04420471191406 1.7000000476837158
vertex 47.499691009521484 -34.00994873046875 0
endloop
endfacet
facet normal 0.19509659346884756 -0.9807840329128791 0
outer loop
vertex 47.499691009521484 -34.00994873046875 0
vertex 47.499691009521484 -34.00994873046875 1.7000000476837158
vertex 47.32748031616211 -34.04420471191406 0
endloop
endfacet
facet normal -0.5555672819090188 -0.8314715841640199 0
outer loop
vertex 47.81788635253906 -34.14175033569336 0
vertex 47.81788635253906 -34.14175033569336 1.7000000476837158
vertex 47.671897888183594 -34.04420471191406 0
endloop
endfacet
facet normal 0.5555672819090188 -0.8314715841640199 0
outer loop
vertex 47.18149185180664 -34.14175033569336 1.7000000476837158
vertex 47.18149185180664 -34.14175033569336 0
vertex 47.32748031616211 -34.04420471191406 1.7000000476837158
endloop
endfacet
facet normal 0.8314682539438699 -0.5555722659416437 0
outer loop
vertex 47.08394241333008 -34.287742614746094 1.7000000476837158
vertex 47.08394241333008 -34.287742614746094 0
vertex 47.18149185180664 -34.14175033569336 1.7000000476837158
endloop
endfacet
facet normal 0.9807873630744628 -0.1950798514286955 0
outer loop
vertex 47.04969024658203 -34.4599494934082 1.7000000476837158
vertex 47.04969024658203 -34.4599494934082 0
vertex 47.08394241333008 -34.287742614746094 1.7000000476837158
endloop
endfacet
facet normal 0.8314682539438699 0.5555722659416437 0
outer loop
vertex 47.18149185180664 -34.77814865112305 1.7000000476837158
vertex 47.18149185180664 -34.77814865112305 0
vertex 47.08394241333008 -34.63215637207031 1.7000000476837158
endloop
endfacet
facet normal 0.5555672819090188 0.8314715841640199 0
outer loop
vertex 47.32748031616211 -34.875694274902344 1.7000000476837158
vertex 47.32748031616211 -34.875694274902344 0
vertex 47.18149185180664 -34.77814865112305 1.7000000476837158
endloop
endfacet
facet normal 0.9807873630744628 0.1950798514286955 0
outer loop
vertex 47.08394241333008 -34.63215637207031 1.7000000476837158
vertex 47.08394241333008 -34.63215637207031 0
vertex 47.04969024658203 -34.4599494934082 1.7000000476837158
endloop
endfacet
facet normal 0.8314682539438699 -0.5555722659416437 0
outer loop
vertex 47.08394241333008 -35.557743072509766 1.7000000476837158
vertex 47.08394241333008 -35.557743072509766 0
vertex 47.18149185180664 -35.41175079345703 1.7000000476837158
endloop
endfacet
facet normal -0.5555672819090188 -0.8314715841640199 0
outer loop
vertex 47.81788635253906 -35.41175079345703 0
vertex 47.81788635253906 -35.41175079345703 1.7000000476837158
vertex 47.671897888183594 -35.314205169677734 0
endloop
endfacet
facet normal 0 0 -1
outer loop
vertex 47.81788635253906 -35.41175079345703 1.7000000476837158
vertex 47.671897888183594 -36.145694732666016 1.7000000476837158
vertex 47.671897888183594 -35.314205169677734 1.7000000476837158
endloop
endfacet
facet normal 0 0 -1
outer loop
vertex 47.671897888183594 -35.314205169677734 1.7000000476837158
vertex 47.499691009521484 -36.17995071411133 1.7000000476837158
vertex 47.499691009521484 -35.27994918823242 1.7000000476837158
endloop
endfacet
facet normal 0 0 -1
outer loop
vertex 47.499691009521484 -35.27994918823242 1.7000000476837158
vertex 47.32748031616211 -36.145694732666016 1.7000000476837158
vertex 47.32748031616211 -35.314205169677734 1.7000000476837158
endloop
endfacet
facet normal 0 0 -1
outer loop
vertex 47.32748031616211 -35.314205169677734 1.7000000476837158
vertex 47.18149185180664 -36.04814529418945 1.7000000476837158
vertex 47.18149185180664 -35.41175079345703 1.7000000476837158
endloop
endfacet
facet normal 0 0 -1
outer loop
vertex 47.18149185180664 -35.41175079345703 1.7000000476837158
vertex 47.08394241333008 -35.902156829833984 1.7000000476837158
vertex 47.08394241333008 -35.557743072509766 1.7000000476837158
endloop
endfacet
facet normal 0.8314615478636338 0.5555823021157262 0
outer loop
vertex 47.08394241333008 -35.902156829833984 0
vertex 47.08394241333008 -35.902156829833984 1.7000000476837158
vertex 47.18149185180664 -36.04814529418945 0
endloop
endfacet
facet normal 0.9807873630744628 0.1950798514286955 0
outer loop
vertex 47.04969024658203 -35.729949951171875 0
vertex 47.04969024658203 -35.729949951171875 1.7000000476837158
vertex 47.08394241333008 -35.902156829833984 0
endloop
endfacet
facet normal 0.5555823021157262 0.8314615478636338 0
outer loop
vertex 47.32748031616211 -36.145694732666016 0
vertex 47.18149185180664 -36.04814529418945 0
vertex 47.18149185180664 -36.04814529418945 1.7000000476837158
endloop
endfacet
facet normal -0.1951007507126451 0.9807832059488795 0
outer loop
vertex 47.671897888183594 -36.145694732666016 0
vertex 47.499691009521484 -36.17995071411133 0
vertex 47.499691009521484 -36.17995071411133 1.7000000476837158
endloop
endfacet
facet normal 0.19509659346884756 0.9807840329128791 0
outer loop
vertex 47.499691009521484 -36.17995071411133 0
vertex 47.32748031616211 -36.145694732666016 0
vertex 47.32748031616211 -36.145694732666016 1.7000000476837158
endloop
endfacet
facet normal 0.19509659346884756 0.9807840329128791 0
outer loop
vertex 47.499691009521484 -36.17995071411133 1.7000000476837158
vertex 47.499691009521484 -36.17995071411133 0
vertex 47.32748031616211 -36.145694732666016 1.7000000476837158
endloop
endfacet
facet normal -0.1951007507126451 0.9807832059488795 0
outer loop
vertex 47.671897888183594 -36.145694732666016 1.7000000476837158
vertex 47.671897888183594 -36.145694732666016 0
vertex 47.499691009521484 -36.17995071411133 1.7000000476837158
endloop
endfacet
facet normal -0.5555823021157262 0.8314615478636338 0
outer loop
vertex 47.81788635253906 -36.04814529418945 1.7000000476837158
vertex 47.81788635253906 -36.04814529418945 0
vertex 47.671897888183594 -36.145694732666016 1.7000000476837158
endloop
endfacet
facet normal -0.8314615478636338 0.5555823021157262 0
outer loop
vertex 47.915435791015625 -35.902156829833984 1.7000000476837158
vertex 47.915435791015625 -35.902156829833984 0
vertex 47.81788635253906 -36.04814529418945 1.7000000476837158
endloop
endfacet
facet normal -0.9807873630744628 0.1950798514286955 0
outer loop
vertex 47.94968795776367 -35.729949951171875 1.7000000476837158
vertex 47.94968795776367 -35.729949951171875 0
vertex 47.915435791015625 -35.902156829833984 1.7000000476837158
endloop
endfacet
facet normal -0.5555823021157262 0.8314615478636338 0
outer loop
vertex 47.81788635253906 -36.04814529418945 0
vertex 47.671897888183594 -36.145694732666016 0
vertex 47.671897888183594 -36.145694732666016 1.7000000476837158
endloop
endfacet
facet normal -0.8314615478636338 0.5555823021157262 0
outer loop
vertex 47.915435791015625 -35.902156829833984 0
vertex 47.81788635253906 -36.04814529418945 0
vertex 47.81788635253906 -36.04814529418945 1.7000000476837158
endloop
endfacet
facet normal -0.9807873630744628 0.1950798514286955 0
outer loop
vertex 47.94968795776367 -35.729949951171875 0
vertex 47.915435791015625 -35.902156829833984 0
vertex 47.915435791015625 -35.902156829833984 1.7000000476837158
endloop
endfacet
facet normal -0.9807873630744628 -0.1950798514286955 0
outer loop
vertex 47.915435791015625 -35.557743072509766 0
vertex 47.94968795776367 -35.729949951171875 0
vertex 47.94968795776367 -35.729949951171875 1.7000000476837158
endloop
endfacet
facet normal 0.9807873630744628 -0.1950798514286955 0
outer loop
vertex 47.08394241333008 -35.557743072509766 0
vertex 47.08394241333008 -35.557743072509766 1.7000000476837158
vertex 47.04969024658203 -35.729949951171875 0
endloop
endfacet
facet normal 0.9807873630744628 0.1950798514286955 0
outer loop
vertex 47.08394241333008 -35.902156829833984 1.7000000476837158
vertex 47.08394241333008 -35.902156829833984 0
vertex 47.04969024658203 -35.729949951171875 1.7000000476837158
endloop
endfacet
facet normal 0.5555823021157262 0.8314615478636338 0
outer loop
vertex 47.32748031616211 -36.145694732666016 1.7000000476837158
vertex 47.32748031616211 -36.145694732666016 0
vertex 47.18149185180664 -36.04814529418945 1.7000000476837158
endloop
endfacet
facet normal 0.5555672819090188 -0.8314715841640199 0
outer loop
vertex 47.18149185180664 -35.41175079345703 1.7000000476837158
vertex 47.18149185180664 -35.41175079345703 0
vertex 47.32748031616211 -35.314205169677734 1.7000000476837158
endloop
endfacet
facet normal 0.8314615478636338 0.5555823021157262 0
outer loop
vertex 47.18149185180664 -36.04814529418945 1.7000000476837158
vertex 47.18149185180664 -36.04814529418945 0
vertex 47.08394241333008 -35.902156829833984 1.7000000476837158
endloop
endfacet
facet normal 0.8314682539438699 -0.5555722659416437 0
outer loop
vertex 47.18149185180664 -35.41175079345703 0
vertex 47.18149185180664 -35.41175079345703 1.7000000476837158
vertex 47.08394241333008 -35.557743072509766 0
endloop
endfacet
facet normal 0.5555672819090188 -0.8314715841640199 0
outer loop
vertex 47.32748031616211 -35.314205169677734 0
vertex 47.32748031616211 -35.314205169677734 1.7000000476837158
vertex 47.18149185180664 -35.41175079345703 0
endloop
endfacet
facet normal 0 0 -1
outer loop
vertex 47.81788635253906 -35.41175079345703 1.7000000476837158
vertex 47.915435791015625 -35.557743072509766 1.7000000476837158
vertex 47.81788635253906 -36.04814529418945 1.7000000476837158
endloop
endfacet
facet normal 0 0 -1
outer loop
vertex 47.94968795776367 -35.729949951171875 1.7000000476837158
vertex 47.915435791015625 -35.902156829833984 1.7000000476837158
vertex 47.915435791015625 -35.557743072509766 1.7000000476837158
endloop
endfacet
facet normal 0 0 -1
outer loop
vertex 47.915435791015625 -35.902156829833984 1.7000000476837158
vertex 47.81788635253906 -36.04814529418945 1.7000000476837158
vertex 47.915435791015625 -35.557743072509766 1.7000000476837158
endloop
endfacet
facet normal 0 0 -1
outer loop
vertex 47.81788635253906 -36.04814529418945 1.7000000476837158
vertex 47.671897888183594 -36.145694732666016 1.7000000476837158
vertex 47.81788635253906 -35.41175079345703 1.7000000476837158
endloop
endfacet
facet normal 0 0 -1
outer loop
vertex 47.08394241333008 -35.902156829833984 1.7000000476837158
vertex 47.04969024658203 -35.729949951171875 1.7000000476837158
vertex 47.08394241333008 -35.557743072509766 1.7000000476837158
endloop
endfacet
facet normal 0 0 -1
outer loop
vertex 47.32748031616211 -36.145694732666016 1.7000000476837158
vertex 47.18149185180664 -36.04814529418945 1.7000000476837158
vertex 47.32748031616211 -35.314205169677734 1.7000000476837158
endloop
endfacet
facet normal 0 0 -1
outer loop
vertex 47.18149185180664 -36.04814529418945 1.7000000476837158
vertex 47.08394241333008 -35.902156829833984 1.7000000476837158
vertex 47.18149185180664 -35.41175079345703 1.7000000476837158
endloop
endfacet
facet normal 0 0 -1
outer loop
vertex 47.671897888183594 -36.145694732666016 1.7000000476837158
vertex 47.499691009521484 -36.17995071411133 1.7000000476837158
vertex 47.671897888183594 -35.314205169677734 1.7000000476837158
endloop
endfacet
facet normal 0.19509659346884756 -0.9807840329128791 0
outer loop
vertex 47.32748031616211 -35.314205169677734 1.7000000476837158
vertex 47.32748031616211 -35.314205169677734 0
vertex 47.499691009521484 -35.27994918823242 1.7000000476837158
endloop
endfacet
facet normal -0.1951007507126451 -0.9807832059488795 0
outer loop
vertex 47.499691009521484 -35.27994918823242 1.7000000476837158
vertex 47.499691009521484 -35.27994918823242 0
vertex 47.671897888183594 -35.314205169677734 1.7000000476837158
endloop
endfacet
facet normal -0.9807873630744628 -0.1950798514286955 0
outer loop
vertex 47.915435791015625 -35.557743072509766 1.7000000476837158
vertex 47.915435791015625 -35.557743072509766 0
vertex 47.94968795776367 -35.729949951171875 1.7000000476837158
endloop
endfacet
facet normal -0.8314682539438699 -0.5555722659416437 0
outer loop
vertex 47.81788635253906 -35.41175079345703 1.7000000476837158
vertex 47.81788635253906 -35.41175079345703 0
vertex 47.915435791015625 -35.557743072509766 1.7000000476837158
endloop
endfacet
facet normal -0.5555672819090188 -0.8314715841640199 0
outer loop
vertex 47.671897888183594 -35.314205169677734 1.7000000476837158
vertex 47.671897888183594 -35.314205169677734 0
vertex 47.81788635253906 -35.41175079345703 1.7000000476837158
endloop
endfacet
facet normal 0 0 -1
outer loop
vertex 47.499691009521484 -36.17995071411133 1.7000000476837158
vertex 47.32748031616211 -36.145694732666016 1.7000000476837158
vertex 47.499691009521484 -35.27994918823242 1.7000000476837158
endloop
endfacet
facet normal 0.19509659346884756 -0.9807840329128791 0
outer loop
vertex 47.499691009521484 -35.27994918823242 0
vertex 47.499691009521484 -35.27994918823242 1.7000000476837158
vertex 47.32748031616211 -35.314205169677734 0
endloop
endfacet
facet normal -0.1951007507126451 -0.9807832059488795 0
outer loop
vertex 47.671897888183594 -35.314205169677734 0
vertex 47.671897888183594 -35.314205169677734 1.7000000476837158
vertex 47.499691009521484 -35.27994918823242 0
endloop
endfacet
facet normal -0.8314682539438699 -0.5555722659416437 0
outer loop
vertex 47.81788635253906 -35.41175079345703 0
vertex 47.915435791015625 -35.557743072509766 0
vertex 47.915435791015625 -35.557743072509766 1.7000000476837158
endloop
endfacet
facet normal 0.9807873630744628 -0.1950798514286955 0
outer loop
vertex 47.04969024658203 -35.729949951171875 1.7000000476837158
vertex 47.04969024658203 -35.729949951171875 0
vertex 47.08394241333008 -35.557743072509766 1.7000000476837158
endloop
endfacet
facet normal 0 0 -1
outer loop
vertex 47.81788635253906 -36.6817512512207 1.7000000476837158
vertex 47.671897888183594 -37.41569519042969 1.7000000476837158
vertex 47.671897888183594 -36.58420181274414 1.7000000476837158
endloop
endfacet
facet normal -0.1950798514286955 -0.9807873630744628 0
outer loop
vertex 47.671897888183594 -36.58420181274414 0
vertex 47.671897888183594 -36.58420181274414 1.7000000476837158
vertex 47.499691009521484 -36.549949645996094 0
endloop
endfacet
facet normal 0 0 -1
outer loop
vertex 47.81788635253906 -36.6817512512207 1.7000000476837158
vertex 47.915435791015625 -36.82773971557617 1.7000000476837158
vertex 47.81788635253906 -37.318145751953125 1.7000000476837158
endloop
endfacet
facet normal 0 0 -1
outer loop
vertex 47.671897888183594 -36.58420181274414 1.7000000476837158
vertex 47.499691009521484 -37.449947357177734 1.7000000476837158
vertex 47.499691009521484 -36.549949645996094 1.7000000476837158
endloop
endfacet
facet normal 0 0 -1
outer loop
vertex 47.499691009521484 -36.549949645996094 1.7000000476837158
vertex 47.32748031616211 -37.41569519042969 1.7000000476837158
vertex 47.32748031616211 -36.58420181274414 1.7000000476837158
endloop
endfacet
facet normal 0 0 -1
outer loop
vertex 47.915435791015625 -37.172157287597656 1.7000000476837158
vertex 47.81788635253906 -37.318145751953125 1.7000000476837158
vertex 47.915435791015625 -36.82773971557617 1.7000000476837158
endloop
endfacet
facet normal 0 0 -1
outer loop
vertex 47.81788635253906 -37.318145751953125 1.7000000476837158
vertex 47.671897888183594 -37.41569519042969 1.7000000476837158
vertex 47.81788635253906 -36.6817512512207 1.7000000476837158
endloop
endfacet
facet normal 0 0 -1
outer loop
vertex 47.671897888183594 -37.41569519042969 1.7000000476837158
vertex 47.499691009521484 -37.449947357177734 1.7000000476837158
vertex 47.671897888183594 -36.58420181274414 1.7000000476837158
endloop
endfacet
facet normal 0 0 -1
outer loop
vertex 47.499691009521484 -37.449947357177734 1.7000000476837158
vertex 47.32748031616211 -37.41569519042969 1.7000000476837158
vertex 47.499691009521484 -36.549949645996094 1.7000000476837158
endloop
endfacet
facet normal 0.9807873630744628 0.1950798514286955 0
outer loop
vertex 47.08394241333008 -37.172157287597656 1.7000000476837158
vertex 47.08394241333008 -37.172157287597656 0
vertex 47.04969024658203 -36.99995040893555 1.7000000476837158
endloop
endfacet
facet normal 0.8314615478636338 0.5555823021157262 0
outer loop
vertex 47.18149185180664 -37.318145751953125 1.7000000476837158
vertex 47.18149185180664 -37.318145751953125 0
vertex 47.08394241333008 -37.172157287597656 1.7000000476837158
endloop
endfacet
facet normal 0.5555823021157262 0.8314615478636338 0
outer loop
vertex 47.32748031616211 -37.41569519042969 1.7000000476837158
vertex 47.32748031616211 -37.41569519042969 0
vertex 47.18149185180664 -37.318145751953125 1.7000000476837158
endloop
endfacet
facet normal 0.9807881898648063 -0.19507569459498705 0
outer loop
vertex 47.04969024658203 -36.99995040893555 1.7000000476837158
vertex 47.04969024658203 -36.99995040893555 0
vertex 47.08394241333008 -36.82773971557617 1.7000000476837158
endloop
endfacet
facet normal 0.8314615478636338 -0.5555823021157262 0
outer loop
vertex 47.08394241333008 -36.82773971557617 1.7000000476837158
vertex 47.08394241333008 -36.82773971557617 0
vertex 47.18149185180664 -36.6817512512207 1.7000000476837158
endloop
endfacet
facet normal 0.5555823021157262 -0.8314615478636338 0
outer loop
vertex 47.18149185180664 -36.6817512512207 1.7000000476837158
vertex 47.18149185180664 -36.6817512512207 0
vertex 47.32748031616211 -36.58420181274414 1.7000000476837158
endloop
endfacet
facet normal -0.8314615478636338 -0.5555823021157262 0
outer loop
vertex 47.81788635253906 -36.6817512512207 0
vertex 47.915435791015625 -36.82773971557617 0
vertex 47.915435791015625 -36.82773971557617 1.7000000476837158
endloop
endfacet
facet normal 0 0 -1
outer loop
vertex 47.32748031616211 -37.41569519042969 1.7000000476837158
vertex 47.18149185180664 -37.318145751953125 1.7000000476837158
vertex 47.32748031616211 -36.58420181274414 1.7000000476837158
endloop
endfacet
facet normal 0 0 -1
outer loop
vertex 47.08394241333008 -37.172157287597656 1.7000000476837158
vertex 47.04969024658203 -36.99995040893555 1.7000000476837158
vertex 47.08394241333008 -36.82773971557617 1.7000000476837158
endloop
endfacet
facet normal 0 0 -1
outer loop
vertex 47.18149185180664 -36.6817512512207 1.7000000476837158
vertex 47.08394241333008 -37.172157287597656 1.7000000476837158
vertex 47.08394241333008 -36.82773971557617 1.7000000476837158
endloop
endfacet
facet normal 0 0 -1
outer loop
vertex 47.32748031616211 -36.58420181274414 1.7000000476837158
vertex 47.18149185180664 -37.318145751953125 1.7000000476837158
vertex 47.18149185180664 -36.6817512512207 1.7000000476837158
endloop
endfacet
facet normal -0.5555823021157262 -0.8314615478636338 0
outer loop
vertex 47.671897888183594 -36.58420181274414 1.7000000476837158
vertex 47.671897888183594 -36.58420181274414 0
vertex 47.81788635253906 -36.6817512512207 1.7000000476837158
endloop
endfacet
facet normal -0.1950798514286955 -0.9807873630744628 0
outer loop
vertex 47.499691009521484 -36.549949645996094 1.7000000476837158
vertex 47.499691009521484 -36.549949645996094 0
vertex 47.671897888183594 -36.58420181274414 1.7000000476837158
endloop
endfacet
facet normal -0.5555823021157262 -0.8314615478636338 0
outer loop
vertex 47.81788635253906 -36.6817512512207 0
vertex 47.81788635253906 -36.6817512512207 1.7000000476837158
vertex 47.671897888183594 -36.58420181274414 0
endloop
endfacet
facet normal 0.9807873630744628 0.1950798514286955 0
outer loop
vertex 47.04969024658203 -36.99995040893555 0
vertex 47.04969024658203 -36.99995040893555 1.7000000476837158
vertex 47.08394241333008 -37.172157287597656 0
endloop
endfacet
facet normal 0.5555823021157262 0.8314615478636338 0
outer loop
vertex 47.18149185180664 -37.318145751953125 0
vertex 47.18149185180664 -37.318145751953125 1.7000000476837158
vertex 47.32748031616211 -37.41569519042969 0
endloop
endfacet
facet normal 0.8314615478636338 0.5555823021157262 0
outer loop
vertex 47.18149185180664 -37.318145751953125 0
vertex 47.08394241333008 -37.172157287597656 0
vertex 47.08394241333008 -37.172157287597656 1.7000000476837158
endloop
endfacet
facet normal 0.9807881898648063 -0.19507569459498705 0
outer loop
vertex 47.08394241333008 -36.82773971557617 0
vertex 47.08394241333008 -36.82773971557617 1.7000000476837158
vertex 47.04969024658203 -36.99995040893555 0
endloop
endfacet
facet normal 0.8314615478636338 -0.5555823021157262 0
outer loop
vertex 47.18149185180664 -36.6817512512207 0
vertex 47.18149185180664 -36.6817512512207 1.7000000476837158
vertex 47.08394241333008 -36.82773971557617 0
endloop
endfacet
facet normal 0.5555823021157262 -0.8314615478636338 0
outer loop
vertex 47.32748031616211 -36.58420181274414 0
vertex 47.32748031616211 -36.58420181274414 1.7000000476837158
vertex 47.18149185180664 -36.6817512512207 0
endloop
endfacet
facet normal 0.19507569459498705 -0.9807881898648063 0
outer loop
vertex 47.32748031616211 -36.58420181274414 1.7000000476837158
vertex 47.32748031616211 -36.58420181274414 0
vertex 47.499691009521484 -36.549949645996094 1.7000000476837158
endloop
endfacet
facet normal -0.8314615478636338 -0.5555823021157262 0
outer loop
vertex 47.81788635253906 -36.6817512512207 1.7000000476837158
vertex 47.81788635253906 -36.6817512512207 0
vertex 47.915435791015625 -36.82773971557617 1.7000000476837158
endloop
endfacet
facet normal -0.9807881898648063 -0.19507569459498705 0
outer loop
vertex 47.915435791015625 -36.82773971557617 1.7000000476837158
vertex 47.915435791015625 -36.82773971557617 0
vertex 47.94968795776367 -36.99995040893555 1.7000000476837158
endloop
endfacet
facet normal 0.19507569459498705 0.9807881898648063 0
outer loop
vertex 47.499691009521484 -37.449947357177734 0
vertex 47.32748031616211 -37.41569519042969 0
vertex 47.32748031616211 -37.41569519042969 1.7000000476837158
endloop
endfacet
facet normal -0.1950798514286955 0.9807873630744628 0
outer loop
vertex 47.671897888183594 -37.41569519042969 0
vertex 47.499691009521484 -37.449947357177734 0
vertex 47.499691009521484 -37.449947357177734 1.7000000476837158
endloop
endfacet
facet normal -0.5555823021157262 0.8314615478636338 0
outer loop
vertex 47.81788635253906 -37.318145751953125 0
vertex 47.671897888183594 -37.41569519042969 0
vertex 47.671897888183594 -37.41569519042969 1.7000000476837158
endloop
endfacet
facet normal -0.8314615478636338 0.5555823021157262 0
outer loop
vertex 47.915435791015625 -37.172157287597656 0
vertex 47.81788635253906 -37.318145751953125 0
vertex 47.81788635253906 -37.318145751953125 1.7000000476837158
endloop
endfacet
facet normal -0.9807873630744628 0.1950798514286955 0
outer loop
vertex 47.94968795776367 -36.99995040893555 0
vertex 47.915435791015625 -37.172157287597656 0
vertex 47.915435791015625 -37.172157287597656 1.7000000476837158
endloop
endfacet
facet normal -0.9807881898648063 -0.19507569459498705 0
outer loop
vertex 47.94968795776367 -36.99995040893555 0
vertex 47.94968795776367 -36.99995040893555 1.7000000476837158
vertex 47.915435791015625 -36.82773971557617 0
endloop
endfacet
facet normal -0.9807873630744628 0.1950798514286955 0
outer loop
vertex 47.94968795776367 -36.99995040893555 1.7000000476837158
vertex 47.94968795776367 -36.99995040893555 0
vertex 47.915435791015625 -37.172157287597656 1.7000000476837158
endloop
endfacet
facet normal -0.8314615478636338 0.5555823021157262 0
outer loop
vertex 47.915435791015625 -37.172157287597656 1.7000000476837158
vertex 47.915435791015625 -37.172157287597656 0
vertex 47.81788635253906 -37.318145751953125 1.7000000476837158
endloop
endfacet
facet normal -0.5555823021157262 0.8314615478636338 0
outer loop
vertex 47.81788635253906 -37.318145751953125 1.7000000476837158
vertex 47.81788635253906 -37.318145751953125 0
vertex 47.671897888183594 -37.41569519042969 1.7000000476837158
endloop
endfacet
facet normal -0.1950798514286955 0.9807873630744628 0
outer loop
vertex 47.671897888183594 -37.41569519042969 1.7000000476837158
vertex 47.671897888183594 -37.41569519042969 0
vertex 47.499691009521484 -37.449947357177734 1.7000000476837158
endloop
endfacet
facet normal 0.19507569459498705 0.9807881898648063 0
outer loop
vertex 47.499691009521484 -37.449947357177734 1.7000000476837158
vertex 47.499691009521484 -37.449947357177734 0
vertex 47.32748031616211 -37.41569519042969 1.7000000476837158
endloop
endfacet
facet normal 0 0 -1
outer loop
vertex 47.18149185180664 -37.318145751953125 1.7000000476837158
vertex 47.08394241333008 -37.172157287597656 1.7000000476837158
vertex 47.18149185180664 -36.6817512512207 1.7000000476837158
endloop
endfacet
facet normal 0.19507569459498705 -0.9807881898648063 0
outer loop
vertex 47.499691009521484 -36.549949645996094 0
vertex 47.499691009521484 -36.549949645996094 1.7000000476837158
vertex 47.32748031616211 -36.58420181274414 0
endloop
endfacet
facet normal 0 0 -1
outer loop
vertex 47.94968795776367 -36.99995040893555 1.7000000476837158
vertex 47.915435791015625 -37.172157287597656 1.7000000476837158
vertex 47.915435791015625 -36.82773971557617 1.7000000476837158
endloop
endfacet
facet normal 0 0 -1
outer loop
vertex 30.949981689453125 -1.4499491453170776 0
vertex 26.749980926513672 -4.999948978424072 0
vertex 26.04998207092285 -1.4499491453170776 0
endloop
endfacet
facet normal 0 0 1
outer loop
vertex -45.85001754760742 -16.34994888305664 2.200000047683716
vertex -49.150020599365234 -0.6499490737915039 2.200000047683716
vertex -49.150020599365234 -16.34994888305664 2.200000047683716
endloop
endfacet
facet normal 0 0 -1
outer loop
vertex 30.249980926513672 -23.999948501586914 0
vertex 28.949981689453125 -28.109949111938477 0
vertex 28.949981689453125 -26.839948654174805 0
endloop
endfacet
facet normal 0 0 -1
outer loop
vertex 30.249980926513672 -23.999948501586914 0
vertex 28.67218780517578 -26.424203872680664 0
vertex 26.749980926513672 -23.999948501586914 0
endloop
endfacet
facet normal 0 0 -1
outer loop
vertex 30.249980926513672 -23.999948501586914 0
vertex 28.818180084228516 -26.521751403808594 0
vertex 28.67218780517578 -26.424203872680664 0
endloop
endfacet
facet normal 0 0 -1
outer loop
vertex 28.499980926513672 -26.389949798583984 0
vertex 26.749980926513672 -23.999948501586914 0
vertex 28.67218780517578 -26.424203872680664 0
endloop
endfacet
facet normal 0 0 -1
outer loop
vertex 28.327774047851562 -26.424203872680664 0
vertex 26.749980926513672 -23.999948501586914 0
vertex 28.499980926513672 -26.389949798583984 0
endloop
endfacet
facet normal 0 0 -1
outer loop
vertex 28.18178367614746 -26.521751403808594 0
vertex 26.749980926513672 -23.999948501586914 0
vertex 28.327774047851562 -26.424203872680664 0
endloop
endfacet
facet normal 0 0 -1
outer loop
vertex 28.915727615356445 -26.667741775512695 0
vertex 28.818180084228516 -26.521751403808594 0
vertex 30.249980926513672 -23.999948501586914 0
endloop
endfacet
facet normal 0 0 -1
outer loop
vertex 28.08423614501953 -26.667741775512695 0
vertex 26.749980926513672 -23.999948501586914 0
vertex 28.18178367614746 -26.521751403808594 0
endloop
endfacet
facet normal 0 0 -1
outer loop
vertex 28.04998207092285 -26.839948654174805 0
vertex 26.749980926513672 -23.999948501586914 0
vertex 28.08423614501953 -26.667741775512695 0
endloop
endfacet
facet normal 0 0 -1
outer loop
vertex 28.04998207092285 -26.839948654174805 0
vertex 28.04998207092285 -28.109949111938477 0
vertex 26.749980926513672 -23.999948501586914 0
endloop
endfacet
facet normal 0 0 -1
outer loop
vertex 30.249980926513672 -30.999948501586914 0
vertex 28.949981689453125 -28.109949111938477 0
vertex 30.249980926513672 -23.999948501586914 0
endloop
endfacet
facet normal 0 0 -1
outer loop
vertex 30.249980926513672 -30.999948501586914 0
vertex 28.915727615356445 -28.282155990600586 0
vertex 28.949981689453125 -28.109949111938477 0
endloop
endfacet
facet normal 0 0 -1
outer loop
vertex 28.915727615356445 -29.207740783691406 0
vertex 30.249980926513672 -30.999948501586914 0
vertex 28.949981689453125 -29.37994956970215 0
endloop
endfacet
facet normal 0 0 -1
outer loop
vertex 28.915727615356445 -27.012157440185547 0
vertex 28.949981689453125 -26.839948654174805 0
vertex 28.949981689453125 -28.109949111938477 0
endloop
endfacet
facet normal 0 0 -1
outer loop
vertex 28.915727615356445 -27.012157440185547 0
vertex 28.915727615356445 -27.937742233276367 0
vertex 28.818180084228516 -27.15814781188965 0
endloop
endfacet
facet normal 0 0 -1
outer loop
vertex 28.818180084228516 -27.791751861572266 0
vertex 28.67218780517578 -27.255695343017578 0
vertex 28.818180084228516 -27.15814781188965 0
endloop
endfacet
facet normal 0 0 -1
outer loop
vertex 28.949981689453125 -28.109949111938477 0
vertex 28.915727615356445 -27.937742233276367 0
vertex 28.915727615356445 -27.012157440185547 0
endloop
endfacet
facet normal 0 0 -1
outer loop
vertex 28.818180084228516 -27.791751861572266 0
vertex 28.818180084228516 -27.15814781188965 0
vertex 28.915727615356445 -27.937742233276367 0
endloop
endfacet
facet normal 0 0 -1
outer loop
vertex 28.67218780517578 -27.255695343017578 0
vertex 28.67218780517578 -27.694202423095703 0
vertex 28.499980926513672 -27.289949417114258 0
endloop
endfacet
facet normal 0 0 -1
outer loop
vertex 28.499980926513672 -27.289949417114258 0
vertex 28.499980926513672 -27.659948348999023 0
vertex 28.327774047851562 -27.255695343017578 0
endloop
endfacet
facet normal 0 0 -1
outer loop
vertex 28.327774047851562 -27.255695343017578 0
vertex 28.18178367614746 -27.791751861572266 0
vertex 28.18178367614746 -27.15814781188965 0
endloop
endfacet
facet normal 0 0 -1
outer loop
vertex 28.67218780517578 -27.694202423095703 0
vertex 28.67218780517578 -27.255695343017578 0
vertex 28.818180084228516 -27.791751861572266 0
endloop
endfacet
facet normal 0 0 -1
outer loop
vertex 28.499980926513672 -27.659948348999023 0
vertex 28.499980926513672 -27.289949417114258 0
vertex 28.67218780517578 -27.694202423095703 0
endloop
endfacet
facet normal 0 0 -1
outer loop
vertex 28.327774047851562 -27.694202423095703 0
vertex 28.327774047851562 -27.255695343017578 0
vertex 28.499980926513672 -27.659948348999023 0
endloop
endfacet
facet normal 0 0 -1
outer loop
vertex 28.18178367614746 -27.791751861572266 0
vertex 28.327774047851562 -27.255695343017578 0
vertex 28.327774047851562 -27.694202423095703 0
endloop
endfacet
facet normal 0 0 -1
outer loop
vertex 28.08423614501953 -27.012157440185547 0
vertex 28.08423614501953 -27.937742233276367 0
vertex 28.04998207092285 -26.839948654174805 0
endloop
endfacet
facet normal 0 0 -1
outer loop
vertex 28.18178367614746 -27.791751861572266 0
vertex 28.08423614501953 -27.012157440185547 0
vertex 28.18178367614746 -27.15814781188965 0
endloop
endfacet
facet normal 0 0 -1
outer loop
vertex 28.08423614501953 -27.937742233276367 0
vertex 28.08423614501953 -27.012157440185547 0
vertex 28.18178367614746 -27.791751861572266 0
endloop
endfacet
facet normal 0 0 -1
outer loop
vertex 28.04998207092285 -28.109949111938477 0
vertex 28.04998207092285 -26.839948654174805 0
vertex 28.08423614501953 -27.937742233276367 0
endloop
endfacet
facet normal 0 0 -1
outer loop
vertex 28.04998207092285 -28.109949111938477 0
vertex 26.749980926513672 -30.999948501586914 0
vertex 26.749980926513672 -23.999948501586914 0
endloop
endfacet
facet normal 0 0 -1
outer loop
vertex 28.818180084228516 -29.061750411987305 0
vertex 28.67218780517578 -28.52569580078125 0
vertex 28.818180084228516 -28.428146362304688 0
endloop
endfacet
facet normal 0 0 -1
outer loop
vertex 28.818180084228516 -28.428146362304688 0
vertex 28.915727615356445 -29.207740783691406 0
vertex 28.818180084228516 -29.061750411987305 0
endloop
endfacet
facet normal 0 0 -1
outer loop
vertex 28.67218780517578 -28.52569580078125 0
vertex 28.67218780517578 -28.964202880859375 0
vertex 28.499980926513672 -28.55994987487793 0
endloop
endfacet
facet normal 0 0 -1
outer loop
vertex 28.67218780517578 -28.964202880859375 0
vertex 28.67218780517578 -28.52569580078125 0
vertex 28.818180084228516 -29.061750411987305 0
endloop
endfacet
facet normal 0 0 -1
outer loop
vertex 28.499980926513672 -28.929948806762695 0
vertex 28.499980926513672 -28.55994987487793 0
vertex 28.67218780517578 -28.964202880859375 0
endloop
endfacet
facet normal 0 0 -1
outer loop
vertex 28.499980926513672 -28.929948806762695 0
vertex 28.327774047851562 -28.52569580078125 0
vertex 28.499980926513672 -28.55994987487793 0
endloop
endfacet
facet normal 0 0 -1
outer loop
vertex 28.327774047851562 -28.52569580078125 0
vertex 28.327774047851562 -28.964202880859375 0
vertex 28.18178367614746 -28.428146362304688 0
endloop
endfacet
facet normal 0 0 -1
outer loop
vertex 28.327774047851562 -28.964202880859375 0
vertex 28.327774047851562 -28.52569580078125 0
vertex 28.499980926513672 -28.929948806762695 0
endloop
endfacet
facet normal 0 0 -1
outer loop
vertex 28.18178367614746 -29.061750411987305 0
vertex 28.18178367614746 -28.428146362304688 0
vertex 28.327774047851562 -28.964202880859375 0
endloop
endfacet
facet normal 0 0 -1
outer loop
vertex 30.249980926513672 -30.999948501586914 0
vertex 28.818180084228516 -28.428146362304688 0
vertex 28.915727615356445 -28.282155990600586 0
endloop
endfacet
facet normal 0 0 -1
outer loop
vertex 30.249980926513672 -30.999948501586914 0
vertex 28.915727615356445 -29.207740783691406 0
vertex 28.818180084228516 -28.428146362304688 0
endloop
endfacet
facet normal 0 0 -1
outer loop
vertex 28.818180084228516 -29.69814682006836 0
vertex 28.67218780517578 -30.234203338623047 0
vertex 28.67218780517578 -29.79569435119629 0
endloop
endfacet
facet normal 0 0 -1
outer loop
vertex 28.327774047851562 -29.79569435119629 0
vertex 28.327774047851562 -30.234203338623047 0
vertex 28.18178367614746 -29.69814682006836 0
endloop
endfacet
facet normal 0 0 -1
outer loop
vertex 28.18178367614746 -29.061750411987305 0
vertex 28.08423614501953 -28.282155990600586 0
vertex 28.18178367614746 -28.428146362304688 0
endloop
endfacet
facet normal 0 0 -1
outer loop
vertex 28.08423614501953 -28.282155990600586 0
vertex 28.08423614501953 -29.207740783691406 0
vertex 28.04998207092285 -28.109949111938477 0
endloop
endfacet
facet normal 0 0 -1
outer loop
vertex 28.08423614501953 -29.207740783691406 0
vertex 28.08423614501953 -28.282155990600586 0
vertex 28.18178367614746 -29.061750411987305 0
endloop
endfacet
facet normal 0 0 -1
outer loop
vertex 28.04998207092285 -29.37994956970215 0
vertex 28.04998207092285 -28.109949111938477 0
vertex 28.08423614501953 -29.207740783691406 0
endloop
endfacet
facet normal 0 0 -1
outer loop
vertex 28.04998207092285 -29.37994956970215 0
vertex 26.749980926513672 -30.999948501586914 0
vertex 28.04998207092285 -28.109949111938477 0
endloop
endfacet
facet normal 0 0 -1
outer loop
vertex 47.18149185180664 -35.41175079345703 0
vertex 28.915727615356445 -34.63215637207031 0
vertex 30.949981689453125 -34.549949645996094 0
endloop
endfacet
facet normal 0 0 -1
outer loop
vertex 28.949981689453125 -35.729949951171875 0
vertex 28.915727615356445 -35.557743072509766 0
vertex 47.08394241333008 -35.557743072509766 0
endloop
endfacet
facet normal 0 0 -1
outer loop
vertex 47.18149185180664 -35.41175079345703 0
vertex 28.818180084228516 -34.77814865112305 0
vertex 28.915727615356445 -34.63215637207031 0
endloop
endfacet
facet normal 0 0 -1
outer loop
vertex 47.18149185180664 -35.41175079345703 0
vertex 28.818180084228516 -35.41175079345703 0
vertex 28.818180084228516 -34.77814865112305 0
endloop
endfacet
facet normal 0 0 -1
outer loop
vertex 28.915727615356445 -35.557743072509766 0
vertex 28.818180084228516 -35.41175079345703 0
vertex 47.18149185180664 -35.41175079345703 0
endloop
endfacet
facet normal 0 0 -1
outer loop
vertex 30.249980926513672 -30.999948501586914 0
vertex 28.915727615356445 -29.552156448364258 0
vertex 28.949981689453125 -29.37994956970215 0
endloop
endfacet
facet normal 0 0 -1
outer loop
vertex 30.249980926513672 -30.999948501586914 0
vertex 28.949981689453125 -30.64995002746582 0
vertex 28.915727615356445 -30.477741241455078 0
endloop
endfacet
facet normal 0 0 -1
outer loop
vertex 30.249980926513672 -30.999948501586914 0
vertex 28.915727615356445 -30.82215690612793 0
vertex 28.949981689453125 -30.64995002746582 0
endloop
endfacet
facet normal 0 0 -1
outer loop
vertex 30.249980926513672 -30.999948501586914 0
vertex 30.949981689453125 -30.999948501586914 0
vertex 30.949981689453125 -34.549949645996094 0
endloop
endfacet
facet normal 0 0 -1
outer loop
vertex 28.915727615356445 -31.74774169921875 0
vertex 30.249980926513672 -30.999948501586914 0
vertex 30.949981689453125 -34.549949645996094 0
endloop
endfacet
facet normal 0 0 -1
outer loop
vertex 28.949981689453125 -31.91994857788086 0
vertex 28.915727615356445 -31.74774169921875 0
vertex 30.949981689453125 -34.549949645996094 0
endloop
endfacet
facet normal 0 0 -1
outer loop
vertex 30.249980926513672 -30.999948501586914 0
vertex 28.818180084228516 -29.69814682006836 0
vertex 28.915727615356445 -29.552156448364258 0
endloop
endfacet
facet normal 0 0 -1
outer loop
vertex 28.818180084228516 -30.331750869750977 0
vertex 28.67218780517578 -30.234203338623047 0
vertex 28.818180084228516 -29.69814682006836 0
endloop
endfacet
facet normal 0 0 -1
outer loop
vertex 30.249980926513672 -30.999948501586914 0
vertex 28.818180084228516 -30.331750869750977 0
vertex 28.818180084228516 -29.69814682006836 0
endloop
endfacet
facet normal 0 0 -1
outer loop
vertex 28.915727615356445 -30.477741241455078 0
vertex 28.818180084228516 -30.331750869750977 0
vertex 30.249980926513672 -30.999948501586914 0
endloop
endfacet
facet normal 0 0 -1
outer loop
vertex 28.67218780517578 -30.234203338623047 0
vertex 28.499980926513672 -29.82994842529297 0
vertex 28.67218780517578 -29.79569435119629 0
endloop
endfacet
facet normal 0 0 -1
outer loop
vertex 28.499980926513672 -30.199949264526367 0
vertex 28.499980926513672 -29.82994842529297 0
vertex 28.67218780517578 -30.234203338623047 0
endloop
endfacet
facet normal 0 0 -1
outer loop
vertex 28.499980926513672 -30.199949264526367 0
vertex 28.327774047851562 -29.79569435119629 0
vertex 28.499980926513672 -29.82994842529297 0
endloop
endfacet
facet normal 0 0 -1
outer loop
vertex 28.327774047851562 -30.234203338623047 0
vertex 28.327774047851562 -29.79569435119629 0
vertex 28.499980926513672 -30.199949264526367 0
endloop
endfacet
facet normal 0 0 -1
outer loop
vertex 28.18178367614746 -30.331750869750977 0
vertex 28.18178367614746 -29.69814682006836 0
vertex 28.327774047851562 -30.234203338623047 0
endloop
endfacet
facet normal 0 0 -1
outer loop
vertex 30.249980926513672 -30.999948501586914 0
vertex 28.818180084228516 -30.96814727783203 0
vertex 28.915727615356445 -30.82215690612793 0
endloop
endfacet
facet normal 0 0 -1
outer loop
vertex 30.249980926513672 -30.999948501586914 0
vertex 28.818180084228516 -31.60175132751465 0
vertex 28.818180084228516 -30.96814727783203 0
endloop
endfacet
facet normal 0 0 -1
outer loop
vertex 28.818180084228516 -31.60175132751465 0
vertex 28.67218780517578 -31.06569480895996 0
vertex 28.818180084228516 -30.96814727783203 0
endloop
endfacet
facet normal 0 0 -1
outer loop
vertex 28.67218780517578 -31.06569480895996 0
vertex 28.67218780517578 -31.50420379638672 0
vertex 28.499980926513672 -31.09994888305664 0
endloop
endfacet
facet normal 0 0 -1
outer loop
vertex 28.499980926513672 -31.46994972229004 0
vertex 28.499980926513672 -31.09994888305664 0
vertex 28.67218780517578 -31.50420379638672 0
endloop
endfacet
facet normal 0 0 -1
outer loop
vertex 28.499980926513672 -31.46994972229004 0
vertex 28.327774047851562 -31.06569480895996 0
vertex 28.499980926513672 -31.09994888305664 0
endloop
endfacet
facet normal 0 0 -1
outer loop
vertex 28.327774047851562 -31.50420379638672 0
vertex 28.327774047851562 -31.06569480895996 0
vertex 28.499980926513672 -31.46994972229004 0
endloop
endfacet
facet normal 0 0 -1
outer loop
vertex 28.327774047851562 -31.06569480895996 0
vertex 28.18178367614746 -31.60175132751465 0
vertex 28.18178367614746 -30.96814727783203 0
endloop
endfacet
facet normal 0 0 -1
outer loop
vertex 28.08423614501953 -30.477741241455078 0
vertex 28.18178367614746 -29.69814682006836 0
vertex 28.18178367614746 -30.331750869750977 0
endloop
endfacet
facet normal 0 0 -1
outer loop
vertex 28.18178367614746 -29.69814682006836 0
vertex 26.749980926513672 -30.999948501586914 0
vertex 28.08423614501953 -29.552156448364258 0
endloop
endfacet
facet normal 0 0 -1
outer loop
vertex 28.08423614501953 -30.477741241455078 0
vertex 26.749980926513672 -30.999948501586914 0
vertex 28.18178367614746 -29.69814682006836 0
endloop
endfacet
facet normal 0 0 -1
outer loop
vertex 26.749980926513672 -30.999948501586914 0
vertex 28.04998207092285 -29.37994956970215 0
vertex 28.08423614501953 -29.552156448364258 0
endloop
endfacet
facet normal 0 0 -1
outer loop
vertex 28.18178367614746 -30.96814727783203 0
vertex 26.749980926513672 -30.999948501586914 0
vertex 28.08423614501953 -30.82215690612793 0
endloop
endfacet
facet normal 0 0 -1
outer loop
vertex 28.18178367614746 -31.60175132751465 0
vertex 26.749980926513672 -30.999948501586914 0
vertex 28.18178367614746 -30.96814727783203 0
endloop
endfacet
facet normal 0 0 -1
outer loop
vertex 28.04998207092285 -30.64995002746582 0
vertex 26.749980926513672 -30.999948501586914 0
vertex 28.08423614501953 -30.477741241455078 0
endloop
endfacet
facet normal 0 0 1
outer loop
vertex 71.19325256347656 41.19368362426758 2.200000047683716
vertex 70.20269775390625 40.52558898925781 2.200000047683716
vertex 71.45162963867188 40.51953887939453 2.200000047683716
endloop
endfacet
facet normal 0 0 1
outer loop
vertex 69.10165405273438 43.49898147583008 2.200000047683716
vertex 60.099979400634766 37.35005187988281 2.200000047683716
vertex 71.19325256347656 41.19368362426758 2.200000047683716
endloop
endfacet
facet normal 0 0 1
outer loop
vertex 71.19325256347656 41.19368362426758 2.200000047683716
vertex 60.099979400634766 37.35005187988281 2.200000047683716
vertex 70.20269775390625 40.52558898925781 2.200000047683716
endloop
endfacet
facet normal 0 0 1
outer loop
vertex 60.099979400634766 21.65005111694336 2.200000047683716
vertex 70.20269775390625 40.52558898925781 2.200000047683716
vertex 60.099979400634766 37.35005187988281 2.200000047683716
endloop
endfacet
facet normal 0 0 1
outer loop
vertex 60.099979400634766 37.35005187988281 2.200000047683716
vertex 68.2128677368164 43.893096923828125 2.200000047683716
vertex 44.39998245239258 37.35005187988281 2.200000047683716
endloop
endfacet
facet normal 0 0 1
outer loop
vertex 70.11067962646484 21.52581024169922 2.200000047683716
vertex 70.20269775390625 40.52558898925781 2.200000047683716
vertex 64.84998321533203 18.35004997253418 2.200000047683716
endloop
endfacet
facet normal 0 0 1
outer loop
vertex 60.099979400634766 21.65005111694336 2.200000047683716
vertex 64.84998321533203 18.35004997253418 2.200000047683716
vertex 70.20269775390625 40.52558898925781 2.200000047683716
endloop
endfacet
facet normal 0 0 1
outer loop
vertex 68.2128677368164 43.893096923828125 2.200000047683716
vertex 31.5999813079834 37.35005187988281 2.200000047683716
vertex 44.39998245239258 37.35005187988281 2.200000047683716
endloop
endfacet
facet normal 0 0 1
outer loop
vertex 31.5999813079834 37.35005187988281 2.200000047683716
vertex 68.2128677368164 43.893096923828125 2.200000047683716
vertex 15.899981498718262 37.35005187988281 2.200000047683716
endloop
endfacet
facet normal 0 0 1
outer loop
vertex 31.5999813079834 37.35005187988281 2.200000047683716
vertex 44.39998245239258 21.65005111694336 2.200000047683716
vertex 44.39998245239258 37.35005187988281 2.200000047683716
endloop
endfacet
facet normal 0.9337669834172249 0.35788157354060013 0
outer loop
vertex 71.45162963867188 40.51953887939453 2.200000047683716
vertex 71.45162963867188 40.51953887939453 1.7000000476837158
vertex 71.19325256347656 41.19368362426758 2.200000047683716
endloop
endfacet
facet normal 0.7405996068224823 0.6719465919062203 0
outer loop
vertex 71.19325256347656 41.19368362426758 2.200000047683716
vertex 69.10165405273438 43.49898147583008 0
vertex 69.10165405273438 43.49898147583008 2.200000047683716
endloop
endfacet
facet normal 0.4053647279590031 0.9141550400926112 0
outer loop
vertex 69.10165405273438 43.49898147583008 2.200000047683716
vertex 68.2128677368164 43.893096923828125 0
vertex 68.2128677368164 43.893096923828125 2.200000047683716
endloop
endfacet
facet normal -0.9238791069161851 -0.38268445984094035 0
outer loop
vertex -71.44234466552734 -43.71506118774414 0
vertex -71.14986419677734 -44.42116928100586 0
vertex -71.44234466552734 -43.71506118774414 0.20000000298023224
endloop
endfacet
facet normal 0 0 -1
outer loop
vertex 30.249980926513672 -4.999948978424072 0
vertex 30.949981689453125 -1.4499491453170776 0
vertex 30.949981689453125 -4.999948978424072 0
endloop
endfacet
facet normal 0 0 -1
outer loop
vertex -71.14986419677734 -44.42116928100586 0
vertex -49.95001983642578 -34.549949645996094 0
vertex -68.9212417602539 -46.64979553222656 0
endloop
endfacet
facet normal 0 0 -1
outer loop
vertex -49.95001983642578 -34.549949645996094 0
vertex -71.14986419677734 -44.42116928100586 0
vertex -70.20001983642578 -43.71506118774414 0
endloop
endfacet
facet normal 0 0 1
outer loop
vertex 70.11067962646484 21.52581024169922 2.200000047683716
vertex 71.39376068115234 18.029632568359375 2.200000047683716
vertex 71.41065979003906 21.519514083862305 2.200000047683716
endloop
endfacet
facet normal 0 0 1
outer loop
vertex 70.11067962646484 21.52581024169922 2.200000047683716
vertex 70.0937728881836 18.03592872619629 2.200000047683716
vertex 71.39376068115234 18.029632568359375 2.200000047683716
endloop
endfacet
facet normal 0 0 1
outer loop
vertex 70.0937728881836 18.03592872619629 2.200000047683716
vertex 70.11067962646484 21.52581024169922 2.200000047683716
vertex 64.84998321533203 18.35004997253418 2.200000047683716
endloop
endfacet
facet normal 0 0 1
outer loop
vertex 64.84998321533203 2.6500508785247803 2.200000047683716
vertex 70.0937728881836 18.03592872619629 2.200000047683716
vertex 64.84998321533203 18.35004997253418 2.200000047683716
endloop
endfacet
facet normal 0 0 -1
outer loop
vertex 26.749980926513672 -30.999948501586914 0
vertex 28.04998207092285 -30.64995002746582 0
vertex 28.08423614501953 -30.82215690612793 0
endloop
endfacet
facet normal 0 0 -1
outer loop
vertex 28.915727615356445 -31.74774169921875 0
vertex 28.818180084228516 -31.60175132751465 0
vertex 30.249980926513672 -30.999948501586914 0
endloop
endfacet
facet normal 0 0 -1
outer loop
vertex 28.67218780517578 -31.50420379638672 0
vertex 28.67218780517578 -31.06569480895996 0
vertex 28.818180084228516 -31.60175132751465 0
endloop
endfacet
facet normal 0 0 -1
outer loop
vertex 28.18178367614746 -31.60175132751465 0
vertex 28.327774047851562 -31.06569480895996 0
vertex 28.327774047851562 -31.50420379638672 0
endloop
endfacet
facet normal 0 0 -1
outer loop
vertex 28.67218780517578 -32.335693359375 0
vertex 28.67218780517578 -32.77420425415039 0
vertex 28.499980926513672 -32.36994934082031 0
endloop
endfacet
facet normal 0 0 -1
outer loop
vertex 28.67218780517578 -32.335693359375 0
vertex 28.818180084228516 -32.87174987792969 0
vertex 28.67218780517578 -32.77420425415039 0
endloop
endfacet
facet normal 0 0 -1
outer loop
vertex 28.499980926513672 -32.73994827270508 0
vertex 28.499980926513672 -32.36994934082031 0
vertex 28.67218780517578 -32.77420425415039 0
endloop
endfacet
facet normal 0 0 -1
outer loop
vertex 28.327774047851562 -32.335693359375 0
vertex 28.499980926513672 -32.36994934082031 0
vertex 28.499980926513672 -32.73994827270508 0
endloop
endfacet
facet normal 0 0 -1
outer loop
vertex 28.327774047851562 -32.77420425415039 0
vertex 28.18178367614746 -32.2381477355957 0
vertex 28.327774047851562 -32.335693359375 0
endloop
endfacet
facet normal 0 0 -1
outer loop
vertex 28.327774047851562 -32.77420425415039 0
vertex 28.327774047851562 -32.335693359375 0
vertex 28.499980926513672 -32.73994827270508 0
endloop
endfacet
facet normal 0 0 -1
outer loop
vertex 28.08423614501953 -31.74774169921875 0
vertex 26.749980926513672 -30.999948501586914 0
vertex 28.18178367614746 -31.60175132751465 0
endloop
endfacet
facet normal 0 0 -1
outer loop
vertex 28.04998207092285 -31.91994857788086 0
vertex 26.749980926513672 -30.999948501586914 0
vertex 28.08423614501953 -31.74774169921875 0
endloop
endfacet
facet normal 0 0 -1
outer loop
vertex 28.08423614501953 -32.09215545654297 0
vertex 26.04998207092285 -30.999948501586914 0
vertex 28.04998207092285 -31.91994857788086 0
endloop
endfacet
facet normal 0 0 -1
outer loop
vertex 26.04998207092285 -30.999948501586914 0
vertex 28.08423614501953 -32.09215545654297 0
vertex 28.18178367614746 -32.2381477355957 0
endloop
endfacet
facet normal 0 0 -1
outer loop
vertex 28.327774047851562 -32.77420425415039 0
vertex 26.04998207092285 -30.999948501586914 0
vertex 28.18178367614746 -32.2381477355957 0
endloop
endfacet
facet normal 0 0 -1
outer loop
vertex 28.18178367614746 -32.87174987792969 0
vertex 26.04998207092285 -30.999948501586914 0
vertex 28.327774047851562 -32.77420425415039 0
endloop
endfacet
facet normal 0 0 -1
outer loop
vertex 28.08423614501953 -33.01774215698242 0
vertex 26.04998207092285 -30.999948501586914 0
vertex 28.18178367614746 -32.87174987792969 0
endloop
endfacet
facet normal 0 0 -1
outer loop
vertex 28.04998207092285 -33.18994903564453 0
vertex 26.04998207092285 -30.999948501586914 0
vertex 28.08423614501953 -33.01774215698242 0
endloop
endfacet
facet normal 0 0 -1
outer loop
vertex 28.08423614501953 -33.36215591430664 0
vertex 26.04998207092285 -30.999948501586914 0
vertex 28.04998207092285 -33.18994903564453 0
endloop
endfacet
facet normal 0 0 -1
outer loop
vertex 28.915727615356445 -32.09215545654297 0
vertex 28.949981689453125 -31.91994857788086 0
vertex 30.949981689453125 -34.549949645996094 0
endloop
endfacet
facet normal 0 0 -1
outer loop
vertex 28.818180084228516 -32.2381477355957 0
vertex 30.949981689453125 -34.549949645996094 0
vertex 28.67218780517578 -32.335693359375 0
endloop
endfacet
facet normal 0 0 -1
outer loop
vertex 28.818180084228516 -32.2381477355957 0
vertex 28.915727615356445 -32.09215545654297 0
vertex 30.949981689453125 -34.549949645996094 0
endloop
endfacet
facet normal 0 0 -1
outer loop
vertex 30.949981689453125 -34.549949645996094 0
vertex 28.818180084228516 -32.87174987792969 0
vertex 28.67218780517578 -32.335693359375 0
endloop
endfacet
facet normal 0 0 -1
outer loop
vertex 30.949981689453125 -34.549949645996094 0
vertex 28.915727615356445 -33.01774215698242 0
vertex 28.818180084228516 -32.87174987792969 0
endloop
endfacet
facet normal 0 0 -1
outer loop
vertex 30.949981689453125 -34.549949645996094 0
vertex 28.949981689453125 -33.18994903564453 0
vertex 28.915727615356445 -33.01774215698242 0
endloop
endfacet
facet normal 0 0 -1
outer loop
vertex 30.949981689453125 -34.549949645996094 0
vertex 28.915727615356445 -33.36215591430664 0
vertex 28.949981689453125 -33.18994903564453 0
endloop
endfacet
facet normal 0 0 -1
outer loop
vertex 30.949981689453125 -34.549949645996094 0
vertex 28.818180084228516 -33.508148193359375 0
vertex 28.915727615356445 -33.36215591430664 0
endloop
endfacet
facet normal 0 0 -1
outer loop
vertex 30.949981689453125 -34.549949645996094 0
vertex 28.67218780517578 -33.60569381713867 0
vertex 28.818180084228516 -33.508148193359375 0
endloop
endfacet
facet normal 0 0 -1
outer loop
vertex 30.949981689453125 -34.549949645996094 0
vertex 28.67218780517578 -34.04420471191406 0
vertex 28.67218780517578 -33.60569381713867 0
endloop
endfacet
facet normal 0 0 -1
outer loop
vertex 30.949981689453125 -34.549949645996094 0
vertex 28.818180084228516 -34.14175033569336 0
vertex 28.67218780517578 -34.04420471191406 0
endloop
endfacet
facet normal 0 0 -1
outer loop
vertex 30.949981689453125 -34.549949645996094 0
vertex 28.915727615356445 -34.287742614746094 0
vertex 28.818180084228516 -34.14175033569336 0
endloop
endfacet
facet normal 0 0 -1
outer loop
vertex 30.949981689453125 -34.549949645996094 0
vertex 28.949981689453125 -34.4599494934082 0
vertex 28.915727615356445 -34.287742614746094 0
endloop
endfacet
facet normal 0 0 -1
outer loop
vertex 28.915727615356445 -34.63215637207031 0
vertex 28.949981689453125 -34.4599494934082 0
vertex 30.949981689453125 -34.549949645996094 0
endloop
endfacet
facet normal 0 0 -1
outer loop
vertex 28.67218780517578 -34.04420471191406 0
vertex 28.499980926513672 -33.639949798583984 0
vertex 28.67218780517578 -33.60569381713867 0
endloop
endfacet
facet normal 0 0 -1
outer loop
vertex 28.499980926513672 -33.639949798583984 0
vertex 28.499980926513672 -34.00994873046875 0
vertex 28.327774047851562 -33.60569381713867 0
endloop
endfacet
facet normal 0 0 -1
outer loop
vertex 28.327774047851562 -33.60569381713867 0
vertex 28.18178367614746 -34.14175033569336 0
vertex 28.18178367614746 -33.508148193359375 0
endloop
endfacet
facet normal 0 0 -1
outer loop
vertex 28.67218780517578 -34.04420471191406 0
vertex 28.499980926513672 -34.00994873046875 0
vertex 28.499980926513672 -33.639949798583984 0
endloop
endfacet
facet normal 0 0 -1
outer loop
vertex 28.327774047851562 -34.04420471191406 0
vertex 28.327774047851562 -33.60569381713867 0
vertex 28.499980926513672 -34.00994873046875 0
endloop
endfacet
facet normal 0 0 -1
outer loop
vertex 28.18178367614746 -34.14175033569336 0
vertex 28.327774047851562 -33.60569381713867 0
vertex 28.327774047851562 -34.04420471191406 0
endloop
endfacet
facet normal 0 0 -1
outer loop
vertex 28.18178367614746 -34.14175033569336 0
vertex 26.04998207092285 -30.999948501586914 0
vertex 28.08423614501953 -33.36215591430664 0
endloop
endfacet
facet normal 0 0 -1
outer loop
vertex 28.08423614501953 -34.287742614746094 0
vertex 26.04998207092285 -30.999948501586914 0
vertex 28.18178367614746 -34.14175033569336 0
endloop
endfacet
facet normal 0 0 -1
outer loop
vertex 28.04998207092285 -34.4599494934082 0
vertex 26.04998207092285 -30.999948501586914 0
vertex 28.08423614501953 -34.287742614746094 0
endloop
endfacet
facet normal 0 0 -1
outer loop
vertex 28.18178367614746 -34.14175033569336 0
vertex 28.08423614501953 -33.36215591430664 0
vertex 28.18178367614746 -33.508148193359375 0
endloop
endfacet
facet normal 0 0 -1
outer loop
vertex 28.818180084228516 -35.41175079345703 0
vertex 28.67218780517578 -34.875694274902344 0
vertex 28.818180084228516 -34.77814865112305 0
endloop
endfacet
facet normal 0 0 -1
outer loop
vertex 28.67218780517578 -34.875694274902344 0
vertex 28.67218780517578 -35.314205169677734 0
vertex 28.499980926513672 -34.909950256347656 0
endloop
endfacet
facet normal 0 0 -1
outer loop
vertex 28.67218780517578 -35.314205169677734 0
vertex 28.67218780517578 -34.875694274902344 0
vertex 28.818180084228516 -35.41175079345703 0
endloop
endfacet
facet normal 0 0 -1
outer loop
vertex 28.499980926513672 -35.27994918823242 0
vertex 28.499980926513672 -34.909950256347656 0
vertex 28.67218780517578 -35.314205169677734 0
endloop
endfacet
facet normal 0 0 -1
outer loop
vertex 28.499980926513672 -35.27994918823242 0
vertex 28.327774047851562 -34.875694274902344 0
vertex 28.499980926513672 -34.909950256347656 0
endloop
endfacet
facet normal 0 0 -1
outer loop
vertex 28.327774047851562 -35.314205169677734 0
vertex 28.18178367614746 -34.77814865112305 0
vertex 28.327774047851562 -34.875694274902344 0
endloop
endfacet
facet normal 0 0 -1
outer loop
vertex 28.327774047851562 -35.314205169677734 0
vertex 28.327774047851562 -34.875694274902344 0
vertex 28.499980926513672 -35.27994918823242 0
endloop
endfacet
facet normal 0 0 -1
outer loop
vertex 28.08423614501953 -34.63215637207031 0
vertex 26.04998207092285 -34.549949645996094 0
vertex 28.04998207092285 -34.4599494934082 0
endloop
endfacet
facet normal 0 0 -1
outer loop
vertex 28.18178367614746 -34.77814865112305 0
vertex 26.04998207092285 -34.549949645996094 0
vertex 28.08423614501953 -34.63215637207031 0
endloop
endfacet
facet normal 0 0 -1
outer loop
vertex 28.327774047851562 -35.314205169677734 0
vertex 26.04998207092285 -34.549949645996094 0
vertex 28.18178367614746 -34.77814865112305 0
endloop
endfacet
facet normal 0 0 -1
outer loop
vertex 28.18178367614746 -35.41175079345703 0
vertex 26.04998207092285 -34.549949645996094 0
vertex 28.327774047851562 -35.314205169677734 0
endloop
endfacet
facet normal 0 0 -1
outer loop
vertex 28.08423614501953 -35.557743072509766 0
vertex 26.04998207092285 -34.549949645996094 0
vertex 28.18178367614746 -35.41175079345703 0
endloop
endfacet
facet normal 0 0 -1
outer loop
vertex 28.04998207092285 -35.729949951171875 0
vertex 26.04998207092285 -34.549949645996094 0
vertex 28.08423614501953 -35.557743072509766 0
endloop
endfacet
facet normal 0 0 -1
outer loop
vertex 26.04998207092285 -30.999948501586914 0
vertex 26.749980926513672 -30.999948501586914 0
vertex 28.04998207092285 -31.91994857788086 0
endloop
endfacet
facet normal 0 0 -1
outer loop
vertex 26.04998207092285 -34.549949645996094 0
vertex 26.04998207092285 -30.999948501586914 0
vertex 28.04998207092285 -34.4599494934082 0
endloop
endfacet
facet normal 0 0 -1
outer loop
vertex 28.915727615356445 -35.902156829833984 0
vertex 28.949981689453125 -35.729949951171875 0
vertex 47.08394241333008 -35.902156829833984 0
endloop
endfacet
facet normal 0 0 -1
outer loop
vertex 28.949981689453125 -36.99995040893555 0
vertex 28.915727615356445 -36.82773971557617 0
vertex 47.08394241333008 -36.82773971557617 0
endloop
endfacet
facet normal 0 0 -1
outer loop
vertex 28.818180084228516 -36.04814529418945 0
vertex 28.915727615356445 -35.902156829833984 0
vertex 47.18149185180664 -36.04814529418945 0
endloop
endfacet
facet normal 0 0 -1
outer loop
vertex 47.18149185180664 -36.6817512512207 0
vertex 28.67218780517578 -36.145694732666016 0
vertex 28.818180084228516 -36.04814529418945 0
endloop
endfacet
facet normal 0 0 -1
outer loop
vertex 47.18149185180664 -36.6817512512207 0
vertex 28.818180084228516 -36.6817512512207 0
vertex 28.67218780517578 -36.145694732666016 0
endloop
endfacet
facet normal 0 0 -1
outer loop
vertex 28.915727615356445 -36.82773971557617 0
vertex 28.818180084228516 -36.6817512512207 0
vertex 47.18149185180664 -36.6817512512207 0
endloop
endfacet
facet normal 0 0 -1
outer loop
vertex 28.915727615356445 -37.172157287597656 0
vertex 28.949981689453125 -36.99995040893555 0
vertex 47.08394241333008 -37.172157287597656 0
endloop
endfacet
facet normal 0 0 -1
outer loop
vertex 47.18149185180664 -37.318145751953125 0
vertex 28.818180084228516 -37.318145751953125 0
vertex 28.915727615356445 -37.172157287597656 0
endloop
endfacet
facet normal 0 0 -1
outer loop
vertex 47.18149185180664 -37.318145751953125 0
vertex 29.77562713623047 -41.372047424316406 0
vertex 28.818180084228516 -37.318145751953125 0
endloop
endfacet
facet normal 0 0 -1
outer loop
vertex 47.18149185180664 -37.318145751953125 0
vertex 30.440067291259766 -41.4374885559082 0
vertex 30.224334716796875 -41.372047424316406 0
endloop
endfacet
facet normal 0 0 -1
outer loop
vertex 30.440067291259766 -41.4374885559082 0
vertex 47.18149185180664 -37.318145751953125 0
vertex 30.638887405395508 -41.543758392333984 0
endloop
endfacet
facet normal 0 0 -1
outer loop
vertex 29.999980926513672 -41.34994888305664 0
vertex 47.18149185180664 -37.318145751953125 0
vertex 30.224334716796875 -41.372047424316406 0
endloop
endfacet
facet normal 0 0 -1
outer loop
vertex 29.77562713623047 -41.372047424316406 0
vertex 47.18149185180664 -37.318145751953125 0
vertex 29.999980926513672 -41.34994888305664 0
endloop
endfacet
facet normal 0 0 -1
outer loop
vertex 28.67218780517578 -36.145694732666016 0
vertex 28.67218780517578 -36.58420181274414 0
vertex 28.499980926513672 -36.17995071411133 0
endloop
endfacet
facet normal 0 0 -1
outer loop
vertex 28.499980926513672 -36.17995071411133 0
vertex 28.499980926513672 -36.549949645996094 0
vertex 28.327774047851562 -36.145694732666016 0
endloop
endfacet
facet normal 0 0 -1
outer loop
vertex 28.327774047851562 -36.145694732666016 0
vertex 28.18178367614746 -36.6817512512207 0
vertex 28.18178367614746 -36.04814529418945 0
endloop
endfacet
facet normal 0 0 -1
outer loop
vertex 28.67218780517578 -36.58420181274414 0
vertex 28.67218780517578 -36.145694732666016 0
vertex 28.818180084228516 -36.6817512512207 0
endloop
endfacet
facet normal 0 0 -1
outer loop
vertex 28.499980926513672 -36.549949645996094 0
vertex 28.499980926513672 -36.17995071411133 0
vertex 28.67218780517578 -36.58420181274414 0
endloop
endfacet
facet normal 0 0 -1
outer loop
vertex 28.327774047851562 -36.58420181274414 0
vertex 28.327774047851562 -36.145694732666016 0
vertex 28.499980926513672 -36.549949645996094 0
endloop
endfacet
facet normal 0 0 -1
outer loop
vertex 28.18178367614746 -36.6817512512207 0
vertex 28.327774047851562 -36.145694732666016 0
vertex 28.327774047851562 -36.58420181274414 0
endloop
endfacet
facet normal 0 0 -1
outer loop
vertex 28.08423614501953 -35.902156829833984 0
vertex 28.08423614501953 -36.82773971557617 0
vertex 28.04998207092285 -35.729949951171875 0
endloop
endfacet
facet normal 0 0 -1
outer loop
vertex 28.18178367614746 -36.6817512512207 0
vertex 28.08423614501953 -35.902156829833984 0
vertex 28.18178367614746 -36.04814529418945 0
endloop
endfacet
facet normal 0 0 -1
outer loop
vertex 28.04998207092285 -35.729949951171875 0
vertex 28.04998207092285 -36.99995040893555 0
vertex 26.04998207092285 -34.549949645996094 0
endloop
endfacet
facet normal 0 0 -1
outer loop
vertex 28.08423614501953 -37.172157287597656 0
vertex 26.04998207092285 -34.549949645996094 0
vertex 28.04998207092285 -36.99995040893555 0
endloop
endfacet
facet normal 0 0 -1
outer loop
vertex 28.08423614501953 -36.82773971557617 0
vertex 28.08423614501953 -35.902156829833984 0
vertex 28.18178367614746 -36.6817512512207 0
endloop
endfacet
facet normal 0 0 -1
outer loop
vertex 28.04998207092285 -36.99995040893555 0
vertex 28.04998207092285 -35.729949951171875 0
vertex 28.08423614501953 -36.82773971557617 0
endloop
endfacet
facet normal 0 0 -1
outer loop
vertex 28.08423614501953 -37.172157287597656 0
vertex 29.361074447631836 -41.543758392333984 0
vertex 26.04998207092285 -34.549949645996094 0
endloop
endfacet
facet normal 0 0 -1
outer loop
vertex 28.67218780517578 -37.41569519042969 0
vertex 29.77562713623047 -41.372047424316406 0
vertex 29.559894561767578 -41.4374885559082 0
endloop
endfacet
facet normal 0 0 -1
outer loop
vertex 29.77562713623047 -41.372047424316406 0
vertex 28.67218780517578 -37.41569519042969 0
vertex 28.818180084228516 -37.318145751953125 0
endloop
endfacet
facet normal 0 0 -1
outer loop
vertex 29.559894561767578 -41.4374885559082 0
vertex 28.499980926513672 -37.449947357177734 0
vertex 28.67218780517578 -37.41569519042969 0
endloop
endfacet
facet normal 0 0 -1
outer loop
vertex 28.499980926513672 -37.449947357177734 0
vertex 29.361074447631836 -41.543758392333984 0
vertex 28.327774047851562 -37.41569519042969 0
endloop
endfacet
facet normal 0 0 -1
outer loop
vertex 28.18178367614746 -37.318145751953125 0
vertex 29.361074447631836 -41.543758392333984 0
vertex 28.08423614501953 -37.172157287597656 0
endloop
endfacet
facet normal 0 0 -1
outer loop
vertex 29.361074447631836 -41.543758392333984 0
vertex 28.18178367614746 -37.318145751953125 0
vertex 28.327774047851562 -37.41569519042969 0
endloop
endfacet
facet normal 0 0 -1
outer loop
vertex 29.18680763244629 -41.68677520751953 0
vertex 26.04998207092285 -34.549949645996094 0
vertex 29.361074447631836 -41.543758392333984 0
endloop
endfacet
facet normal 0 0 -1
outer loop
vertex 29.043790817260742 -41.86104202270508 0
vertex 26.04998207092285 -34.549949645996094 0
vertex 29.18680763244629 -41.68677520751953 0
endloop
endfacet
facet normal 0 0 -1
outer loop
vertex 28.937519073486328 -42.05986404418945 0
vertex 26.04998207092285 -34.549949645996094 0
vertex 29.043790817260742 -41.86104202270508 0
endloop
endfacet
facet normal 0 0 -1
outer loop
vertex 29.361074447631836 -41.543758392333984 0
vertex 28.499980926513672 -37.449947357177734 0
vertex 29.559894561767578 -41.4374885559082 0
endloop
endfacet
facet normal 0 0 -1
outer loop
vertex 69.73936462402344 -46.99995040893555 0
vertex -68.07589721679688 -46.99995040893555 0
vertex 69.78392028808594 -45.94316482543945 0
endloop
endfacet
facet normal 0 0 -1
outer loop
vertex 7.749980926513672 -23.999948501586914 0
vertex 11.249980926513672 -23.999948501586914 0
vertex 11.249980926513672 -30.999948501586914 0
endloop
endfacet
facet normal 0 0 -1
outer loop
vertex 11.249980926513672 -30.999948501586914 0
vertex 11.949980735778809 -30.999948501586914 0
vertex 11.949980735778809 -34.549949645996094 0
endloop
endfacet
facet normal 0 0 -1
outer loop
vertex 11.949980735778809 -34.549949645996094 0
vertex 7.749980926513672 -30.999948501586914 0
vertex 11.249980926513672 -30.999948501586914 0
endloop
endfacet
facet normal 0 0 -1
outer loop
vertex 7.749980926513672 -30.999948501586914 0
vertex 7.749980926513672 -23.999948501586914 0
vertex 11.249980926513672 -30.999948501586914 0
endloop
endfacet
facet normal 0 0 -1
outer loop
vertex 11.949980735778809 -34.549949645996094 0
vertex 7.049981117248535 -30.999948501586914 0
vertex 7.749980926513672 -30.999948501586914 0
endloop
endfacet
facet normal 0 0 -1
outer loop
vertex 11.949980735778809 -34.549949645996094 0
vertex 7.049981117248535 -34.549949645996094 0
vertex 7.049981117248535 -30.999948501586914 0
endloop
endfacet
facet normal 0 0 -1
outer loop
vertex 29.999980926513672 -43.64994812011719 0
vertex 69.78392028808594 -45.94316482543945 0
vertex -68.07589721679688 -46.99995040893555 0
endloop
endfacet
facet normal 0 0 1
outer loop
vertex 49.14998245239258 18.35004997253418 2.200000047683716
vertex 64.84998321533203 18.35004997253418 2.200000047683716
vertex 60.099979400634766 21.65005111694336 2.200000047683716
endloop
endfacet
facet normal 0 0 1
outer loop
vertex 70.00176239013672 -0.9638479948043823 2.200000047683716
vertex 70.0937728881836 18.03592872619629 2.200000047683716
vertex 64.84998321533203 -0.6499490737915039 2.200000047683716
endloop
endfacet
facet normal 0 0 1
outer loop
vertex 68.2128677368164 43.893096923828125 2.200000047683716
vertex -45.85001754760742 37.35005187988281 2.200000047683716
vertex -30.1500186920166 37.35005187988281 2.200000047683716
endloop
endfacet
facet normal 0 0 1
outer loop
vertex 68.2128677368164 43.893096923828125 2.200000047683716
vertex -49.150020599365234 37.35005187988281 2.200000047683716
vertex -45.85001754760742 37.35005187988281 2.200000047683716
endloop
endfacet
facet normal 0 0 1
outer loop
vertex 68.2128677368164 43.893096923828125 2.200000047683716
vertex -64.85002136230469 37.35005187988281 2.200000047683716
vertex -49.150020599365234 37.35005187988281 2.200000047683716
endloop
endfacet
facet normal 0 0 1
outer loop
vertex 64.84998321533203 2.6500508785247803 2.200000047683716
vertex 64.84998321533203 -0.6499490737915039 2.200000047683716
vertex 70.0937728881836 18.03592872619629 2.200000047683716
endloop
endfacet
facet normal 0 0 1
outer loop
vertex 64.84998321533203 2.6500508785247803 2.200000047683716
vertex 49.14998245239258 -0.6499490737915039 2.200000047683716
vertex 64.84998321533203 -0.6499490737915039 2.200000047683716
endloop
endfacet
facet normal 0 0 1
outer loop
vertex 49.14998245239258 -0.6499490737915039 2.200000047683716
vertex 64.84998321533203 2.6500508785247803 2.200000047683716
vertex 49.14998245239258 2.6500508785247803 2.200000047683716
endloop
endfacet
facet normal 0 0 1
outer loop
vertex 49.14998245239258 18.35004997253418 2.200000047683716
vertex 60.099979400634766 21.65005111694336 2.200000047683716
vertex 45.849979400634766 18.35004997253418 2.200000047683716
endloop
endfacet
facet normal 0 0 1
outer loop
vertex 60.099979400634766 21.65005111694336 2.200000047683716
vertex 30.149980545043945 18.35004997253418 2.200000047683716
vertex 45.849979400634766 18.35004997253418 2.200000047683716
endloop
endfacet
facet normal 0 0 1
outer loop
vertex 49.14998245239258 18.35004997253418 2.200000047683716
vertex 45.849979400634766 18.35004997253418 2.200000047683716
vertex 49.14998245239258 2.6500508785247803 2.200000047683716
endloop
endfacet
facet normal 0 0 1
outer loop
vertex 30.149980545043945 18.35004997253418 2.200000047683716
vertex 60.099979400634766 21.65005111694336 2.200000047683716
vertex 44.39998245239258 21.65005111694336 2.200000047683716
endloop
endfacet
facet normal 0 0 1
outer loop
vertex 49.14998245239258 2.6500508785247803 2.200000047683716
vertex 45.849979400634766 18.35004997253418 2.200000047683716
vertex 45.849979400634766 2.6500508785247803 2.200000047683716
endloop
endfacet
facet normal 0 0 1
outer loop
vertex -11.150018692016602 37.35005187988281 2.200000047683716
vertex -7.8500189781188965 21.65005111694336 2.200000047683716
vertex -7.8500189781188965 37.35005187988281 2.200000047683716
endloop
endfacet
facet normal 0 0 1
outer loop
vertex 45.849979400634766 -0.6499490737915039 2.200000047683716
vertex 49.14998245239258 2.6500508785247803 2.200000047683716
vertex 45.849979400634766 2.6500508785247803 2.200000047683716
endloop
endfacet
facet normal 0 0 1
outer loop
vertex 49.14998245239258 -0.6499490737915039 2.200000047683716
vertex 49.14998245239258 2.6500508785247803 2.200000047683716
vertex 45.849979400634766 -0.6499490737915039 2.200000047683716
endloop
endfacet
facet normal 0 0 1
outer loop
vertex 45.849979400634766 -0.6499490737915039 2.200000047683716
vertex 45.849979400634766 2.6500508785247803 2.200000047683716
vertex 30.149980545043945 -0.6499490737915039 2.200000047683716
endloop
endfacet
facet normal 0 0 1
outer loop
vertex -7.8500189781188965 21.65005111694336 2.200000047683716
vertex -11.150018692016602 37.35005187988281 2.200000047683716
vertex -11.150018692016602 21.65005111694336 2.200000047683716
endloop
endfacet
facet normal 0.9999882761943495 -0.004842259168336029 0
outer loop
vertex 71.39376068115234 18.029632568359375 2.200000047683716
vertex 71.39376068115234 18.029632568359375 1.7000000476837158
vertex 71.41065979003906 21.519514083862305 2.200000047683716
endloop
endfacet
facet normal 0.9999882761943495 -0.004842259168336029 0
outer loop
vertex 71.39376068115234 18.029632568359375 1.7000000476837158
vertex 71.41065979003906 21.519514083862305 1.7000000476837158
vertex 71.41065979003906 21.519514083862305 2.200000047683716
endloop
endfacet
facet normal 0 0 1
outer loop
vertex 68.2128677368164 43.893096923828125 2.200000047683716
vertex -70.20001983642578 40.564453125 2.200000047683716
vertex -64.85002136230469 37.35005187988281 2.200000047683716
endloop
endfacet
facet normal 0 0 1
outer loop
vertex -67.92384338378906 44.00041198730469 2.200000047683716
vertex -68.77019500732422 43.650230407714844 2.200000047683716
vertex 68.2128677368164 43.893096923828125 2.200000047683716
endloop
endfacet
facet normal 0 0 1
outer loop
vertex -68.77019500732422 43.650230407714844 2.200000047683716
vertex -71.14986419677734 41.27056121826172 2.200000047683716
vertex 68.2128677368164 43.893096923828125 2.200000047683716
endloop
endfacet
facet normal 0 0 1
outer loop
vertex -71.14986419677734 41.27056121826172 2.200000047683716
vertex -70.20001983642578 40.564453125 2.200000047683716
vertex 68.2128677368164 43.893096923828125 2.200000047683716
endloop
endfacet
facet normal 0 0 -1
outer loop
vertex -70.20001983642578 -43.71506118774414 0
vertex -64.75001525878906 -30.999948501586914 0
vertex -64.05001831054688 -34.549949645996094 0
endloop
endfacet
facet normal 0 0 -1
outer loop
vertex -68.9212417602539 -46.64979553222656 0
vertex -49.95001983642578 -34.549949645996094 0
vertex -68.07589721679688 -46.99995040893555 0
endloop
endfacet
facet normal 0 0 -1
outer loop
vertex 7.049981117248535 -20.449949264526367 0
vertex -7.050018787384033 -20.449949264526367 0
vertex 7.049981117248535 -15.549948692321777 0
endloop
endfacet
facet normal 0 0 -1
outer loop
vertex 7.049981117248535 -23.999948501586914 0
vertex 7.049981117248535 -21.920379638671875 0
vertex 7.749980926513672 -23.999948501586914 0
endloop
endfacet
facet normal 0 0 -1
outer loop
vertex 7.749980926513672 -23.999948501586914 0
vertex 7.049981117248535 -21.920379638671875 0
vertex 11.949980735778809 -20.449949264526367 0
endloop
endfacet
facet normal 0 0 -1
outer loop
vertex 7.049981117248535 -20.449949264526367 0
vertex 11.949980735778809 -15.549948692321777 0
vertex 7.049981117248535 -21.920379638671875 0
endloop
endfacet
facet normal 0 0 -1
outer loop
vertex 11.949980735778809 -15.549948692321777 0
vertex 7.049981117248535 -20.449949264526367 0
vertex 7.049981117248535 -15.549948692321777 0
endloop
endfacet
facet normal 0 0 -1
outer loop
vertex 11.949980735778809 -15.549948692321777 0
vertex 7.049981117248535 -15.549948692321777 0
vertex 7.749980926513672 -11.99994945526123 0
endloop
endfacet
facet normal 0 0 -1
outer loop
vertex 7.749980926513672 -11.99994945526123 0
vertex 7.049981117248535 -15.549948692321777 0
vertex 7.049981117248535 -11.99994945526123 0
endloop
endfacet
facet normal 0 0 -1
outer loop
vertex 11.249980926513672 -23.999948501586914 0
vertex 7.749980926513672 -23.999948501586914 0
vertex 11.949980735778809 -20.449949264526367 0
endloop
endfacet
facet normal 0 0 -1
outer loop
vertex 11.249980926513672 -23.999948501586914 0
vertex 11.949980735778809 -20.449949264526367 0
vertex 11.949980735778809 -23.999948501586914 0
endloop
endfacet
facet normal 0 0 -1
outer loop
vertex 11.949980735778809 -20.449949264526367 0
vertex 7.049981117248535 -21.920379638671875 0
vertex 30.949981689453125 -13.941747665405273 0
endloop
endfacet
facet normal 0 0 -1
outer loop
vertex 7.749980926513672 -11.99994945526123 0
vertex 11.249980926513672 -11.99994945526123 0
vertex 11.949980735778809 -15.549948692321777 0
endloop
endfacet
facet normal 0 0 -1
outer loop
vertex 11.249980926513672 -11.99994945526123 0
vertex 11.949980735778809 -11.99994945526123 0
vertex 11.949980735778809 -15.549948692321777 0
endloop
endfacet
facet normal 0 0 -1
outer loop
vertex 11.949980735778809 -15.549948692321777 0
vertex 26.04998207092285 -15.549948692321777 0
vertex 7.049981117248535 -21.920379638671875 0
endloop
endfacet
facet normal 0 0 -1
outer loop
vertex -49.95001983642578 -34.549949645996094 0
vertex -70.20001983642578 -43.71506118774414 0
vertex -64.05001831054688 -34.549949645996094 0
endloop
endfacet
facet normal 0 0 -1
outer loop
vertex -49.95001983642578 -34.549949645996094 0
vertex -45.050018310546875 -34.549949645996094 0
vertex -68.07589721679688 -46.99995040893555 0
endloop
endfacet
facet normal -0.9238791069161851 -0.38268445984094035 0
outer loop
vertex -71.44234466552734 -43.71506118774414 0.20000000298023224
vertex -71.14986419677734 -44.42116928100586 0
vertex -71.44234466552734 -43.71506118774414 1.7000000476837158
endloop
endfacet
facet normal -0.9238866471484247 -0.38266625565999685 0
outer loop
vertex -71.50001525878906 -43.57582473754883 0.20000000298023224
vertex -71.44234466552734 -43.71506118774414 0.20000000298023224
vertex -71.44234466552734 -43.71506118774414 1.7000000476837158
endloop
endfacet
facet normal 0 -1 0
outer loop
vertex -71.50001525878906 -43.21506118774414 0.20000000298023224
vertex -72.20001983642578 -43.21506118774414 1.7000000476837158
vertex -72.20001983642578 -43.21506118774414 0.20000000298023224
endloop
endfacet
facet normal 0 0 -1
outer loop
vertex 11.249980926513672 -11.99994945526123 0
vertex 7.749980926513672 -11.99994945526123 0
vertex 7.749980926513672 -4.999948978424072 0
endloop
endfacet
facet normal 0 0 -1
outer loop
vertex 7.049981117248535 -4.999948978424072 0
vertex 7.049981117248535 -1.4499491453170776 0
vertex 7.749980926513672 -4.999948978424072 0
endloop
endfacet
facet normal 0 0 -1
outer loop
vertex 7.749980926513672 -4.999948978424072 0
vertex 7.049981117248535 -1.4499491453170776 0
vertex 11.949980735778809 -1.4499491453170776 0
endloop
endfacet
facet normal 0 0 -1
outer loop
vertex 11.249980926513672 -11.99994945526123 0
vertex 7.749980926513672 -4.999948978424072 0
vertex 11.249980926513672 -4.999948978424072 0
endloop
endfacet
facet normal 0 0 -1
outer loop
vertex 11.249980926513672 -4.999948978424072 0
vertex 7.749980926513672 -4.999948978424072 0
vertex 11.949980735778809 -1.4499491453170776 0
endloop
endfacet
facet normal 0 0 -1
outer loop
vertex 11.249980926513672 -4.999948978424072 0
vertex 11.949980735778809 -1.4499491453170776 0
vertex 11.949980735778809 -4.999948978424072 0
endloop
endfacet
facet normal -1 0 0
outer loop
vertex -71.50001525878906 -43.21506118774414 0.20000000298023224
vertex -71.50001525878906 -43.57582473754883 0.20000000298023224
vertex -71.50001525878906 -43.21506118774414 1.7000000476837158
endloop
endfacet
facet normal -1 0 0
outer loop
vertex -72.20001983642578 -41.57870101928711 0.20000000298023224
vertex -72.20001983642578 -43.21506118774414 0.20000000298023224
vertex -72.20001983642578 -43.21506118774414 1.7000000476837158
endloop
endfacet
facet normal 0 0 -1
outer loop
vertex -64.75001525878906 -30.999948501586914 0
vertex -70.20001983642578 -43.71506118774414 0
vertex -70.20001983642578 -24.715063095092773 0
endloop
endfacet
facet normal 0 0 -1
outer loop
vertex -64.75001525878906 -30.999948501586914 0
vertex -64.05001831054688 -30.999948501586914 0
vertex -64.05001831054688 -34.549949645996094 0
endloop
endfacet
facet normal 0 0 -1
outer loop
vertex -70.20001983642578 -24.715063095092773 0
vertex -71.50001525878906 -24.715063095092773 0
vertex -64.75001525878906 -23.999948501586914 0
endloop
endfacet
facet normal 0 0 1
outer loop
vertex 68.2128677368164 43.893096923828125 2.200000047683716
vertex 7.849981307983398 37.35005187988281 2.200000047683716
vertex 15.899981498718262 37.35005187988281 2.200000047683716
endloop
endfacet
facet normal 0 0 -1
outer loop
vertex 26.04998207092285 -23.999948501586914 0
vertex 26.04998207092285 -20.449949264526367 0
vertex 26.749980926513672 -23.999948501586914 0
endloop
endfacet
facet normal 0 0 -1
outer loop
vertex 30.949981689453125 -13.941747665405273 0
vertex 7.049981117248535 -21.920379638671875 0
vertex 26.04998207092285 -15.549948692321777 0
endloop
endfacet
facet normal 0 0 -1
outer loop
vertex 11.949980735778809 -20.449949264526367 0
vertex 30.949981689453125 -13.941747665405273 0
vertex 30.949981689453125 -15.549948692321777 0
endloop
endfacet
facet normal 0 0 -1
outer loop
vertex 26.04998207092285 -15.549948692321777 0
vertex 26.04998207092285 -11.99994945526123 0
vertex 26.749980926513672 -11.99994945526123 0
endloop
endfacet
facet normal 0 0 -1
outer loop
vertex 26.749980926513672 -23.999948501586914 0
vertex 26.04998207092285 -20.449949264526367 0
vertex 30.949981689453125 -20.449949264526367 0
endloop
endfacet
facet normal 0 0 -1
outer loop
vertex 30.249980926513672 -23.999948501586914 0
vertex 26.749980926513672 -23.999948501586914 0
vertex 30.949981689453125 -20.449949264526367 0
endloop
endfacet
facet normal 0 0 -1
outer loop
vertex 30.249980926513672 -23.999948501586914 0
vertex 30.949981689453125 -20.449949264526367 0
vertex 30.949981689453125 -23.999948501586914 0
endloop
endfacet
facet normal 0 0 -1
outer loop
vertex 11.949980735778809 -20.449949264526367 0
vertex 45.04998016357422 -15.549948692321777 0
vertex 26.04998207092285 -20.449949264526367 0
endloop
endfacet
facet normal 0 0 -1
outer loop
vertex 30.949981689453125 -20.449949264526367 0
vertex 26.04998207092285 -20.449949264526367 0
vertex 45.04998016357422 -15.549948692321777 0
endloop
endfacet
facet normal 0 0 -1
outer loop
vertex 45.04998016357422 -15.549948692321777 0
vertex 11.949980735778809 -20.449949264526367 0
vertex 30.949981689453125 -15.549948692321777 0
endloop
endfacet
facet normal 0 0 -1
outer loop
vertex 26.04998207092285 -15.549948692321777 0
vertex 26.749980926513672 -11.99994945526123 0
vertex 30.249980926513672 -11.99994945526123 0
endloop
endfacet
facet normal 0 0 -1
outer loop
vertex 30.949981689453125 -13.941747665405273 0
vertex 26.04998207092285 -15.549948692321777 0
vertex 30.249980926513672 -11.99994945526123 0
endloop
endfacet
facet normal 0 0 1
outer loop
vertex 7.849981307983398 37.35005187988281 2.200000047683716
vertex 68.2128677368164 43.893096923828125 2.200000047683716
vertex -7.8500189781188965 37.35005187988281 2.200000047683716
endloop
endfacet
facet normal 0 0 -1
outer loop
vertex 26.04998207092285 -4.999948978424072 0
vertex 26.04998207092285 -1.4499491453170776 0
vertex 26.749980926513672 -4.999948978424072 0
endloop
endfacet
facet normal 0 0 -1
outer loop
vertex 30.249980926513672 -11.99994945526123 0
vertex 30.949981689453125 -11.99994945526123 0
vertex 30.949981689453125 -13.941747665405273 0
endloop
endfacet
facet normal 0 0 -1
outer loop
vertex 30.249980926513672 -11.99994945526123 0
vertex 26.749980926513672 -11.99994945526123 0
vertex 30.249980926513672 -4.999948978424072 0
endloop
endfacet
facet normal 0 0 -1
outer loop
vertex 30.249980926513672 -4.999948978424072 0
vertex 26.749980926513672 -11.99994945526123 0
vertex 26.749980926513672 -4.999948978424072 0
endloop
endfacet
facet normal 0 0 -1
outer loop
vertex 30.249980926513672 -4.999948978424072 0
vertex 26.749980926513672 -4.999948978424072 0
vertex 30.949981689453125 -1.4499491453170776 0
endloop
endfacet
facet normal 0 0 -1
outer loop
vertex -71.14986419677734 -44.42116928100586 0
vertex -71.44234466552734 -43.71506118774414 0
vertex -70.20001983642578 -43.71506118774414 0
endloop
endfacet
facet normal 0 0 1
outer loop
vertex 68.2128677368164 43.893096923828125 2.200000047683716
vertex 60.099979400634766 37.35005187988281 2.200000047683716
vertex 69.10165405273438 43.49898147583008 2.200000047683716
endloop
endfacet
facet normal 0 0 1
outer loop
vertex -30.1500186920166 37.35005187988281 2.200000047683716
vertex -26.850019454956055 21.65005111694336 2.200000047683716
vertex -26.850019454956055 37.35005187988281 2.200000047683716
endloop
endfacet
facet normal 0 0 1
outer loop
vertex 31.5999813079834 21.65005111694336 2.200000047683716
vertex 44.39998245239258 21.65005111694336 2.200000047683716
vertex 31.5999813079834 37.35005187988281 2.200000047683716
endloop
endfacet
facet normal 0 0 1
outer loop
vertex -26.850019454956055 21.65005111694336 2.200000047683716
vertex -30.1500186920166 37.35005187988281 2.200000047683716
vertex -30.1500186920166 21.65005111694336 2.200000047683716
endloop
endfacet
facet normal 0.000788288693405744 0.9999996893004196 0
outer loop
vertex -67.92384338378906 44.00041198730469 2.200000047683716
vertex 68.2128677368164 43.893096923828125 2.200000047683716
vertex -67.92384338378906 44.00041198730469 0
endloop
endfacet
facet normal 0 0 1
outer loop
vertex 68.2128677368164 43.893096923828125 2.200000047683716
vertex -11.150018692016602 37.35005187988281 2.200000047683716
vertex -7.8500189781188965 37.35005187988281 2.200000047683716
endloop
endfacet
facet normal 0 0 1
outer loop
vertex 68.2128677368164 43.893096923828125 2.200000047683716
vertex -26.850019454956055 37.35005187988281 2.200000047683716
vertex -11.150018692016602 37.35005187988281 2.200000047683716
endloop
endfacet
facet normal 0 0 1
outer loop
vertex 68.2128677368164 43.893096923828125 2.200000047683716
vertex -30.1500186920166 37.35005187988281 2.200000047683716
vertex -26.850019454956055 37.35005187988281 2.200000047683716
endloop
endfacet
facet normal 0 0 1
outer loop
vertex -7.8500189781188965 18.35004997253418 2.200000047683716
vertex 7.849981307983398 21.65005111694336 2.200000047683716
vertex -7.8500189781188965 21.65005111694336 2.200000047683716
endloop
endfacet
facet normal 0 0 1
outer loop
vertex -7.8500189781188965 18.35004997253418 2.200000047683716
vertex -7.8500189781188965 21.65005111694336 2.200000047683716
vertex -11.150018692016602 18.35004997253418 2.200000047683716
endloop
endfacet
facet normal 0 0 1
outer loop
vertex 7.849981307983398 37.35005187988281 2.200000047683716
vertex 15.899981498718262 21.65005111694336 2.200000047683716
vertex 15.899981498718262 37.35005187988281 2.200000047683716
endloop
endfacet
facet normal 0 0 1
outer loop
vertex -7.8500189781188965 18.35004997253418 2.200000047683716
vertex -11.150018692016602 18.35004997253418 2.200000047683716
vertex -7.8500189781188965 2.6500508785247803 2.200000047683716
endloop
endfacet
facet normal 0 0 1
outer loop
vertex 15.899981498718262 21.65005111694336 2.200000047683716
vertex 7.849981307983398 37.35005187988281 2.200000047683716
vertex 7.849981307983398 21.65005111694336 2.200000047683716
endloop
endfacet
facet normal 0 0 1
outer loop
vertex -11.150018692016602 18.35004997253418 2.200000047683716
vertex -7.8500189781188965 21.65005111694336 2.200000047683716
vertex -11.150018692016602 21.65005111694336 2.200000047683716
endloop
endfacet
facet normal 0 0 1
outer loop
vertex -11.150018692016602 18.35004997253418 2.200000047683716
vertex -11.150018692016602 21.65005111694336 2.200000047683716
vertex -26.850019454956055 18.35004997253418 2.200000047683716
endloop
endfacet
facet normal 0 0 -1
outer loop
vertex -64.75001525878906 -30.999948501586914 0
vertex -70.20001983642578 -24.715063095092773 0
vertex -64.75001525878906 -23.999948501586914 0
endloop
endfacet
facet normal -1 0 0
outer loop
vertex -72.20001983642578 -25.215063095092773 0.20000000298023224
vertex -72.20001983642578 -41.57870101928711 0.20000000298023224
vertex -72.20001983642578 -29.305971145629883 1.7000000476837158
endloop
endfacet
facet normal 0 1 0
outer loop
vertex -71.50001525878906 -25.215063095092773 0.20000000298023224
vertex -72.20001983642578 -25.215063095092773 0.20000000298023224
vertex -71.50001525878906 -25.215063095092773 1.7000000476837158
endloop
endfacet
facet normal 0 0 -1
outer loop
vertex -68.07589721679688 -46.99995040893555 0
vertex -45.050018310546875 -34.549949645996094 0
vertex -30.95001792907715 -34.549949645996094 0
endloop
endfacet
facet normal 0 0 -1
outer loop
vertex -30.95001792907715 -34.549949645996094 0
vertex -26.050018310546875 -34.549949645996094 0
vertex -68.07589721679688 -46.99995040893555 0
endloop
endfacet
facet normal 0 0 -1
outer loop
vertex -45.050018310546875 -34.549949645996094 0
vertex -49.95001983642578 -34.549949645996094 0
vertex -49.95001983642578 -30.999948501586914 0
endloop
endfacet
facet normal 0 0 -1
outer loop
vertex -45.050018310546875 -34.549949645996094 0
vertex -49.95001983642578 -30.999948501586914 0
vertex -49.25001907348633 -30.999948501586914 0
endloop
endfacet
facet normal 0 0 -1
outer loop
vertex -45.050018310546875 -34.549949645996094 0
vertex -49.25001907348633 -30.999948501586914 0
vertex -45.75001907348633 -30.999948501586914 0
endloop
endfacet
facet normal 0 0 -1
outer loop
vertex -45.050018310546875 -34.549949645996094 0
vertex -45.75001907348633 -30.999948501586914 0
vertex -45.050018310546875 -30.999948501586914 0
endloop
endfacet
facet normal 0 0 -1
outer loop
vertex -45.75001907348633 -30.999948501586914 0
vertex -49.25001907348633 -30.999948501586914 0
vertex -49.25001907348633 -23.999948501586914 0
endloop
endfacet
facet normal 0 0 -1
outer loop
vertex -45.75001907348633 -30.999948501586914 0
vertex -49.25001907348633 -23.999948501586914 0
vertex -45.75001907348633 -23.999948501586914 0
endloop
endfacet
facet normal 0 0 -1
outer loop
vertex 69.78392028808594 -45.94316482543945 0
vertex 29.999980926513672 -43.64994812011719 0
vertex 30.224334716796875 -43.62785339355469 0
endloop
endfacet
facet normal 0 0 -1
outer loop
vertex 69.78392028808594 -45.94316482543945 0
vertex 30.224334716796875 -43.62785339355469 0
vertex 30.440067291259766 -43.56241226196289 0
endloop
endfacet
facet normal 0 0 -1
outer loop
vertex 69.78392028808594 -45.94316482543945 0
vertex 30.440067291259766 -43.56241226196289 0
vertex 30.638887405395508 -43.456138610839844 0
endloop
endfacet
facet normal 0 0 -1
outer loop
vertex 69.78392028808594 -45.94316482543945 0
vertex 30.638887405395508 -43.456138610839844 0
vertex 30.813154220581055 -43.3131217956543 0
endloop
endfacet
facet normal 0 0 -1
outer loop
vertex 69.78392028808594 -45.94316482543945 0
vertex 30.813154220581055 -43.3131217956543 0
vertex 30.9561710357666 -43.13885498046875 0
endloop
endfacet
facet normal 0 0 -1
outer loop
vertex 69.78392028808594 -45.94316482543945 0
vertex 30.9561710357666 -43.13885498046875 0
vertex 31.062442779541016 -42.94003677368164 0
endloop
endfacet
facet normal 0 0 -1
outer loop
vertex 31.127883911132812 -42.72430419921875 0
vertex 47.499691009521484 -37.449947357177734 0
vertex 31.062442779541016 -42.94003677368164 0
endloop
endfacet
facet normal 0 0 -1
outer loop
vertex 31.149980545043945 -42.49995040893555 0
vertex 47.32748031616211 -37.41569519042969 0
vertex 31.127883911132812 -42.72430419921875 0
endloop
endfacet
facet normal 0 0 -1
outer loop
vertex 31.127883911132812 -42.275596618652344 0
vertex 47.18149185180664 -37.318145751953125 0
vertex 31.149980545043945 -42.49995040893555 0
endloop
endfacet
facet normal 0 0 -1
outer loop
vertex 30.9561710357666 -41.86104202270508 0
vertex 30.813154220581055 -41.68677520751953 0
vertex 47.18149185180664 -37.318145751953125 0
endloop
endfacet
facet normal 0 0 -1
outer loop
vertex 47.18149185180664 -37.318145751953125 0
vertex 31.127883911132812 -42.275596618652344 0
vertex 31.062442779541016 -42.05986404418945 0
endloop
endfacet
facet normal 0 0 -1
outer loop
vertex 47.18149185180664 -37.318145751953125 0
vertex 31.062442779541016 -42.05986404418945 0
vertex 30.9561710357666 -41.86104202270508 0
endloop
endfacet
facet normal 0 0 -1
outer loop
vertex 47.18149185180664 -37.318145751953125 0
vertex 30.813154220581055 -41.68677520751953 0
vertex 30.638887405395508 -41.543758392333984 0
endloop
endfacet
facet normal 0 0 -1
outer loop
vertex 47.499691009521484 -37.449947357177734 0
vertex 31.127883911132812 -42.72430419921875 0
vertex 47.32748031616211 -37.41569519042969 0
endloop
endfacet
facet normal 0 0 -1
outer loop
vertex 47.32748031616211 -37.41569519042969 0
vertex 31.149980545043945 -42.49995040893555 0
vertex 47.18149185180664 -37.318145751953125 0
endloop
endfacet
facet normal 0 0 -1
outer loop
vertex 47.08394241333008 -37.172157287597656 0
vertex 28.949981689453125 -36.99995040893555 0
vertex 47.04969024658203 -36.99995040893555 0
endloop
endfacet
facet normal 0 0 -1
outer loop
vertex 47.18149185180664 -37.318145751953125 0
vertex 28.915727615356445 -37.172157287597656 0
vertex 47.08394241333008 -37.172157287597656 0
endloop
endfacet
facet normal 0 0 -1
outer loop
vertex 47.04969024658203 -36.99995040893555 0
vertex 28.949981689453125 -36.99995040893555 0
vertex 47.08394241333008 -36.82773971557617 0
endloop
endfacet
facet normal 0 0 -1
outer loop
vertex 47.08394241333008 -36.82773971557617 0
vertex 28.915727615356445 -36.82773971557617 0
vertex 47.18149185180664 -36.6817512512207 0
endloop
endfacet
facet normal 0 0 -1
outer loop
vertex 47.18149185180664 -36.6817512512207 0
vertex 28.818180084228516 -36.04814529418945 0
vertex 47.18149185180664 -36.04814529418945 0
endloop
endfacet
facet normal 0 0 -1
outer loop
vertex 47.18149185180664 -36.04814529418945 0
vertex 28.915727615356445 -35.902156829833984 0
vertex 47.08394241333008 -35.902156829833984 0
endloop
endfacet
facet normal 0 0 -1
outer loop
vertex 47.08394241333008 -35.902156829833984 0
vertex 28.949981689453125 -35.729949951171875 0
vertex 47.04969024658203 -35.729949951171875 0
endloop
endfacet
facet normal 0 0 -1
outer loop
vertex 47.04969024658203 -35.729949951171875 0
vertex 28.949981689453125 -35.729949951171875 0
vertex 47.08394241333008 -35.557743072509766 0
endloop
endfacet
facet normal 0 0 -1
outer loop
vertex 69.78392028808594 -45.94316482543945 0
vertex 31.062442779541016 -42.94003677368164 0
vertex 47.499691009521484 -37.449947357177734 0
endloop
endfacet
facet normal 0 0 -1
outer loop
vertex 47.18149185180664 -36.6817512512207 0
vertex 47.32748031616211 -36.145694732666016 0
vertex 47.32748031616211 -36.58420181274414 0
endloop
endfacet
facet normal 0 0 -1
outer loop
vertex 47.32748031616211 -36.145694732666016 0
vertex 47.18149185180664 -36.6817512512207 0
vertex 47.18149185180664 -36.04814529418945 0
endloop
endfacet
facet normal 0 0 -1
outer loop
vertex 47.32748031616211 -36.58420181274414 0
vertex 47.32748031616211 -36.145694732666016 0
vertex 47.499691009521484 -36.549949645996094 0
endloop
endfacet
facet normal 0 0 -1
outer loop
vertex 47.499691009521484 -36.549949645996094 0
vertex 47.499691009521484 -36.17995071411133 0
vertex 47.671897888183594 -36.58420181274414 0
endloop
endfacet
facet normal 0 0 -1
outer loop
vertex 47.499691009521484 -36.549949645996094 0
vertex 47.32748031616211 -36.145694732666016 0
vertex 47.499691009521484 -36.17995071411133 0
endloop
endfacet
facet normal 0 0 -1
outer loop
vertex 47.671897888183594 -36.58420181274414 0
vertex 47.499691009521484 -36.17995071411133 0
vertex 47.671897888183594 -36.145694732666016 0
endloop
endfacet
facet normal -0.7071073863574364 -0.7071061760151407 0
outer loop
vertex -71.14986419677734 -44.42116928100586 0
vertex -68.9212417602539 -46.64979553222656 0
vertex -71.14986419677734 -44.42116928100586 2.200000047683716
endloop
endfacet
facet normal 0 0 1
outer loop
vertex -7.8500189781188965 -0.6499490737915039 2.200000047683716
vertex 7.849981307983398 2.6500508785247803 2.200000047683716
vertex -7.8500189781188965 2.6500508785247803 2.200000047683716
endloop
endfacet
facet normal 0 0 1
outer loop
vertex -11.150018692016602 2.6500508785247803 2.200000047683716
vertex -7.8500189781188965 -0.6499490737915039 2.200000047683716
vertex -7.8500189781188965 2.6500508785247803 2.200000047683716
endloop
endfacet
facet normal -0.38268502001143007 -0.9238788748850423 0
outer loop
vertex -68.9212417602539 -46.64979553222656 0
vertex -68.07589721679688 -46.99995040893555 0
vertex -68.9212417602539 -46.64979553222656 2.200000047683716
endloop
endfacet
facet normal 0 0 1
outer loop
vertex 31.5999813079834 21.65005111694336 2.200000047683716
vertex 30.149980545043945 18.35004997253418 2.200000047683716
vertex 44.39998245239258 21.65005111694336 2.200000047683716
endloop
endfacet
facet normal 0 0 1
outer loop
vertex -7.8500189781188965 2.6500508785247803 2.200000047683716
vertex -11.150018692016602 18.35004997253418 2.200000047683716
vertex -11.150018692016602 2.6500508785247803 2.200000047683716
endloop
endfacet
facet normal 0 0 1
outer loop
vertex 31.5999813079834 21.65005111694336 2.200000047683716
vertex 26.8499813079834 18.35004997253418 2.200000047683716
vertex 30.149980545043945 18.35004997253418 2.200000047683716
endloop
endfacet
facet normal 0 0 1
outer loop
vertex -11.150018692016602 -0.6499490737915039 2.200000047683716
vertex -7.8500189781188965 -0.6499490737915039 2.200000047683716
vertex -11.150018692016602 2.6500508785247803 2.200000047683716
endloop
endfacet
facet normal 0 0 1
outer loop
vertex -11.150018692016602 -0.6499490737915039 2.200000047683716
vertex -11.150018692016602 2.6500508785247803 2.200000047683716
vertex -26.850019454956055 -0.6499490737915039 2.200000047683716
endloop
endfacet
facet normal 0 0 1
outer loop
vertex 26.8499813079834 18.35004997253418 2.200000047683716
vertex 30.149980545043945 2.6500508785247803 2.200000047683716
vertex 30.149980545043945 18.35004997253418 2.200000047683716
endloop
endfacet
facet normal 0 0 1
outer loop
vertex 31.5999813079834 21.65005111694336 2.200000047683716
vertex 11.149981498718262 18.35004997253418 2.200000047683716
vertex 26.8499813079834 18.35004997253418 2.200000047683716
endloop
endfacet
facet normal 0 0 1
outer loop
vertex 11.149981498718262 18.35004997253418 2.200000047683716
vertex 31.5999813079834 21.65005111694336 2.200000047683716
vertex 15.899981498718262 21.65005111694336 2.200000047683716
endloop
endfacet
facet normal 0 0 1
outer loop
vertex 30.149980545043945 2.6500508785247803 2.200000047683716
vertex 26.8499813079834 18.35004997253418 2.200000047683716
vertex 26.8499813079834 2.6500508785247803 2.200000047683716
endloop
endfacet
facet normal 0 0 1
outer loop
vertex -26.850019454956055 18.35004997253418 2.200000047683716
vertex -11.150018692016602 21.65005111694336 2.200000047683716
vertex -26.850019454956055 21.65005111694336 2.200000047683716
endloop
endfacet
facet normal 0 0 -1
outer loop
vertex 47.08394241333008 -35.557743072509766 0
vertex 28.915727615356445 -35.557743072509766 0
vertex 47.18149185180664 -35.41175079345703 0
endloop
endfacet
facet normal 0 0 -1
outer loop
vertex 47.18149185180664 -35.41175079345703 0
vertex 30.949981689453125 -34.549949645996094 0
vertex 45.04998016357422 -34.549949645996094 0
endloop
endfacet
facet normal 0 0 -1
outer loop
vertex 47.18149185180664 -35.41175079345703 0
vertex 45.04998016357422 -34.549949645996094 0
vertex 47.32748031616211 -35.314205169677734 0
endloop
endfacet
facet normal 0 0 -1
outer loop
vertex 47.32748031616211 -35.314205169677734 0
vertex 47.18149185180664 -34.77814865112305 0
vertex 47.32748031616211 -34.875694274902344 0
endloop
endfacet
facet normal 0 0 -1
outer loop
vertex 47.32748031616211 -35.314205169677734 0
vertex 45.04998016357422 -34.549949645996094 0
vertex 47.18149185180664 -34.77814865112305 0
endloop
endfacet
facet normal 0 0 -1
outer loop
vertex 47.18149185180664 -34.77814865112305 0
vertex 45.04998016357422 -34.549949645996094 0
vertex 47.08394241333008 -34.63215637207031 0
endloop
endfacet
facet normal 0 0 -1
outer loop
vertex 47.08394241333008 -34.63215637207031 0
vertex 45.04998016357422 -34.549949645996094 0
vertex 47.04969024658203 -34.4599494934082 0
endloop
endfacet
facet normal 0 0 -1
outer loop
vertex 47.04969024658203 -34.4599494934082 0
vertex 45.04998016357422 -34.549949645996094 0
vertex 47.08394241333008 -34.287742614746094 0
endloop
endfacet
facet normal 0 0 -1
outer loop
vertex 47.08394241333008 -34.287742614746094 0
vertex 45.04998016357422 -34.549949645996094 0
vertex 47.18149185180664 -34.14175033569336 0
endloop
endfacet
facet normal 0 0 -1
outer loop
vertex 47.18149185180664 -34.14175033569336 0
vertex 45.04998016357422 -34.549949645996094 0
vertex 47.32748031616211 -33.60569381713867 0
endloop
endfacet
facet normal 0 0 -1
outer loop
vertex 47.32748031616211 -33.60569381713867 0
vertex 45.04998016357422 -34.549949645996094 0
vertex 47.18149185180664 -33.508148193359375 0
endloop
endfacet
facet normal 0 0 -1
outer loop
vertex 47.18149185180664 -33.508148193359375 0
vertex 45.04998016357422 -34.549949645996094 0
vertex 47.08394241333008 -33.36215591430664 0
endloop
endfacet
facet normal 0 0 -1
outer loop
vertex 47.08394241333008 -33.36215591430664 0
vertex 45.04998016357422 -34.549949645996094 0
vertex 47.04969024658203 -33.18994903564453 0
endloop
endfacet
facet normal 0 0 -1
outer loop
vertex 47.04969024658203 -33.18994903564453 0
vertex 45.04998016357422 -34.549949645996094 0
vertex 47.08394241333008 -33.01774215698242 0
endloop
endfacet
facet normal 0 0 -1
outer loop
vertex 47.18149185180664 -34.14175033569336 0
vertex 47.32748031616211 -33.60569381713867 0
vertex 47.32748031616211 -34.04420471191406 0
endloop
endfacet
facet normal 0 0 -1
outer loop
vertex 47.08394241333008 -33.01774215698242 0
vertex 45.04998016357422 -34.549949645996094 0
vertex 47.18149185180664 -32.87174987792969 0
endloop
endfacet
facet normal 0 0 -1
outer loop
vertex 47.18149185180664 -32.87174987792969 0
vertex 45.04998016357422 -34.549949645996094 0
vertex 47.08394241333008 -32.09215545654297 0
endloop
endfacet
facet normal 0 0 -1
outer loop
vertex 47.08394241333008 -32.09215545654297 0
vertex 45.04998016357422 -34.549949645996094 0
vertex 47.04969024658203 -31.91994857788086 0
endloop
endfacet
facet normal 0 0 -1
outer loop
vertex 47.32748031616211 -35.314205169677734 0
vertex 47.32748031616211 -34.875694274902344 0
vertex 47.499691009521484 -35.27994918823242 0
endloop
endfacet
facet normal 0 0 -1
outer loop
vertex 47.499691009521484 -35.27994918823242 0
vertex 47.499691009521484 -34.909950256347656 0
vertex 47.671897888183594 -35.314205169677734 0
endloop
endfacet
facet normal 0 0 -1
outer loop
vertex 47.499691009521484 -35.27994918823242 0
vertex 47.32748031616211 -34.875694274902344 0
vertex 47.499691009521484 -34.909950256347656 0
endloop
endfacet
facet normal 0 0 -1
outer loop
vertex 47.671897888183594 -35.314205169677734 0
vertex 47.499691009521484 -34.909950256347656 0
vertex 47.671897888183594 -34.875694274902344 0
endloop
endfacet
facet normal 0 0 -1
outer loop
vertex 47.671897888183594 -35.314205169677734 0
vertex 47.671897888183594 -34.875694274902344 0
vertex 47.81788635253906 -35.41175079345703 0
endloop
endfacet
facet normal 0 0 -1
outer loop
vertex 47.81788635253906 -35.41175079345703 0
vertex 47.671897888183594 -34.875694274902344 0
vertex 47.81788635253906 -34.77814865112305 0
endloop
endfacet
facet normal 0 0 -1
outer loop
vertex 47.671897888183594 -34.04420471191406 0
vertex 49.949981689453125 -34.549949645996094 0
vertex 47.81788635253906 -34.14175033569336 0
endloop
endfacet
facet normal 0 0 -1
outer loop
vertex 47.94968795776367 -35.729949951171875 0
vertex 47.915435791015625 -35.557743072509766 0
vertex 49.949981689453125 -34.549949645996094 0
endloop
endfacet
facet normal 0 0 -1
outer loop
vertex 49.949981689453125 -34.549949645996094 0
vertex 47.915435791015625 -35.557743072509766 0
vertex 47.81788635253906 -35.41175079345703 0
endloop
endfacet
facet normal 0 0 -1
outer loop
vertex 49.949981689453125 -34.549949645996094 0
vertex 47.81788635253906 -35.41175079345703 0
vertex 47.81788635253906 -34.77814865112305 0
endloop
endfacet
facet normal 0 0 -1
outer loop
vertex 49.949981689453125 -34.549949645996094 0
vertex 47.81788635253906 -34.77814865112305 0
vertex 47.915435791015625 -34.63215637207031 0
endloop
endfacet
facet normal 0 0 -1
outer loop
vertex 49.949981689453125 -34.549949645996094 0
vertex 47.915435791015625 -34.63215637207031 0
vertex 47.94968795776367 -34.4599494934082 0
endloop
endfacet
facet normal 0 0 -1
outer loop
vertex 49.949981689453125 -34.549949645996094 0
vertex 47.94968795776367 -34.4599494934082 0
vertex 47.915435791015625 -34.287742614746094 0
endloop
endfacet
facet normal 0 0 -1
outer loop
vertex 49.949981689453125 -34.549949645996094 0
vertex 47.915435791015625 -34.287742614746094 0
vertex 47.81788635253906 -34.14175033569336 0
endloop
endfacet
facet normal 0 0 -1
outer loop
vertex 47.32748031616211 -34.04420471191406 0
vertex 47.32748031616211 -33.60569381713867 0
vertex 47.499691009521484 -34.00994873046875 0
endloop
endfacet
facet normal 0 0 -1
outer loop
vertex 47.499691009521484 -34.00994873046875 0
vertex 47.499691009521484 -33.639949798583984 0
vertex 47.671897888183594 -34.04420471191406 0
endloop
endfacet
facet normal 0 0 -1
outer loop
vertex 47.499691009521484 -34.00994873046875 0
vertex 47.32748031616211 -33.60569381713867 0
vertex 47.499691009521484 -33.639949798583984 0
endloop
endfacet
facet normal 0 0 -1
outer loop
vertex 47.671897888183594 -34.04420471191406 0
vertex 47.499691009521484 -33.639949798583984 0
vertex 47.671897888183594 -33.60569381713867 0
endloop
endfacet
facet normal 0 0 -1
outer loop
vertex 49.949981689453125 -34.549949645996094 0
vertex 47.671897888183594 -34.04420471191406 0
vertex 47.671897888183594 -33.60569381713867 0
endloop
endfacet
facet normal 0 0 -1
outer loop
vertex 49.949981689453125 -34.549949645996094 0
vertex 47.671897888183594 -33.60569381713867 0
vertex 47.81788635253906 -33.508148193359375 0
endloop
endfacet
facet normal 0 0 -1
outer loop
vertex 49.949981689453125 -34.549949645996094 0
vertex 47.81788635253906 -33.508148193359375 0
vertex 47.915435791015625 -33.36215591430664 0
endloop
endfacet
facet normal 0 0 -1
outer loop
vertex 49.949981689453125 -34.549949645996094 0
vertex 47.915435791015625 -33.36215591430664 0
vertex 47.94968795776367 -33.18994903564453 0
endloop
endfacet
facet normal 0 0 -1
outer loop
vertex 49.949981689453125 -34.549949645996094 0
vertex 47.94968795776367 -33.18994903564453 0
vertex 47.915435791015625 -33.01774215698242 0
endloop
endfacet
facet normal 0 0 -1
outer loop
vertex 49.949981689453125 -34.549949645996094 0
vertex 47.915435791015625 -33.01774215698242 0
vertex 47.81788635253906 -32.87174987792969 0
endloop
endfacet
facet normal 0 0 -1
outer loop
vertex 49.949981689453125 -34.549949645996094 0
vertex 47.81788635253906 -32.87174987792969 0
vertex 47.81788635253906 -32.2381477355957 0
endloop
endfacet
facet normal 0 0 -1
outer loop
vertex 49.949981689453125 -34.549949645996094 0
vertex 47.81788635253906 -32.2381477355957 0
vertex 47.915435791015625 -32.09215545654297 0
endloop
endfacet
facet normal 0 0 -1
outer loop
vertex 49.949981689453125 -34.549949645996094 0
vertex 47.915435791015625 -32.09215545654297 0
vertex 47.94968795776367 -31.91994857788086 0
endloop
endfacet
facet normal 0 0 -1
outer loop
vertex 45.04998016357422 -34.549949645996094 0
vertex 45.04998016357422 -30.999948501586914 0
vertex 45.74998092651367 -30.999948501586914 0
endloop
endfacet
facet normal 0 0 -1
outer loop
vertex 45.04998016357422 -34.549949645996094 0
vertex 45.74998092651367 -30.999948501586914 0
vertex 47.18149185180664 -30.96814727783203 0
endloop
endfacet
facet normal 0 0 -1
outer loop
vertex 47.04969024658203 -31.91994857788086 0
vertex 45.04998016357422 -34.549949645996094 0
vertex 47.08394241333008 -31.74774169921875 0
endloop
endfacet
facet normal 0 0 -1
outer loop
vertex 47.08394241333008 -31.74774169921875 0
vertex 45.04998016357422 -34.549949645996094 0
vertex 47.18149185180664 -30.96814727783203 0
endloop
endfacet
facet normal 0 0 -1
outer loop
vertex 47.18149185180664 -32.87174987792969 0
vertex 47.18149185180664 -32.2381477355957 0
vertex 47.32748031616211 -32.77420425415039 0
endloop
endfacet
facet normal 0 0 -1
outer loop
vertex 47.32748031616211 -32.77420425415039 0
vertex 47.18149185180664 -32.2381477355957 0
vertex 47.32748031616211 -32.335693359375 0
endloop
endfacet
facet normal 0 0 -1
outer loop
vertex 47.18149185180664 -32.2381477355957 0
vertex 47.18149185180664 -32.87174987792969 0
vertex 47.08394241333008 -32.09215545654297 0
endloop
endfacet
facet normal 0 0 -1
outer loop
vertex 47.08394241333008 -31.74774169921875 0
vertex 47.18149185180664 -30.96814727783203 0
vertex 47.18149185180664 -31.60175132751465 0
endloop
endfacet
facet normal 0 0 -1
outer loop
vertex 47.18149185180664 -31.60175132751465 0
vertex 47.32748031616211 -31.06569480895996 0
vertex 47.32748031616211 -31.50420379638672 0
endloop
endfacet
facet normal 0 0 -1
outer loop
vertex 47.18149185180664 -30.96814727783203 0
vertex 45.74998092651367 -30.999948501586914 0
vertex 47.08394241333008 -30.82215690612793 0
endloop
endfacet
facet normal 0 0 -1
outer loop
vertex 47.08394241333008 -30.82215690612793 0
vertex 45.74998092651367 -30.999948501586914 0
vertex 47.04969024658203 -30.64995002746582 0
endloop
endfacet
facet normal 0 0 -1
outer loop
vertex 47.04969024658203 -30.64995002746582 0
vertex 45.74998092651367 -30.999948501586914 0
vertex 47.08394241333008 -30.477741241455078 0
endloop
endfacet
facet normal 0 0 -1
outer loop
vertex 47.32748031616211 -31.06569480895996 0
vertex 47.18149185180664 -31.60175132751465 0
vertex 47.18149185180664 -30.96814727783203 0
endloop
endfacet
facet normal 0 0 -1
outer loop
vertex 47.08394241333008 -30.477741241455078 0
vertex 45.74998092651367 -30.999948501586914 0
vertex 47.08394241333008 -29.552156448364258 0
endloop
endfacet
facet normal 0 0 -1
outer loop
vertex 47.08394241333008 -29.552156448364258 0
vertex 45.74998092651367 -30.999948501586914 0
vertex 47.04969024658203 -29.37994956970215 0
endloop
endfacet
facet normal 0 0 -1
outer loop
vertex 47.08394241333008 -30.477741241455078 0
vertex 47.08394241333008 -29.552156448364258 0
vertex 47.18149185180664 -30.331750869750977 0
endloop
endfacet
facet normal 0 0 -1
outer loop
vertex 47.18149185180664 -30.331750869750977 0
vertex 47.18149185180664 -29.69814682006836 0
vertex 47.32748031616211 -30.234203338623047 0
endloop
endfacet
facet normal 0 0 -1
outer loop
vertex 47.32748031616211 -32.77420425415039 0
vertex 47.32748031616211 -32.335693359375 0
vertex 47.499691009521484 -32.73994827270508 0
endloop
endfacet
facet normal 0 0 -1
outer loop
vertex 47.499691009521484 -32.73994827270508 0
vertex 47.499691009521484 -32.36994934082031 0
vertex 47.671897888183594 -32.77420425415039 0
endloop
endfacet
facet normal 0 0 -1
outer loop
vertex 47.499691009521484 -32.73994827270508 0
vertex 47.32748031616211 -32.335693359375 0
vertex 47.499691009521484 -32.36994934082031 0
endloop
endfacet
facet normal 0 0 -1
outer loop
vertex 47.671897888183594 -32.77420425415039 0
vertex 47.499691009521484 -32.36994934082031 0
vertex 47.671897888183594 -32.335693359375 0
endloop
endfacet
facet normal 0 0 -1
outer loop
vertex 47.81788635253906 -32.87174987792969 0
vertex 47.671897888183594 -32.77420425415039 0
vertex 47.671897888183594 -32.335693359375 0
endloop
endfacet
facet normal 0 0 -1
outer loop
vertex 47.81788635253906 -32.2381477355957 0
vertex 47.81788635253906 -32.87174987792969 0
vertex 47.671897888183594 -32.335693359375 0
endloop
endfacet
facet normal 0 0 -1
outer loop
vertex 47.81788635253906 -31.60175132751465 0
vertex 47.671897888183594 -31.50420379638672 0
vertex 47.671897888183594 -31.06569480895996 0
endloop
endfacet
facet normal 0 0 -1
outer loop
vertex 47.915435791015625 -31.74774169921875 0
vertex 49.24998092651367 -30.999948501586914 0
vertex 47.94968795776367 -31.91994857788086 0
endloop
endfacet
facet normal 0 0 -1
outer loop
vertex 49.24998092651367 -30.999948501586914 0
vertex 47.915435791015625 -31.74774169921875 0
vertex 47.81788635253906 -31.60175132751465 0
endloop
endfacet
facet normal 0 0 -1
outer loop
vertex 49.949981689453125 -34.549949645996094 0
vertex 47.94968795776367 -31.91994857788086 0
vertex 49.24998092651367 -30.999948501586914 0
endloop
endfacet
facet normal 0 0 -1
outer loop
vertex 47.32748031616211 -31.50420379638672 0
vertex 47.32748031616211 -31.06569480895996 0
vertex 47.499691009521484 -31.46994972229004 0
endloop
endfacet
facet normal 0 0 -1
outer loop
vertex 47.499691009521484 -31.46994972229004 0
vertex 47.32748031616211 -31.06569480895996 0
vertex 47.499691009521484 -31.09994888305664 0
endloop
endfacet
facet normal 0 0 -1
outer loop
vertex 47.499691009521484 -31.46994972229004 0
vertex 47.499691009521484 -31.09994888305664 0
vertex 47.671897888183594 -31.50420379638672 0
endloop
endfacet
facet normal 0 0 -1
outer loop
vertex 47.671897888183594 -31.06569480895996 0
vertex 47.671897888183594 -31.50420379638672 0
vertex 47.499691009521484 -31.09994888305664 0
endloop
endfacet
facet normal 0 0 -1
outer loop
vertex 47.81788635253906 -31.60175132751465 0
vertex 47.671897888183594 -31.06569480895996 0
vertex 47.81788635253906 -30.96814727783203 0
endloop
endfacet
facet normal 0 0 -1
outer loop
vertex 49.24998092651367 -30.999948501586914 0
vertex 47.81788635253906 -31.60175132751465 0
vertex 47.81788635253906 -30.96814727783203 0
endloop
endfacet
facet normal 0 0 -1
outer loop
vertex 49.24998092651367 -30.999948501586914 0
vertex 47.81788635253906 -30.96814727783203 0
vertex 47.915435791015625 -30.82215690612793 0
endloop
endfacet
facet normal 0 0 -1
outer loop
vertex 49.24998092651367 -30.999948501586914 0
vertex 47.915435791015625 -30.82215690612793 0
vertex 47.94968795776367 -30.64995002746582 0
endloop
endfacet
facet normal 0 0 -1
outer loop
vertex 49.24998092651367 -30.999948501586914 0
vertex 47.94968795776367 -30.64995002746582 0
vertex 47.915435791015625 -30.477741241455078 0
endloop
endfacet
facet normal 0 0 -1
outer loop
vertex 47.32748031616211 -30.234203338623047 0
vertex 47.32748031616211 -29.79569435119629 0
vertex 47.499691009521484 -30.199949264526367 0
endloop
endfacet
facet normal 0 0 -1
outer loop
vertex 47.499691009521484 -30.199949264526367 0
vertex 47.32748031616211 -29.79569435119629 0
vertex 47.499691009521484 -29.82994842529297 0
endloop
endfacet
facet normal 0 0 -1
outer loop
vertex 47.499691009521484 -30.199949264526367 0
vertex 47.499691009521484 -29.82994842529297 0
vertex 47.671897888183594 -30.234203338623047 0
endloop
endfacet
facet normal 0 0 -1
outer loop
vertex 47.671897888183594 -30.234203338623047 0
vertex 47.499691009521484 -29.82994842529297 0
vertex 47.671897888183594 -29.79569435119629 0
endloop
endfacet
facet normal 0 0 -1
outer loop
vertex 47.81788635253906 -30.331750869750977 0
vertex 47.671897888183594 -30.234203338623047 0
vertex 47.671897888183594 -29.79569435119629 0
endloop
endfacet
facet normal 0 0 -1
outer loop
vertex 47.81788635253906 -30.331750869750977 0
vertex 47.671897888183594 -29.79569435119629 0
vertex 47.81788635253906 -29.69814682006836 0
endloop
endfacet
facet normal 0 0 -1
outer loop
vertex 49.24998092651367 -30.999948501586914 0
vertex 47.915435791015625 -30.477741241455078 0
vertex 47.81788635253906 -30.331750869750977 0
endloop
endfacet
facet normal 0 0 -1
outer loop
vertex 49.24998092651367 -30.999948501586914 0
vertex 47.81788635253906 -30.331750869750977 0
vertex 47.81788635253906 -29.69814682006836 0
endloop
endfacet
facet normal 0 0 -1
outer loop
vertex 49.24998092651367 -30.999948501586914 0
vertex 47.81788635253906 -29.69814682006836 0
vertex 47.915435791015625 -29.552156448364258 0
endloop
endfacet
facet normal 0 0 -1
outer loop
vertex 49.24998092651367 -30.999948501586914 0
vertex 47.915435791015625 -29.552156448364258 0
vertex 47.94968795776367 -29.37994956970215 0
endloop
endfacet
facet normal 0 0 -1
outer loop
vertex 49.949981689453125 -34.549949645996094 0
vertex 49.24998092651367 -30.999948501586914 0
vertex 49.949981689453125 -30.999948501586914 0
endloop
endfacet
facet normal 0 0 -1
outer loop
vertex 47.04969024658203 -29.37994956970215 0
vertex 45.74998092651367 -30.999948501586914 0
vertex 45.74998092651367 -27.35201644897461 0
endloop
endfacet
facet normal 0 0 -1
outer loop
vertex 47.18149185180664 -29.69814682006836 0
vertex 47.18149185180664 -30.331750869750977 0
vertex 47.08394241333008 -29.552156448364258 0
endloop
endfacet
facet normal 0 0 -1
outer loop
vertex 47.32748031616211 -29.79569435119629 0
vertex 47.32748031616211 -30.234203338623047 0
vertex 47.18149185180664 -29.69814682006836 0
endloop
endfacet
facet normal 0 0 -1
outer loop
vertex 47.04969024658203 -29.37994956970215 0
vertex 45.74998092651367 -27.35201644897461 0
vertex 47.08394241333008 -29.207740783691406 0
endloop
endfacet
facet normal 0 0 -1
outer loop
vertex 47.08394241333008 -29.207740783691406 0
vertex 47.08394241333008 -28.282155990600586 0
vertex 47.18149185180664 -29.061750411987305 0
endloop
endfacet
facet normal 0 0 -1
outer loop
vertex 47.18149185180664 -29.061750411987305 0
vertex 47.18149185180664 -28.428146362304688 0
vertex 47.32748031616211 -28.964202880859375 0
endloop
endfacet
facet normal 0 0 -1
outer loop
vertex 47.18149185180664 -28.428146362304688 0
vertex 47.18149185180664 -29.061750411987305 0
vertex 47.08394241333008 -28.282155990600586 0
endloop
endfacet
facet normal 0 0 -1
outer loop
vertex 47.32748031616211 -28.964202880859375 0
vertex 47.18149185180664 -28.428146362304688 0
vertex 47.32748031616211 -28.52569580078125 0
endloop
endfacet
facet normal 0 0 -1
outer loop
vertex 47.08394241333008 -28.282155990600586 0
vertex 47.08394241333008 -29.207740783691406 0
vertex 45.74998092651367 -27.35201644897461 0
endloop
endfacet
facet normal 0 0 -1
outer loop
vertex 47.08394241333008 -28.282155990600586 0
vertex 45.74998092651367 -27.35201644897461 0
vertex 47.04969024658203 -28.109949111938477 0
endloop
endfacet
facet normal 0 0 -1
outer loop
vertex 47.04969024658203 -28.109949111938477 0
vertex 45.74998092651367 -27.35201644897461 0
vertex 47.08394241333008 -27.937742233276367 0
endloop
endfacet
facet normal 0 0 -1
outer loop
vertex 47.08394241333008 -27.937742233276367 0
vertex 45.74998092651367 -27.35201644897461 0
vertex 47.18149185180664 -27.791751861572266 0
endloop
endfacet
facet normal 0 0 -1
outer loop
vertex 47.18149185180664 -27.791751861572266 0
vertex 45.74998092651367 -27.35201644897461 0
vertex 47.18149185180664 -27.15814781188965 0
endloop
endfacet
facet normal 0 0 -1
outer loop
vertex 47.18149185180664 -27.15814781188965 0
vertex 45.74998092651367 -27.35201644897461 0
vertex 47.08394241333008 -27.012157440185547 0
endloop
endfacet
facet normal 0 0 -1
outer loop
vertex 47.18149185180664 -27.791751861572266 0
vertex 47.32748031616211 -27.255695343017578 0
vertex 47.32748031616211 -27.694202423095703 0
endloop
endfacet
facet normal 0 0 -1
outer loop
vertex 47.32748031616211 -27.255695343017578 0
vertex 47.18149185180664 -27.791751861572266 0
vertex 47.18149185180664 -27.15814781188965 0
endloop
endfacet
facet normal 0 0 -1
outer loop
vertex 49.24998092651367 -30.999948501586914 0
vertex 47.94968795776367 -29.37994956970215 0
vertex 47.94968795776367 -28.109949111938477 0
endloop
endfacet
facet normal 0 0 -1
outer loop
vertex 47.94968795776367 -29.37994956970215 0
vertex 47.915435791015625 -29.207740783691406 0
vertex 47.915435791015625 -28.282155990600586 0
endloop
endfacet
facet normal 0 0 -1
outer loop
vertex 47.81788635253906 -29.061750411987305 0
vertex 47.81788635253906 -28.428146362304688 0
vertex 47.915435791015625 -29.207740783691406 0
endloop
endfacet
facet normal 0 0 -1
outer loop
vertex 47.32748031616211 -28.964202880859375 0
vertex 47.32748031616211 -28.52569580078125 0
vertex 47.499691009521484 -28.929948806762695 0
endloop
endfacet
facet normal 0 0 -1
outer loop
vertex 47.499691009521484 -28.929948806762695 0
vertex 47.499691009521484 -28.55994987487793 0
vertex 47.671897888183594 -28.964202880859375 0
endloop
endfacet
facet normal 0 0 -1
outer loop
vertex 47.499691009521484 -28.929948806762695 0
vertex 47.32748031616211 -28.52569580078125 0
vertex 47.499691009521484 -28.55994987487793 0
endloop
endfacet
facet normal 0 0 -1
outer loop
vertex 47.671897888183594 -28.964202880859375 0
vertex 47.499691009521484 -28.55994987487793 0
vertex 47.671897888183594 -28.52569580078125 0
endloop
endfacet
facet normal 0 0 -1
outer loop
vertex 47.81788635253906 -29.061750411987305 0
vertex 47.671897888183594 -28.964202880859375 0
vertex 47.671897888183594 -28.52569580078125 0
endloop
endfacet
facet normal 0 0 -1
outer loop
vertex 47.81788635253906 -28.428146362304688 0
vertex 47.81788635253906 -29.061750411987305 0
vertex 47.671897888183594 -28.52569580078125 0
endloop
endfacet
facet normal 0 0 -1
outer loop
vertex 47.915435791015625 -28.282155990600586 0
vertex 47.915435791015625 -29.207740783691406 0
vertex 47.81788635253906 -28.428146362304688 0
endloop
endfacet
facet normal 0 0 -1
outer loop
vertex 47.94968795776367 -28.109949111938477 0
vertex 47.94968795776367 -29.37994956970215 0
vertex 47.915435791015625 -28.282155990600586 0
endloop
endfacet
facet normal 0 0 -1
outer loop
vertex 47.94968795776367 -28.109949111938477 0
vertex 49.24998092651367 -26.747867584228516 0
vertex 49.24998092651367 -30.999948501586914 0
endloop
endfacet
facet normal 0 0 -1
outer loop
vertex 47.32748031616211 -27.694202423095703 0
vertex 47.32748031616211 -27.255695343017578 0
vertex 47.499691009521484 -27.659948348999023 0
endloop
endfacet
facet normal 0 0 -1
outer loop
vertex 47.499691009521484 -27.659948348999023 0
vertex 47.499691009521484 -27.289949417114258 0
vertex 47.671897888183594 -27.694202423095703 0
endloop
endfacet
facet normal 0 0 -1
outer loop
vertex 47.671897888183594 -27.694202423095703 0
vertex 47.671897888183594 -27.255695343017578 0
vertex 47.81788635253906 -27.791751861572266 0
endloop
endfacet
facet normal 0 0 -1
outer loop
vertex 47.499691009521484 -27.659948348999023 0
vertex 47.32748031616211 -27.255695343017578 0
vertex 47.499691009521484 -27.289949417114258 0
endloop
endfacet
facet normal 0 0 -1
outer loop
vertex 47.671897888183594 -27.255695343017578 0
vertex 47.671897888183594 -27.694202423095703 0
vertex 47.499691009521484 -27.289949417114258 0
endloop
endfacet
facet normal 0 0 -1
outer loop
vertex 47.81788635253906 -27.791751861572266 0
vertex 47.671897888183594 -27.255695343017578 0
vertex 47.81788635253906 -27.15814781188965 0
endloop
endfacet
facet normal 0 0 -1
outer loop
vertex 47.915435791015625 -27.937742233276367 0
vertex 47.81788635253906 -27.791751861572266 0
vertex 49.24998092651367 -26.747867584228516 0
endloop
endfacet
facet normal 0 0 -1
outer loop
vertex 49.24998092651367 -26.747867584228516 0
vertex 47.94968795776367 -28.109949111938477 0
vertex 47.915435791015625 -27.937742233276367 0
endloop
endfacet
facet normal 0 0 -1
outer loop
vertex 49.24998092651367 -26.747867584228516 0
vertex 47.81788635253906 -27.791751861572266 0
vertex 47.81788635253906 -27.15814781188965 0
endloop
endfacet
facet normal 0 0 -1
outer loop
vertex 45.74998092651367 -27.35201644897461 0
vertex 45.74998092651367 -23.999948501586914 0
vertex 47.04969024658203 -26.839948654174805 0
endloop
endfacet
facet normal 0 0 -1
outer loop
vertex 47.08394241333008 -27.012157440185547 0
vertex 45.74998092651367 -27.35201644897461 0
vertex 47.04969024658203 -26.839948654174805 0
endloop
endfacet
facet normal 0 0 -1
outer loop
vertex 47.04969024658203 -26.839948654174805 0
vertex 45.74998092651367 -23.999948501586914 0
vertex 47.08394241333008 -26.667741775512695 0
endloop
endfacet
facet normal 0 0 -1
outer loop
vertex 47.08394241333008 -26.667741775512695 0
vertex 45.74998092651367 -23.999948501586914 0
vertex 47.18149185180664 -26.521751403808594 0
endloop
endfacet
facet normal 0 0 -1
outer loop
vertex 47.18149185180664 -26.521751403808594 0
vertex 45.74998092651367 -23.999948501586914 0
vertex 47.32748031616211 -26.424203872680664 0
endloop
endfacet
facet normal 0 0 -1
outer loop
vertex 47.32748031616211 -26.424203872680664 0
vertex 45.74998092651367 -23.999948501586914 0
vertex 47.499691009521484 -26.389949798583984 0
endloop
endfacet
facet normal 0 0 -1
outer loop
vertex 49.24998092651367 -26.747867584228516 0
vertex 47.81788635253906 -27.15814781188965 0
vertex 47.915435791015625 -27.012157440185547 0
endloop
endfacet
facet normal 0 0 -1
outer loop
vertex 49.24998092651367 -26.747867584228516 0
vertex 47.915435791015625 -27.012157440185547 0
vertex 47.94968795776367 -26.839948654174805 0
endloop
endfacet
facet normal 0 0 -1
outer loop
vertex 49.24998092651367 -26.747867584228516 0
vertex 47.94968795776367 -26.839948654174805 0
vertex 47.915435791015625 -26.667741775512695 0
endloop
endfacet
facet normal 0 0 -1
outer loop
vertex 47.915435791015625 -26.667741775512695 0
vertex 47.81788635253906 -26.521751403808594 0
vertex 49.24998092651367 -23.999948501586914 0
endloop
endfacet
facet normal 0 0 -1
outer loop
vertex 49.24998092651367 -26.747867584228516 0
vertex 47.915435791015625 -26.667741775512695 0
vertex 49.24998092651367 -23.999948501586914 0
endloop
endfacet
facet normal 0 0 -1
outer loop
vertex 47.499691009521484 -26.389949798583984 0
vertex 49.24998092651367 -23.999948501586914 0
vertex 47.671897888183594 -26.424203872680664 0
endloop
endfacet
facet normal 0 0 -1
outer loop
vertex 49.24998092651367 -23.999948501586914 0
vertex 47.81788635253906 -26.521751403808594 0
vertex 47.671897888183594 -26.424203872680664 0
endloop
endfacet
facet normal 0 0 -1
outer loop
vertex 49.24998092651367 -23.999948501586914 0
vertex 47.499691009521484 -26.389949798583984 0
vertex 45.74998092651367 -23.999948501586914 0
endloop
endfacet
facet normal 0 0 1
outer loop
vertex 30.149980545043945 -0.6499490737915039 2.200000047683716
vertex 45.849979400634766 2.6500508785247803 2.200000047683716
vertex 30.149980545043945 2.6500508785247803 2.200000047683716
endloop
endfacet
facet normal 0 0 1
outer loop
vertex 26.8499813079834 -0.6499490737915039 2.200000047683716
vertex 30.149980545043945 2.6500508785247803 2.200000047683716
vertex 26.8499813079834 2.6500508785247803 2.200000047683716
endloop
endfacet
facet normal 0 0 1
outer loop
vertex -30.1500186920166 18.35004997253418 2.200000047683716
vertex -26.850019454956055 21.65005111694336 2.200000047683716
vertex -30.1500186920166 21.65005111694336 2.200000047683716
endloop
endfacet
facet normal 0 0 1
outer loop
vertex -26.850019454956055 18.35004997253418 2.200000047683716
vertex -26.850019454956055 21.65005111694336 2.200000047683716
vertex -30.1500186920166 18.35004997253418 2.200000047683716
endloop
endfacet
facet normal 0 0 1
outer loop
vertex -30.1500186920166 18.35004997253418 2.200000047683716
vertex -30.1500186920166 21.65005111694336 2.200000047683716
vertex -45.85001754760742 18.35004997253418 2.200000047683716
endloop
endfacet
facet normal 0 0 1
outer loop
vertex -26.850019454956055 18.35004997253418 2.200000047683716
vertex -30.1500186920166 18.35004997253418 2.200000047683716
vertex -26.850019454956055 2.6500508785247803 2.200000047683716
endloop
endfacet
facet normal 0 0 1
outer loop
vertex 30.149980545043945 -0.6499490737915039 2.200000047683716
vertex 30.149980545043945 2.6500508785247803 2.200000047683716
vertex 26.8499813079834 -0.6499490737915039 2.200000047683716
endloop
endfacet
facet normal 0 0 1
outer loop
vertex 26.8499813079834 -0.6499490737915039 2.200000047683716
vertex 26.8499813079834 2.6500508785247803 2.200000047683716
vertex 11.149981498718262 -0.6499490737915039 2.200000047683716
endloop
endfacet
facet normal 0 0 1
outer loop
vertex 15.899981498718262 21.65005111694336 2.200000047683716
vertex 7.849981307983398 18.35004997253418 2.200000047683716
vertex 11.149981498718262 18.35004997253418 2.200000047683716
endloop
endfacet
facet normal 0 0 1
outer loop
vertex 15.899981498718262 21.65005111694336 2.200000047683716
vertex 7.849981307983398 21.65005111694336 2.200000047683716
vertex 7.849981307983398 18.35004997253418 2.200000047683716
endloop
endfacet
facet normal 0 0 1
outer loop
vertex 7.849981307983398 18.35004997253418 2.200000047683716
vertex 11.149981498718262 2.6500508785247803 2.200000047683716
vertex 11.149981498718262 18.35004997253418 2.200000047683716
endloop
endfacet
facet normal 0 0 1
outer loop
vertex 7.849981307983398 21.65005111694336 2.200000047683716
vertex -7.8500189781188965 18.35004997253418 2.200000047683716
vertex 7.849981307983398 18.35004997253418 2.200000047683716
endloop
endfacet
facet normal 0 0 1
outer loop
vertex -26.850019454956055 -0.6499490737915039 2.200000047683716
vertex -11.150018692016602 2.6500508785247803 2.200000047683716
vertex -26.850019454956055 2.6500508785247803 2.200000047683716
endloop
endfacet
facet normal 0 0 1
outer loop
vertex 11.149981498718262 -0.6499490737915039 2.200000047683716
vertex 26.8499813079834 2.6500508785247803 2.200000047683716
vertex 11.149981498718262 2.6500508785247803 2.200000047683716
endloop
endfacet
facet normal 0 0 1
outer loop
vertex -26.850019454956055 2.6500508785247803 2.200000047683716
vertex -30.1500186920166 18.35004997253418 2.200000047683716
vertex -30.1500186920166 2.6500508785247803 2.200000047683716
endloop
endfacet
facet normal 0 0 1
outer loop
vertex 11.149981498718262 -0.6499490737915039 2.200000047683716
vertex 11.149981498718262 2.6500508785247803 2.200000047683716
vertex 7.849981307983398 -0.6499490737915039 2.200000047683716
endloop
endfacet
facet normal 0 0 1
outer loop
vertex -30.1500186920166 -0.6499490737915039 2.200000047683716
vertex -26.850019454956055 2.6500508785247803 2.200000047683716
vertex -30.1500186920166 2.6500508785247803 2.200000047683716
endloop
endfacet
facet normal 0 0 1
outer loop
vertex -26.850019454956055 -0.6499490737915039 2.200000047683716
vertex -26.850019454956055 2.6500508785247803 2.200000047683716
vertex -30.1500186920166 -0.6499490737915039 2.200000047683716
endloop
endfacet
facet normal 0 0 1
outer loop
vertex -30.1500186920166 -0.6499490737915039 2.200000047683716
vertex -30.1500186920166 2.6500508785247803 2.200000047683716
vertex -45.85001754760742 -0.6499490737915039 2.200000047683716
endloop
endfacet
facet normal 0 0 1
outer loop
vertex 11.149981498718262 2.6500508785247803 2.200000047683716
vertex 7.849981307983398 18.35004997253418 2.200000047683716
vertex 7.849981307983398 2.6500508785247803 2.200000047683716
endloop
endfacet
facet normal 0 0 1
outer loop
vertex 7.849981307983398 -0.6499490737915039 2.200000047683716
vertex 11.149981498718262 2.6500508785247803 2.200000047683716
vertex 7.849981307983398 2.6500508785247803 2.200000047683716
endloop
endfacet
facet normal 0 0 1
outer loop
vertex 7.849981307983398 -0.6499490737915039 2.200000047683716
vertex 7.849981307983398 2.6500508785247803 2.200000047683716
vertex -7.8500189781188965 -0.6499490737915039 2.200000047683716
endloop
endfacet
facet normal -1 0 0
outer loop
vertex -71.50001525878906 -43.21506118774414 1.7000000476837158
vertex -71.50001525878906 -43.57582473754883 0.20000000298023224
vertex -71.50001525878906 -43.57582473754883 1.7000000476837158
endloop
endfacet
facet normal -0.9238866471484247 -0.38266625565999685 0
outer loop
vertex -71.50001525878906 -43.57582473754883 1.7000000476837158
vertex -71.50001525878906 -43.57582473754883 0.20000000298023224
vertex -71.44234466552734 -43.71506118774414 1.7000000476837158
endloop
endfacet
facet normal 0 -1 0
outer loop
vertex -72.20001983642578 -43.21506118774414 1.7000000476837158
vertex -71.50001525878906 -43.21506118774414 0.20000000298023224
vertex -71.50001525878906 -43.21506118774414 1.7000000476837158
endloop
endfacet
facet normal -0.923879106916185 -0.38268445984094035 0
outer loop
vertex -71.44234466552734 -43.71506118774414 1.7000000476837158
vertex -71.14986419677734 -44.42116928100586 0
vertex -71.14986419677734 -44.42116928100586 2.200000047683716
endloop
endfacet
facet normal -1 0 0
outer loop
vertex -72.20001983642578 -29.305971145629883 1.7000000476837158
vertex -72.20001983642578 -41.57870101928711 0.20000000298023224
vertex -72.20001983642578 -43.21506118774414 1.7000000476837158
endloop
endfacet
facet normal -1 0 0
outer loop
vertex -72.20001983642578 -25.215063095092773 0.20000000298023224
vertex -72.20001983642578 -29.305971145629883 1.7000000476837158
vertex -72.20001983642578 -25.215063095092773 1.7000000476837158
endloop
endfacet
facet normal 0 1 0
outer loop
vertex -71.50001525878906 -25.215063095092773 1.7000000476837158
vertex -72.20001983642578 -25.215063095092773 0.20000000298023224
vertex -72.20001983642578 -25.215063095092773 1.7000000476837158
endloop
endfacet
facet normal -1 0 0
outer loop
vertex -71.50001525878906 -25.215063095092773 0.20000000298023224
vertex -71.50001525878906 -25.215063095092773 1.7000000476837158
vertex -71.50001525878906 -24.715063095092773 1.7000000476837158
endloop
endfacet
facet normal 0 0 -1
outer loop
vertex -71.50001525878906 -24.715063095092773 0
vertex -71.50001525878906 -21.955223083496094 0
vertex -70.20001983642578 -21.955223083496094 0
endloop
endfacet
facet normal -1 0 0
outer loop
vertex -71.50001525878906 -21.955223083496094 0
vertex -71.50001525878906 -24.715063095092773 0
vertex -71.50001525878906 -21.955223083496094 0.20000000298023224
endloop
endfacet
facet normal 0 0 -1
outer loop
vertex -71.50001525878906 -24.715063095092773 0
vertex -70.20001983642578 -21.955223083496094 0
vertex -64.05001831054688 -20.449949264526367 0
endloop
endfacet
facet normal 0 0 1
outer loop
vertex -49.150020599365234 37.35005187988281 2.200000047683716
vertex -45.85001754760742 21.65005111694336 2.200000047683716
vertex -45.85001754760742 37.35005187988281 2.200000047683716
endloop
endfacet
facet normal -1 0 0
outer loop
vertex -71.50001525878906 -21.955223083496094 0.20000000298023224
vertex -71.50001525878906 -24.715063095092773 0
vertex -71.50001525878906 -24.715063095092773 0.20000000298023224
endloop
endfacet
facet normal 0 0 1
outer loop
vertex -45.85001754760742 21.65005111694336 2.200000047683716
vertex -49.150020599365234 37.35005187988281 2.200000047683716
vertex -49.150020599365234 21.65005111694336 2.200000047683716
endloop
endfacet
facet normal 0 0 -1
outer loop
vertex -64.75001525878906 -23.999948501586914 0
vertex -71.50001525878906 -24.715063095092773 0
vertex -64.05001831054688 -20.449949264526367 0
endloop
endfacet
facet normal 0 0 -1
outer loop
vertex -64.75001525878906 -23.999948501586914 0
vertex -64.05001831054688 -20.449949264526367 0
vertex -64.05001831054688 -23.999948501586914 0
endloop
endfacet
facet normal 0 0 -1
outer loop
vertex -70.20001983642578 -21.955223083496094 0
vertex -64.75001525878906 -11.99994945526123 0
vertex -64.05001831054688 -15.549948692321777 0
endloop
endfacet
facet normal 0 0 -1
outer loop
vertex -64.75001525878906 -11.99994945526123 0
vertex -64.05001831054688 -11.99994945526123 0
vertex -64.05001831054688 -15.549948692321777 0
endloop
endfacet
facet normal 0.9337669834172249 0.35788157354060013 0
outer loop
vertex 71.45162963867188 40.51953887939453 1.7000000476837158
vertex 71.19325256347656 41.19368362426758 0
vertex 71.19325256347656 41.19368362426758 2.200000047683716
endloop
endfacet
facet normal 0.00484468259655008 0.9999882644564078 0
outer loop
vertex 72.20024871826172 40.015907287597656 1.7000000476837158
vertex 71.50025939941406 40.0192985534668 0.20000000298023224
vertex 71.50025939941406 40.0192985534668 1.7000000476837158
endloop
endfacet
facet normal 0 0 1
outer loop
vertex -71.14986419677734 41.27056121826172 2.200000047683716
vertex -71.44234466552734 40.564453125 2.200000047683716
vertex -70.20001983642578 40.564453125 2.200000047683716
endloop
endfacet
facet normal 0 0 1
outer loop
vertex -70.20001983642578 40.564453125 2.200000047683716
vertex -64.85002136230469 21.65005111694336 2.200000047683716
vertex -64.85002136230469 37.35005187988281 2.200000047683716
endloop
endfacet
facet normal 0.9337720587120194 0.3578683310502856 0
outer loop
vertex 71.50204467773438 40.38799285888672 1.7000000476837158
vertex 71.50204467773438 40.38799285888672 0.20000000298023224
vertex 71.45162963867188 40.51953887939453 1.7000000476837158
endloop
endfacet
facet normal 0.9999882769296848 -0.004842107309837379 0
outer loop
vertex 71.50025939941406 40.0192985534668 1.7000000476837158
vertex 71.50204467773438 40.38799285888672 0.20000000298023224
vertex 71.50204467773438 40.38799285888672 1.7000000476837158
endloop
endfacet
facet normal 0.9999882732335842 -0.004842870334934468 -0.0000014944931769180165
outer loop
vertex 72.13288879394531 26.106979370117188 1.7000000476837158
vertex 72.19232177734375 38.37956237792969 0.20000000298023224
vertex 72.20024871826172 40.015907287597656 1.7000000476837158
endloop
endfacet
facet normal 0 0 -1
outer loop
vertex -64.05001831054688 -20.449949264526367 0
vertex -70.20001983642578 -21.955223083496094 0
vertex -49.95001983642578 -15.549948692321777 0
endloop
endfacet
facet normal 0.7405996068224823 0.6719465919062203 0
outer loop
vertex 71.19325256347656 41.19368362426758 0
vertex 69.10165405273438 43.49898147583008 0
vertex 71.19325256347656 41.19368362426758 2.200000047683716
endloop
endfacet
facet normal 0.4053647279590031 0.9141550400926112 0
outer loop
vertex 69.10165405273438 43.49898147583008 0
vertex 68.2128677368164 43.893096923828125 0
vertex 69.10165405273438 43.49898147583008 2.200000047683716
endloop
endfacet
facet normal 0.9999882711050028 -0.004843310069306943 0
outer loop
vertex 72.11307525634766 22.0161190032959 1.7000000476837158
vertex 72.11307525634766 22.0161190032959 0.20000000298023224
vertex 72.13288879394531 26.106979370117188 1.7000000476837158
endloop
endfacet
facet normal -0.0048419578670882354 -0.9999882776533 0
outer loop
vertex 71.4130859375 22.019508361816406 1.7000000476837158
vertex 72.11307525634766 22.0161190032959 0.20000000298023224
vertex 72.11307525634766 22.0161190032959 1.7000000476837158
endloop
endfacet
facet normal 0.9999882275554314 -0.00485229332859228 0
outer loop
vertex 71.41065979003906 21.519514083862305 1.7000000476837158
vertex 71.4130859375 22.019508361816406 0.20000000298023224
vertex 71.4130859375 22.019508361816406 1.7000000476837158
endloop
endfacet
facet normal 0 0 -1
outer loop
vertex -64.05001831054688 -20.449949264526367 0
vertex -49.95001983642578 -15.549948692321777 0
vertex -49.95001983642578 -20.449949264526367 0
endloop
endfacet
facet normal 0 0 -1
outer loop
vertex -49.95001983642578 -15.549948692321777 0
vertex -70.20001983642578 -21.955223083496094 0
vertex -64.05001831054688 -15.549948692321777 0
endloop
endfacet
facet normal -1 0 0
outer loop
vertex -71.50001525878906 -24.715063095092773 0.20000000298023224
vertex -71.50001525878906 -25.215063095092773 0.20000000298023224
vertex -71.50001525878906 -21.955223083496094 1.7000000476837158
endloop
endfacet
facet normal 0 0 1
outer loop
vertex -70.20001983642578 21.564453125 2.200000047683716
vertex -64.85002136230469 21.65005111694336 2.200000047683716
vertex -70.20001983642578 40.564453125 2.200000047683716
endloop
endfacet
facet normal -1 0 0
outer loop
vertex -71.50001525878906 -21.955223083496094 0.20000000298023224
vertex -71.50001525878906 -24.715063095092773 0.20000000298023224
vertex -71.50001525878906 -21.955223083496094 1.7000000476837158
endloop
endfacet
facet normal -0.923879106916185 0.38268445984094035 0
outer loop
vertex -71.14986419677734 41.27056121826172 2.200000047683716
vertex -71.44234466552734 40.564453125 1.7000000476837158
vertex -71.44234466552734 40.564453125 2.200000047683716
endloop
endfacet
facet normal 0 -1 0
outer loop
vertex -71.50001525878906 -21.455223083496094 0.20000000298023224
vertex -72.20001983642578 -21.455223083496094 1.7000000476837158
vertex -72.20001983642578 -21.455223083496094 0.20000000298023224
endloop
endfacet
facet normal -1 0 0
outer loop
vertex -71.50001525878906 -21.455223083496094 0.20000000298023224
vertex -71.50001525878906 -21.955223083496094 0.20000000298023224
vertex -71.50001525878906 -21.955223083496094 1.7000000476837158
endloop
endfacet
facet normal -1 0 0
outer loop
vertex -72.20001983642578 -19.81886100769043 0.20000000298023224
vertex -72.20001983642578 -21.455223083496094 0.20000000298023224
vertex -72.20001983642578 -21.455223083496094 1.7000000476837158
endloop
endfacet
facet normal 0 0 -1
outer loop
vertex -64.75001525878906 -11.99994945526123 0
vertex -70.20001983642578 -21.955223083496094 0
vertex -70.20001983642578 -2.95522403717041 0
endloop
endfacet
facet normal 0.9337720587120194 0.3578683310502856 0
outer loop
vertex 71.50204467773438 40.38799285888672 0.20000000298023224
vertex 71.45162963867188 40.51953887939453 0.20000000298023224
vertex 71.45162963867188 40.51953887939453 1.7000000476837158
endloop
endfacet
facet normal 0.00484468259655008 0.9999882644564078 0
outer loop
vertex 72.20024871826172 40.015907287597656 0.20000000298023224
vertex 71.50025939941406 40.0192985534668 0.20000000298023224
vertex 72.20024871826172 40.015907287597656 1.7000000476837158
endloop
endfacet
facet normal -0.38232113783025623 0.9240295166109026 0
outer loop
vertex -67.92384338378906 44.00041198730469 2.200000047683716
vertex -68.77019500732422 43.650230407714844 0
vertex -68.77019500732422 43.650230407714844 2.200000047683716
endloop
endfacet
facet normal -0.7071067811865475 0.7071067811865475 0
outer loop
vertex -68.77019500732422 43.650230407714844 2.200000047683716
vertex -71.14986419677734 41.27056121826172 0
vertex -71.14986419677734 41.27056121826172 2.200000047683716
endloop
endfacet
facet normal 0.9999882769296848 -0.004842107309837379 0
outer loop
vertex 71.50204467773438 40.38799285888672 0.20000000298023224
vertex 71.50025939941406 40.0192985534668 1.7000000476837158
vertex 71.50025939941406 40.0192985534668 0.20000000298023224
endloop
endfacet
facet normal 0.999988266599264 -0.004844240270593556 0
outer loop
vertex 72.19232177734375 38.37956237792969 0.20000000298023224
vertex 72.20024871826172 40.015907287597656 0.20000000298023224
vertex 72.20024871826172 40.015907287597656 1.7000000476837158
endloop
endfacet
facet normal 0.933766983417225 0.35788157354060013 0
outer loop
vertex 71.45162963867188 40.51953887939453 0.20000000298023224
vertex 71.19325256347656 41.19368362426758 0
vertex 71.45162963867188 40.51953887939453 1.7000000476837158
endloop
endfacet
facet normal 0 0 -1
outer loop
vertex -70.20001983642578 -2.95522403717041 0
vertex -71.50001525878906 -2.95522403717041 0
vertex -70.20001983642578 -0.19538506865501404 0
endloop
endfacet
facet normal 0.933766983417225 0.35788157354060013 0
outer loop
vertex 71.45162963867188 40.51953887939453 0
vertex 71.19325256347656 41.19368362426758 0
vertex 71.45162963867188 40.51953887939453 0.20000000298023224
endloop
endfacet
facet normal 0 0 -1
outer loop
vertex 70.20269775390625 40.52558898925781 0
vertex 71.19325256347656 41.19368362426758 0
vertex 71.45162963867188 40.51953887939453 0
endloop
endfacet
facet normal 0 0 -1
outer loop
vertex 71.19325256347656 41.19368362426758 0
vertex 59.29998016357422 36.550052642822266 0
vertex 69.10165405273438 43.49898147583008 0
endloop
endfacet
facet normal 0 0 -1
outer loop
vertex 70.20269775390625 40.52558898925781 0
vertex 59.29998016357422 36.550052642822266 0
vertex 71.19325256347656 41.19368362426758 0
endloop
endfacet
facet normal 0 0 -1
outer loop
vertex 69.10165405273438 43.49898147583008 0
vertex 45.199981689453125 36.550052642822266 0
vertex 68.2128677368164 43.893096923828125 0
endloop
endfacet
facet normal 0 0 -1
outer loop
vertex 45.199981689453125 36.550052642822266 0
vertex 69.10165405273438 43.49898147583008 0
vertex 59.29998016357422 36.550052642822266 0
endloop
endfacet
facet normal 0 0 -1
outer loop
vertex 70.20269775390625 40.52558898925781 0
vertex 59.29998016357422 33.00004959106445 0
vertex 59.29998016357422 36.550052642822266 0
endloop
endfacet
facet normal 0 0 -1
outer loop
vertex 70.20269775390625 40.52558898925781 0
vertex 59.99998092651367 33.00004959106445 0
vertex 59.29998016357422 33.00004959106445 0
endloop
endfacet
facet normal 0.99998827336494 -0.004842843274900614 -0.0000012730903044962706
outer loop
vertex 72.11307525634766 22.0161190032959 0.20000000298023224
vertex 72.19232177734375 38.37956237792969 0.20000000298023224
vertex 72.13288879394531 26.106979370117188 1.7000000476837158
endloop
endfacet
facet normal -0.0048419578670882354 -0.9999882776533 0
outer loop
vertex 72.11307525634766 22.0161190032959 0.20000000298023224
vertex 71.4130859375 22.019508361816406 1.7000000476837158
vertex 71.4130859375 22.019508361816406 0.20000000298023224
endloop
endfacet
facet normal 0 0 1
outer loop
vertex -30.1500186920166 21.65005111694336 2.200000047683716
vertex -45.85001754760742 21.65005111694336 2.200000047683716
vertex -45.85001754760742 18.35004997253418 2.200000047683716
endloop
endfacet
facet normal -1 0 0
outer loop
vertex -71.50001525878906 -2.95522403717041 0
vertex -71.50001525878906 -2.95522403717041 0.20000000298023224
vertex -71.50001525878906 -0.19538506865501404 0.20000000298023224
endloop
endfacet
facet normal 0 0 1
outer loop
vertex -45.85001754760742 21.65005111694336 2.200000047683716
vertex -49.150020599365234 18.35004997253418 2.200000047683716
vertex -45.85001754760742 18.35004997253418 2.200000047683716
endloop
endfacet
facet normal 0 0 1
outer loop
vertex -64.85002136230469 18.35004997253418 2.200000047683716
vertex -45.85001754760742 21.65005111694336 2.200000047683716
vertex -49.150020599365234 21.65005111694336 2.200000047683716
endloop
endfacet
facet normal 0 0 1
outer loop
vertex -45.85001754760742 21.65005111694336 2.200000047683716
vertex -64.85002136230469 18.35004997253418 2.200000047683716
vertex -49.150020599365234 18.35004997253418 2.200000047683716
endloop
endfacet
facet normal 0 0 -1
outer loop
vertex -64.75001525878906 -11.99994945526123 0
vertex -70.20001983642578 -2.95522403717041 0
vertex -64.75001525878906 -4.999948978424072 0
endloop
endfacet
facet normal 0 0 1
outer loop
vertex -49.150020599365234 18.35004997253418 2.200000047683716
vertex -45.85001754760742 2.6500508785247803 2.200000047683716
vertex -45.85001754760742 18.35004997253418 2.200000047683716
endloop
endfacet
facet normal 0 0 -1
outer loop
vertex 69.78392028808594 -45.94316482543945 0
vertex 47.499691009521484 -37.449947357177734 0
vertex 47.671897888183594 -37.41569519042969 0
endloop
endfacet
facet normal 0 0 -1
outer loop
vertex 69.78392028808594 -45.94316482543945 0
vertex 47.671897888183594 -37.41569519042969 0
vertex 47.81788635253906 -37.318145751953125 0
endloop
endfacet
facet normal 0 0 -1
outer loop
vertex 69.78392028808594 -45.94316482543945 0
vertex 47.81788635253906 -37.318145751953125 0
vertex 47.915435791015625 -37.172157287597656 0
endloop
endfacet
facet normal 0 0 -1
outer loop
vertex 69.78392028808594 -45.94316482543945 0
vertex 47.915435791015625 -37.172157287597656 0
vertex 47.94968795776367 -36.99995040893555 0
endloop
endfacet
facet normal 0 0 -1
outer loop
vertex 69.78392028808594 -45.94316482543945 0
vertex 47.94968795776367 -36.99995040893555 0
vertex 47.915435791015625 -36.82773971557617 0
endloop
endfacet
facet normal 0 0 -1
outer loop
vertex 47.671897888183594 -36.58420181274414 0
vertex 69.78392028808594 -45.94316482543945 0
vertex 47.81788635253906 -36.6817512512207 0
endloop
endfacet
facet normal 0 0 -1
outer loop
vertex 69.78392028808594 -45.94316482543945 0
vertex 47.915435791015625 -36.82773971557617 0
vertex 47.81788635253906 -36.6817512512207 0
endloop
endfacet
facet normal 0 0 -1
outer loop
vertex 69.78392028808594 -45.94316482543945 0
vertex 47.671897888183594 -36.58420181274414 0
vertex 47.671897888183594 -36.145694732666016 0
endloop
endfacet
facet normal 0 0 -1
outer loop
vertex 69.78392028808594 -45.94316482543945 0
vertex 47.671897888183594 -36.145694732666016 0
vertex 47.81788635253906 -36.04814529418945 0
endloop
endfacet
facet normal 0 0 -1
outer loop
vertex 69.78392028808594 -45.94316482543945 0
vertex 47.81788635253906 -36.04814529418945 0
vertex 47.915435791015625 -35.902156829833984 0
endloop
endfacet
facet normal 0 0 -1
outer loop
vertex 69.78392028808594 -45.94316482543945 0
vertex 47.915435791015625 -35.902156829833984 0
vertex 47.94968795776367 -35.729949951171875 0
endloop
endfacet
facet normal 0 0 -1
outer loop
vertex 69.78392028808594 -45.94316482543945 0
vertex 47.94968795776367 -35.729949951171875 0
vertex 49.949981689453125 -34.549949645996094 0
endloop
endfacet
facet normal 0 0 -1
outer loop
vertex 69.78392028808594 -45.94316482543945 0
vertex 49.949981689453125 -34.549949645996094 0
vertex 64.04998016357422 -34.549949645996094 0
endloop
endfacet
facet normal 0 0 -1
outer loop
vertex 69.73936462402344 -46.99995040893555 0
vertex 69.78392028808594 -45.94316482543945 0
vertex 70.79634857177734 -45.94806671142578 0
endloop
endfacet
facet normal 0.7053945959760944 -0.7088148305218525 0
outer loop
vertex 69.73936462402344 -46.99995040893555 0
vertex 70.79634857177734 -45.94806671142578 0
vertex 70.79634857177734 -45.94806671142578 0.20000000298023224
endloop
endfacet
facet normal 0 0 -1
outer loop
vertex 70.11067962646484 21.52581024169922 0
vertex 59.99998092651367 33.00004959106445 0
vertex 70.20269775390625 40.52558898925781 0
endloop
endfacet
facet normal 0 0 -1
outer loop
vertex 70.11067962646484 21.52581024169922 0
vertex 59.99998092651367 26.000051498413086 0
vertex 59.99998092651367 33.00004959106445 0
endloop
endfacet
facet normal 0 0 -1
outer loop
vertex 59.99998092651367 26.000051498413086 0
vertex 59.29998016357422 22.450050354003906 0
vertex 59.29998016357422 26.000051498413086 0
endloop
endfacet
facet normal 0 0 -1
outer loop
vertex 69.78392028808594 -45.94316482543945 0
vertex 64.04998016357422 -34.549949645996094 0
vertex 64.74998474121094 -30.999948501586914 0
endloop
endfacet
facet normal 0 0 -1
outer loop
vertex 70.11067962646484 21.52581024169922 0
vertex 59.29998016357422 22.450050354003906 0
vertex 59.99998092651367 26.000051498413086 0
endloop
endfacet
facet normal 0 0 -1
outer loop
vertex -64.75001525878906 -4.999948978424072 0
vertex -70.20001983642578 -2.95522403717041 0
vertex -64.05001831054688 -1.4499491453170776 0
endloop
endfacet
facet normal 0 0 -1
outer loop
vertex 45.199981689453125 36.550052642822266 0
vertex 31.499980926513672 33.00004959106445 0
vertex 68.2128677368164 43.893096923828125 0
endloop
endfacet
facet normal 0 0 -1
outer loop
vertex 30.79998207092285 36.550052642822266 0
vertex 16.699981689453125 36.550052642822266 0
vertex 68.2128677368164 43.893096923828125 0
endloop
endfacet
facet normal 0.7053922724975544 -0.7088171427813637 0
outer loop
vertex 70.79634857177734 -45.94806671142578 0.20000000298023224
vertex 71.0853042602539 -45.66050720214844 0.20000000298023224
vertex 71.0853042602539 -45.66050720214844 1.7000000476837158
endloop
endfacet
facet normal 0.9999882666911198 -0.004844221308917089 0
outer loop
vertex 71.0853042602539 -45.66050720214844 1.7000000476837158
vertex 71.0853042602539 -45.66050720214844 0.20000000298023224
vertex 71.0863265991211 -45.449466705322266 0.20000000298023224
endloop
endfacet
facet normal -0.00484468259655008 -0.9999882644564078 0
outer loop
vertex 71.78631591796875 -45.452857971191406 0.20000000298023224
vertex 71.0863265991211 -45.449466705322266 1.7000000476837158
vertex 71.0863265991211 -45.449466705322266 0.20000000298023224
endloop
endfacet
facet normal 0.9999882711104713 -0.0048433089402459195 3.0792928033854605e-9
outer loop
vertex 71.78631591796875 -45.452857971191406 0.20000000298023224
vertex 71.86557006835938 -29.089412689208984 0.20000000298023224
vertex 71.8061294555664 -41.361995697021484 1.7000000476837158
endloop
endfacet
facet normal 0 0 -1
outer loop
vertex 64.74998474121094 -30.999948501586914 0
vertex 64.04998016357422 -34.549949645996094 0
vertex 64.04998016357422 -30.999948501586914 0
endloop
endfacet
facet normal 0 0 -1
outer loop
vertex 69.78392028808594 -45.94316482543945 0
vertex 64.74998474121094 -30.999948501586914 0
vertex 69.87593841552734 -26.943387985229492 0
endloop
endfacet
facet normal 0 0 -1
outer loop
vertex 31.499980926513672 33.00004959106445 0
vertex 30.79998207092285 36.550052642822266 0
vertex 68.2128677368164 43.893096923828125 0
endloop
endfacet
facet normal 0 0 -1
outer loop
vertex 44.49998092651367 33.00004959106445 0
vertex 45.199981689453125 36.550052642822266 0
vertex 45.199981689453125 33.00004959106445 0
endloop
endfacet
facet normal 0 0 -1
outer loop
vertex 69.87593841552734 -26.943387985229492 0
vertex 64.74998474121094 -30.999948501586914 0
vertex 64.74998474121094 -23.999948501586914 0
endloop
endfacet
facet normal 0 0 -1
outer loop
vertex 69.87593841552734 -26.943387985229492 0
vertex 64.74998474121094 -23.999948501586914 0
vertex 69.89283752441406 -23.453506469726562 0
endloop
endfacet
facet normal 0 0 -1
outer loop
vertex 69.87593841552734 -26.943387985229492 0
vertex 71.19282531738281 -23.459802627563477 0
vertex 71.1759262084961 -26.949684143066406 0
endloop
endfacet
facet normal 0 0 -1
outer loop
vertex 44.49998092651367 33.00004959106445 0
vertex 31.499980926513672 33.00004959106445 0
vertex 45.199981689453125 36.550052642822266 0
endloop
endfacet
facet normal 0.9999882761943494 -0.004842259168336028 0
outer loop
vertex 71.1759262084961 -26.949684143066406 0.20000000298023224
vertex 71.1759262084961 -26.949684143066406 0
vertex 71.19282531738281 -23.459802627563477 0
endloop
endfacet
facet normal 0 0 -1
outer loop
vertex 71.19282531738281 -23.459802627563477 0
vertex 69.87593841552734 -26.943387985229492 0
vertex 69.89283752441406 -23.453506469726562 0
endloop
endfacet
facet normal 0 0 -1
outer loop
vertex -64.75001525878906 -4.999948978424072 0
vertex -64.05001831054688 -1.4499491453170776 0
vertex -64.05001831054688 -4.999948978424072 0
endloop
endfacet
facet normal 0.9999882761943494 -0.004842259168336028 0
outer loop
vertex 71.1759262084961 -26.949684143066406 0.20000000298023224
vertex 71.19282531738281 -23.459802627563477 0
vertex 71.19282531738281 -23.459802627563477 0.20000000298023224
endloop
endfacet
facet normal -1 0 0
outer loop
vertex -72.20001983642578 -3.45522403717041 0.20000000298023224
vertex -72.20001983642578 -19.81886100769043 0.20000000298023224
vertex -72.20001983642578 -7.546133041381836 1.7000000476837158
endloop
endfacet
facet normal 0 0 -1
outer loop
vertex 44.49998092651367 26.000051498413086 0
vertex 31.499980926513672 33.00004959106445 0
vertex 44.49998092651367 33.00004959106445 0
endloop
endfacet
facet normal 0 0 -1
outer loop
vertex 45.199981689453125 22.450050354003906 0
vertex 44.49998092651367 26.000051498413086 0
vertex 45.199981689453125 26.000051498413086 0
endloop
endfacet
facet normal 0 0 -1
outer loop
vertex 45.199981689453125 22.450050354003906 0
vertex 30.949981689453125 17.550050735473633 0
vertex 44.49998092651367 26.000051498413086 0
endloop
endfacet
facet normal 0.999988266599264 -0.004844240270593556 0
outer loop
vertex 71.86557006835938 -29.089412689208984 0.20000000298023224
vertex 71.87349700927734 -27.453067779541016 0.20000000298023224
vertex 71.87349700927734 -27.453067779541016 1.7000000476837158
endloop
endfacet
facet normal 0.9999882275554314 -0.00485229332859228 0
outer loop
vertex 71.17350006103516 -27.449678421020508 0.20000000298023224
vertex 71.1759262084961 -26.949684143066406 0.20000000298023224
vertex 71.1759262084961 -26.949684143066406 1.7000000476837158
endloop
endfacet
facet normal 0.0048419050949427165 0.9999882779088222 0
outer loop
vertex 71.87349700927734 -27.453067779541016 0.20000000298023224
vertex 71.17350006103516 -27.449678421020508 0.20000000298023224
vertex 71.87349700927734 -27.453067779541016 1.7000000476837158
endloop
endfacet
facet normal 0.9999882761943495 -0.004842259168336029 0
outer loop
vertex 71.1759262084961 -26.949684143066406 1.7000000476837158
vertex 71.1759262084961 -26.949684143066406 0.20000000298023224
vertex 71.19282531738281 -23.459802627563477 0.20000000298023224
endloop
endfacet
facet normal 0.999988301404379 -0.004837034901754219 0.000012154997906387917
outer loop
vertex 71.1759262084961 -26.949684143066406 1.7000000476837158
vertex 71.19282531738281 -23.459802627563477 0.20000000298023224
vertex 71.19524383544922 -22.959808349609375 0.20000000298023224
endloop
endfacet
facet normal 0 1 0
outer loop
vertex -71.50001525878906 -3.45522403717041 0.20000000298023224
vertex -72.20001983642578 -3.45522403717041 0.20000000298023224
vertex -71.50001525878906 -3.45522403717041 1.7000000476837158
endloop
endfacet
facet normal 0.9999882761887559 -0.004842259168308943 0.000003344760378558033
outer loop
vertex 71.39376068115234 18.029632568359375 1.7000000476837158
vertex 71.4130859375 22.019508361816406 0.20000000298023224
vertex 71.41065979003906 21.519514083862305 1.7000000476837158
endloop
endfacet
facet normal 0.9999883014782501 -0.00483703490211154 0
outer loop
vertex 71.39134216308594 17.529638290405273 1.7000000476837158
vertex 71.39134216308594 17.529638290405273 0.20000000298023224
vertex 71.39376068115234 18.029632568359375 1.7000000476837158
endloop
endfacet
facet normal 0.0048419578670882354 0.9999882776533 0
outer loop
vertex 72.0913314819336 17.526248931884766 1.7000000476837158
vertex 71.39134216308594 17.529638290405273 0.20000000298023224
vertex 71.39134216308594 17.529638290405273 1.7000000476837158
endloop
endfacet
facet normal 0.9999882732331777 -0.0048428704179461065 -0.0000014974816316557482
outer loop
vertex 72.02397155761719 3.617321252822876 1.7000000476837158
vertex 72.08340454101562 15.889904975891113 0.20000000298023224
vertex 72.0913314819336 17.526248931884766 1.7000000476837158
endloop
endfacet
facet normal -1 0 0
outer loop
vertex -71.50001525878906 -2.95522403717041 0.20000000298023224
vertex -71.50001525878906 -3.45522403717041 0.20000000298023224
vertex -71.50001525878906 -0.19538506865501404 1.7000000476837158
endloop
endfacet
facet normal 0 0 -1
outer loop
vertex -49.95001983642578 -23.999948501586914 0
vertex -49.95001983642578 -20.449949264526367 0
vertex -49.25001907348633 -23.999948501586914 0
endloop
endfacet
facet normal 0 0 -1
outer loop
vertex -49.25001907348633 -23.999948501586914 0
vertex -49.95001983642578 -20.449949264526367 0
vertex -45.050018310546875 -20.449949264526367 0
endloop
endfacet
facet normal 0 0 -1
outer loop
vertex -45.75001907348633 -23.999948501586914 0
vertex -49.25001907348633 -23.999948501586914 0
vertex -45.050018310546875 -20.449949264526367 0
endloop
endfacet
facet normal 0 0 1
outer loop
vertex -45.85001754760742 -0.6499490737915039 2.200000047683716
vertex -30.1500186920166 2.6500508785247803 2.200000047683716
vertex -45.85001754760742 2.6500508785247803 2.200000047683716
endloop
endfacet
facet normal 0 0 -1
outer loop
vertex -45.75001907348633 -23.999948501586914 0
vertex -45.050018310546875 -20.449949264526367 0
vertex -45.050018310546875 -23.999948501586914 0
endloop
endfacet
facet normal 0.9999882711092749 -0.004843309187227972 0
outer loop
vertex 72.00415802001953 -0.4735398590564728 1.7000000476837158
vertex 72.00415802001953 -0.4735398590564728 0.20000000298023224
vertex 72.02397155761719 3.617321252822876 1.7000000476837158
endloop
endfacet
facet normal 0 0 1
outer loop
vertex -45.85001754760742 2.6500508785247803 2.200000047683716
vertex -49.150020599365234 18.35004997253418 2.200000047683716
vertex -49.150020599365234 2.6500508785247803 2.200000047683716
endloop
endfacet
facet normal 0 0 1
outer loop
vertex -49.150020599365234 -0.6499490737915039 2.200000047683716
vertex -45.85001754760742 2.6500508785247803 2.200000047683716
vertex -49.150020599365234 2.6500508785247803 2.200000047683716
endloop
endfacet
facet normal 0 0 1
outer loop
vertex -45.85001754760742 -0.6499490737915039 2.200000047683716
vertex -45.85001754760742 2.6500508785247803 2.200000047683716
vertex -49.150020599365234 -0.6499490737915039 2.200000047683716
endloop
endfacet
facet normal -0.004842979640649068 -0.9999882727053354 0
outer loop
vertex 71.30416870117188 -0.47014978528022766 1.7000000476837158
vertex 72.00415802001953 -0.4735398590564728 0.20000000298023224
vertex 72.00415802001953 -0.4735398590564728 1.7000000476837158
endloop
endfacet
facet normal 0.9999882275484145 -0.004852294774671312 0
outer loop
vertex 71.30174255371094 -0.9701439142227173 1.7000000476837158
vertex 71.30416870117188 -0.47014978528022766 0.20000000298023224
vertex 71.30416870117188 -0.47014978528022766 1.7000000476837158
endloop
endfacet
facet normal 0 0 -1
outer loop
vertex -45.050018310546875 -20.449949264526367 0
vertex -49.95001983642578 -20.449949264526367 0
vertex -45.050018310546875 -15.549948692321777 0
endloop
endfacet
facet normal 0 0 -1
outer loop
vertex -45.050018310546875 -15.549948692321777 0
vertex -49.95001983642578 -20.449949264526367 0
vertex -49.95001983642578 -15.549948692321777 0
endloop
endfacet
facet normal 0 0 -1
outer loop
vertex -45.050018310546875 -15.549948692321777 0
vertex -49.95001983642578 -15.549948692321777 0
vertex -49.95001983642578 -11.99994945526123 0
endloop
endfacet
facet normal 0 0 -1
outer loop
vertex -49.95001983642578 -11.99994945526123 0
vertex -49.25001907348633 -11.99994945526123 0
vertex -45.050018310546875 -15.549948692321777 0
endloop
endfacet
facet normal 0 0 -1
outer loop
vertex -45.050018310546875 -15.549948692321777 0
vertex -49.25001907348633 -11.99994945526123 0
vertex -45.75001907348633 -11.99994945526123 0
endloop
endfacet
facet normal 0 0 1
outer loop
vertex -64.85002136230469 21.65005111694336 2.200000047683716
vertex -70.20001983642578 18.804615020751953 2.200000047683716
vertex -49.150020599365234 21.65005111694336 2.200000047683716
endloop
endfacet
facet normal 0 0 1
outer loop
vertex -49.150020599365234 21.65005111694336 2.200000047683716
vertex -70.20001983642578 18.804615020751953 2.200000047683716
vertex -64.85002136230469 18.35004997253418 2.200000047683716
endloop
endfacet
facet normal 0 0 1
outer loop
vertex -70.20001983642578 18.804615020751953 2.200000047683716
vertex -64.85002136230469 21.65005111694336 2.200000047683716
vertex -70.20001983642578 21.564453125 2.200000047683716
endloop
endfacet
facet normal 0 0 1
outer loop
vertex -71.50001525878906 21.564453125 2.200000047683716
vertex -70.20001983642578 18.804615020751953 2.200000047683716
vertex -70.20001983642578 21.564453125 2.200000047683716
endloop
endfacet
facet normal 0 0 1
outer loop
vertex -71.50001525878906 21.564453125 2.200000047683716
vertex -71.50001525878906 18.804615020751953 2.200000047683716
vertex -70.20001983642578 18.804615020751953 2.200000047683716
endloop
endfacet
facet normal 0 0 -1
outer loop
vertex -45.75001907348633 -11.99994945526123 0
vertex -45.050018310546875 -11.99994945526123 0
vertex -45.050018310546875 -15.549948692321777 0
endloop
endfacet
facet normal 0 0 -1
outer loop
vertex -45.050018310546875 -20.449949264526367 0
vertex -45.050018310546875 -15.549948692321777 0
vertex -30.95001792907715 -15.549948692321777 0
endloop
endfacet
facet normal 0 0 1
outer loop
vertex -70.20001983642578 18.804615020751953 2.200000047683716
vertex -64.85002136230469 2.6500508785247803 2.200000047683716
vertex -64.85002136230469 18.35004997253418 2.200000047683716
endloop
endfacet
facet normal 0 0 -1
outer loop
vertex -45.75001907348633 -11.99994945526123 0
vertex -49.25001907348633 -11.99994945526123 0
vertex -49.25001907348633 -4.999948978424072 0
endloop
endfacet
facet normal 0 0 -1
outer loop
vertex -45.75001907348633 -11.99994945526123 0
vertex -49.25001907348633 -4.999948978424072 0
vertex -45.75001907348633 -4.999948978424072 0
endloop
endfacet
facet normal 0 0 -1
outer loop
vertex -49.95001983642578 -4.999948978424072 0
vertex -49.95001983642578 -1.4499491453170776 0
vertex -49.25001907348633 -4.999948978424072 0
endloop
endfacet
facet normal 0 0 -1
outer loop
vertex -49.25001907348633 -4.999948978424072 0
vertex -49.95001983642578 -1.4499491453170776 0
vertex -45.050018310546875 -1.4499491453170776 0
endloop
endfacet
facet normal 0 0 -1
outer loop
vertex -45.75001907348633 -4.999948978424072 0
vertex -49.25001907348633 -4.999948978424072 0
vertex -45.050018310546875 -1.4499491453170776 0
endloop
endfacet
facet normal 0 0 -1
outer loop
vertex -45.75001907348633 -4.999948978424072 0
vertex -45.050018310546875 -1.4499491453170776 0
vertex -45.050018310546875 -4.999948978424072 0
endloop
endfacet
facet normal -1 0 0
outer loop
vertex -71.50001525878906 -21.955223083496094 1.7000000476837158
vertex -71.50001525878906 -25.215063095092773 0.20000000298023224
vertex -71.50001525878906 -24.715063095092773 1.7000000476837158
endloop
endfacet
facet normal 0 -1 0
outer loop
vertex -72.20001983642578 -21.455223083496094 1.7000000476837158
vertex -71.50001525878906 -21.455223083496094 0.20000000298023224
vertex -71.50001525878906 -21.455223083496094 1.7000000476837158
endloop
endfacet
facet normal -1 0 0
outer loop
vertex -71.50001525878906 -21.455223083496094 1.7000000476837158
vertex -71.50001525878906 -21.455223083496094 0.20000000298023224
vertex -71.50001525878906 -21.955223083496094 1.7000000476837158
endloop
endfacet
facet normal 0.999988227282919 -0.004852293327269954 -0.00002334590086871395
outer loop
vertex 71.39376068115234 18.029632568359375 1.7000000476837158
vertex 71.41065979003906 21.519514083862305 0.20000000298023224
vertex 71.4130859375 22.019508361816406 0.20000000298023224
endloop
endfacet
facet normal 0.9999882761943495 -0.004842259168336029 0
outer loop
vertex 71.39376068115234 18.029632568359375 1.7000000476837158
vertex 71.39376068115234 18.029632568359375 0.20000000298023224
vertex 71.41065979003906 21.519514083862305 0.20000000298023224
endloop
endfacet
facet normal 0.9999883014782501 -0.00483703490211154 0
outer loop
vertex 71.39134216308594 17.529638290405273 0.20000000298023224
vertex 71.39376068115234 18.029632568359375 0.20000000298023224
vertex 71.39376068115234 18.029632568359375 1.7000000476837158
endloop
endfacet
facet normal 0.0048419578670882354 0.9999882776533 0
outer loop
vertex 72.0913314819336 17.526248931884766 0.20000000298023224
vertex 71.39134216308594 17.529638290405273 0.20000000298023224
vertex 72.0913314819336 17.526248931884766 1.7000000476837158
endloop
endfacet
facet normal 0.9999882665855876 -0.004844243093789192 0
outer loop
vertex 72.08340454101562 15.889904975891113 0.20000000298023224
vertex 72.0913314819336 17.526248931884766 0.20000000298023224
vertex 72.0913314819336 17.526248931884766 1.7000000476837158
endloop
endfacet
facet normal -1 0 0
outer loop
vertex -72.20001983642578 -7.546133041381836 1.7000000476837158
vertex -72.20001983642578 -19.81886100769043 0.20000000298023224
vertex -72.20001983642578 -21.455223083496094 1.7000000476837158
endloop
endfacet
facet normal 0 0 1
outer loop
vertex -64.85002136230469 -0.6499490737915039 2.200000047683716
vertex -49.150020599365234 -0.6499490737915039 2.200000047683716
vertex -49.150020599365234 2.6500508785247803 2.200000047683716
endloop
endfacet
facet normal 0 0 1
outer loop
vertex -64.85002136230469 -0.6499490737915039 2.200000047683716
vertex -49.150020599365234 2.6500508785247803 2.200000047683716
vertex -64.85002136230469 2.6500508785247803 2.200000047683716
endloop
endfacet
facet normal 0 0 1
outer loop
vertex -70.20001983642578 -0.19538506865501404 2.200000047683716
vertex -64.85002136230469 2.6500508785247803 2.200000047683716
vertex -70.20001983642578 18.804615020751953 2.200000047683716
endloop
endfacet
facet normal 0 0 1
outer loop
vertex -64.85002136230469 -0.6499490737915039 2.200000047683716
vertex -64.85002136230469 2.6500508785247803 2.200000047683716
vertex -70.20001983642578 -2.95522403717041 2.200000047683716
endloop
endfacet
facet normal 0 0 1
outer loop
vertex -70.20001983642578 -0.19538506865501404 2.200000047683716
vertex -70.20001983642578 -2.95522403717041 2.200000047683716
vertex -64.85002136230469 2.6500508785247803 2.200000047683716
endloop
endfacet
facet normal 0 0 1
outer loop
vertex -71.50001525878906 -0.19538506865501404 2.200000047683716
vertex -70.20001983642578 -2.95522403717041 2.200000047683716
vertex -70.20001983642578 -0.19538506865501404 2.200000047683716
endloop
endfacet
facet normal -1 0 0
outer loop
vertex -71.50001525878906 21.564453125 1.7000000476837158
vertex -71.50001525878906 18.804615020751953 2.200000047683716
vertex -71.50001525878906 21.564453125 2.200000047683716
endloop
endfacet
facet normal -1 0 0
outer loop
vertex -72.20001983642578 -7.546133041381836 1.7000000476837158
vertex -72.20001983642578 -3.45522403717041 1.7000000476837158
vertex -72.20001983642578 -3.45522403717041 0.20000000298023224
endloop
endfacet
facet normal 0.9999882761943494 -0.004842259168336028 0
outer loop
vertex 71.39376068115234 18.029632568359375 0.20000000298023224
vertex 71.41065979003906 21.519514083862305 0
vertex 71.41065979003906 21.519514083862305 0.20000000298023224
endloop
endfacet
facet normal -1 0 0
outer loop
vertex -71.50001525878906 21.564453125 1.7000000476837158
vertex -71.50001525878906 18.804615020751953 1.7000000476837158
vertex -71.50001525878906 18.804615020751953 2.200000047683716
endloop
endfacet
facet normal 0.9999882761943494 -0.004842259168336028 0
outer loop
vertex 71.39376068115234 18.029632568359375 0.20000000298023224
vertex 71.39376068115234 18.029632568359375 0
vertex 71.41065979003906 21.519514083862305 0
endloop
endfacet
facet normal 0 0 -1
outer loop
vertex 71.39376068115234 18.029632568359375 0
vertex 70.0937728881836 18.03592872619629 0
vertex 71.41065979003906 21.519514083862305 0
endloop
endfacet
facet normal 0 0 -1
outer loop
vertex 71.41065979003906 21.519514083862305 0
vertex 64.04998016357422 17.550050735473633 0
vertex 70.11067962646484 21.52581024169922 0
endloop
endfacet
facet normal 0 0 -1
outer loop
vertex 70.0937728881836 18.03592872619629 0
vertex 64.04998016357422 17.550050735473633 0
vertex 71.41065979003906 21.519514083862305 0
endloop
endfacet
facet normal 0 0 -1
outer loop
vertex 70.00176239013672 -0.9638479948043823 0
vertex 64.04998016357422 17.550050735473633 0
vertex 70.0937728881836 18.03592872619629 0
endloop
endfacet
facet normal 0 0 -1
outer loop
vertex 64.04998016357422 17.550050735473633 0
vertex 64.74998474121094 14.00005054473877 0
vertex 64.04998016357422 14.00005054473877 0
endloop
endfacet
facet normal 0 0 -1
outer loop
vertex 70.00176239013672 -0.9638479948043823 0
vertex 64.74998474121094 14.00005054473877 0
vertex 64.04998016357422 17.550050735473633 0
endloop
endfacet
facet normal -1 0 0
outer loop
vertex -71.50001525878906 -0.19538506865501404 1.7000000476837158
vertex -71.50001525878906 -2.95522403717041 2.200000047683716
vertex -71.50001525878906 -0.19538506865501404 2.200000047683716
endloop
endfacet
facet normal 0 0 -1
outer loop
vertex 49.949981689453125 17.550050735473633 0
vertex 70.11067962646484 21.52581024169922 0
vertex 64.04998016357422 17.550050735473633 0
endloop
endfacet
facet normal 0 0 -1
outer loop
vertex 49.949981689453125 17.550050735473633 0
vertex 59.29998016357422 22.450050354003906 0
vertex 70.11067962646484 21.52581024169922 0
endloop
endfacet
facet normal 0.9999882733670346 -0.004842842842723591 -0.0000012718635167068997
outer loop
vertex 72.00415802001953 -0.4735398590564728 0.20000000298023224
vertex 72.08340454101562 15.889904975891113 0.20000000298023224
vertex 72.02397155761719 3.617321252822876 1.7000000476837158
endloop
endfacet
facet normal 0 1 0
outer loop
vertex -71.50001525878906 -3.45522403717041 1.7000000476837158
vertex -72.20001983642578 -3.45522403717041 0.20000000298023224
vertex -72.20001983642578 -3.45522403717041 1.7000000476837158
endloop
endfacet
facet normal 0 0 -1
outer loop
vertex -30.95001792907715 36.550052642822266 0
vertex -45.050018310546875 36.550052642822266 0
vertex 68.2128677368164 43.893096923828125 0
endloop
endfacet
facet normal 0 0 -1
outer loop
vertex -7.750019073486328 33.00004959106445 0
vertex -7.050018787384033 36.550052642822266 0
vertex -7.050018787384033 33.00004959106445 0
endloop
endfacet
facet normal 0 0 -1
outer loop
vertex -7.750019073486328 33.00004959106445 0
vertex -11.250019073486328 33.00004959106445 0
vertex -7.050018787384033 36.550052642822266 0
endloop
endfacet
facet normal 0 0 -1
outer loop
vertex -45.050018310546875 36.550052642822266 0
vertex -70.20001983642578 40.564453125 0
vertex 68.2128677368164 43.893096923828125 0
endloop
endfacet
facet normal 0 0 -1
outer loop
vertex -11.250019073486328 33.00004959106445 0
vertex -11.950018882751465 36.550052642822266 0
vertex -7.050018787384033 36.550052642822266 0
endloop
endfacet
facet normal 0 0 -1
outer loop
vertex -11.950018882751465 33.00004959106445 0
vertex -11.950018882751465 36.550052642822266 0
vertex -11.250019073486328 33.00004959106445 0
endloop
endfacet
facet normal 0 0 -1
outer loop
vertex -7.750019073486328 26.000051498413086 0
vertex -11.250019073486328 33.00004959106445 0
vertex -7.750019073486328 33.00004959106445 0
endloop
endfacet
facet normal 0 0 -1
outer loop
vertex -7.750019073486328 26.000051498413086 0
vertex -7.050018787384033 26.000051498413086 0
vertex -7.050018787384033 22.450050354003906 0
endloop
endfacet
facet normal 0 0 -1
outer loop
vertex -7.050018787384033 22.450050354003906 0
vertex -11.950018882751465 22.450050354003906 0
vertex -7.750019073486328 26.000051498413086 0
endloop
endfacet
facet normal 0 0 -1
outer loop
vertex -7.750019073486328 26.000051498413086 0
vertex -11.250019073486328 26.000051498413086 0
vertex -11.250019073486328 33.00004959106445 0
endloop
endfacet
facet normal 0 0 -1
outer loop
vertex -11.950018882751465 22.450050354003906 0
vertex -11.250019073486328 26.000051498413086 0
vertex -7.750019073486328 26.000051498413086 0
endloop
endfacet
facet normal 0 0 -1
outer loop
vertex -11.950018882751465 22.450050354003906 0
vertex -11.950018882751465 26.000051498413086 0
vertex -11.250019073486328 26.000051498413086 0
endloop
endfacet
facet normal 0 0 -1
outer loop
vertex 68.2128677368164 43.893096923828125 0
vertex -68.77019500732422 43.650230407714844 0
vertex -67.92384338378906 44.00041198730469 0
endloop
endfacet
facet normal 0 0 -1
outer loop
vertex 68.2128677368164 43.893096923828125 0
vertex -71.14986419677734 41.27056121826172 0
vertex -68.77019500732422 43.650230407714844 0
endloop
endfacet
facet normal 0 0 -1
outer loop
vertex 68.2128677368164 43.893096923828125 0
vertex -71.44234466552734 40.564453125 0
vertex -71.14986419677734 41.27056121826172 0
endloop
endfacet
facet normal 0 0 -1
outer loop
vertex -70.20001983642578 40.564453125 0
vertex -71.44234466552734 40.564453125 0
vertex 68.2128677368164 43.893096923828125 0
endloop
endfacet
facet normal 0 0 -1
outer loop
vertex -26.750019073486328 33.00004959106445 0
vertex -26.050018310546875 36.550052642822266 0
vertex -26.050018310546875 33.00004959106445 0
endloop
endfacet
facet normal 0 0 -1
outer loop
vertex -26.750019073486328 33.00004959106445 0
vertex -30.250019073486328 33.00004959106445 0
vertex -26.050018310546875 36.550052642822266 0
endloop
endfacet
facet normal 0 0 -1
outer loop
vertex -30.250019073486328 33.00004959106445 0
vertex -30.95001792907715 36.550052642822266 0
vertex -26.050018310546875 36.550052642822266 0
endloop
endfacet
facet normal 0 0 -1
outer loop
vertex -30.95001792907715 33.00004959106445 0
vertex -30.95001792907715 36.550052642822266 0
vertex -30.250019073486328 33.00004959106445 0
endloop
endfacet
facet normal 0 0 -1
outer loop
vertex -26.750019073486328 26.000051498413086 0
vertex -26.050018310546875 26.000051498413086 0
vertex -26.050018310546875 22.450050354003906 0
endloop
endfacet
facet normal 0 0 -1
outer loop
vertex -26.750019073486328 26.000051498413086 0
vertex -30.250019073486328 33.00004959106445 0
vertex -26.750019073486328 33.00004959106445 0
endloop
endfacet
facet normal 0 0 -1
outer loop
vertex -26.750019073486328 26.000051498413086 0
vertex -30.250019073486328 26.000051498413086 0
vertex -30.250019073486328 33.00004959106445 0
endloop
endfacet
facet normal 0 0 -1
outer loop
vertex -26.750019073486328 26.000051498413086 0
vertex -30.95001792907715 22.450050354003906 0
vertex -30.250019073486328 26.000051498413086 0
endloop
endfacet
facet normal 0 0 -1
outer loop
vertex -30.95001792907715 22.450050354003906 0
vertex -30.95001792907715 26.000051498413086 0
vertex -30.250019073486328 26.000051498413086 0
endloop
endfacet
facet normal 0 0 -1
outer loop
vertex -26.050018310546875 22.450050354003906 0
vertex -30.95001792907715 22.450050354003906 0
vertex -26.750019073486328 26.000051498413086 0
endloop
endfacet
facet normal 0 0 -1
outer loop
vertex -7.050018787384033 17.550050735473633 0
vertex -11.950018882751465 17.550050735473633 0
vertex 7.049981117248535 22.450050354003906 0
endloop
endfacet
facet normal 0 0 -1
outer loop
vertex 7.049981117248535 22.450050354003906 0
vertex -26.050018310546875 17.550050735473633 0
vertex -7.050018787384033 22.450050354003906 0
endloop
endfacet
facet normal 0 0 -1
outer loop
vertex -7.750019073486328 14.00005054473877 0
vertex -7.050018787384033 17.550050735473633 0
vertex -7.050018787384033 14.00005054473877 0
endloop
endfacet
facet normal 0 0 -1
outer loop
vertex -7.750019073486328 14.00005054473877 0
vertex -11.250019073486328 14.00005054473877 0
vertex -7.050018787384033 17.550050735473633 0
endloop
endfacet
facet normal 0 0 -1
outer loop
vertex -7.750019073486328 7.000051021575928 0
vertex -11.250019073486328 14.00005054473877 0
vertex -7.750019073486328 14.00005054473877 0
endloop
endfacet
facet normal 0 0 -1
outer loop
vertex -26.050018310546875 17.550050735473633 0
vertex 7.049981117248535 22.450050354003906 0
vertex -11.950018882751465 17.550050735473633 0
endloop
endfacet
facet normal 0 0 -1
outer loop
vertex -11.250019073486328 14.00005054473877 0
vertex -11.950018882751465 17.550050735473633 0
vertex -7.050018787384033 17.550050735473633 0
endloop
endfacet
facet normal 0 0 -1
outer loop
vertex -26.050018310546875 17.550050735473633 0
vertex -11.950018882751465 22.450050354003906 0
vertex -7.050018787384033 22.450050354003906 0
endloop
endfacet
facet normal 0 0 -1
outer loop
vertex -11.950018882751465 14.00005054473877 0
vertex -11.950018882751465 17.550050735473633 0
vertex -11.250019073486328 14.00005054473877 0
endloop
endfacet
facet normal 0 0 -1
outer loop
vertex -7.750019073486328 7.000051021575928 0
vertex -7.050018787384033 7.000051021575928 0
vertex -7.050018787384033 3.4500508308410645 0
endloop
endfacet
facet normal 0 0 -1
outer loop
vertex -7.050018787384033 3.4500508308410645 0
vertex -11.250019073486328 7.000051021575928 0
vertex -7.750019073486328 7.000051021575928 0
endloop
endfacet
facet normal 0 0 -1
outer loop
vertex -7.050018787384033 3.4500508308410645 0
vertex 7.049981117248535 3.4500508308410645 0
vertex -7.050018787384033 -1.4499491453170776 0
endloop
endfacet
facet normal 0 0 -1
outer loop
vertex -7.050018787384033 -1.4499491453170776 0
vertex -11.950018882751465 -1.4499491453170776 0
vertex -7.050018787384033 3.4500508308410645 0
endloop
endfacet
facet normal 0 0 -1
outer loop
vertex -11.250019073486328 7.000051021575928 0
vertex -11.250019073486328 14.00005054473877 0
vertex -7.750019073486328 7.000051021575928 0
endloop
endfacet
facet normal 0 0 -1
outer loop
vertex -7.050018787384033 3.4500508308410645 0
vertex -11.950018882751465 7.000051021575928 0
vertex -11.250019073486328 7.000051021575928 0
endloop
endfacet
facet normal 0 0 -1
outer loop
vertex -7.050018787384033 3.4500508308410645 0
vertex -11.950018882751465 3.4500508308410645 0
vertex -11.950018882751465 7.000051021575928 0
endloop
endfacet
facet normal 0 0 -1
outer loop
vertex -11.950018882751465 -1.4499491453170776 0
vertex -11.950018882751465 3.4500508308410645 0
vertex -7.050018787384033 3.4500508308410645 0
endloop
endfacet
facet normal 0 0 -1
outer loop
vertex -26.050018310546875 -1.4499491453170776 0
vertex -11.950018882751465 3.4500508308410645 0
vertex -11.950018882751465 -1.4499491453170776 0
endloop
endfacet
facet normal 0 0 -1
outer loop
vertex -26.050018310546875 17.550050735473633 0
vertex -26.050018310546875 22.450050354003906 0
vertex -11.950018882751465 22.450050354003906 0
endloop
endfacet
facet normal 0 0 -1
outer loop
vertex -26.750019073486328 14.00005054473877 0
vertex -26.050018310546875 17.550050735473633 0
vertex -26.050018310546875 14.00005054473877 0
endloop
endfacet
facet normal 0 0 -1
outer loop
vertex -26.050018310546875 17.550050735473633 0
vertex -30.95001792907715 22.450050354003906 0
vertex -26.050018310546875 22.450050354003906 0
endloop
endfacet
facet normal 0 0 -1
outer loop
vertex -26.050018310546875 17.550050735473633 0
vertex -30.95001792907715 17.550050735473633 0
vertex -30.95001792907715 22.450050354003906 0
endloop
endfacet
facet normal 0 0 -1
outer loop
vertex -26.050018310546875 17.550050735473633 0
vertex -30.250019073486328 14.00005054473877 0
vertex -30.95001792907715 17.550050735473633 0
endloop
endfacet
facet normal 0 0 -1
outer loop
vertex -30.95001792907715 17.550050735473633 0
vertex -45.050018310546875 22.450050354003906 0
vertex -30.95001792907715 22.450050354003906 0
endloop
endfacet
facet normal 0 0 -1
outer loop
vertex -26.750019073486328 14.00005054473877 0
vertex -30.250019073486328 14.00005054473877 0
vertex -26.050018310546875 17.550050735473633 0
endloop
endfacet
facet normal 0 0 -1
outer loop
vertex -30.95001792907715 14.00005054473877 0
vertex -30.95001792907715 17.550050735473633 0
vertex -30.250019073486328 14.00005054473877 0
endloop
endfacet
facet normal 0 0 -1
outer loop
vertex -26.750019073486328 7.000051021575928 0
vertex -30.250019073486328 14.00005054473877 0
vertex -26.750019073486328 14.00005054473877 0
endloop
endfacet
facet normal 0 0 -1
outer loop
vertex -26.750019073486328 7.000051021575928 0
vertex -26.050018310546875 7.000051021575928 0
vertex -26.050018310546875 3.4500508308410645 0
endloop
endfacet
facet normal 0 0 -1
outer loop
vertex -11.950018882751465 3.4500508308410645 0
vertex -30.95001792907715 -1.4499491453170776 0
vertex -26.050018310546875 3.4500508308410645 0
endloop
endfacet
facet normal 0 0 -1
outer loop
vertex -26.050018310546875 -1.4499491453170776 0
vertex -30.95001792907715 -1.4499491453170776 0
vertex -11.950018882751465 3.4500508308410645 0
endloop
endfacet
facet normal 0 0 -1
outer loop
vertex -26.750019073486328 7.000051021575928 0
vertex -30.250019073486328 7.000051021575928 0
vertex -30.250019073486328 14.00005054473877 0
endloop
endfacet
facet normal 0 0 -1
outer loop
vertex -26.750019073486328 7.000051021575928 0
vertex -30.95001792907715 3.4500508308410645 0
vertex -30.250019073486328 7.000051021575928 0
endloop
endfacet
facet normal 0 0 -1
outer loop
vertex -26.050018310546875 3.4500508308410645 0
vertex -30.95001792907715 3.4500508308410645 0
vertex -26.750019073486328 7.000051021575928 0
endloop
endfacet
facet normal 0 0 -1
outer loop
vertex -30.95001792907715 3.4500508308410645 0
vertex -30.95001792907715 7.000051021575928 0
vertex -30.250019073486328 7.000051021575928 0
endloop
endfacet
facet normal 0 0 -1
outer loop
vertex -30.95001792907715 3.4500508308410645 0
vertex -26.050018310546875 3.4500508308410645 0
vertex -30.95001792907715 -1.4499491453170776 0
endloop
endfacet
facet normal 0 0 -1
outer loop
vertex -30.95001792907715 -1.4499491453170776 0
vertex -45.050018310546875 3.4500508308410645 0
vertex -30.95001792907715 3.4500508308410645 0
endloop
endfacet
facet normal -0.9238785764208814 0.38268574055749116 -0.0000021189676735161432
outer loop
vertex -71.14986419677734 41.27056121826172 2.200000047683716
vertex -71.50001525878906 40.42521667480469 0.20000000298023224
vertex -71.44234466552734 40.564453125 1.7000000476837158
endloop
endfacet
facet normal -0.9238866471484247 0.38266625565999685 0
outer loop
vertex -71.50001525878906 40.42521667480469 0.20000000298023224
vertex -71.50001525878906 40.42521667480469 1.7000000476837158
vertex -71.44234466552734 40.564453125 1.7000000476837158
endloop
endfacet
facet normal -1 0 0
outer loop
vertex -71.50001525878906 40.42521667480469 1.7000000476837158
vertex -71.50001525878906 40.064453125 0.20000000298023224
vertex -71.50001525878906 40.064453125 1.7000000476837158
endloop
endfacet
facet normal 0 1 0
outer loop
vertex -71.50001525878906 40.064453125 1.7000000476837158
vertex -72.20001983642578 40.064453125 0.20000000298023224
vertex -72.20001983642578 40.064453125 1.7000000476837158
endloop
endfacet
facet normal -1 0 0
outer loop
vertex -72.20001983642578 35.97354507446289 1.7000000476837158
vertex -72.20001983642578 40.064453125 1.7000000476837158
vertex -72.20001983642578 40.064453125 0.20000000298023224
endloop
endfacet
facet normal -0.38232113783025623 0.9240295166109026 0
outer loop
vertex -68.77019500732422 43.650230407714844 0
vertex -67.92384338378906 44.00041198730469 2.200000047683716
vertex -67.92384338378906 44.00041198730469 0
endloop
endfacet
facet normal -0.7071067811865475 0.7071067811865475 0
outer loop
vertex -71.14986419677734 41.27056121826172 0
vertex -68.77019500732422 43.650230407714844 2.200000047683716
vertex -68.77019500732422 43.650230407714844 0
endloop
endfacet
facet normal -0.9238866471222338 0.3826662556491488 0.000007529744909158019
outer loop
vertex -71.44234466552734 40.564453125 0.20000000298023224
vertex -71.50001525878906 40.42521667480469 0.20000000298023224
vertex -71.14986419677734 41.27056121826172 2.200000047683716
endloop
endfacet
facet normal -0.923879106916185 0.38268445984094035 0
outer loop
vertex -71.44234466552734 40.564453125 0.20000000298023224
vertex -71.14986419677734 41.27056121826172 2.200000047683716
vertex -71.14986419677734 41.27056121826172 0
endloop
endfacet
facet normal -1 0 0
outer loop
vertex -72.20001983642578 35.97354507446289 1.7000000476837158
vertex -72.20001983642578 23.700817108154297 0.20000000298023224
vertex -72.20001983642578 22.064453125 1.7000000476837158
endloop
endfacet
facet normal 0 -1 0
outer loop
vertex -72.20001983642578 22.064453125 1.7000000476837158
vertex -71.50001525878906 22.064453125 0.20000000298023224
vertex -71.50001525878906 22.064453125 1.7000000476837158
endloop
endfacet
facet normal 0.7053945959760944 -0.7088148305218525 0
outer loop
vertex 69.73936462402344 -46.99995040893555 0
vertex 70.79634857177734 -45.94806671142578 0.20000000298023224
vertex 69.73936462402344 -46.99995040893555 2.200000047683716
endloop
endfacet
facet normal 0.7053922724975544 -0.7088171427813637 0
outer loop
vertex 70.79634857177734 -45.94806671142578 0.20000000298023224
vertex 71.0853042602539 -45.66050720214844 1.7000000476837158
vertex 70.79634857177734 -45.94806671142578 1.7000000476837158
endloop
endfacet
facet normal 0.9999882666911198 -0.004844221308917089 0
outer loop
vertex 71.0853042602539 -45.66050720214844 1.7000000476837158
vertex 71.0863265991211 -45.449466705322266 0.20000000298023224
vertex 71.0863265991211 -45.449466705322266 1.7000000476837158
endloop
endfacet
facet normal -0.00484468259655008 -0.9999882644564078 0
outer loop
vertex 71.0863265991211 -45.449466705322266 1.7000000476837158
vertex 71.78631591796875 -45.452857971191406 0.20000000298023224
vertex 71.78631591796875 -45.452857971191406 1.7000000476837158
endloop
endfacet
facet normal 0.9999882711159396 -0.004843307811185422 0
outer loop
vertex 71.78631591796875 -45.452857971191406 1.7000000476837158
vertex 71.78631591796875 -45.452857971191406 0.20000000298023224
vertex 71.8061294555664 -41.361995697021484 1.7000000476837158
endloop
endfacet
facet normal 0.7053945959760943 -0.7088148305218523 0
outer loop
vertex 69.73936462402344 -46.99995040893555 2.200000047683716
vertex 70.79634857177734 -45.94806671142578 0.20000000298023224
vertex 70.79634857177734 -45.94806671142578 1.7000000476837158
endloop
endfacet
facet normal -1 0 0
outer loop
vertex -71.50001525878906 21.564453125 1.7000000476837158
vertex -71.50001525878906 22.064453125 1.7000000476837158
vertex -71.50001525878906 22.064453125 0.20000000298023224
endloop
endfacet
facet normal 0 0 -1
outer loop
vertex -45.75001907348633 33.00004959106445 0
vertex -45.050018310546875 36.550052642822266 0
vertex -45.050018310546875 33.00004959106445 0
endloop
endfacet
facet normal 0 0 -1
outer loop
vertex -45.75001907348633 33.00004959106445 0
vertex -49.25001907348633 33.00004959106445 0
vertex -45.050018310546875 36.550052642822266 0
endloop
endfacet
facet normal 0.999988270577776 -0.004843418840627579 -8.961161605628906e-7
outer loop
vertex 71.8061294555664 -41.361995697021484 1.7000000476837158
vertex 71.86557006835938 -29.089412689208984 0.20000000298023224
vertex 71.87349700927734 -27.453067779541016 1.7000000476837158
endloop
endfacet
facet normal 0 0 -1
outer loop
vertex -49.25001907348633 33.00004959106445 0
vertex -49.95001983642578 36.550052642822266 0
vertex -45.050018310546875 36.550052642822266 0
endloop
endfacet
facet normal 0 0 -1
outer loop
vertex -49.95001983642578 33.00004959106445 0
vertex -49.95001983642578 36.550052642822266 0
vertex -49.25001907348633 33.00004959106445 0
endloop
endfacet
facet normal 0.0048419050949427165 0.9999882779088222 0
outer loop
vertex 71.87349700927734 -27.453067779541016 1.7000000476837158
vertex 71.17350006103516 -27.449678421020508 0.20000000298023224
vertex 71.17350006103516 -27.449678421020508 1.7000000476837158
endloop
endfacet
facet normal 0.9999882275554314 -0.00485229332859228 0
outer loop
vertex 71.17350006103516 -27.449678421020508 1.7000000476837158
vertex 71.17350006103516 -27.449678421020508 0.20000000298023224
vertex 71.1759262084961 -26.949684143066406 1.7000000476837158
endloop
endfacet
facet normal 0.9999882761928333 -0.004842259168328687 -0.000001741442860314138
outer loop
vertex 71.1759262084961 -26.949684143066406 1.7000000476837158
vertex 71.19524383544922 -22.959808349609375 0.20000000298023224
vertex 71.19282531738281 -23.459802627563477 1.7000000476837158
endloop
endfacet
facet normal 0 0 -1
outer loop
vertex 45.04998016357422 -20.449949264526367 0
vertex 30.949981689453125 -20.449949264526367 0
vertex 45.04998016357422 -15.549948692321777 0
endloop
endfacet
facet normal 0 0 -1
outer loop
vertex 45.04998016357422 -23.999948501586914 0
vertex 45.04998016357422 -20.449949264526367 0
vertex 45.74998092651367 -23.999948501586914 0
endloop
endfacet
facet normal 0 0 -1
outer loop
vertex 45.74998092651367 -23.999948501586914 0
vertex 45.04998016357422 -20.449949264526367 0
vertex 49.949981689453125 -20.449949264526367 0
endloop
endfacet
facet normal 0 0 -1
outer loop
vertex 49.24998092651367 -23.999948501586914 0
vertex 45.74998092651367 -23.999948501586914 0
vertex 49.949981689453125 -20.449949264526367 0
endloop
endfacet
facet normal 0 0 -1
outer loop
vertex 49.949981689453125 -20.449949264526367 0
vertex 45.04998016357422 -20.449949264526367 0
vertex 45.04998016357422 -15.549948692321777 0
endloop
endfacet
facet normal 0 0 -1
outer loop
vertex 49.24998092651367 -23.999948501586914 0
vertex 49.949981689453125 -20.449949264526367 0
vertex 49.949981689453125 -23.999948501586914 0
endloop
endfacet
facet normal 0 0 -1
outer loop
vertex 49.949981689453125 -20.449949264526367 0
vertex 45.04998016357422 -15.549948692321777 0
vertex 49.949981689453125 -15.549948692321777 0
endloop
endfacet
facet normal 0 0 -1
outer loop
vertex 49.949981689453125 -15.549948692321777 0
vertex 45.04998016357422 -15.549948692321777 0
vertex 45.04998016357422 -11.99994945526123 0
endloop
endfacet
facet normal 0 0 -1
outer loop
vertex 49.949981689453125 -15.549948692321777 0
vertex 45.04998016357422 -11.99994945526123 0
vertex 45.74998092651367 -11.99994945526123 0
endloop
endfacet
facet normal 0 0 -1
outer loop
vertex 45.74998092651367 -11.99994945526123 0
vertex 49.24998092651367 -11.99994945526123 0
vertex 49.949981689453125 -15.549948692321777 0
endloop
endfacet
facet normal 0 0 -1
outer loop
vertex 49.24998092651367 -11.99994945526123 0
vertex 49.949981689453125 -11.99994945526123 0
vertex 49.949981689453125 -15.549948692321777 0
endloop
endfacet
facet normal 0 0 -1
outer loop
vertex -45.75001907348633 26.000051498413086 0
vertex -49.25001907348633 33.00004959106445 0
vertex -45.75001907348633 33.00004959106445 0
endloop
endfacet
facet normal 0 0 -1
outer loop
vertex -45.75001907348633 26.000051498413086 0
vertex -49.25001907348633 26.000051498413086 0
vertex -49.25001907348633 33.00004959106445 0
endloop
endfacet
facet normal 0 0 -1
outer loop
vertex -45.050018310546875 22.450050354003906 0
vertex -45.75001907348633 26.000051498413086 0
vertex -45.050018310546875 26.000051498413086 0
endloop
endfacet
facet normal 0 0 -1
outer loop
vertex -45.050018310546875 22.450050354003906 0
vertex -49.25001907348633 26.000051498413086 0
vertex -45.75001907348633 26.000051498413086 0
endloop
endfacet
facet normal 0 0 -1
outer loop
vertex 49.24998092651367 -11.99994945526123 0
vertex 45.74998092651367 -11.99994945526123 0
vertex 45.74998092651367 -4.999948978424072 0
endloop
endfacet
facet normal 0 0 -1
outer loop
vertex 49.24998092651367 -11.99994945526123 0
vertex 45.74998092651367 -4.999948978424072 0
vertex 49.24998092651367 -4.999948978424072 0
endloop
endfacet
facet normal 0 0 -1
outer loop
vertex 45.04998016357422 -4.999948978424072 0
vertex 45.04998016357422 -1.4499491453170776 0
vertex 45.74998092651367 -4.999948978424072 0
endloop
endfacet
facet normal 0 0 -1
outer loop
vertex 45.74998092651367 -4.999948978424072 0
vertex 45.04998016357422 -1.4499491453170776 0
vertex 49.949981689453125 -1.4499491453170776 0
endloop
endfacet
facet normal 0 0 -1
outer loop
vertex 49.24998092651367 -4.999948978424072 0
vertex 45.74998092651367 -4.999948978424072 0
vertex 49.949981689453125 -1.4499491453170776 0
endloop
endfacet
facet normal 0 0 -1
outer loop
vertex 49.24998092651367 -4.999948978424072 0
vertex 49.949981689453125 -1.4499491453170776 0
vertex 49.949981689453125 -4.999948978424072 0
endloop
endfacet
facet normal 0 0 -1
outer loop
vertex -45.050018310546875 22.450050354003906 0
vertex -49.95001983642578 26.000051498413086 0
vertex -49.25001907348633 26.000051498413086 0
endloop
endfacet
facet normal 0 0 -1
outer loop
vertex -45.050018310546875 22.450050354003906 0
vertex -49.95001983642578 22.450050354003906 0
vertex -49.95001983642578 26.000051498413086 0
endloop
endfacet
facet normal -1 0 0
outer loop
vertex -71.50001525878906 40.42521667480469 0.20000000298023224
vertex -71.50001525878906 40.064453125 0.20000000298023224
vertex -71.50001525878906 40.42521667480469 1.7000000476837158
endloop
endfacet
facet normal 0 1 0
outer loop
vertex -71.50001525878906 40.064453125 0.20000000298023224
vertex -72.20001983642578 40.064453125 0.20000000298023224
vertex -71.50001525878906 40.064453125 1.7000000476837158
endloop
endfacet
facet normal -1 0 0
outer loop
vertex -72.20001983642578 40.064453125 0.20000000298023224
vertex -72.20001983642578 23.700817108154297 0.20000000298023224
vertex -72.20001983642578 35.97354507446289 1.7000000476837158
endloop
endfacet
facet normal 0 0 -1
outer loop
vertex -49.95001983642578 36.550052642822266 0
vertex -70.20001983642578 40.564453125 0
vertex -45.050018310546875 36.550052642822266 0
endloop
endfacet
facet normal 0 0 -1
outer loop
vertex -70.20001983642578 40.564453125 0
vertex -49.95001983642578 36.550052642822266 0
vertex -64.05001831054688 36.550052642822266 0
endloop
endfacet
facet normal 0 0 -1
outer loop
vertex 49.949981689453125 -15.549948692321777 0
vertex 64.04998016357422 -20.449949264526367 0
vertex 49.949981689453125 -20.449949264526367 0
endloop
endfacet
facet normal 0 0 -1
outer loop
vertex 64.04998016357422 -20.449949264526367 0
vertex 49.949981689453125 -15.549948692321777 0
vertex 64.04998016357422 -15.549948692321777 0
endloop
endfacet
facet normal 0 0 -1
outer loop
vertex 64.04998016357422 -23.999948501586914 0
vertex 64.04998016357422 -20.449949264526367 0
vertex 64.74998474121094 -23.999948501586914 0
endloop
endfacet
facet normal 0 0 -1
outer loop
vertex 69.89283752441406 -23.453506469726562 0
vertex 64.74998474121094 -23.999948501586914 0
vertex 64.04998016357422 -20.449949264526367 0
endloop
endfacet
facet normal 0 0 -1
outer loop
vertex 69.89283752441406 -23.453506469726562 0
vertex 64.04998016357422 -20.449949264526367 0
vertex 64.04998016357422 -15.549948692321777 0
endloop
endfacet
facet normal -1 0 0
outer loop
vertex -71.50001525878906 -3.45522403717041 0.20000000298023224
vertex -71.50001525878906 -3.45522403717041 1.7000000476837158
vertex -71.50001525878906 -2.95522403717041 1.7000000476837158
endloop
endfacet
facet normal -0.004842979640649068 -0.9999882727053354 0
outer loop
vertex 72.00415802001953 -0.4735398590564728 0.20000000298023224
vertex 71.30416870117188 -0.47014978528022766 1.7000000476837158
vertex 71.30416870117188 -0.47014978528022766 0.20000000298023224
endloop
endfacet
facet normal 0 0 -1
outer loop
vertex 64.74998474121094 7.000051021575928 0
vertex 64.74998474121094 14.00005054473877 0
vertex 70.00176239013672 -0.9638479948043823 0
endloop
endfacet
facet normal 0 0 -1
outer loop
vertex 69.89283752441406 -23.453506469726562 0
vertex 64.04998016357422 -15.549948692321777 0
vertex 64.74998474121094 -11.99994945526123 0
endloop
endfacet
facet normal 0 0 -1
outer loop
vertex 64.74998474121094 -11.99994945526123 0
vertex 64.04998016357422 -15.549948692321777 0
vertex 64.04998016357422 -11.99994945526123 0
endloop
endfacet
facet normal 0 0 -1
outer loop
vertex 69.89283752441406 -23.453506469726562 0
vertex 64.74998474121094 -11.99994945526123 0
vertex 64.74998474121094 -4.999948978424072 0
endloop
endfacet
facet normal 0 0 -1
outer loop
vertex 64.74998474121094 7.000051021575928 0
vertex 64.04998016357422 3.4500508308410645 0
vertex 64.04998016357422 7.000051021575928 0
endloop
endfacet
facet normal 0 0 -1
outer loop
vertex 70.00176239013672 -0.9638479948043823 0
vertex 64.04998016357422 3.4500508308410645 0
vertex 64.74998474121094 7.000051021575928 0
endloop
endfacet
facet normal 0 0 -1
outer loop
vertex 70.00176239013672 -0.9638479948043823 0
vertex 64.04998016357422 -1.4499491453170776 0
vertex 64.04998016357422 3.4500508308410645 0
endloop
endfacet
facet normal 0 0 -1
outer loop
vertex 64.04998016357422 -1.4499491453170776 0
vertex 49.949981689453125 3.4500508308410645 0
vertex 64.04998016357422 3.4500508308410645 0
endloop
endfacet
facet normal 0 0 -1
outer loop
vertex 49.949981689453125 3.4500508308410645 0
vertex 64.04998016357422 -1.4499491453170776 0
vertex 49.949981689453125 -1.4499491453170776 0
endloop
endfacet
facet normal -0.0048419050949427165 -0.9999882779088222 0
outer loop
vertex 71.8952407836914 -22.963197708129883 0.20000000298023224
vertex 71.19524383544922 -22.959808349609375 1.7000000476837158
vertex 71.19524383544922 -22.959808349609375 0.20000000298023224
endloop
endfacet
facet normal 0.9999882733591653 -0.004842843133750299 0.0000038127280454475217
outer loop
vertex 71.8952407836914 -22.963197708129883 0.20000000298023224
vertex 71.9744873046875 -6.5997538566589355 0.20000000298023224
vertex 71.91504669189453 -18.872337341308594 1.7000000476837158
endloop
endfacet
facet normal 0 0 -1
outer loop
vertex 69.89283752441406 -23.453506469726562 0
vertex 64.74998474121094 -4.999948978424072 0
vertex 69.98485565185547 -4.453729152679443 0
endloop
endfacet
facet normal -1 0 0
outer loop
vertex -71.50001525878906 -0.19538506865501404 1.7000000476837158
vertex -71.50001525878906 -3.45522403717041 0.20000000298023224
vertex -71.50001525878906 -2.95522403717041 1.7000000476837158
endloop
endfacet
facet normal 0 0 -1
outer loop
vertex -68.07589721679688 -46.99995040893555 0
vertex -26.050018310546875 -34.549949645996094 0
vertex -11.950018882751465 -34.549949645996094 0
endloop
endfacet
facet normal 0 0 -1
outer loop
vertex 64.04998016357422 -4.999948978424072 0
vertex 64.04998016357422 -1.4499491453170776 0
vertex 64.74998474121094 -4.999948978424072 0
endloop
endfacet
facet normal 0 0 -1
outer loop
vertex 64.74998474121094 -4.999948978424072 0
vertex 64.04998016357422 -1.4499491453170776 0
vertex 70.00176239013672 -0.9638479948043823 0
endloop
endfacet
facet normal 0 0 -1
outer loop
vertex -11.950018882751465 -34.549949645996094 0
vertex -7.050018787384033 -34.549949645996094 0
vertex -68.07589721679688 -46.99995040893555 0
endloop
endfacet
facet normal 0 0 -1
outer loop
vertex -7.050018787384033 -34.549949645996094 0
vertex 7.049981117248535 -34.549949645996094 0
vertex -68.07589721679688 -46.99995040893555 0
endloop
endfacet
facet normal 0 0 -1
outer loop
vertex 69.98485565185547 -4.453729152679443 0
vertex 64.74998474121094 -4.999948978424072 0
vertex 71.30174255371094 -0.9701439142227173 0
endloop
endfacet
facet normal 0 0 -1
outer loop
vertex 71.30174255371094 -0.9701439142227173 0
vertex 64.74998474121094 -4.999948978424072 0
vertex 70.00176239013672 -0.9638479948043823 0
endloop
endfacet
facet normal 0 0 -1
outer loop
vertex 71.28484344482422 -4.460025310516357 0
vertex 69.98485565185547 -4.453729152679443 0
vertex 71.30174255371094 -0.9701439142227173 0
endloop
endfacet
facet normal 0.9999882761935486 -0.004842259333736705 0
outer loop
vertex 71.28484344482422 -4.460025310516357 0.20000000298023224
vertex 71.28484344482422 -4.460025310516357 0
vertex 71.30174255371094 -0.9701439142227173 0
endloop
endfacet
facet normal 0.9999882761935486 -0.004842259333736705 0
outer loop
vertex 71.28484344482422 -4.460025310516357 0.20000000298023224
vertex 71.30174255371094 -0.9701439142227173 0
vertex 71.30174255371094 -0.9701439142227173 0.20000000298023224
endloop
endfacet
facet normal 0 0 -1
outer loop
vertex 49.949981689453125 17.550050735473633 0
vertex 45.199981689453125 22.450050354003906 0
vertex 59.29998016357422 22.450050354003906 0
endloop
endfacet
facet normal 0 0 -1
outer loop
vertex 49.949981689453125 17.550050735473633 0
vertex 45.04998016357422 17.550050735473633 0
vertex 45.199981689453125 22.450050354003906 0
endloop
endfacet
facet normal 0 0 -1
outer loop
vertex 45.74998092651367 14.00005054473877 0
vertex 45.04998016357422 17.550050735473633 0
vertex 49.949981689453125 17.550050735473633 0
endloop
endfacet
facet normal 0 0 -1
outer loop
vertex 49.24998092651367 14.00005054473877 0
vertex 49.949981689453125 17.550050735473633 0
vertex 49.949981689453125 14.00005054473877 0
endloop
endfacet
facet normal 0 0 -1
outer loop
vertex 49.24998092651367 14.00005054473877 0
vertex 45.74998092651367 14.00005054473877 0
vertex 49.949981689453125 17.550050735473633 0
endloop
endfacet
facet normal -0.9238791069161851 0.38268445984094035 0
outer loop
vertex -71.44234466552734 40.564453125 0
vertex -71.44234466552734 40.564453125 0.20000000298023224
vertex -71.14986419677734 41.27056121826172 0
endloop
endfacet
facet normal 0 0 -1
outer loop
vertex 45.04998016357422 14.00005054473877 0
vertex 45.04998016357422 17.550050735473633 0
vertex 45.74998092651367 14.00005054473877 0
endloop
endfacet
facet normal 0.9999882665924259 -0.0048442416821909634 0
outer loop
vertex 71.9744873046875 -6.5997538566589355 0.20000000298023224
vertex 71.98241424560547 -4.963409423828125 0.20000000298023224
vertex 71.98241424560547 -4.963409423828125 1.7000000476837158
endloop
endfacet
facet normal 0.9999882275329773 -0.004852297956048219 0
outer loop
vertex 71.28241729736328 -4.960019111633301 0.20000000298023224
vertex 71.28484344482422 -4.460025310516357 0.20000000298023224
vertex 71.28484344482422 -4.460025310516357 1.7000000476837158
endloop
endfacet
facet normal 0.004843267444839506 0.9999882713114477 0
outer loop
vertex 71.98241424560547 -4.963409423828125 0.20000000298023224
vertex 71.28241729736328 -4.960019111633301 0.20000000298023224
vertex 71.98241424560547 -4.963409423828125 1.7000000476837158
endloop
endfacet
facet normal 0.9999882761935487 -0.004842259333736705 0
outer loop
vertex 71.28484344482422 -4.460025310516357 1.7000000476837158
vertex 71.28484344482422 -4.460025310516357 0.20000000298023224
vertex 71.30174255371094 -0.9701439142227173 0.20000000298023224
endloop
endfacet
facet normal 0.9999882272758327 -0.0048522947733486525 -0.000023348879751591818
outer loop
vertex 71.28484344482422 -4.460025310516357 1.7000000476837158
vertex 71.30174255371094 -0.9701439142227173 0.20000000298023224
vertex 71.30416870117188 -0.47014978528022766 0.20000000298023224
endloop
endfacet
facet normal 0 0 -1
outer loop
vertex 49.24998092651367 7.000051021575928 0
vertex 45.74998092651367 14.00005054473877 0
vertex 49.24998092651367 14.00005054473877 0
endloop
endfacet
facet normal 0 0 -1
outer loop
vertex -64.05001831054688 36.550052642822266 0
vertex -64.75001525878906 33.00004959106445 0
vertex -70.20001983642578 40.564453125 0
endloop
endfacet
facet normal 0 0 -1
outer loop
vertex -64.75001525878906 33.00004959106445 0
vertex -64.05001831054688 36.550052642822266 0
vertex -64.05001831054688 33.00004959106445 0
endloop
endfacet
facet normal 0 0 -1
outer loop
vertex -64.75001525878906 26.000051498413086 0
vertex -70.20001983642578 40.564453125 0
vertex -64.75001525878906 33.00004959106445 0
endloop
endfacet
facet normal 0 0 -1
outer loop
vertex 45.04998016357422 17.550050735473633 0
vertex 30.949981689453125 17.550050735473633 0
vertex 45.199981689453125 22.450050354003906 0
endloop
endfacet
facet normal -1 0 0
outer loop
vertex -72.20001983642578 23.700817108154297 0.20000000298023224
vertex -72.20001983642578 22.064453125 0.20000000298023224
vertex -72.20001983642578 22.064453125 1.7000000476837158
endloop
endfacet
facet normal 0 -1 0
outer loop
vertex -71.50001525878906 22.064453125 0.20000000298023224
vertex -72.20001983642578 22.064453125 1.7000000476837158
vertex -72.20001983642578 22.064453125 0.20000000298023224
endloop
endfacet
facet normal -1 0 0
outer loop
vertex -71.50001525878906 22.064453125 0.20000000298023224
vertex -71.50001525878906 21.564453125 0.20000000298023224
vertex -71.50001525878906 21.564453125 1.7000000476837158
endloop
endfacet
facet normal 0 0 -1
outer loop
vertex -26.050018310546875 -34.549949645996094 0
vertex -30.95001792907715 -34.549949645996094 0
vertex -26.750019073486328 -30.999948501586914 0
endloop
endfacet
facet normal 0 0 -1
outer loop
vertex -64.75001525878906 26.000051498413086 0
vertex -64.05001831054688 22.450050354003906 0
vertex -70.20001983642578 40.564453125 0
endloop
endfacet
facet normal 0 0 -1
outer loop
vertex -64.05001831054688 22.450050354003906 0
vertex -70.20001983642578 21.564453125 0
vertex -70.20001983642578 40.564453125 0
endloop
endfacet
facet normal 0 0 -1
outer loop
vertex -30.95001792907715 -34.549949645996094 0
vertex -30.95001792907715 -30.999948501586914 0
vertex -30.250019073486328 -30.999948501586914 0
endloop
endfacet
facet normal 0 0 -1
outer loop
vertex -26.750019073486328 -30.999948501586914 0
vertex -30.95001792907715 -34.549949645996094 0
vertex -30.250019073486328 -30.999948501586914 0
endloop
endfacet
facet normal 0 0 -1
outer loop
vertex -26.750019073486328 -30.999948501586914 0
vertex -30.250019073486328 -30.999948501586914 0
vertex -30.250019073486328 -23.999948501586914 0
endloop
endfacet
facet normal 0 0 -1
outer loop
vertex 49.24998092651367 7.000051021575928 0
vertex 49.949981689453125 7.000051021575928 0
vertex 49.949981689453125 3.4500508308410645 0
endloop
endfacet
facet normal 0 0 -1
outer loop
vertex -64.75001525878906 26.000051498413086 0
vertex -64.05001831054688 26.000051498413086 0
vertex -64.05001831054688 22.450050354003906 0
endloop
endfacet
facet normal 0 0 -1
outer loop
vertex 49.24998092651367 7.000051021575928 0
vertex 45.74998092651367 7.000051021575928 0
vertex 45.74998092651367 14.00005054473877 0
endloop
endfacet
facet normal 0 0 -1
outer loop
vertex 45.74998092651367 7.000051021575928 0
vertex 49.24998092651367 7.000051021575928 0
vertex 49.949981689453125 3.4500508308410645 0
endloop
endfacet
facet normal -1 0 0
outer loop
vertex -71.50001525878906 21.564453125 1.7000000476837158
vertex -71.50001525878906 18.304615020751953 0.20000000298023224
vertex -71.50001525878906 18.804615020751953 1.7000000476837158
endloop
endfacet
facet normal -1 0 0
outer loop
vertex -71.50001525878906 18.304615020751953 0.20000000298023224
vertex -71.50001525878906 18.304615020751953 1.7000000476837158
vertex -71.50001525878906 18.804615020751953 1.7000000476837158
endloop
endfacet
facet normal 0 1 0
outer loop
vertex -71.50001525878906 18.304615020751953 1.7000000476837158
vertex -72.20001983642578 18.304615020751953 0.20000000298023224
vertex -72.20001983642578 18.304615020751953 1.7000000476837158
endloop
endfacet
facet normal -1 0 0
outer loop
vertex -72.20001983642578 14.213706016540527 1.7000000476837158
vertex -72.20001983642578 18.304615020751953 1.7000000476837158
vertex -72.20001983642578 18.304615020751953 0.20000000298023224
endloop
endfacet
facet normal 0.9999883014782501 -0.00483703490211154 0
outer loop
vertex 71.19282531738281 -23.459802627563477 1.7000000476837158
vertex 71.19524383544922 -22.959808349609375 0.20000000298023224
vertex 71.19524383544922 -22.959808349609375 1.7000000476837158
endloop
endfacet
facet normal -0.0048419050949427165 -0.9999882779088222 0
outer loop
vertex 71.19524383544922 -22.959808349609375 1.7000000476837158
vertex 71.8952407836914 -22.963197708129883 0.20000000298023224
vertex 71.8952407836914 -22.963197708129883 1.7000000476837158
endloop
endfacet
facet normal 0.9999882801357541 -0.0048414451495833255 0
outer loop
vertex 71.8952407836914 -22.963197708129883 1.7000000476837158
vertex 71.8952407836914 -22.963197708129883 0.20000000298023224
vertex 71.91504669189453 -18.872337341308594 1.7000000476837158
endloop
endfacet
facet normal -1 0 0
outer loop
vertex -72.20001983642578 14.213706016540527 1.7000000476837158
vertex -72.20001983642578 1.9409785270690918 0.20000000298023224
vertex -72.20001983642578 0.30461493134498596 1.7000000476837158
endloop
endfacet
facet normal -1 0 0
outer loop
vertex -71.50001525878906 0.30461493134498596 1.7000000476837158
vertex -71.50001525878906 0.30461493134498596 0.20000000298023224
vertex -71.50001525878906 -0.19538506865501404 1.7000000476837158
endloop
endfacet
facet normal 0 -1 0
outer loop
vertex -72.20001983642578 0.30461493134498596 1.7000000476837158
vertex -71.50001525878906 0.30461493134498596 0.20000000298023224
vertex -71.50001525878906 0.30461493134498596 1.7000000476837158
endloop
endfacet
facet normal 0 0 -1
outer loop
vertex -45.050018310546875 17.550050735473633 0
vertex -45.050018310546875 22.450050354003906 0
vertex -30.95001792907715 17.550050735473633 0
endloop
endfacet
facet normal 0.9999882705777746 -0.004843418840627572 -8.976558419009715e-7
outer loop
vertex 71.91504669189453 -18.872337341308594 1.7000000476837158
vertex 71.9744873046875 -6.5997538566589355 0.20000000298023224
vertex 71.98241424560547 -4.963409423828125 1.7000000476837158
endloop
endfacet
facet normal 0 0 -1
outer loop
vertex -45.050018310546875 17.550050735473633 0
vertex -49.95001983642578 17.550050735473633 0
vertex -45.050018310546875 22.450050354003906 0
endloop
endfacet
facet normal 0.9999882275329773 -0.004852297956048219 0
outer loop
vertex 71.28241729736328 -4.960019111633301 0.20000000298023224
vertex 71.28484344482422 -4.460025310516357 1.7000000476837158
vertex 71.28241729736328 -4.960019111633301 1.7000000476837158
endloop
endfacet
facet normal 0.004843267444839506 0.9999882713114477 0
outer loop
vertex 71.98241424560547 -4.963409423828125 1.7000000476837158
vertex 71.28241729736328 -4.960019111633301 0.20000000298023224
vertex 71.28241729736328 -4.960019111633301 1.7000000476837158
endloop
endfacet
facet normal 0.9999882761879535 -0.004842259333709611 0.0000033451862795681745
outer loop
vertex 71.28484344482422 -4.460025310516357 1.7000000476837158
vertex 71.30416870117188 -0.47014978528022766 0.20000000298023224
vertex 71.30174255371094 -0.9701439142227173 1.7000000476837158
endloop
endfacet
facet normal 0 0 -1
outer loop
vertex -45.050018310546875 17.550050735473633 0
vertex -49.25001907348633 14.00005054473877 0
vertex -49.95001983642578 17.550050735473633 0
endloop
endfacet
facet normal 0 0 -1
outer loop
vertex -64.05001831054688 17.550050735473633 0
vertex -45.050018310546875 22.450050354003906 0
vertex -49.95001983642578 17.550050735473633 0
endloop
endfacet
facet normal 0 0 -1
outer loop
vertex -45.75001907348633 14.00005054473877 0
vertex -45.050018310546875 17.550050735473633 0
vertex -45.050018310546875 14.00005054473877 0
endloop
endfacet
facet normal 0 0 -1
outer loop
vertex -45.75001907348633 14.00005054473877 0
vertex -49.25001907348633 14.00005054473877 0
vertex -45.050018310546875 17.550050735473633 0
endloop
endfacet
facet normal 0 0 -1
outer loop
vertex -45.75001907348633 7.000051021575928 0
vertex -49.25001907348633 14.00005054473877 0
vertex -45.75001907348633 14.00005054473877 0
endloop
endfacet
facet normal 0 0 -1
outer loop
vertex -49.95001983642578 14.00005054473877 0
vertex -49.95001983642578 17.550050735473633 0
vertex -49.25001907348633 14.00005054473877 0
endloop
endfacet
facet normal 0 0 -1
outer loop
vertex -45.050018310546875 3.4500508308410645 0
vertex -30.95001792907715 -1.4499491453170776 0
vertex -45.050018310546875 -1.4499491453170776 0
endloop
endfacet
facet normal 0 0 -1
outer loop
vertex -45.75001907348633 7.000051021575928 0
vertex -49.25001907348633 7.000051021575928 0
vertex -49.25001907348633 14.00005054473877 0
endloop
endfacet
facet normal 0 0 -1
outer loop
vertex -45.050018310546875 3.4500508308410645 0
vertex -45.75001907348633 7.000051021575928 0
vertex -45.050018310546875 7.000051021575928 0
endloop
endfacet
facet normal 0 0 -1
outer loop
vertex -45.050018310546875 3.4500508308410645 0
vertex -49.25001907348633 7.000051021575928 0
vertex -45.75001907348633 7.000051021575928 0
endloop
endfacet
facet normal 0 -1 0
outer loop
vertex -68.07589721679688 -46.99995040893555 2.200000047683716
vertex 69.73936462402344 -46.99995040893555 0
vertex 69.73936462402344 -46.99995040893555 2.200000047683716
endloop
endfacet
facet normal 0 0 -1
outer loop
vertex 49.949981689453125 3.4500508308410645 0
vertex 45.04998016357422 7.000051021575928 0
vertex 45.74998092651367 7.000051021575928 0
endloop
endfacet
facet normal 0 0 -1
outer loop
vertex 49.949981689453125 3.4500508308410645 0
vertex 45.04998016357422 3.4500508308410645 0
vertex 45.04998016357422 7.000051021575928 0
endloop
endfacet
facet normal 0 0 -1
outer loop
vertex 49.949981689453125 -1.4499491453170776 0
vertex 45.04998016357422 3.4500508308410645 0
vertex 49.949981689453125 3.4500508308410645 0
endloop
endfacet
facet normal 0 0 -1
outer loop
vertex 49.949981689453125 -1.4499491453170776 0
vertex 45.04998016357422 -1.4499491453170776 0
vertex 45.04998016357422 3.4500508308410645 0
endloop
endfacet
facet normal 0 0 -1
outer loop
vertex 45.04998016357422 -1.4499491453170776 0
vertex 30.949981689453125 3.4500508308410645 0
vertex 45.04998016357422 3.4500508308410645 0
endloop
endfacet
facet normal 0 0 -1
outer loop
vertex -26.750019073486328 -30.999948501586914 0
vertex -30.250019073486328 -23.999948501586914 0
vertex -26.750019073486328 -23.999948501586914 0
endloop
endfacet
facet normal 0 0 -1
outer loop
vertex -26.750019073486328 -30.999948501586914 0
vertex -26.050018310546875 -30.999948501586914 0
vertex -26.050018310546875 -34.549949645996094 0
endloop
endfacet
facet normal 0.000788288693405744 0.9999996893004196 0
outer loop
vertex 68.2128677368164 43.893096923828125 0
vertex -67.92384338378906 44.00041198730469 0
vertex 68.2128677368164 43.893096923828125 2.200000047683716
endloop
endfacet
facet normal 0 0 -1
outer loop
vertex 7.049981117248535 -34.549949645996094 0
vertex 11.949980735778809 -34.549949645996094 0
vertex -68.07589721679688 -46.99995040893555 0
endloop
endfacet
facet normal 0 0 -1
outer loop
vertex 11.949980735778809 -34.549949645996094 0
vertex 26.04998207092285 -34.549949645996094 0
vertex -68.07589721679688 -46.99995040893555 0
endloop
endfacet
facet normal 0 0 -1
outer loop
vertex -68.07589721679688 -46.99995040893555 0
vertex 28.87207794189453 -42.72430419921875 0
vertex 28.937519073486328 -42.94003677368164 0
endloop
endfacet
facet normal 0 0 -1
outer loop
vertex -68.07589721679688 -46.99995040893555 0
vertex 29.18680763244629 -43.3131217956543 0
vertex 29.361074447631836 -43.456138610839844 0
endloop
endfacet
facet normal 0 0 -1
outer loop
vertex -68.07589721679688 -46.99995040893555 0
vertex 29.559894561767578 -43.56241226196289 0
vertex 29.77562713623047 -43.62785339355469 0
endloop
endfacet
facet normal 0 0 -1
outer loop
vertex 29.559894561767578 -43.56241226196289 0
vertex -68.07589721679688 -46.99995040893555 0
vertex 29.361074447631836 -43.456138610839844 0
endloop
endfacet
facet normal 0 0 -1
outer loop
vertex 29.18680763244629 -43.3131217956543 0
vertex -68.07589721679688 -46.99995040893555 0
vertex 29.043790817260742 -43.13885498046875 0
endloop
endfacet
facet normal 0 0 -1
outer loop
vertex 29.043790817260742 -43.13885498046875 0
vertex -68.07589721679688 -46.99995040893555 0
vertex 28.937519073486328 -42.94003677368164 0
endloop
endfacet
facet normal 0 0 -1
outer loop
vertex -68.07589721679688 -46.99995040893555 0
vertex 29.77562713623047 -43.62785339355469 0
vertex 29.999980926513672 -43.64994812011719 0
endloop
endfacet
facet normal 0 0 -1
outer loop
vertex 28.87207794189453 -42.72430419921875 0
vertex -68.07589721679688 -46.99995040893555 0
vertex 28.8499813079834 -42.49995040893555 0
endloop
endfacet
facet normal 0 0 -1
outer loop
vertex 28.8499813079834 -42.49995040893555 0
vertex -68.07589721679688 -46.99995040893555 0
vertex 28.87207794189453 -42.275596618652344 0
endloop
endfacet
facet normal 0 0 -1
outer loop
vertex 28.87207794189453 -42.275596618652344 0
vertex -68.07589721679688 -46.99995040893555 0
vertex 28.937519073486328 -42.05986404418945 0
endloop
endfacet
facet normal 0 0 -1
outer loop
vertex 28.937519073486328 -42.05986404418945 0
vertex -68.07589721679688 -46.99995040893555 0
vertex 26.04998207092285 -34.549949645996094 0
endloop
endfacet
facet normal 0 0 -1
outer loop
vertex -11.950018882751465 -34.549949645996094 0
vertex -11.950018882751465 -30.999948501586914 0
vertex -11.250019073486328 -30.999948501586914 0
endloop
endfacet
facet normal 0 0 -1
outer loop
vertex -11.950018882751465 -34.549949645996094 0
vertex -11.250019073486328 -30.999948501586914 0
vertex -7.750019073486328 -30.999948501586914 0
endloop
endfacet
facet normal 0 0 -1
outer loop
vertex -7.750019073486328 -30.999948501586914 0
vertex -11.250019073486328 -30.999948501586914 0
vertex -11.250019073486328 -23.999948501586914 0
endloop
endfacet
facet normal 0 0 -1
outer loop
vertex -7.050018787384033 -34.549949645996094 0
vertex -11.950018882751465 -34.549949645996094 0
vertex -7.750019073486328 -30.999948501586914 0
endloop
endfacet
facet normal 0 0 -1
outer loop
vertex -7.750019073486328 -30.999948501586914 0
vertex -7.050018787384033 -30.999948501586914 0
vertex -7.050018787384033 -34.549949645996094 0
endloop
endfacet
facet normal 0 0 -1
outer loop
vertex -7.750019073486328 -30.999948501586914 0
vertex -11.250019073486328 -23.999948501586914 0
vertex -7.750019073486328 -23.999948501586914 0
endloop
endfacet
facet normal 0 -1 0
outer loop
vertex -68.07589721679688 -46.99995040893555 0
vertex 69.73936462402344 -46.99995040893555 0
vertex -68.07589721679688 -46.99995040893555 2.200000047683716
endloop
endfacet
facet normal 0 0 -1
outer loop
vertex -30.95001792907715 -20.449949264526367 0
vertex -45.050018310546875 -20.449949264526367 0
vertex -26.050018310546875 -15.549948692321777 0
endloop
endfacet
facet normal 0 0 -1
outer loop
vertex 16.699981689453125 36.550052642822266 0
vertex 7.049981117248535 36.550052642822266 0
vertex 68.2128677368164 43.893096923828125 0
endloop
endfacet
facet normal 0 0 -1
outer loop
vertex 30.79998207092285 33.00004959106445 0
vertex 30.79998207092285 36.550052642822266 0
vertex 31.499980926513672 33.00004959106445 0
endloop
endfacet
facet normal 0 0 -1
outer loop
vertex 7.049981117248535 36.550052642822266 0
vertex -7.050018787384033 36.550052642822266 0
vertex 68.2128677368164 43.893096923828125 0
endloop
endfacet
facet normal 0 0 -1
outer loop
vertex -45.050018310546875 3.4500508308410645 0
vertex -49.95001983642578 7.000051021575928 0
vertex -49.25001907348633 7.000051021575928 0
endloop
endfacet
facet normal 0 0 -1
outer loop
vertex -45.050018310546875 3.4500508308410645 0
vertex -49.95001983642578 3.4500508308410645 0
vertex -49.95001983642578 7.000051021575928 0
endloop
endfacet
facet normal 0 0 -1
outer loop
vertex -45.050018310546875 -1.4499491453170776 0
vertex -49.95001983642578 3.4500508308410645 0
vertex -45.050018310546875 3.4500508308410645 0
endloop
endfacet
facet normal 0 0 -1
outer loop
vertex -45.050018310546875 -1.4499491453170776 0
vertex -49.95001983642578 -1.4499491453170776 0
vertex -49.95001983642578 3.4500508308410645 0
endloop
endfacet
facet normal -1 0 0
outer loop
vertex -71.50001525878906 21.564453125 0.20000000298023224
vertex -71.50001525878906 18.804615020751953 0.20000000298023224
vertex -71.50001525878906 21.564453125 1.7000000476837158
endloop
endfacet
facet normal -1 0 0
outer loop
vertex -71.50001525878906 18.804615020751953 0.20000000298023224
vertex -71.50001525878906 18.304615020751953 0.20000000298023224
vertex -71.50001525878906 21.564453125 1.7000000476837158
endloop
endfacet
facet normal 0 1 0
outer loop
vertex -71.50001525878906 18.304615020751953 0.20000000298023224
vertex -72.20001983642578 18.304615020751953 0.20000000298023224
vertex -71.50001525878906 18.304615020751953 1.7000000476837158
endloop
endfacet
facet normal -1 0 0
outer loop
vertex -72.20001983642578 18.304615020751953 0.20000000298023224
vertex -72.20001983642578 1.9409785270690918 0.20000000298023224
vertex -72.20001983642578 14.213706016540527 1.7000000476837158
endloop
endfacet
facet normal 0 0 -1
outer loop
vertex -45.050018310546875 22.450050354003906 0
vertex -70.20001983642578 18.804615020751953 0
vertex -49.95001983642578 22.450050354003906 0
endloop
endfacet
facet normal 0 0 -1
outer loop
vertex -64.05001831054688 17.550050735473633 0
vertex -70.20001983642578 18.804615020751953 0
vertex -45.050018310546875 22.450050354003906 0
endloop
endfacet
facet normal 0 0 -1
outer loop
vertex -64.05001831054688 22.450050354003906 0
vertex -49.95001983642578 22.450050354003906 0
vertex -70.20001983642578 18.804615020751953 0
endloop
endfacet
facet normal 0 0 -1
outer loop
vertex -30.95001792907715 -23.999948501586914 0
vertex -30.95001792907715 -20.449949264526367 0
vertex -30.250019073486328 -23.999948501586914 0
endloop
endfacet
facet normal 0 0 -1
outer loop
vertex -64.05001831054688 17.550050735473633 0
vertex -64.75001525878906 14.00005054473877 0
vertex -70.20001983642578 18.804615020751953 0
endloop
endfacet
facet normal 0 0 -1
outer loop
vertex -26.750019073486328 -23.999948501586914 0
vertex -30.250019073486328 -23.999948501586914 0
vertex -30.95001792907715 -20.449949264526367 0
endloop
endfacet
facet normal -1 0 0
outer loop
vertex -71.50001525878906 21.564453125 0.20000000298023224
vertex -71.50001525878906 18.804615020751953 0
vertex -71.50001525878906 18.804615020751953 0.20000000298023224
endloop
endfacet
facet normal 0 0 -1
outer loop
vertex -64.05001831054688 22.450050354003906 0
vertex -71.50001525878906 18.804615020751953 0
vertex -70.20001983642578 21.564453125 0
endloop
endfacet
facet normal 0 0 -1
outer loop
vertex -70.20001983642578 18.804615020751953 0
vertex -71.50001525878906 18.804615020751953 0
vertex -64.05001831054688 22.450050354003906 0
endloop
endfacet
facet normal -1 0 0
outer loop
vertex -71.50001525878906 21.564453125 0
vertex -71.50001525878906 18.804615020751953 0
vertex -71.50001525878906 21.564453125 0.20000000298023224
endloop
endfacet
facet normal 0 0 -1
outer loop
vertex -71.50001525878906 18.804615020751953 0
vertex -71.50001525878906 21.564453125 0
vertex -70.20001983642578 21.564453125 0
endloop
endfacet
facet normal 0 0 -1
outer loop
vertex 44.49998092651367 26.000051498413086 0
vertex 31.499980926513672 26.000051498413086 0
vertex 31.499980926513672 33.00004959106445 0
endloop
endfacet
facet normal 0 0 -1
outer loop
vertex 44.49998092651367 26.000051498413086 0
vertex 30.79998207092285 22.450050354003906 0
vertex 31.499980926513672 26.000051498413086 0
endloop
endfacet
facet normal 0 0 -1
outer loop
vertex 44.49998092651367 26.000051498413086 0
vertex 26.04998207092285 17.550050735473633 0
vertex 30.79998207092285 22.450050354003906 0
endloop
endfacet
facet normal 0 0 -1
outer loop
vertex -64.75001525878906 14.00005054473877 0
vertex -64.05001831054688 17.550050735473633 0
vertex -64.05001831054688 14.00005054473877 0
endloop
endfacet
facet normal 0 0 -1
outer loop
vertex -64.75001525878906 7.000051021575928 0
vertex -70.20001983642578 18.804615020751953 0
vertex -64.75001525878906 14.00005054473877 0
endloop
endfacet
facet normal 0 0 -1
outer loop
vertex 30.79998207092285 22.450050354003906 0
vertex 30.79998207092285 26.000051498413086 0
vertex 31.499980926513672 26.000051498413086 0
endloop
endfacet
facet normal -1 0 0
outer loop
vertex -72.20001983642578 1.9409785270690918 0.20000000298023224
vertex -72.20001983642578 0.30461493134498596 0.20000000298023224
vertex -72.20001983642578 0.30461493134498596 1.7000000476837158
endloop
endfacet
facet normal -1 0 0
outer loop
vertex -71.50001525878906 0.30461493134498596 0.20000000298023224
vertex -71.50001525878906 -0.19538506865501404 0.20000000298023224
vertex -71.50001525878906 -0.19538506865501404 1.7000000476837158
endloop
endfacet
facet normal 0 -1 0
outer loop
vertex -71.50001525878906 0.30461493134498596 0.20000000298023224
vertex -72.20001983642578 0.30461493134498596 1.7000000476837158
vertex -72.20001983642578 0.30461493134498596 0.20000000298023224
endloop
endfacet
facet normal -1 0 0
outer loop
vertex -71.50001525878906 -0.19538506865501404 0.20000000298023224
vertex -71.50001525878906 -2.95522403717041 0.20000000298023224
vertex -71.50001525878906 -0.19538506865501404 1.7000000476837158
endloop
endfacet
facet normal 0 0 -1
outer loop
vertex -64.05001831054688 -1.4499491453170776 0
vertex -49.95001983642578 3.4500508308410645 0
vertex -49.95001983642578 -1.4499491453170776 0
endloop
endfacet
facet normal 0 0 -1
outer loop
vertex -49.95001983642578 3.4500508308410645 0
vertex -70.20001983642578 -0.19538506865501404 0
vertex -64.05001831054688 3.4500508308410645 0
endloop
endfacet
facet normal 0 0 -1
outer loop
vertex -64.05001831054688 -1.4499491453170776 0
vertex -70.20001983642578 -2.95522403717041 0
vertex -49.95001983642578 3.4500508308410645 0
endloop
endfacet
facet normal 0 0 -1
outer loop
vertex -26.750019073486328 -23.999948501586914 0
vertex -30.95001792907715 -20.449949264526367 0
vertex -26.050018310546875 -23.999948501586914 0
endloop
endfacet
facet normal 0 0 -1
outer loop
vertex -64.75001525878906 7.000051021575928 0
vertex -64.05001831054688 3.4500508308410645 0
vertex -70.20001983642578 18.804615020751953 0
endloop
endfacet
facet normal 0 0 -1
outer loop
vertex -64.75001525878906 7.000051021575928 0
vertex -64.05001831054688 7.000051021575928 0
vertex -64.05001831054688 3.4500508308410645 0
endloop
endfacet
facet normal 0 0 -1
outer loop
vertex -70.20001983642578 -0.19538506865501404 0
vertex -70.20001983642578 18.804615020751953 0
vertex -64.05001831054688 3.4500508308410645 0
endloop
endfacet
facet normal 0 0 -1
outer loop
vertex -26.050018310546875 -23.999948501586914 0
vertex -30.95001792907715 -20.449949264526367 0
vertex -26.050018310546875 -20.449949264526367 0
endloop
endfacet
facet normal 0 0 -1
outer loop
vertex -26.050018310546875 -20.449949264526367 0
vertex -30.95001792907715 -20.449949264526367 0
vertex -26.050018310546875 -15.549948692321777 0
endloop
endfacet
facet normal 0 0 -1
outer loop
vertex -7.050018787384033 36.550052642822266 0
vertex -11.950018882751465 36.550052642822266 0
vertex 68.2128677368164 43.893096923828125 0
endloop
endfacet
facet normal 0 0 -1
outer loop
vertex -11.950018882751465 36.550052642822266 0
vertex -26.050018310546875 36.550052642822266 0
vertex 68.2128677368164 43.893096923828125 0
endloop
endfacet
facet normal 0 0 -1
outer loop
vertex -70.20001983642578 -2.95522403717041 0
vertex -70.20001983642578 -0.19538506865501404 0
vertex -49.95001983642578 3.4500508308410645 0
endloop
endfacet
facet normal 0 0 -1
outer loop
vertex 15.999980926513672 33.00004959106445 0
vertex 16.699981689453125 36.550052642822266 0
vertex 16.699981689453125 33.00004959106445 0
endloop
endfacet
facet normal 0 0 -1
outer loop
vertex 15.999980926513672 33.00004959106445 0
vertex 7.749980926513672 33.00004959106445 0
vertex 16.699981689453125 36.550052642822266 0
endloop
endfacet
facet normal -1 0 0
outer loop
vertex -71.50001525878906 -0.19538506865501404 0
vertex -71.50001525878906 -2.95522403717041 0
vertex -71.50001525878906 -0.19538506865501404 0.20000000298023224
endloop
endfacet
facet normal 0 0 -1
outer loop
vertex -70.20001983642578 -0.19538506865501404 0
vertex -71.50001525878906 -2.95522403717041 0
vertex -71.50001525878906 -0.19538506865501404 0
endloop
endfacet
facet normal 0 0 -1
outer loop
vertex 7.749980926513672 33.00004959106445 0
vertex 7.049981117248535 36.550052642822266 0
vertex 16.699981689453125 36.550052642822266 0
endloop
endfacet
facet normal 0 0 -1
outer loop
vertex -26.050018310546875 36.550052642822266 0
vertex -30.95001792907715 36.550052642822266 0
vertex 68.2128677368164 43.893096923828125 0
endloop
endfacet
facet normal 0 0 -1
outer loop
vertex 7.049981117248535 33.00004959106445 0
vertex 7.049981117248535 36.550052642822266 0
vertex 7.749980926513672 33.00004959106445 0
endloop
endfacet
facet normal 0 0 -1
outer loop
vertex -26.050018310546875 -15.549948692321777 0
vertex -45.050018310546875 -20.449949264526367 0
vertex -30.95001792907715 -15.549948692321777 0
endloop
endfacet
facet normal 0 0 -1
outer loop
vertex -30.95001792907715 -15.549948692321777 0
vertex -30.95001792907715 -11.99994945526123 0
vertex -30.250019073486328 -11.99994945526123 0
endloop
endfacet
facet normal 0 0 -1
outer loop
vertex -26.050018310546875 -15.549948692321777 0
vertex -30.95001792907715 -15.549948692321777 0
vertex -26.750019073486328 -11.99994945526123 0
endloop
endfacet
facet normal 0 0 -1
outer loop
vertex -26.750019073486328 -11.99994945526123 0
vertex -30.95001792907715 -15.549948692321777 0
vertex -30.250019073486328 -11.99994945526123 0
endloop
endfacet
facet normal 0 0 -1
outer loop
vertex -26.750019073486328 -11.99994945526123 0
vertex -26.050018310546875 -11.99994945526123 0
vertex -26.050018310546875 -15.549948692321777 0
endloop
endfacet
facet normal 0 0 -1
outer loop
vertex 15.999980926513672 26.000051498413086 0
vertex 7.749980926513672 33.00004959106445 0
vertex 15.999980926513672 33.00004959106445 0
endloop
endfacet
facet normal 0 0 -1
outer loop
vertex 15.999980926513672 26.000051498413086 0
vertex 7.749980926513672 26.000051498413086 0
vertex 7.749980926513672 33.00004959106445 0
endloop
endfacet
facet normal 0 0 1
outer loop
vertex -11.150018692016602 -0.6499490737915039 2.200000047683716
vertex -7.8500189781188965 -16.34994888305664 2.200000047683716
vertex -7.8500189781188965 -0.6499490737915039 2.200000047683716
endloop
endfacet
facet normal 0 0 -1
outer loop
vertex 15.999980926513672 26.000051498413086 0
vertex 16.699981689453125 26.000051498413086 0
vertex 16.699981689453125 22.450050354003906 0
endloop
endfacet
facet normal 0 0 -1
outer loop
vertex 16.699981689453125 22.450050354003906 0
vertex 7.749980926513672 26.000051498413086 0
vertex 15.999980926513672 26.000051498413086 0
endloop
endfacet
facet normal 0 0 1
outer loop
vertex -7.8500189781188965 -16.34994888305664 2.200000047683716
vertex -11.150018692016602 -0.6499490737915039 2.200000047683716
vertex -11.150018692016602 -16.34994888305664 2.200000047683716
endloop
endfacet
facet normal 0 0 -1
outer loop
vertex 16.699981689453125 22.450050354003906 0
vertex 7.049981117248535 26.000051498413086 0
vertex 7.749980926513672 26.000051498413086 0
endloop
endfacet
facet normal 0 0 -1
outer loop
vertex 16.699981689453125 22.450050354003906 0
vertex 7.049981117248535 22.450050354003906 0
vertex 7.049981117248535 26.000051498413086 0
endloop
endfacet
facet normal 0 0 -1
outer loop
vertex -26.050018310546875 -15.549948692321777 0
vertex -11.950018882751465 -15.549948692321777 0
vertex -26.050018310546875 -20.449949264526367 0
endloop
endfacet
facet normal 0 0 -1
outer loop
vertex -26.750019073486328 -11.99994945526123 0
vertex -30.250019073486328 -11.99994945526123 0
vertex -26.750019073486328 -4.999948978424072 0
endloop
endfacet
facet normal 0 0 -1
outer loop
vertex -26.750019073486328 -4.999948978424072 0
vertex -30.250019073486328 -11.99994945526123 0
vertex -30.250019073486328 -4.999948978424072 0
endloop
endfacet
facet normal 0 0 -1
outer loop
vertex -30.95001792907715 -4.999948978424072 0
vertex -30.95001792907715 -1.4499491453170776 0
vertex -30.250019073486328 -4.999948978424072 0
endloop
endfacet
facet normal 0 0 -1
outer loop
vertex -26.750019073486328 -4.999948978424072 0
vertex -30.250019073486328 -4.999948978424072 0
vertex -30.95001792907715 -1.4499491453170776 0
endloop
endfacet
facet normal 0 0 -1
outer loop
vertex -26.750019073486328 -4.999948978424072 0
vertex -30.95001792907715 -1.4499491453170776 0
vertex -26.050018310546875 -4.999948978424072 0
endloop
endfacet
facet normal 0 0 -1
outer loop
vertex -26.050018310546875 -4.999948978424072 0
vertex -30.95001792907715 -1.4499491453170776 0
vertex -26.050018310546875 -1.4499491453170776 0
endloop
endfacet
facet normal 0 0 -1
outer loop
vertex -11.950018882751465 -23.999948501586914 0
vertex -11.950018882751465 -20.449949264526367 0
vertex -11.250019073486328 -23.999948501586914 0
endloop
endfacet
facet normal 0 0 1
outer loop
vertex -7.8500189781188965 -16.34994888305664 2.200000047683716
vertex -7.8500189781188965 -19.64995002746582 2.200000047683716
vertex 7.849981307983398 -16.34994888305664 2.200000047683716
endloop
endfacet
facet normal 0 0 1
outer loop
vertex -7.8500189781188965 -16.34994888305664 2.200000047683716
vertex -11.150018692016602 -19.64995002746582 2.200000047683716
vertex -7.8500189781188965 -19.64995002746582 2.200000047683716
endloop
endfacet
facet normal 0 0 1
outer loop
vertex -11.150018692016602 -19.64995002746582 2.200000047683716
vertex -7.8500189781188965 -16.34994888305664 2.200000047683716
vertex -11.150018692016602 -16.34994888305664 2.200000047683716
endloop
endfacet
facet normal 0 0 1
outer loop
vertex -11.150018692016602 -19.64995002746582 2.200000047683716
vertex -11.150018692016602 -16.34994888305664 2.200000047683716
vertex -26.850019454956055 -19.64995002746582 2.200000047683716
endloop
endfacet
facet normal 0 0 -1
outer loop
vertex -11.250019073486328 -23.999948501586914 0
vertex -11.950018882751465 -20.449949264526367 0
vertex -7.050018787384033 -20.449949264526367 0
endloop
endfacet
facet normal 0 0 -1
outer loop
vertex -26.050018310546875 -20.449949264526367 0
vertex 7.049981117248535 -15.549948692321777 0
vertex -11.950018882751465 -20.449949264526367 0
endloop
endfacet
facet normal 0 0 -1
outer loop
vertex -26.050018310546875 -20.449949264526367 0
vertex -11.950018882751465 -15.549948692321777 0
vertex -7.050018787384033 -15.549948692321777 0
endloop
endfacet
facet normal 0 0 -1
outer loop
vertex -11.950018882751465 -15.549948692321777 0
vertex -11.950018882751465 -11.99994945526123 0
vertex -11.250019073486328 -11.99994945526123 0
endloop
endfacet
facet normal 0 0 -1
outer loop
vertex -7.050018787384033 -15.549948692321777 0
vertex -11.950018882751465 -15.549948692321777 0
vertex -11.250019073486328 -11.99994945526123 0
endloop
endfacet
facet normal 0 0 -1
outer loop
vertex -7.750019073486328 -23.999948501586914 0
vertex -11.250019073486328 -23.999948501586914 0
vertex -7.050018787384033 -20.449949264526367 0
endloop
endfacet
facet normal 0 0 -1
outer loop
vertex -7.750019073486328 -23.999948501586914 0
vertex -7.050018787384033 -20.449949264526367 0
vertex -7.050018787384033 -23.999948501586914 0
endloop
endfacet
facet normal 0 0 -1
outer loop
vertex -7.050018787384033 -20.449949264526367 0
vertex -11.950018882751465 -20.449949264526367 0
vertex 7.049981117248535 -15.549948692321777 0
endloop
endfacet
facet normal 0 0 -1
outer loop
vertex 7.049981117248535 -15.549948692321777 0
vertex -26.050018310546875 -20.449949264526367 0
vertex -7.050018787384033 -15.549948692321777 0
endloop
endfacet
facet normal 0 0 -1
outer loop
vertex -11.250019073486328 -11.99994945526123 0
vertex -7.750019073486328 -11.99994945526123 0
vertex -7.050018787384033 -15.549948692321777 0
endloop
endfacet
facet normal 0 0 -1
outer loop
vertex -7.750019073486328 -11.99994945526123 0
vertex -7.050018787384033 -11.99994945526123 0
vertex -7.050018787384033 -15.549948692321777 0
endloop
endfacet
facet normal 0 0 -1
outer loop
vertex -7.750019073486328 -11.99994945526123 0
vertex -11.250019073486328 -11.99994945526123 0
vertex -11.250019073486328 -4.999948978424072 0
endloop
endfacet
facet normal 0 0 1
outer loop
vertex -26.850019454956055 -0.6499490737915039 2.200000047683716
vertex -30.1500186920166 -0.6499490737915039 2.200000047683716
vertex -26.850019454956055 -16.34994888305664 2.200000047683716
endloop
endfacet
facet normal 0 0 -1
outer loop
vertex -11.950018882751465 -4.999948978424072 0
vertex -11.950018882751465 -1.4499491453170776 0
vertex -11.250019073486328 -4.999948978424072 0
endloop
endfacet
facet normal 0 0 -1
outer loop
vertex -11.250019073486328 -4.999948978424072 0
vertex -11.950018882751465 -1.4499491453170776 0
vertex -7.050018787384033 -1.4499491453170776 0
endloop
endfacet
facet normal 0 0 1
outer loop
vertex -30.1500186920166 -16.34994888305664 2.200000047683716
vertex -26.850019454956055 -16.34994888305664 2.200000047683716
vertex -30.1500186920166 -0.6499490737915039 2.200000047683716
endloop
endfacet
facet normal 0 0 -1
outer loop
vertex -7.750019073486328 -11.99994945526123 0
vertex -11.250019073486328 -4.999948978424072 0
vertex -7.750019073486328 -4.999948978424072 0
endloop
endfacet
facet normal 0 0 -1
outer loop
vertex -7.750019073486328 -4.999948978424072 0
vertex -11.250019073486328 -4.999948978424072 0
vertex -7.050018787384033 -1.4499491453170776 0
endloop
endfacet
facet normal 0 0 -1
outer loop
vertex -7.750019073486328 -4.999948978424072 0
vertex -7.050018787384033 -1.4499491453170776 0
vertex -7.050018787384033 -4.999948978424072 0
endloop
endfacet
facet normal -0.7071073863574364 -0.7071061760151407 0
outer loop
vertex -71.14986419677734 -44.42116928100586 2.200000047683716
vertex -68.9212417602539 -46.64979553222656 0
vertex -68.9212417602539 -46.64979553222656 2.200000047683716
endloop
endfacet
facet normal -0.38268502001143007 -0.9238788748850423 0
outer loop
vertex -68.9212417602539 -46.64979553222656 2.200000047683716
vertex -68.07589721679688 -46.99995040893555 0
vertex -68.07589721679688 -46.99995040893555 2.200000047683716
endloop
endfacet
facet normal -0.923879106916185 -0.38268445984094035 0
outer loop
vertex -71.44234466552734 -43.71506118774414 2.200000047683716
vertex -71.44234466552734 -43.71506118774414 1.7000000476837158
vertex -71.14986419677734 -44.42116928100586 2.200000047683716
endloop
endfacet
facet normal 0 0 -1
outer loop
vertex 30.949981689453125 17.550050735473633 0
vertex 26.04998207092285 17.550050735473633 0
vertex 44.49998092651367 26.000051498413086 0
endloop
endfacet
facet normal 0 0 -1
outer loop
vertex 30.949981689453125 17.550050735473633 0
vertex 26.749980926513672 14.00005054473877 0
vertex 26.04998207092285 17.550050735473633 0
endloop
endfacet
facet normal 0 0 -1
outer loop
vertex 30.249980926513672 14.00005054473877 0
vertex 30.949981689453125 17.550050735473633 0
vertex 30.949981689453125 14.00005054473877 0
endloop
endfacet
facet normal 0 0 -1
outer loop
vertex 30.249980926513672 14.00005054473877 0
vertex 26.749980926513672 14.00005054473877 0
vertex 30.949981689453125 17.550050735473633 0
endloop
endfacet
facet normal 0 0 1
outer loop
vertex -26.850019454956055 -19.64995002746582 2.200000047683716
vertex -11.150018692016602 -16.34994888305664 2.200000047683716
vertex -26.850019454956055 -16.34994888305664 2.200000047683716
endloop
endfacet
facet normal 0 0 -1
outer loop
vertex 30.249980926513672 -23.999948501586914 0
vertex 28.949981689453125 -26.839948654174805 0
vertex 28.915727615356445 -26.667741775512695 0
endloop
endfacet
facet normal 0 0 1
outer loop
vertex -26.850019454956055 -19.64995002746582 2.200000047683716
vertex -26.850019454956055 -16.34994888305664 2.200000047683716
vertex -30.1500186920166 -19.64995002746582 2.200000047683716
endloop
endfacet
facet normal 0 0 1
outer loop
vertex -30.1500186920166 -16.34994888305664 2.200000047683716
vertex -30.1500186920166 -19.64995002746582 2.200000047683716
vertex -26.850019454956055 -16.34994888305664 2.200000047683716
endloop
endfacet
facet normal 0 0 1
outer loop
vertex -45.85001754760742 -19.64995002746582 2.200000047683716
vertex -30.1500186920166 -19.64995002746582 2.200000047683716
vertex -30.1500186920166 -16.34994888305664 2.200000047683716
endloop
endfacet
facet normal 0 0 -1
outer loop
vertex 26.749980926513672 14.00005054473877 0
vertex 30.249980926513672 14.00005054473877 0
vertex 30.249980926513672 7.000051021575928 0
endloop
endfacet
facet normal 0 0 -1
outer loop
vertex 11.949980735778809 17.550050735473633 0
vertex 30.79998207092285 22.450050354003906 0
vertex 26.04998207092285 17.550050735473633 0
endloop
endfacet
facet normal 0 0 -1
outer loop
vertex 16.699981689453125 22.450050354003906 0
vertex 30.79998207092285 22.450050354003906 0
vertex 11.949980735778809 17.550050735473633 0
endloop
endfacet
facet normal 0 0 -1
outer loop
vertex 26.04998207092285 14.00005054473877 0
vertex 26.04998207092285 17.550050735473633 0
vertex 26.749980926513672 14.00005054473877 0
endloop
endfacet
facet normal 0 0 -1
outer loop
vertex 30.249980926513672 7.000051021575928 0
vertex 26.749980926513672 7.000051021575928 0
vertex 26.749980926513672 14.00005054473877 0
endloop
endfacet
facet normal 0 0 -1
outer loop
vertex 30.249980926513672 7.000051021575928 0
vertex 30.949981689453125 7.000051021575928 0
vertex 30.949981689453125 3.4500508308410645 0
endloop
endfacet
facet normal 0 0 -1
outer loop
vertex 30.249980926513672 7.000051021575928 0
vertex 26.04998207092285 3.4500508308410645 0
vertex 26.749980926513672 7.000051021575928 0
endloop
endfacet
facet normal 0 0 -1
outer loop
vertex 30.949981689453125 3.4500508308410645 0
vertex 26.04998207092285 3.4500508308410645 0
vertex 30.249980926513672 7.000051021575928 0
endloop
endfacet
facet normal 0 0 -1
outer loop
vertex 30.949981689453125 3.4500508308410645 0
vertex 45.04998016357422 -1.4499491453170776 0
vertex 30.949981689453125 -1.4499491453170776 0
endloop
endfacet
facet normal 0 0 -1
outer loop
vertex 30.949981689453125 -1.4499491453170776 0
vertex 26.04998207092285 -1.4499491453170776 0
vertex 30.949981689453125 3.4500508308410645 0
endloop
endfacet
facet normal 0 0 -1
outer loop
vertex 26.04998207092285 3.4500508308410645 0
vertex 26.04998207092285 7.000051021575928 0
vertex 26.749980926513672 7.000051021575928 0
endloop
endfacet
facet normal 0 0 -1
outer loop
vertex 30.949981689453125 3.4500508308410645 0
vertex 11.949980735778809 -1.4499491453170776 0
vertex 26.04998207092285 3.4500508308410645 0
endloop
endfacet
facet normal 0 0 -1
outer loop
vertex 11.949980735778809 -1.4499491453170776 0
vertex 30.949981689453125 3.4500508308410645 0
vertex 26.04998207092285 -1.4499491453170776 0
endloop
endfacet
facet normal 0 0 -1
outer loop
vertex 11.949980735778809 17.550050735473633 0
vertex 7.049981117248535 17.550050735473633 0
vertex 16.699981689453125 22.450050354003906 0
endloop
endfacet
facet normal 0 0 -1
outer loop
vertex 7.049981117248535 17.550050735473633 0
vertex 7.049981117248535 22.450050354003906 0
vertex 16.699981689453125 22.450050354003906 0
endloop
endfacet
facet normal 0 0 -1
outer loop
vertex 11.249980926513672 14.00005054473877 0
vertex 11.949980735778809 17.550050735473633 0
vertex 11.949980735778809 14.00005054473877 0
endloop
endfacet
facet normal 0 0 1
outer loop
vertex 29.999980926513672 -43.64994812011719 2.200000047683716
vertex -68.07589721679688 -46.99995040893555 2.200000047683716
vertex 69.78392028808594 -45.94316482543945 2.200000047683716
endloop
endfacet
facet normal 0 0 1
outer loop
vertex 11.149981498718262 -35.34994888305664 2.200000047683716
vertex 7.849981307983398 -19.64995002746582 2.200000047683716
vertex 7.849981307983398 -35.34994888305664 2.200000047683716
endloop
endfacet
facet normal 0 0 -1
outer loop
vertex 11.249980926513672 14.00005054473877 0
vertex 7.749980926513672 14.00005054473877 0
vertex 11.949980735778809 17.550050735473633 0
endloop
endfacet
facet normal 0 0 -1
outer loop
vertex 11.249980926513672 7.000051021575928 0
vertex 7.749980926513672 14.00005054473877 0
vertex 11.249980926513672 14.00005054473877 0
endloop
endfacet
facet normal 0 0 -1
outer loop
vertex 7.749980926513672 14.00005054473877 0
vertex 7.049981117248535 17.550050735473633 0
vertex 11.949980735778809 17.550050735473633 0
endloop
endfacet
facet normal 0 0 -1
outer loop
vertex 7.049981117248535 17.550050735473633 0
vertex -7.050018787384033 17.550050735473633 0
vertex 7.049981117248535 22.450050354003906 0
endloop
endfacet
facet normal 0 0 1
outer loop
vertex 11.149981498718262 -19.64995002746582 2.200000047683716
vertex 7.849981307983398 -19.64995002746582 2.200000047683716
vertex 11.149981498718262 -35.34994888305664 2.200000047683716
endloop
endfacet
facet normal 0 0 -1
outer loop
vertex 7.049981117248535 14.00005054473877 0
vertex 7.049981117248535 17.550050735473633 0
vertex 7.749980926513672 14.00005054473877 0
endloop
endfacet
facet normal 0 0 1
outer loop
vertex -71.44234466552734 -43.71506118774414 2.200000047683716
vertex -71.14986419677734 -44.42116928100586 2.200000047683716
vertex -68.9212417602539 -46.64979553222656 2.200000047683716
endloop
endfacet
facet normal 0 0 1
outer loop
vertex -70.20001983642578 -43.71506118774414 2.200000047683716
vertex -71.44234466552734 -43.71506118774414 2.200000047683716
vertex -68.9212417602539 -46.64979553222656 2.200000047683716
endloop
endfacet
facet normal 0 0 1
outer loop
vertex -68.9212417602539 -46.64979553222656 2.200000047683716
vertex -68.07589721679688 -46.99995040893555 2.200000047683716
vertex -49.150020599365234 -35.34994888305664 2.200000047683716
endloop
endfacet
facet normal 0 0 1
outer loop
vertex -68.9212417602539 -46.64979553222656 2.200000047683716
vertex -49.150020599365234 -35.34994888305664 2.200000047683716
vertex -70.20001983642578 -43.71506118774414 2.200000047683716
endloop
endfacet
facet normal 0 0 -1
outer loop
vertex 11.249980926513672 7.000051021575928 0
vertex 11.949980735778809 7.000051021575928 0
vertex 11.949980735778809 3.4500508308410645 0
endloop
endfacet
facet normal 0 0 -1
outer loop
vertex 11.949980735778809 3.4500508308410645 0
vertex 7.749980926513672 7.000051021575928 0
vertex 11.249980926513672 7.000051021575928 0
endloop
endfacet
facet normal 0 0 -1
outer loop
vertex 26.04998207092285 3.4500508308410645 0
vertex 7.049981117248535 -1.4499491453170776 0
vertex 11.949980735778809 3.4500508308410645 0
endloop
endfacet
facet normal 0 0 -1
outer loop
vertex 11.949980735778809 -1.4499491453170776 0
vertex 7.049981117248535 -1.4499491453170776 0
vertex 26.04998207092285 3.4500508308410645 0
endloop
endfacet
facet normal 0 0 -1
outer loop
vertex 7.749980926513672 7.000051021575928 0
vertex 7.749980926513672 14.00005054473877 0
vertex 11.249980926513672 7.000051021575928 0
endloop
endfacet
facet normal 0 0 -1
outer loop
vertex 11.949980735778809 3.4500508308410645 0
vertex 7.049981117248535 7.000051021575928 0
vertex 7.749980926513672 7.000051021575928 0
endloop
endfacet
facet normal 0 0 -1
outer loop
vertex 11.949980735778809 3.4500508308410645 0
vertex 7.049981117248535 3.4500508308410645 0
vertex 7.049981117248535 7.000051021575928 0
endloop
endfacet
facet normal 0 0 -1
outer loop
vertex 7.049981117248535 3.4500508308410645 0
vertex 11.949980735778809 3.4500508308410645 0
vertex 7.049981117248535 -1.4499491453170776 0
endloop
endfacet
facet normal 0 0 -1
outer loop
vertex 7.049981117248535 -1.4499491453170776 0
vertex -7.050018787384033 -1.4499491453170776 0
vertex 7.049981117248535 3.4500508308410645 0
endloop
endfacet
facet normal 0 0 1
outer loop
vertex 69.78392028808594 -45.94316482543945 2.200000047683716
vertex -68.07589721679688 -46.99995040893555 2.200000047683716
vertex 69.73936462402344 -46.99995040893555 2.200000047683716
endloop
endfacet
facet normal 0 0 1
outer loop
vertex 26.8499813079834 -35.34994888305664 2.200000047683716
vertex 28.8499813079834 -42.49995040893555 2.200000047683716
vertex 28.87207794189453 -42.275596618652344 2.200000047683716
endloop
endfacet
facet normal 0 0 1
outer loop
vertex 28.937519073486328 -42.05986404418945 2.200000047683716
vertex 26.8499813079834 -35.34994888305664 2.200000047683716
vertex 28.87207794189453 -42.275596618652344 2.200000047683716
endloop
endfacet
facet normal 0 0 1
outer loop
vertex 28.937519073486328 -42.05986404418945 2.200000047683716
vertex 29.043790817260742 -41.86104202270508 2.200000047683716
vertex 26.8499813079834 -35.34994888305664 2.200000047683716
endloop
endfacet
facet normal 0 0 1
outer loop
vertex 29.18680763244629 -41.68677520751953 2.200000047683716
vertex 26.8499813079834 -35.34994888305664 2.200000047683716
vertex 29.043790817260742 -41.86104202270508 2.200000047683716
endloop
endfacet
facet normal 0 0 1
outer loop
vertex 26.8499813079834 -35.34994888305664 2.200000047683716
vertex 29.18680763244629 -41.68677520751953 2.200000047683716
vertex 29.361074447631836 -41.543758392333984 2.200000047683716
endloop
endfacet
facet normal 0 0 1
outer loop
vertex 29.559894561767578 -41.4374885559082 2.200000047683716
vertex 26.8499813079834 -35.34994888305664 2.200000047683716
vertex 29.361074447631836 -41.543758392333984 2.200000047683716
endloop
endfacet
facet normal 0 0 1
outer loop
vertex 29.77562713623047 -41.372047424316406 2.200000047683716
vertex 26.8499813079834 -35.34994888305664 2.200000047683716
vertex 29.559894561767578 -41.4374885559082 2.200000047683716
endloop
endfacet
facet normal 0 0 1
outer loop
vertex 29.999980926513672 -41.34994888305664 2.200000047683716
vertex 26.8499813079834 -35.34994888305664 2.200000047683716
vertex 29.77562713623047 -41.372047424316406 2.200000047683716
endloop
endfacet
facet normal 0 0 1
outer loop
vertex 26.8499813079834 -35.34994888305664 2.200000047683716
vertex 29.999980926513672 -41.34994888305664 2.200000047683716
vertex 30.149980545043945 -35.34994888305664 2.200000047683716
endloop
endfacet
facet normal 0 0 1
outer loop
vertex 31.062442779541016 -42.05986404418945 2.200000047683716
vertex 31.127883911132812 -42.275596618652344 2.200000047683716
vertex 45.849979400634766 -35.34994888305664 2.200000047683716
endloop
endfacet
facet normal 0 0 1
outer loop
vertex 30.224334716796875 -41.372047424316406 2.200000047683716
vertex 30.440067291259766 -41.4374885559082 2.200000047683716
vertex 45.849979400634766 -35.34994888305664 2.200000047683716
endloop
endfacet
facet normal 0 0 1
outer loop
vertex 30.224334716796875 -41.372047424316406 2.200000047683716
vertex 45.849979400634766 -35.34994888305664 2.200000047683716
vertex 29.999980926513672 -41.34994888305664 2.200000047683716
endloop
endfacet
facet normal 0 0 1
outer loop
vertex 45.849979400634766 -35.34994888305664 2.200000047683716
vertex 30.9561710357666 -41.86104202270508 2.200000047683716
vertex 31.062442779541016 -42.05986404418945 2.200000047683716
endloop
endfacet
facet normal 0 0 1
outer loop
vertex 30.9561710357666 -41.86104202270508 2.200000047683716
vertex 45.849979400634766 -35.34994888305664 2.200000047683716
vertex 30.813154220581055 -41.68677520751953 2.200000047683716
endloop
endfacet
facet normal 0 0 1
outer loop
vertex 30.440067291259766 -41.4374885559082 2.200000047683716
vertex 30.638887405395508 -41.543758392333984 2.200000047683716
vertex 45.849979400634766 -35.34994888305664 2.200000047683716
endloop
endfacet
facet normal 0 0 1
outer loop
vertex 30.638887405395508 -41.543758392333984 2.200000047683716
vertex 30.813154220581055 -41.68677520751953 2.200000047683716
vertex 45.849979400634766 -35.34994888305664 2.200000047683716
endloop
endfacet
facet normal 0 0 1
outer loop
vertex 29.999980926513672 -41.34994888305664 2.200000047683716
vertex 45.849979400634766 -35.34994888305664 2.200000047683716
vertex 30.149980545043945 -35.34994888305664 2.200000047683716
endloop
endfacet
facet normal 0 0 1
outer loop
vertex 70.00176239013672 -0.9638479948043823 2.200000047683716
vertex 71.28484344482422 -4.460025310516357 2.200000047683716
vertex 71.30174255371094 -0.9701439142227173 2.200000047683716
endloop
endfacet
facet normal 0 0 1
outer loop
vertex 70.00176239013672 -0.9638479948043823 2.200000047683716
vertex 69.98485565185547 -4.453729152679443 2.200000047683716
vertex 71.28484344482422 -4.460025310516357 2.200000047683716
endloop
endfacet
facet normal 0 0 1
outer loop
vertex 26.8499813079834 -35.34994888305664 2.200000047683716
vertex 30.149980545043945 -35.34994888305664 2.200000047683716
vertex 26.8499813079834 -19.64995002746582 2.200000047683716
endloop
endfacet
facet normal 0 0 1
outer loop
vertex 69.98485565185547 -4.453729152679443 2.200000047683716
vertex 70.00176239013672 -0.9638479948043823 2.200000047683716
vertex 64.84998321533203 -0.6499490737915039 2.200000047683716
endloop
endfacet
facet normal 0 0 1
outer loop
vertex 64.84998321533203 -16.34994888305664 2.200000047683716
vertex 69.98485565185547 -4.453729152679443 2.200000047683716
vertex 64.84998321533203 -0.6499490737915039 2.200000047683716
endloop
endfacet
facet normal 0 0 1
outer loop
vertex 26.8499813079834 -19.64995002746582 2.200000047683716
vertex 30.149980545043945 -35.34994888305664 2.200000047683716
vertex 30.149980545043945 -19.64995002746582 2.200000047683716
endloop
endfacet
facet normal 0 0 1
outer loop
vertex 64.84998321533203 -19.64995002746582 2.200000047683716
vertex 69.89283752441406 -23.453506469726562 2.200000047683716
vertex 69.98485565185547 -4.453729152679443 2.200000047683716
endloop
endfacet
facet normal 0 0 1
outer loop
vertex 64.84998321533203 -16.34994888305664 2.200000047683716
vertex 64.84998321533203 -19.64995002746582 2.200000047683716
vertex 69.98485565185547 -4.453729152679443 2.200000047683716
endloop
endfacet
facet normal 0 0 1
outer loop
vertex 69.87593841552734 -26.943387985229492 2.200000047683716
vertex 69.89283752441406 -23.453506469726562 2.200000047683716
vertex 64.84998321533203 -19.64995002746582 2.200000047683716
endloop
endfacet
facet normal 0 0 1
outer loop
vertex 64.84998321533203 -16.34994888305664 2.200000047683716
vertex 49.14998245239258 -19.64995002746582 2.200000047683716
vertex 64.84998321533203 -19.64995002746582 2.200000047683716
endloop
endfacet
facet normal 0 0 1
outer loop
vertex 49.14998245239258 -19.64995002746582 2.200000047683716
vertex 64.84998321533203 -16.34994888305664 2.200000047683716
vertex 49.14998245239258 -16.34994888305664 2.200000047683716
endloop
endfacet
facet normal 0 0 1
outer loop
vertex 49.14998245239258 -0.6499490737915039 2.200000047683716
vertex 45.849979400634766 -0.6499490737915039 2.200000047683716
vertex 49.14998245239258 -16.34994888305664 2.200000047683716
endloop
endfacet
facet normal 0 0 1
outer loop
vertex -11.150018692016602 -19.64995002746582 2.200000047683716
vertex -7.8500189781188965 -35.34994888305664 2.200000047683716
vertex -7.8500189781188965 -19.64995002746582 2.200000047683716
endloop
endfacet
facet normal 0 0 1
outer loop
vertex 49.14998245239258 -16.34994888305664 2.200000047683716
vertex 45.849979400634766 -0.6499490737915039 2.200000047683716
vertex 45.849979400634766 -16.34994888305664 2.200000047683716
endloop
endfacet
facet normal 0 0 1
outer loop
vertex 49.14998245239258 -19.64995002746582 2.200000047683716
vertex 49.14998245239258 -16.34994888305664 2.200000047683716
vertex 45.849979400634766 -19.64995002746582 2.200000047683716
endloop
endfacet
facet normal 0 0 1
outer loop
vertex -7.8500189781188965 -35.34994888305664 2.200000047683716
vertex -11.150018692016602 -19.64995002746582 2.200000047683716
vertex -11.150018692016602 -35.34994888305664 2.200000047683716
endloop
endfacet
facet normal 0 0 1
outer loop
vertex -68.07589721679688 -46.99995040893555 2.200000047683716
vertex 28.8499813079834 -42.49995040893555 2.200000047683716
vertex 26.8499813079834 -35.34994888305664 2.200000047683716
endloop
endfacet
facet normal 0 0 1
outer loop
vertex 28.8499813079834 -42.49995040893555 2.200000047683716
vertex -68.07589721679688 -46.99995040893555 2.200000047683716
vertex 28.87207794189453 -42.72430419921875 2.200000047683716
endloop
endfacet
facet normal 0 0 1
outer loop
vertex 29.77562713623047 -43.62785339355469 2.200000047683716
vertex -68.07589721679688 -46.99995040893555 2.200000047683716
vertex 29.999980926513672 -43.64994812011719 2.200000047683716
endloop
endfacet
facet normal 0 0 1
outer loop
vertex 28.937519073486328 -42.94003677368164 2.200000047683716
vertex -68.07589721679688 -46.99995040893555 2.200000047683716
vertex 29.043790817260742 -43.13885498046875 2.200000047683716
endloop
endfacet
facet normal 0 0 1
outer loop
vertex -68.07589721679688 -46.99995040893555 2.200000047683716
vertex 29.18680763244629 -43.3131217956543 2.200000047683716
vertex 29.043790817260742 -43.13885498046875 2.200000047683716
endloop
endfacet
facet normal 0 0 1
outer loop
vertex 29.361074447631836 -43.456138610839844 2.200000047683716
vertex -68.07589721679688 -46.99995040893555 2.200000047683716
vertex 29.559894561767578 -43.56241226196289 2.200000047683716
endloop
endfacet
facet normal 0 0 1
outer loop
vertex -68.07589721679688 -46.99995040893555 2.200000047683716
vertex 29.77562713623047 -43.62785339355469 2.200000047683716
vertex 29.559894561767578 -43.56241226196289 2.200000047683716
endloop
endfacet
facet normal 0 0 1
outer loop
vertex -68.07589721679688 -46.99995040893555 2.200000047683716
vertex 29.361074447631836 -43.456138610839844 2.200000047683716
vertex 29.18680763244629 -43.3131217956543 2.200000047683716
endloop
endfacet
facet normal 0 0 1
outer loop
vertex 45.849979400634766 -19.64995002746582 2.200000047683716
vertex 49.14998245239258 -16.34994888305664 2.200000047683716
vertex 45.849979400634766 -16.34994888305664 2.200000047683716
endloop
endfacet
facet normal 0 0 1
outer loop
vertex 45.849979400634766 -19.64995002746582 2.200000047683716
vertex 45.849979400634766 -16.34994888305664 2.200000047683716
vertex 30.149980545043945 -19.64995002746582 2.200000047683716
endloop
endfacet
facet normal 0 0 1
outer loop
vertex 7.849981307983398 -19.64995002746582 2.200000047683716
vertex 7.849981307983398 -16.34994888305664 2.200000047683716
vertex -7.8500189781188965 -19.64995002746582 2.200000047683716
endloop
endfacet
facet normal 0 0 1
outer loop
vertex 7.849981307983398 -19.64995002746582 2.200000047683716
vertex 11.149981498718262 -16.34994888305664 2.200000047683716
vertex 7.849981307983398 -16.34994888305664 2.200000047683716
endloop
endfacet
facet normal 0 0 1
outer loop
vertex 11.149981498718262 -19.64995002746582 2.200000047683716
vertex 26.8499813079834 -16.34994888305664 2.200000047683716
vertex 7.849981307983398 -19.64995002746582 2.200000047683716
endloop
endfacet
facet normal 0 0 1
outer loop
vertex 11.149981498718262 -16.34994888305664 2.200000047683716
vertex 7.849981307983398 -19.64995002746582 2.200000047683716
vertex 26.8499813079834 -16.34994888305664 2.200000047683716
endloop
endfacet
facet normal 0.9999882761935486 -0.004842259333736705 0
outer loop
vertex 71.28484344482422 -4.460025310516357 2.200000047683716
vertex 71.28484344482422 -4.460025310516357 1.7000000476837158
vertex 71.30174255371094 -0.9701439142227173 2.200000047683716
endloop
endfacet
facet normal 0.9999882761935486 -0.004842259333736705 0
outer loop
vertex 71.28484344482422 -4.460025310516357 1.7000000476837158
vertex 71.30174255371094 -0.9701439142227173 1.7000000476837158
vertex 71.30174255371094 -0.9701439142227173 2.200000047683716
endloop
endfacet
facet normal 0 0 1
outer loop
vertex -70.20001983642578 -43.71506118774414 2.200000047683716
vertex -49.150020599365234 -35.34994888305664 2.200000047683716
vertex -64.85002136230469 -35.34994888305664 2.200000047683716
endloop
endfacet
facet normal 0 0 1
outer loop
vertex -68.07589721679688 -46.99995040893555 2.200000047683716
vertex -45.85001754760742 -35.34994888305664 2.200000047683716
vertex -49.150020599365234 -35.34994888305664 2.200000047683716
endloop
endfacet
facet normal 0 0 1
outer loop
vertex -70.20001983642578 -43.71506118774414 2.200000047683716
vertex -64.85002136230469 -35.34994888305664 2.200000047683716
vertex -70.20001983642578 -24.715063095092773 2.200000047683716
endloop
endfacet
facet normal 0 0 1
outer loop
vertex -70.20001983642578 -24.715063095092773 2.200000047683716
vertex -64.85002136230469 -35.34994888305664 2.200000047683716
vertex -70.20001983642578 -21.955223083496094 2.200000047683716
endloop
endfacet
facet normal 0 0 1
outer loop
vertex -64.85002136230469 -19.64995002746582 2.200000047683716
vertex -70.20001983642578 -21.955223083496094 2.200000047683716
vertex -64.85002136230469 -35.34994888305664 2.200000047683716
endloop
endfacet
facet normal 0 0 1
outer loop
vertex 11.149981498718262 -16.34994888305664 2.200000047683716
vertex 7.849981307983398 -0.6499490737915039 2.200000047683716
vertex 7.849981307983398 -16.34994888305664 2.200000047683716
endloop
endfacet
facet normal 0 0 1
outer loop
vertex 11.149981498718262 -0.6499490737915039 2.200000047683716
vertex 7.849981307983398 -0.6499490737915039 2.200000047683716
vertex 11.149981498718262 -16.34994888305664 2.200000047683716
endloop
endfacet
facet normal 0 0 1
outer loop
vertex 69.89283752441406 -23.453506469726562 2.200000047683716
vertex 71.1759262084961 -26.949684143066406 2.200000047683716
vertex 71.19282531738281 -23.459802627563477 2.200000047683716
endloop
endfacet
facet normal 0 0 1
outer loop
vertex 69.89283752441406 -23.453506469726562 2.200000047683716
vertex 69.87593841552734 -26.943387985229492 2.200000047683716
vertex 71.1759262084961 -26.949684143066406 2.200000047683716
endloop
endfacet
facet normal 0 0 1
outer loop
vertex 69.78392028808594 -45.94316482543945 2.200000047683716
vertex 69.87593841552734 -26.943387985229492 2.200000047683716
vertex 64.84998321533203 -19.64995002746582 2.200000047683716
endloop
endfacet
facet normal 0 0 1
outer loop
vertex 64.84998321533203 -35.34994888305664 2.200000047683716
vertex 69.78392028808594 -45.94316482543945 2.200000047683716
vertex 64.84998321533203 -19.64995002746582 2.200000047683716
endloop
endfacet
facet normal 0 0 1
outer loop
vertex 69.78392028808594 -45.94316482543945 2.200000047683716
vertex 69.73936462402344 -46.99995040893555 2.200000047683716
vertex 70.79634857177734 -45.94806671142578 2.200000047683716
endloop
endfacet
facet normal 0 0 1
outer loop
vertex 49.14998245239258 -35.34994888305664 2.200000047683716
vertex 69.78392028808594 -45.94316482543945 2.200000047683716
vertex 64.84998321533203 -35.34994888305664 2.200000047683716
endloop
endfacet
facet normal 0 0 1
outer loop
vertex 26.8499813079834 -16.34994888305664 2.200000047683716
vertex 11.149981498718262 -19.64995002746582 2.200000047683716
vertex 26.8499813079834 -19.64995002746582 2.200000047683716
endloop
endfacet
facet normal 0 0 1
outer loop
vertex 26.8499813079834 -19.64995002746582 2.200000047683716
vertex 30.149980545043945 -16.34994888305664 2.200000047683716
vertex 26.8499813079834 -16.34994888305664 2.200000047683716
endloop
endfacet
facet normal 0 0 1
outer loop
vertex 30.149980545043945 -16.34994888305664 2.200000047683716
vertex 26.8499813079834 -19.64995002746582 2.200000047683716
vertex 30.149980545043945 -19.64995002746582 2.200000047683716
endloop
endfacet
facet normal 0 0 1
outer loop
vertex 30.149980545043945 -16.34994888305664 2.200000047683716
vertex 30.149980545043945 -19.64995002746582 2.200000047683716
vertex 45.849979400634766 -16.34994888305664 2.200000047683716
endloop
endfacet
facet normal 0 0 1
outer loop
vertex 49.14998245239258 -19.64995002746582 2.200000047683716
vertex 45.849979400634766 -19.64995002746582 2.200000047683716
vertex 49.14998245239258 -35.34994888305664 2.200000047683716
endloop
endfacet
facet normal 0 0 1
outer loop
vertex 49.14998245239258 -35.34994888305664 2.200000047683716
vertex 45.849979400634766 -19.64995002746582 2.200000047683716
vertex 45.849979400634766 -35.34994888305664 2.200000047683716
endloop
endfacet
facet normal 0 0 1
outer loop
vertex 49.14998245239258 -35.34994888305664 2.200000047683716
vertex 31.149980545043945 -42.49995040893555 2.200000047683716
vertex 69.78392028808594 -45.94316482543945 2.200000047683716
endloop
endfacet
facet normal 0 0 1
outer loop
vertex 31.127883911132812 -42.275596618652344 2.200000047683716
vertex 49.14998245239258 -35.34994888305664 2.200000047683716
vertex 45.849979400634766 -35.34994888305664 2.200000047683716
endloop
endfacet
facet normal 0 0 1
outer loop
vertex 31.149980545043945 -42.49995040893555 2.200000047683716
vertex 49.14998245239258 -35.34994888305664 2.200000047683716
vertex 31.127883911132812 -42.275596618652344 2.200000047683716
endloop
endfacet
facet normal 0 0 1
outer loop
vertex 31.149980545043945 -42.49995040893555 2.200000047683716
vertex 31.127883911132812 -42.72430419921875 2.200000047683716
vertex 69.78392028808594 -45.94316482543945 2.200000047683716
endloop
endfacet
facet normal 0 0 1
outer loop
vertex 31.127883911132812 -42.72430419921875 2.200000047683716
vertex 31.062442779541016 -42.94003677368164 2.200000047683716
vertex 69.78392028808594 -45.94316482543945 2.200000047683716
endloop
endfacet
facet normal 0 0 1
outer loop
vertex 31.062442779541016 -42.94003677368164 2.200000047683716
vertex 30.9561710357666 -43.13885498046875 2.200000047683716
vertex 69.78392028808594 -45.94316482543945 2.200000047683716
endloop
endfacet
facet normal 0 0 1
outer loop
vertex 30.149980545043945 -16.34994888305664 2.200000047683716
vertex 26.8499813079834 -0.6499490737915039 2.200000047683716
vertex 26.8499813079834 -16.34994888305664 2.200000047683716
endloop
endfacet
facet normal 0 0 1
outer loop
vertex 30.149980545043945 -0.6499490737915039 2.200000047683716
vertex 26.8499813079834 -0.6499490737915039 2.200000047683716
vertex 30.149980545043945 -16.34994888305664 2.200000047683716
endloop
endfacet
facet normal 0 0 1
outer loop
vertex 30.9561710357666 -43.13885498046875 2.200000047683716
vertex 30.813154220581055 -43.3131217956543 2.200000047683716
vertex 69.78392028808594 -45.94316482543945 2.200000047683716
endloop
endfacet
facet normal 0 0 1
outer loop
vertex 30.813154220581055 -43.3131217956543 2.200000047683716
vertex 30.638887405395508 -43.456138610839844 2.200000047683716
vertex 69.78392028808594 -45.94316482543945 2.200000047683716
endloop
endfacet
facet normal 0 0 1
outer loop
vertex 30.638887405395508 -43.456138610839844 2.200000047683716
vertex 30.440067291259766 -43.56241226196289 2.200000047683716
vertex 69.78392028808594 -45.94316482543945 2.200000047683716
endloop
endfacet
facet normal 0 0 1
outer loop
vertex 30.440067291259766 -43.56241226196289 2.200000047683716
vertex 30.224334716796875 -43.62785339355469 2.200000047683716
vertex 69.78392028808594 -45.94316482543945 2.200000047683716
endloop
endfacet
facet normal 0 0 1
outer loop
vertex 30.224334716796875 -43.62785339355469 2.200000047683716
vertex 29.999980926513672 -43.64994812011719 2.200000047683716
vertex 69.78392028808594 -45.94316482543945 2.200000047683716
endloop
endfacet
facet normal 0.9999882761943495 -0.004842259168336029 0
outer loop
vertex 71.1759262084961 -26.949684143066406 2.200000047683716
vertex 71.1759262084961 -26.949684143066406 1.7000000476837158
vertex 71.19282531738281 -23.459802627563477 2.200000047683716
endloop
endfacet
facet normal 0.9999882761943495 -0.004842259168336029 0
outer loop
vertex 71.1759262084961 -26.949684143066406 1.7000000476837158
vertex 71.19282531738281 -23.459802627563477 1.7000000476837158
vertex 71.19282531738281 -23.459802627563477 2.200000047683716
endloop
endfacet
facet normal 0.7053945959760944 -0.7088148305218525 0
outer loop
vertex 69.73936462402344 -46.99995040893555 2.200000047683716
vertex 70.79634857177734 -45.94806671142578 1.7000000476837158
vertex 70.79634857177734 -45.94806671142578 2.200000047683716
endloop
endfacet
facet normal 0 0 1
outer loop
vertex -45.85001754760742 -35.34994888305664 2.200000047683716
vertex -68.07589721679688 -46.99995040893555 2.200000047683716
vertex -30.1500186920166 -35.34994888305664 2.200000047683716
endloop
endfacet
facet normal 0 0 1
outer loop
vertex -68.07589721679688 -46.99995040893555 2.200000047683716
vertex -26.850019454956055 -35.34994888305664 2.200000047683716
vertex -30.1500186920166 -35.34994888305664 2.200000047683716
endloop
endfacet
facet normal 0 0 1
outer loop
vertex -68.07589721679688 -46.99995040893555 2.200000047683716
vertex 28.937519073486328 -42.94003677368164 2.200000047683716
vertex 28.87207794189453 -42.72430419921875 2.200000047683716
endloop
endfacet
facet normal 0 0 1
outer loop
vertex -68.07589721679688 -46.99995040893555 2.200000047683716
vertex 26.8499813079834 -35.34994888305664 2.200000047683716
vertex 11.149981498718262 -35.34994888305664 2.200000047683716
endloop
endfacet
facet normal 0 0 1
outer loop
vertex -68.07589721679688 -46.99995040893555 2.200000047683716
vertex 11.149981498718262 -35.34994888305664 2.200000047683716
vertex 7.849981307983398 -35.34994888305664 2.200000047683716
endloop
endfacet
facet normal 0 0 1
outer loop
vertex -45.85001754760742 -35.34994888305664 2.200000047683716
vertex -49.150020599365234 -19.64995002746582 2.200000047683716
vertex -49.150020599365234 -35.34994888305664 2.200000047683716
endloop
endfacet
facet normal 0 0 1
outer loop
vertex -49.150020599365234 -19.64995002746582 2.200000047683716
vertex -45.85001754760742 -35.34994888305664 2.200000047683716
vertex -45.85001754760742 -19.64995002746582 2.200000047683716
endloop
endfacet
facet normal -1 0 0
outer loop
vertex -71.50001525878906 -21.955223083496094 1.7000000476837158
vertex -71.50001525878906 -24.715063095092773 1.7000000476837158
vertex -71.50001525878906 -24.715063095092773 2.200000047683716
endloop
endfacet
facet normal -1 0 0
outer loop
vertex -71.50001525878906 -21.955223083496094 1.7000000476837158
vertex -71.50001525878906 -24.715063095092773 2.200000047683716
vertex -71.50001525878906 -21.955223083496094 2.200000047683716
endloop
endfacet
facet normal -1 0 0
outer loop
vertex -71.50001525878906 -0.19538506865501404 1.7000000476837158
vertex -71.50001525878906 -2.95522403717041 1.7000000476837158
vertex -71.50001525878906 -2.95522403717041 2.200000047683716
endloop
endfacet
facet normal 0 0 1
outer loop
vertex -71.50001525878906 -21.955223083496094 2.200000047683716
vertex -71.50001525878906 -24.715063095092773 2.200000047683716
vertex -70.20001983642578 -24.715063095092773 2.200000047683716
endloop
endfacet
facet normal 0 0 1
outer loop
vertex -70.20001983642578 -21.955223083496094 2.200000047683716
vertex -71.50001525878906 -21.955223083496094 2.200000047683716
vertex -70.20001983642578 -24.715063095092773 2.200000047683716
endloop
endfacet
facet normal 0 0 1
outer loop
vertex -64.85002136230469 -19.64995002746582 2.200000047683716
vertex -64.85002136230469 -16.34994888305664 2.200000047683716
vertex -70.20001983642578 -21.955223083496094 2.200000047683716
endloop
endfacet
facet normal 0 0 1
outer loop
vertex -70.20001983642578 -21.955223083496094 2.200000047683716
vertex -64.85002136230469 -16.34994888305664 2.200000047683716
vertex -70.20001983642578 -2.95522403717041 2.200000047683716
endloop
endfacet
facet normal 0 0 1
outer loop
vertex -64.85002136230469 -19.64995002746582 2.200000047683716
vertex -49.150020599365234 -16.34994888305664 2.200000047683716
vertex -64.85002136230469 -16.34994888305664 2.200000047683716
endloop
endfacet
facet normal 0 0 1
outer loop
vertex -26.850019454956055 -19.64995002746582 2.200000047683716
vertex -30.1500186920166 -19.64995002746582 2.200000047683716
vertex -26.850019454956055 -35.34994888305664 2.200000047683716
endloop
endfacet
facet normal 0 0 1
outer loop
vertex -26.850019454956055 -35.34994888305664 2.200000047683716
vertex -30.1500186920166 -19.64995002746582 2.200000047683716
vertex -30.1500186920166 -35.34994888305664 2.200000047683716
endloop
endfacet
facet normal 0 0 1
outer loop
vertex -7.8500189781188965 -35.34994888305664 2.200000047683716
vertex -68.07589721679688 -46.99995040893555 2.200000047683716
vertex 7.849981307983398 -35.34994888305664 2.200000047683716
endloop
endfacet
facet normal 0 0 1
outer loop
vertex -68.07589721679688 -46.99995040893555 2.200000047683716
vertex -7.8500189781188965 -35.34994888305664 2.200000047683716
vertex -11.150018692016602 -35.34994888305664 2.200000047683716
endloop
endfacet
facet normal 0 0 1
outer loop
vertex -26.850019454956055 -35.34994888305664 2.200000047683716
vertex -68.07589721679688 -46.99995040893555 2.200000047683716
vertex -11.150018692016602 -35.34994888305664 2.200000047683716
endloop
endfacet
facet normal 0 0 1
outer loop
vertex -64.85002136230469 -19.64995002746582 2.200000047683716
vertex -49.150020599365234 -19.64995002746582 2.200000047683716
vertex -49.150020599365234 -16.34994888305664 2.200000047683716
endloop
endfacet
facet normal 0 0 1
outer loop
vertex -71.50001525878906 -2.95522403717041 2.200000047683716
vertex -70.20001983642578 -2.95522403717041 2.200000047683716
vertex -71.50001525878906 -0.19538506865501404 2.200000047683716
endloop
endfacet
facet normal 0 0 1
outer loop
vertex -64.85002136230469 -0.6499490737915039 2.200000047683716
vertex -70.20001983642578 -2.95522403717041 2.200000047683716
vertex -64.85002136230469 -16.34994888305664 2.200000047683716
endloop
endfacet
facet normal 0 0 1
outer loop
vertex -49.150020599365234 -19.64995002746582 2.200000047683716
vertex -45.85001754760742 -19.64995002746582 2.200000047683716
vertex -49.150020599365234 -16.34994888305664 2.200000047683716
endloop
endfacet
facet normal 0 0 1
outer loop
vertex -45.85001754760742 -16.34994888305664 2.200000047683716
vertex -49.150020599365234 -16.34994888305664 2.200000047683716
vertex -45.85001754760742 -19.64995002746582 2.200000047683716
endloop
endfacet
facet normal 0 0 1
outer loop
vertex -30.1500186920166 -16.34994888305664 2.200000047683716
vertex -45.85001754760742 -16.34994888305664 2.200000047683716
vertex -45.85001754760742 -19.64995002746582 2.200000047683716
endloop
endfacet
facet normal 0 0 1
outer loop
vertex -45.85001754760742 -0.6499490737915039 2.200000047683716
vertex -49.150020599365234 -0.6499490737915039 2.200000047683716
vertex -45.85001754760742 -16.34994888305664 2.200000047683716
endloop
endfacet
facet normal 0.0048416550691721865 0.999988279119406 0
outer loop
vertex 70.79634857177734 -45.94806671142578 2.200000047683716
vertex 69.78392028808594 -45.94316482543945 1.7000000476837158
vertex 69.78392028808594 -45.94316482543945 2.200000047683716
endloop
endfacet
facet normal 0 0 1
outer loop
vertex 70.79634857177734 -45.94806671142578 1.7000000476837158
vertex 71.0853042602539 -45.66050720214844 1.7000000476837158
vertex 71.0863265991211 -45.449466705322266 1.7000000476837158
endloop
endfacet
facet normal -0.004843187011252048 -0.9999882717010105 0
outer loop
vertex 69.87593841552734 -26.943387985229492 2.200000047683716
vertex 69.87593841552734 -26.943387985229492 1.7000000476837158
vertex 71.1759262084961 -26.949684143066406 2.200000047683716
endloop
endfacet
facet normal 0 0 1
outer loop
vertex 69.78392028808594 -45.94316482543945 1.7000000476837158
vertex 70.79634857177734 -45.94806671142578 1.7000000476837158
vertex 71.8061294555664 -41.361995697021484 1.7000000476837158
endloop
endfacet
facet normal 0 0 1
outer loop
vertex 71.8061294555664 -41.361995697021484 1.7000000476837158
vertex 70.79634857177734 -45.94806671142578 1.7000000476837158
vertex 71.0863265991211 -45.449466705322266 1.7000000476837158
endloop
endfacet
facet normal -0.004843187011252048 -0.9999882717010105 0
outer loop
vertex 69.87593841552734 -26.943387985229492 1.7000000476837158
vertex 71.1759262084961 -26.949684143066406 1.7000000476837158
vertex 71.1759262084961 -26.949684143066406 2.200000047683716
endloop
endfacet
facet normal 0.999988272318938 -0.004843059424119996 0
outer loop
vertex 69.87593841552734 -26.943387985229492 2.200000047683716
vertex 69.78392028808594 -45.94316482543945 1.7000000476837158
vertex 69.87593841552734 -26.943387985229492 1.7000000476837158
endloop
endfacet
facet normal 0 0 1
outer loop
vertex 69.87593841552734 -26.943387985229492 1.7000000476837158
vertex 71.17350006103516 -27.449678421020508 1.7000000476837158
vertex 71.1759262084961 -26.949684143066406 1.7000000476837158
endloop
endfacet
facet normal 0 0 1
outer loop
vertex 71.8061294555664 -41.361995697021484 1.7000000476837158
vertex 71.0863265991211 -45.449466705322266 1.7000000476837158
vertex 71.78631591796875 -45.452857971191406 1.7000000476837158
endloop
endfacet
facet normal 0 0 1
outer loop
vertex 69.78392028808594 -45.94316482543945 1.7000000476837158
vertex 71.8061294555664 -41.361995697021484 1.7000000476837158
vertex 69.87593841552734 -26.943387985229492 1.7000000476837158
endloop
endfacet
facet normal 0 0 1
outer loop
vertex 71.87349700927734 -27.453067779541016 1.7000000476837158
vertex 71.17350006103516 -27.449678421020508 1.7000000476837158
vertex 71.8061294555664 -41.361995697021484 1.7000000476837158
endloop
endfacet
facet normal 0.0048416550691721865 0.999988279119406 0
outer loop
vertex 70.79634857177734 -45.94806671142578 1.7000000476837158
vertex 69.78392028808594 -45.94316482543945 1.7000000476837158
vertex 70.79634857177734 -45.94806671142578 2.200000047683716
endloop
endfacet
facet normal 0 0 1
outer loop
vertex 69.87593841552734 -26.943387985229492 1.7000000476837158
vertex 71.8061294555664 -41.361995697021484 1.7000000476837158
vertex 71.17350006103516 -27.449678421020508 1.7000000476837158
endloop
endfacet
facet normal 0.999988272318938 -0.004843059424119996 0
outer loop
vertex 69.78392028808594 -45.94316482543945 2.200000047683716
vertex 69.78392028808594 -45.94316482543945 1.7000000476837158
vertex 69.87593841552734 -26.943387985229492 2.200000047683716
endloop
endfacet
facet normal 0.004843215434545568 0.9999882715633491 0
outer loop
vertex 71.41065979003906 21.519514083862305 1.7000000476837158
vertex 70.11067962646484 21.52581024169922 1.7000000476837158
vertex 70.11067962646484 21.52581024169922 2.200000047683716
endloop
endfacet
facet normal 0 0 1
outer loop
vertex 70.11067962646484 21.52581024169922 1.7000000476837158
vertex 71.41065979003906 21.519514083862305 1.7000000476837158
vertex 71.4130859375 22.019508361816406 1.7000000476837158
endloop
endfacet
facet normal 0 0 1
outer loop
vertex 71.4130859375 22.019508361816406 1.7000000476837158
vertex 72.13288879394531 26.106979370117188 1.7000000476837158
vertex 70.11067962646484 21.52581024169922 1.7000000476837158
endloop
endfacet
facet normal 0 0 1
outer loop
vertex 72.13288879394531 26.106979370117188 1.7000000476837158
vertex 71.4130859375 22.019508361816406 1.7000000476837158
vertex 72.11307525634766 22.0161190032959 1.7000000476837158
endloop
endfacet
facet normal 0 0 1
outer loop
vertex 70.11067962646484 21.52581024169922 1.7000000476837158
vertex 72.13288879394531 26.106979370117188 1.7000000476837158
vertex 70.20269775390625 40.52558898925781 1.7000000476837158
endloop
endfacet
facet normal 0 0 1
outer loop
vertex 72.20024871826172 40.015907287597656 1.7000000476837158
vertex 71.50025939941406 40.0192985534668 1.7000000476837158
vertex 72.13288879394531 26.106979370117188 1.7000000476837158
endloop
endfacet
facet normal 0.9999882723212925 -0.004843058937946645 0
outer loop
vertex 70.11067962646484 21.52581024169922 2.200000047683716
vertex 70.11067962646484 21.52581024169922 1.7000000476837158
vertex 70.20269775390625 40.52558898925781 2.200000047683716
endloop
endfacet
facet normal 0.004843215434545568 0.9999882715633491 0
outer loop
vertex 71.41065979003906 21.519514083862305 2.200000047683716
vertex 71.41065979003906 21.519514083862305 1.7000000476837158
vertex 70.11067962646484 21.52581024169922 2.200000047683716
endloop
endfacet
facet normal 0 0 1
outer loop
vertex 70.20269775390625 40.52558898925781 1.7000000476837158
vertex 72.13288879394531 26.106979370117188 1.7000000476837158
vertex 71.50025939941406 40.0192985534668 1.7000000476837158
endloop
endfacet
facet normal 0 0 1
outer loop
vertex 70.20269775390625 40.52558898925781 1.7000000476837158
vertex 71.50025939941406 40.0192985534668 1.7000000476837158
vertex 71.50204467773438 40.38799285888672 1.7000000476837158
endloop
endfacet
facet normal -0.004844170407340233 -0.9999882669377 0
outer loop
vertex 70.20269775390625 40.52558898925781 2.200000047683716
vertex 71.45162963867188 40.51953887939453 1.7000000476837158
vertex 71.45162963867188 40.51953887939453 2.200000047683716
endloop
endfacet
facet normal -0.004844170407340233 -0.9999882669377 0
outer loop
vertex 70.20269775390625 40.52558898925781 2.200000047683716
vertex 70.20269775390625 40.52558898925781 1.7000000476837158
vertex 71.45162963867188 40.51953887939453 1.7000000476837158
endloop
endfacet
facet normal 0 0 1
outer loop
vertex 70.20269775390625 40.52558898925781 1.7000000476837158
vertex 71.50204467773438 40.38799285888672 1.7000000476837158
vertex 71.45162963867188 40.51953887939453 1.7000000476837158
endloop
endfacet
facet normal 0.9999882723212925 -0.004843058937946645 0
outer loop
vertex 70.20269775390625 40.52558898925781 2.200000047683716
vertex 70.11067962646484 21.52581024169922 1.7000000476837158
vertex 70.20269775390625 40.52558898925781 1.7000000476837158
endloop
endfacet
facet normal 0 1 0
outer loop
vertex -70.20001983642578 21.564453125 1.7000000476837158
vertex -71.50001525878906 21.564453125 1.7000000476837158
vertex -71.50001525878906 21.564453125 2.200000047683716
endloop
endfacet
facet normal 0 1 0
outer loop
vertex -70.20001983642578 21.564453125 2.200000047683716
vertex -70.20001983642578 21.564453125 1.7000000476837158
vertex -71.50001525878906 21.564453125 2.200000047683716
endloop
endfacet
facet normal 0 0 1
outer loop
vertex -72.20001983642578 35.97354507446289 1.7000000476837158
vertex -71.50001525878906 22.064453125 1.7000000476837158
vertex -70.20001983642578 21.564453125 1.7000000476837158
endloop
endfacet
facet normal 0 0 1
outer loop
vertex -72.20001983642578 35.97354507446289 1.7000000476837158
vertex -72.20001983642578 22.064453125 1.7000000476837158
vertex -71.50001525878906 22.064453125 1.7000000476837158
endloop
endfacet
facet normal 0 0 1
outer loop
vertex -71.50001525878906 22.064453125 1.7000000476837158
vertex -71.50001525878906 21.564453125 1.7000000476837158
vertex -70.20001983642578 21.564453125 1.7000000476837158
endloop
endfacet
facet normal -1 0 0
outer loop
vertex -70.20001983642578 21.564453125 2.200000047683716
vertex -70.20001983642578 40.564453125 1.7000000476837158
vertex -70.20001983642578 21.564453125 1.7000000476837158
endloop
endfacet
facet normal 0 0 1
outer loop
vertex -72.20001983642578 35.97354507446289 1.7000000476837158
vertex -70.20001983642578 21.564453125 1.7000000476837158
vertex -70.20001983642578 40.564453125 1.7000000476837158
endloop
endfacet
facet normal 0 0 1
outer loop
vertex -72.20001983642578 40.064453125 1.7000000476837158
vertex -72.20001983642578 35.97354507446289 1.7000000476837158
vertex -71.50001525878906 40.064453125 1.7000000476837158
endloop
endfacet
facet normal 0 0 1
outer loop
vertex -71.50001525878906 40.064453125 1.7000000476837158
vertex -72.20001983642578 35.97354507446289 1.7000000476837158
vertex -70.20001983642578 40.564453125 1.7000000476837158
endloop
endfacet
facet normal 0 -1 0
outer loop
vertex -71.44234466552734 40.564453125 2.200000047683716
vertex -70.20001983642578 40.564453125 1.7000000476837158
vertex -70.20001983642578 40.564453125 2.200000047683716
endloop
endfacet
facet normal 0 -1 0
outer loop
vertex -71.44234466552734 40.564453125 1.7000000476837158
vertex -70.20001983642578 40.564453125 1.7000000476837158
vertex -71.44234466552734 40.564453125 2.200000047683716
endloop
endfacet
facet normal -1 0 0
outer loop
vertex -70.20001983642578 40.564453125 1.7000000476837158
vertex -70.20001983642578 21.564453125 2.200000047683716
vertex -70.20001983642578 40.564453125 2.200000047683716
endloop
endfacet
facet normal 0 0 1
outer loop
vertex -71.44234466552734 40.564453125 1.7000000476837158
vertex -71.50001525878906 40.42521667480469 1.7000000476837158
vertex -70.20001983642578 40.564453125 1.7000000476837158
endloop
endfacet
facet normal 0 0 1
outer loop
vertex -71.50001525878906 40.42521667480469 1.7000000476837158
vertex -71.50001525878906 40.064453125 1.7000000476837158
vertex -70.20001983642578 40.564453125 1.7000000476837158
endloop
endfacet
facet normal 0 0 1
outer loop
vertex -71.50001525878906 -25.215063095092773 1.7000000476837158
vertex -72.20001983642578 -29.305971145629883 1.7000000476837158
vertex -70.20001983642578 -24.715063095092773 1.7000000476837158
endloop
endfacet
facet normal 0 -1 0
outer loop
vertex -71.50001525878906 -24.715063095092773 1.7000000476837158
vertex -70.20001983642578 -24.715063095092773 1.7000000476837158
vertex -70.20001983642578 -24.715063095092773 2.200000047683716
endloop
endfacet
facet normal 0 0 1
outer loop
vertex -71.50001525878906 -43.57582473754883 1.7000000476837158
vertex -71.44234466552734 -43.71506118774414 1.7000000476837158
vertex -70.20001983642578 -43.71506118774414 1.7000000476837158
endloop
endfacet
facet normal 0 0 1
outer loop
vertex -71.50001525878906 -43.21506118774414 1.7000000476837158
vertex -71.50001525878906 -43.57582473754883 1.7000000476837158
vertex -70.20001983642578 -43.71506118774414 1.7000000476837158
endloop
endfacet
facet normal 0 0 1
outer loop
vertex -72.20001983642578 -29.305971145629883 1.7000000476837158
vertex -72.20001983642578 -43.21506118774414 1.7000000476837158
vertex -71.50001525878906 -43.21506118774414 1.7000000476837158
endloop
endfacet
facet normal 0 0 1
outer loop
vertex -72.20001983642578 -29.305971145629883 1.7000000476837158
vertex -71.50001525878906 -43.21506118774414 1.7000000476837158
vertex -70.20001983642578 -43.71506118774414 1.7000000476837158
endloop
endfacet
facet normal -1 0 0
outer loop
vertex -70.20001983642578 -43.71506118774414 2.200000047683716
vertex -70.20001983642578 -24.715063095092773 1.7000000476837158
vertex -70.20001983642578 -43.71506118774414 1.7000000476837158
endloop
endfacet
facet normal 0 0 1
outer loop
vertex -72.20001983642578 -29.305971145629883 1.7000000476837158
vertex -70.20001983642578 -43.71506118774414 1.7000000476837158
vertex -70.20001983642578 -24.715063095092773 1.7000000476837158
endloop
endfacet
facet normal 0 0 1
outer loop
vertex -72.20001983642578 -25.215063095092773 1.7000000476837158
vertex -72.20001983642578 -29.305971145629883 1.7000000476837158
vertex -71.50001525878906 -25.215063095092773 1.7000000476837158
endloop
endfacet
facet normal 0 -1 0
outer loop
vertex -71.50001525878906 -24.715063095092773 1.7000000476837158
vertex -70.20001983642578 -24.715063095092773 2.200000047683716
vertex -71.50001525878906 -24.715063095092773 2.200000047683716
endloop
endfacet
facet normal 0 0 1
outer loop
vertex -71.50001525878906 -24.715063095092773 1.7000000476837158
vertex -71.50001525878906 -25.215063095092773 1.7000000476837158
vertex -70.20001983642578 -24.715063095092773 1.7000000476837158
endloop
endfacet
facet normal 0 1 0
outer loop
vertex -70.20001983642578 -43.71506118774414 1.7000000476837158
vertex -71.44234466552734 -43.71506118774414 1.7000000476837158
vertex -71.44234466552734 -43.71506118774414 2.200000047683716
endloop
endfacet
facet normal -1 0 0
outer loop
vertex -70.20001983642578 -24.715063095092773 1.7000000476837158
vertex -70.20001983642578 -43.71506118774414 2.200000047683716
vertex -70.20001983642578 -24.715063095092773 2.200000047683716
endloop
endfacet
facet normal 0 1 0
outer loop
vertex -70.20001983642578 -43.71506118774414 2.200000047683716
vertex -70.20001983642578 -43.71506118774414 1.7000000476837158
vertex -71.44234466552734 -43.71506118774414 2.200000047683716
endloop
endfacet
facet normal 0.004843187011252048 0.9999882717010105 0
outer loop
vertex 71.19282531738281 -23.459802627563477 1.7000000476837158
vertex 69.89283752441406 -23.453506469726562 1.7000000476837158
vertex 69.89283752441406 -23.453506469726562 2.200000047683716
endloop
endfacet
facet normal 0 0 1
outer loop
vertex 69.98485565185547 -4.453729152679443 1.7000000476837158
vertex 71.91504669189453 -18.872337341308594 1.7000000476837158
vertex 71.28241729736328 -4.960019111633301 1.7000000476837158
endloop
endfacet
facet normal 0 0 1
outer loop
vertex 71.98241424560547 -4.963409423828125 1.7000000476837158
vertex 71.28241729736328 -4.960019111633301 1.7000000476837158
vertex 71.91504669189453 -18.872337341308594 1.7000000476837158
endloop
endfacet
facet normal 0.9999882723195267 -0.004843059302576649 0
outer loop
vertex 69.89283752441406 -23.453506469726562 2.200000047683716
vertex 69.89283752441406 -23.453506469726562 1.7000000476837158
vertex 69.98485565185547 -4.453729152679443 2.200000047683716
endloop
endfacet
facet normal 0 0 1
outer loop
vertex 71.28241729736328 -4.960019111633301 1.7000000476837158
vertex 71.28484344482422 -4.460025310516357 1.7000000476837158
vertex 69.98485565185547 -4.453729152679443 1.7000000476837158
endloop
endfacet
facet normal 0 0 1
outer loop
vertex 69.89283752441406 -23.453506469726562 1.7000000476837158
vertex 71.19282531738281 -23.459802627563477 1.7000000476837158
vertex 71.19524383544922 -22.959808349609375 1.7000000476837158
endloop
endfacet
facet normal 0 0 1
outer loop
vertex 71.19524383544922 -22.959808349609375 1.7000000476837158
vertex 71.91504669189453 -18.872337341308594 1.7000000476837158
vertex 69.89283752441406 -23.453506469726562 1.7000000476837158
endloop
endfacet
facet normal 0 0 1
outer loop
vertex 71.91504669189453 -18.872337341308594 1.7000000476837158
vertex 71.19524383544922 -22.959808349609375 1.7000000476837158
vertex 71.8952407836914 -22.963197708129883 1.7000000476837158
endloop
endfacet
facet normal 0 0 1
outer loop
vertex 69.89283752441406 -23.453506469726562 1.7000000476837158
vertex 71.91504669189453 -18.872337341308594 1.7000000476837158
vertex 69.98485565185547 -4.453729152679443 1.7000000476837158
endloop
endfacet
facet normal 0.9999882723195267 -0.004843059302576649 0
outer loop
vertex 69.98485565185547 -4.453729152679443 2.200000047683716
vertex 69.89283752441406 -23.453506469726562 1.7000000476837158
vertex 69.98485565185547 -4.453729152679443 1.7000000476837158
endloop
endfacet
facet normal -0.004843187011252048 -0.9999882717010105 0
outer loop
vertex 69.98485565185547 -4.453729152679443 1.7000000476837158
vertex 71.28484344482422 -4.460025310516357 1.7000000476837158
vertex 71.28484344482422 -4.460025310516357 2.200000047683716
endloop
endfacet
facet normal -0.004843187011252048 -0.9999882717010105 0
outer loop
vertex 69.98485565185547 -4.453729152679443 2.200000047683716
vertex 69.98485565185547 -4.453729152679443 1.7000000476837158
vertex 71.28484344482422 -4.460025310516357 2.200000047683716
endloop
endfacet
facet normal 0.004843187011252048 0.9999882717010105 0
outer loop
vertex 71.19282531738281 -23.459802627563477 2.200000047683716
vertex 71.19282531738281 -23.459802627563477 1.7000000476837158
vertex 69.89283752441406 -23.453506469726562 2.200000047683716
endloop
endfacet
facet normal 0 0 1
outer loop
vertex 70.0937728881836 18.03592872619629 1.7000000476837158
vertex 72.02397155761719 3.617321252822876 1.7000000476837158
vertex 71.39134216308594 17.529638290405273 1.7000000476837158
endloop
endfacet
facet normal 0 0 1
outer loop
vertex 71.30416870117188 -0.47014978528022766 1.7000000476837158
vertex 72.02397155761719 3.617321252822876 1.7000000476837158
vertex 70.00176239013672 -0.9638479948043823 1.7000000476837158
endloop
endfacet
facet normal 0.9999882742634038 -0.004842657916832873 0
outer loop
vertex 70.0937728881836 18.03592872619629 2.200000047683716
vertex 70.00176239013672 -0.9638479948043823 1.7000000476837158
vertex 70.0937728881836 18.03592872619629 1.7000000476837158
endloop
endfacet
facet normal 0 0 1
outer loop
vertex 72.0913314819336 17.526248931884766 1.7000000476837158
vertex 71.39134216308594 17.529638290405273 1.7000000476837158
vertex 72.02397155761719 3.617321252822876 1.7000000476837158
endloop
endfacet
facet normal -0.004843187011252048 -0.9999882717010105 0
outer loop
vertex 70.0937728881836 18.03592872619629 1.7000000476837158
vertex 71.39376068115234 18.029632568359375 1.7000000476837158
vertex 71.39376068115234 18.029632568359375 2.200000047683716
endloop
endfacet
facet normal -0.004843187011252048 -0.9999882717010105 0
outer loop
vertex 70.0937728881836 18.03592872619629 2.200000047683716
vertex 70.0937728881836 18.03592872619629 1.7000000476837158
vertex 71.39376068115234 18.029632568359375 2.200000047683716
endloop
endfacet
facet normal 0.004843032039292805 0.9999882724515655 0
outer loop
vertex 71.30174255371094 -0.9701439142227173 1.7000000476837158
vertex 70.00176239013672 -0.9638479948043823 1.7000000476837158
vertex 70.00176239013672 -0.9638479948043823 2.200000047683716
endloop
endfacet
facet normal 0.9999882742634038 -0.004842657916832873 0
outer loop
vertex 70.00176239013672 -0.9638479948043823 2.200000047683716
vertex 70.00176239013672 -0.9638479948043823 1.7000000476837158
vertex 70.0937728881836 18.03592872619629 2.200000047683716
endloop
endfacet
facet normal 0.004843032039292805 0.9999882724515655 0
outer loop
vertex 71.30174255371094 -0.9701439142227173 2.200000047683716
vertex 71.30174255371094 -0.9701439142227173 1.7000000476837158
vertex 70.00176239013672 -0.9638479948043823 2.200000047683716
endloop
endfacet
facet normal 0 0 1
outer loop
vertex 71.39134216308594 17.529638290405273 1.7000000476837158
vertex 71.39376068115234 18.029632568359375 1.7000000476837158
vertex 70.0937728881836 18.03592872619629 1.7000000476837158
endloop
endfacet
facet normal 0 0 1
outer loop
vertex 70.00176239013672 -0.9638479948043823 1.7000000476837158
vertex 72.02397155761719 3.617321252822876 1.7000000476837158
vertex 70.0937728881836 18.03592872619629 1.7000000476837158
endloop
endfacet
facet normal 0 0 1
outer loop
vertex 72.02397155761719 3.617321252822876 1.7000000476837158
vertex 71.30416870117188 -0.47014978528022766 1.7000000476837158
vertex 72.00415802001953 -0.4735398590564728 1.7000000476837158
endloop
endfacet
facet normal 0 0 1
outer loop
vertex 70.00176239013672 -0.9638479948043823 1.7000000476837158
vertex 71.30174255371094 -0.9701439142227173 1.7000000476837158
vertex 71.30416870117188 -0.47014978528022766 1.7000000476837158
endloop
endfacet
facet normal 0 0 1
outer loop
vertex -72.20001983642578 18.304615020751953 1.7000000476837158
vertex -72.20001983642578 14.213706016540527 1.7000000476837158
vertex -71.50001525878906 18.304615020751953 1.7000000476837158
endloop
endfacet
facet normal 0 1 0
outer loop
vertex -70.20001983642578 -0.19538506865501404 1.7000000476837158
vertex -71.50001525878906 -0.19538506865501404 1.7000000476837158
vertex -71.50001525878906 -0.19538506865501404 2.200000047683716
endloop
endfacet
facet normal 0 0 1
outer loop
vertex -71.50001525878906 18.304615020751953 1.7000000476837158
vertex -72.20001983642578 14.213706016540527 1.7000000476837158
vertex -70.20001983642578 18.804615020751953 1.7000000476837158
endloop
endfacet
facet normal 0 0 1
outer loop
vertex -71.50001525878906 18.804615020751953 1.7000000476837158
vertex -71.50001525878906 18.304615020751953 1.7000000476837158
vertex -70.20001983642578 18.804615020751953 1.7000000476837158
endloop
endfacet
facet normal -1 0 0
outer loop
vertex -70.20001983642578 18.804615020751953 1.7000000476837158
vertex -70.20001983642578 -0.19538506865501404 2.200000047683716
vertex -70.20001983642578 18.804615020751953 2.200000047683716
endloop
endfacet
facet normal 0 -1 0
outer loop
vertex -71.50001525878906 18.804615020751953 1.7000000476837158
vertex -70.20001983642578 18.804615020751953 1.7000000476837158
vertex -70.20001983642578 18.804615020751953 2.200000047683716
endloop
endfacet
facet normal 0 0 1
outer loop
vertex -72.20001983642578 14.213706016540527 1.7000000476837158
vertex -70.20001983642578 -0.19538506865501404 1.7000000476837158
vertex -70.20001983642578 18.804615020751953 1.7000000476837158
endloop
endfacet
facet normal -1 0 0
outer loop
vertex -70.20001983642578 -0.19538506865501404 2.200000047683716
vertex -70.20001983642578 18.804615020751953 1.7000000476837158
vertex -70.20001983642578 -0.19538506865501404 1.7000000476837158
endloop
endfacet
facet normal 0 0 1
outer loop
vertex -71.50001525878906 0.30461493134498596 1.7000000476837158
vertex -71.50001525878906 -0.19538506865501404 1.7000000476837158
vertex -70.20001983642578 -0.19538506865501404 1.7000000476837158
endloop
endfacet
facet normal 0 -1 0
outer loop
vertex -71.50001525878906 18.804615020751953 2.200000047683716
vertex -71.50001525878906 18.804615020751953 1.7000000476837158
vertex -70.20001983642578 18.804615020751953 2.200000047683716
endloop
endfacet
facet normal 0 0 1
outer loop
vertex -71.50001525878906 0.30461493134498596 1.7000000476837158
vertex -70.20001983642578 -0.19538506865501404 1.7000000476837158
vertex -72.20001983642578 14.213706016540527 1.7000000476837158
endloop
endfacet
facet normal 0 0 1
outer loop
vertex -72.20001983642578 14.213706016540527 1.7000000476837158
vertex -72.20001983642578 0.30461493134498596 1.7000000476837158
vertex -71.50001525878906 0.30461493134498596 1.7000000476837158
endloop
endfacet
facet normal 0 1 0
outer loop
vertex -70.20001983642578 -0.19538506865501404 2.200000047683716
vertex -70.20001983642578 -0.19538506865501404 1.7000000476837158
vertex -71.50001525878906 -0.19538506865501404 2.200000047683716
endloop
endfacet
facet normal 0 1 0
outer loop
vertex -70.20001983642578 -21.955223083496094 2.200000047683716
vertex -70.20001983642578 -21.955223083496094 1.7000000476837158
vertex -71.50001525878906 -21.955223083496094 2.200000047683716
endloop
endfacet
facet normal -1 0 0
outer loop
vertex -70.20001983642578 -2.95522403717041 1.7000000476837158
vertex -70.20001983642578 -21.955223083496094 2.200000047683716
vertex -70.20001983642578 -2.95522403717041 2.200000047683716
endloop
endfacet
facet normal 0 -1 0
outer loop
vertex -71.50001525878906 -2.95522403717041 1.7000000476837158
vertex -70.20001983642578 -2.95522403717041 1.7000000476837158
vertex -70.20001983642578 -2.95522403717041 2.200000047683716
endloop
endfacet
facet normal 0 0 1
outer loop
vertex -71.50001525878906 -21.455223083496094 1.7000000476837158
vertex -71.50001525878906 -21.955223083496094 1.7000000476837158
vertex -70.20001983642578 -21.955223083496094 1.7000000476837158
endloop
endfacet
facet normal 0 0 1
outer loop
vertex -72.20001983642578 -7.546133041381836 1.7000000476837158
vertex -72.20001983642578 -21.455223083496094 1.7000000476837158
vertex -71.50001525878906 -21.455223083496094 1.7000000476837158
endloop
endfacet
facet normal 0 0 1
outer loop
vertex -72.20001983642578 -7.546133041381836 1.7000000476837158
vertex -71.50001525878906 -21.455223083496094 1.7000000476837158
vertex -70.20001983642578 -21.955223083496094 1.7000000476837158
endloop
endfacet
facet normal 0 -1 0
outer loop
vertex -71.50001525878906 -2.95522403717041 2.200000047683716
vertex -71.50001525878906 -2.95522403717041 1.7000000476837158
vertex -70.20001983642578 -2.95522403717041 2.200000047683716
endloop
endfacet
facet normal 0 0 1
outer loop
vertex -71.50001525878906 -3.45522403717041 1.7000000476837158
vertex -72.20001983642578 -7.546133041381836 1.7000000476837158
vertex -70.20001983642578 -2.95522403717041 1.7000000476837158
endloop
endfacet
facet normal 0 0 1
outer loop
vertex -72.20001983642578 -3.45522403717041 1.7000000476837158
vertex -72.20001983642578 -7.546133041381836 1.7000000476837158
vertex -71.50001525878906 -3.45522403717041 1.7000000476837158
endloop
endfacet
facet normal 0 0 1
outer loop
vertex -72.20001983642578 -7.546133041381836 1.7000000476837158
vertex -70.20001983642578 -21.955223083496094 1.7000000476837158
vertex -70.20001983642578 -2.95522403717041 1.7000000476837158
endloop
endfacet
facet normal -1 0 0
outer loop
vertex -70.20001983642578 -21.955223083496094 2.200000047683716
vertex -70.20001983642578 -2.95522403717041 1.7000000476837158
vertex -70.20001983642578 -21.955223083496094 1.7000000476837158
endloop
endfacet
facet normal 0 1 0
outer loop
vertex -70.20001983642578 -21.955223083496094 1.7000000476837158
vertex -71.50001525878906 -21.955223083496094 1.7000000476837158
vertex -71.50001525878906 -21.955223083496094 2.200000047683716
endloop
endfacet
facet normal 0 0 1
outer loop
vertex -71.50001525878906 -2.95522403717041 1.7000000476837158
vertex -71.50001525878906 -3.45522403717041 1.7000000476837158
vertex -70.20001983642578 -2.95522403717041 1.7000000476837158
endloop
endfacet
facet normal 0 0 -1
outer loop
vertex 70.79634857177734 -45.94806671142578 0.20000000298023224
vertex 71.0863265991211 -45.449466705322266 0.20000000298023224
vertex 71.0853042602539 -45.66050720214844 0.20000000298023224
endloop
endfacet
facet normal 0 0 -1
outer loop
vertex 71.17350006103516 -27.449678421020508 0.20000000298023224
vertex 71.87349700927734 -27.453067779541016 0.20000000298023224
vertex 71.86557006835938 -29.089412689208984 0.20000000298023224
endloop
endfacet
facet normal 0 0 -1
outer loop
vertex 70.79634857177734 -45.94806671142578 0.20000000298023224
vertex 69.78392028808594 -45.94316482543945 0.20000000298023224
vertex 71.86557006835938 -29.089412689208984 0.20000000298023224
endloop
endfacet
facet normal 0 0 -1
outer loop
vertex 71.0863265991211 -45.449466705322266 0.20000000298023224
vertex 70.79634857177734 -45.94806671142578 0.20000000298023224
vertex 71.86557006835938 -29.089412689208984 0.20000000298023224
endloop
endfacet
facet normal 0 0 -1
outer loop
vertex 71.0863265991211 -45.449466705322266 0.20000000298023224
vertex 71.86557006835938 -29.089412689208984 0.20000000298023224
vertex 71.78631591796875 -45.452857971191406 0.20000000298023224
endloop
endfacet
facet normal 0.999988272318938 -0.004843059424119996 0
outer loop
vertex 69.87593841552734 -26.943387985229492 0.20000000298023224
vertex 69.78392028808594 -45.94316482543945 0
vertex 69.87593841552734 -26.943387985229492 0
endloop
endfacet
facet normal 0 0 -1
outer loop
vertex 71.86557006835938 -29.089412689208984 0.20000000298023224
vertex 69.78392028808594 -45.94316482543945 0.20000000298023224
vertex 69.87593841552734 -26.943387985229492 0.20000000298023224
endloop
endfacet
facet normal 0.999988272318938 -0.004843059424119996 0
outer loop
vertex 69.78392028808594 -45.94316482543945 0.20000000298023224
vertex 69.78392028808594 -45.94316482543945 0
vertex 69.87593841552734 -26.943387985229492 0.20000000298023224
endloop
endfacet
facet normal 0.0048416550691721865 0.999988279119406 0
outer loop
vertex 70.79634857177734 -45.94806671142578 0
vertex 69.78392028808594 -45.94316482543945 0
vertex 69.78392028808594 -45.94316482543945 0.20000000298023224
endloop
endfacet
facet normal 0.0048416550691721865 0.999988279119406 0
outer loop
vertex 70.79634857177734 -45.94806671142578 0.20000000298023224
vertex 70.79634857177734 -45.94806671142578 0
vertex 69.78392028808594 -45.94316482543945 0.20000000298023224
endloop
endfacet
facet normal -0.004843187011252048 -0.9999882717010106 0
outer loop
vertex 69.87593841552734 -26.943387985229492 0
vertex 71.1759262084961 -26.949684143066406 0
vertex 71.1759262084961 -26.949684143066406 0.20000000298023224
endloop
endfacet
facet normal -0.004843187011252048 -0.9999882717010106 0
outer loop
vertex 69.87593841552734 -26.943387985229492 0.20000000298023224
vertex 69.87593841552734 -26.943387985229492 0
vertex 71.1759262084961 -26.949684143066406 0.20000000298023224
endloop
endfacet
facet normal 0 0 -1
outer loop
vertex 69.87593841552734 -26.943387985229492 0.20000000298023224
vertex 71.1759262084961 -26.949684143066406 0.20000000298023224
vertex 71.17350006103516 -27.449678421020508 0.20000000298023224
endloop
endfacet
facet normal 0 0 -1
outer loop
vertex 71.86557006835938 -29.089412689208984 0.20000000298023224
vertex 69.87593841552734 -26.943387985229492 0.20000000298023224
vertex 71.17350006103516 -27.449678421020508 0.20000000298023224
endloop
endfacet
facet normal 0 0 -1
outer loop
vertex 71.50025939941406 40.0192985534668 0.20000000298023224
vertex 72.20024871826172 40.015907287597656 0.20000000298023224
vertex 72.19232177734375 38.37956237792969 0.20000000298023224
endloop
endfacet
facet normal 0 0 -1
outer loop
vertex 70.20269775390625 40.52558898925781 0.20000000298023224
vertex 71.50025939941406 40.0192985534668 0.20000000298023224
vertex 72.19232177734375 38.37956237792969 0.20000000298023224
endloop
endfacet
facet normal 0.0048432154345455685 0.9999882715633491 0
outer loop
vertex 71.41065979003906 21.519514083862305 0
vertex 70.11067962646484 21.52581024169922 0
vertex 70.11067962646484 21.52581024169922 0.20000000298023224
endloop
endfacet
facet normal 0 0 -1
outer loop
vertex 71.50025939941406 40.0192985534668 0.20000000298023224
vertex 70.20269775390625 40.52558898925781 0.20000000298023224
vertex 71.50204467773438 40.38799285888672 0.20000000298023224
endloop
endfacet
facet normal 0.0048432154345455685 0.9999882715633491 0
outer loop
vertex 71.41065979003906 21.519514083862305 0.20000000298023224
vertex 71.41065979003906 21.519514083862305 0
vertex 70.11067962646484 21.52581024169922 0.20000000298023224
endloop
endfacet
facet normal -0.004844170407340233 -0.9999882669376999 0
outer loop
vertex 70.20269775390625 40.52558898925781 0.20000000298023224
vertex 71.45162963867188 40.51953887939453 0
vertex 71.45162963867188 40.51953887939453 0.20000000298023224
endloop
endfacet
facet normal -0.004844170407340233 -0.9999882669376999 0
outer loop
vertex 70.20269775390625 40.52558898925781 0.20000000298023224
vertex 70.20269775390625 40.52558898925781 0
vertex 71.45162963867188 40.51953887939453 0
endloop
endfacet
facet normal 0 0 -1
outer loop
vertex 72.19232177734375 38.37956237792969 0.20000000298023224
vertex 70.11067962646484 21.52581024169922 0.20000000298023224
vertex 70.20269775390625 40.52558898925781 0.20000000298023224
endloop
endfacet
facet normal 0.9999882723212925 -0.004843058937946645 0
outer loop
vertex 70.20269775390625 40.52558898925781 0.20000000298023224
vertex 70.11067962646484 21.52581024169922 0
vertex 70.20269775390625 40.52558898925781 0
endloop
endfacet
facet normal 0 0 -1
outer loop
vertex 71.4130859375 22.019508361816406 0.20000000298023224
vertex 71.41065979003906 21.519514083862305 0.20000000298023224
vertex 70.11067962646484 21.52581024169922 0.20000000298023224
endloop
endfacet
facet normal 0 0 -1
outer loop
vertex 71.50204467773438 40.38799285888672 0.20000000298023224
vertex 70.20269775390625 40.52558898925781 0.20000000298023224
vertex 71.45162963867188 40.51953887939453 0.20000000298023224
endloop
endfacet
facet normal 0.9999882723212925 -0.004843058937946645 0
outer loop
vertex 70.11067962646484 21.52581024169922 0.20000000298023224
vertex 70.11067962646484 21.52581024169922 0
vertex 70.20269775390625 40.52558898925781 0.20000000298023224
endloop
endfacet
facet normal 0 0 -1
outer loop
vertex 71.4130859375 22.019508361816406 0.20000000298023224
vertex 70.11067962646484 21.52581024169922 0.20000000298023224
vertex 72.19232177734375 38.37956237792969 0.20000000298023224
endloop
endfacet
facet normal 0 0 -1
outer loop
vertex 71.4130859375 22.019508361816406 0.20000000298023224
vertex 72.19232177734375 38.37956237792969 0.20000000298023224
vertex 72.11307525634766 22.0161190032959 0.20000000298023224
endloop
endfacet
facet normal 0 0 -1
outer loop
vertex -70.20001983642578 21.564453125 0.20000000298023224
vertex -72.20001983642578 23.700817108154297 0.20000000298023224
vertex -70.20001983642578 40.564453125 0.20000000298023224
endloop
endfacet
facet normal 0 -1 0
outer loop
vertex -71.44234466552734 40.564453125 0.20000000298023224
vertex -71.44234466552734 40.564453125 0
vertex -70.20001983642578 40.564453125 0.20000000298023224
endloop
endfacet
facet normal 0 0 -1
outer loop
vertex -70.20001983642578 21.564453125 0.20000000298023224
vertex -71.50001525878906 21.564453125 0.20000000298023224
vertex -71.50001525878906 22.064453125 0.20000000298023224
endloop
endfacet
facet normal -1 0 0
outer loop
vertex -70.20001983642578 40.564453125 0
vertex -70.20001983642578 21.564453125 0.20000000298023224
vertex -70.20001983642578 40.564453125 0.20000000298023224
endloop
endfacet
facet normal 0 0 -1
outer loop
vertex -71.50001525878906 22.064453125 0.20000000298023224
vertex -72.20001983642578 23.700817108154297 0.20000000298023224
vertex -70.20001983642578 21.564453125 0.20000000298023224
endloop
endfacet
facet normal 0 0 -1
outer loop
vertex -72.20001983642578 22.064453125 0.20000000298023224
vertex -72.20001983642578 23.700817108154297 0.20000000298023224
vertex -71.50001525878906 22.064453125 0.20000000298023224
endloop
endfacet
facet normal 0 1 0
outer loop
vertex -70.20001983642578 21.564453125 0
vertex -71.50001525878906 21.564453125 0.20000000298023224
vertex -70.20001983642578 21.564453125 0.20000000298023224
endloop
endfacet
facet normal 0 0 -1
outer loop
vertex -72.20001983642578 23.700817108154297 0.20000000298023224
vertex -72.20001983642578 40.064453125 0.20000000298023224
vertex -71.50001525878906 40.064453125 0.20000000298023224
endloop
endfacet
facet normal 0 1 0
outer loop
vertex -70.20001983642578 21.564453125 0
vertex -71.50001525878906 21.564453125 0
vertex -71.50001525878906 21.564453125 0.20000000298023224
endloop
endfacet
facet normal 0 0 -1
outer loop
vertex -70.20001983642578 40.564453125 0.20000000298023224
vertex -71.50001525878906 40.42521667480469 0.20000000298023224
vertex -71.44234466552734 40.564453125 0.20000000298023224
endloop
endfacet
facet normal 0 0 -1
outer loop
vertex -70.20001983642578 40.564453125 0.20000000298023224
vertex -72.20001983642578 23.700817108154297 0.20000000298023224
vertex -71.50001525878906 40.064453125 0.20000000298023224
endloop
endfacet
facet normal 0 -1 0
outer loop
vertex -71.44234466552734 40.564453125 0
vertex -70.20001983642578 40.564453125 0
vertex -70.20001983642578 40.564453125 0.20000000298023224
endloop
endfacet
facet normal 0 0 -1
outer loop
vertex -70.20001983642578 40.564453125 0.20000000298023224
vertex -71.50001525878906 40.064453125 0.20000000298023224
vertex -71.50001525878906 40.42521667480469 0.20000000298023224
endloop
endfacet
facet normal -1 0 0
outer loop
vertex -70.20001983642578 21.564453125 0
vertex -70.20001983642578 21.564453125 0.20000000298023224
vertex -70.20001983642578 40.564453125 0
endloop
endfacet
facet normal 0 0 -1
outer loop
vertex -71.50001525878906 -43.21506118774414 0.20000000298023224
vertex -72.20001983642578 -41.57870101928711 0.20000000298023224
vertex -70.20001983642578 -43.71506118774414 0.20000000298023224
endloop
endfacet
facet normal 0 -1 0
outer loop
vertex -71.50001525878906 -24.715063095092773 0
vertex -70.20001983642578 -24.715063095092773 0
vertex -70.20001983642578 -24.715063095092773 0.20000000298023224
endloop
endfacet
facet normal 0 0 -1
outer loop
vertex -70.20001983642578 -24.715063095092773 0.20000000298023224
vertex -70.20001983642578 -43.71506118774414 0.20000000298023224
vertex -72.20001983642578 -41.57870101928711 0.20000000298023224
endloop
endfacet
facet normal 0 0 -1
outer loop
vertex -70.20001983642578 -43.71506118774414 0.20000000298023224
vertex -71.44234466552734 -43.71506118774414 0.20000000298023224
vertex -71.50001525878906 -43.57582473754883 0.20000000298023224
endloop
endfacet
facet normal 0 1 0
outer loop
vertex -70.20001983642578 -43.71506118774414 0
vertex -71.44234466552734 -43.71506118774414 0.20000000298023224
vertex -70.20001983642578 -43.71506118774414 0.20000000298023224
endloop
endfacet
facet normal 0 1 0
outer loop
vertex -70.20001983642578 -43.71506118774414 0
vertex -71.44234466552734 -43.71506118774414 0
vertex -71.44234466552734 -43.71506118774414 0.20000000298023224
endloop
endfacet
facet normal 0 0 -1
outer loop
vertex -70.20001983642578 -24.715063095092773 0.20000000298023224
vertex -72.20001983642578 -41.57870101928711 0.20000000298023224
vertex -71.50001525878906 -25.215063095092773 0.20000000298023224
endloop
endfacet
facet normal 0 0 -1
outer loop
vertex -72.20001983642578 -41.57870101928711 0.20000000298023224
vertex -71.50001525878906 -43.21506118774414 0.20000000298023224
vertex -72.20001983642578 -43.21506118774414 0.20000000298023224
endloop
endfacet
facet normal -1 0 0
outer loop
vertex -70.20001983642578 -43.71506118774414 0
vertex -70.20001983642578 -43.71506118774414 0.20000000298023224
vertex -70.20001983642578 -24.715063095092773 0.20000000298023224
endloop
endfacet
facet normal 0 0 -1
outer loop
vertex -70.20001983642578 -24.715063095092773 0.20000000298023224
vertex -71.50001525878906 -25.215063095092773 0.20000000298023224
vertex -71.50001525878906 -24.715063095092773 0.20000000298023224
endloop
endfacet
facet normal 0 -1 0
outer loop
vertex -71.50001525878906 -24.715063095092773 0
vertex -70.20001983642578 -24.715063095092773 0.20000000298023224
vertex -71.50001525878906 -24.715063095092773 0.20000000298023224
endloop
endfacet
facet normal -1 0 0
outer loop
vertex -70.20001983642578 -24.715063095092773 0
vertex -70.20001983642578 -43.71506118774414 0
vertex -70.20001983642578 -24.715063095092773 0.20000000298023224
endloop
endfacet
facet normal 0 0 -1
outer loop
vertex -70.20001983642578 -43.71506118774414 0.20000000298023224
vertex -71.50001525878906 -43.57582473754883 0.20000000298023224
vertex -71.50001525878906 -43.21506118774414 0.20000000298023224
endloop
endfacet
facet normal 0 0 -1
outer loop
vertex -72.20001983642578 -41.57870101928711 0.20000000298023224
vertex -72.20001983642578 -25.215063095092773 0.20000000298023224
vertex -71.50001525878906 -25.215063095092773 0.20000000298023224
endloop
endfacet
facet normal 0 0 -1
outer loop
vertex 69.98485565185547 -4.453729152679443 0.20000000298023224
vertex 71.28484344482422 -4.460025310516357 0.20000000298023224
vertex 71.28241729736328 -4.960019111633301 0.20000000298023224
endloop
endfacet
facet normal 0 0 -1
outer loop
vertex 69.98485565185547 -4.453729152679443 0.20000000298023224
vertex 71.28241729736328 -4.960019111633301 0.20000000298023224
vertex 71.9744873046875 -6.5997538566589355 0.20000000298023224
endloop
endfacet
facet normal 0 0 -1
outer loop
vertex 71.9744873046875 -6.5997538566589355 0.20000000298023224
vertex 69.89283752441406 -23.453506469726562 0.20000000298023224
vertex 69.98485565185547 -4.453729152679443 0.20000000298023224
endloop
endfacet
facet normal 0 0 -1
outer loop
vertex 71.19524383544922 -22.959808349609375 0.20000000298023224
vertex 69.89283752441406 -23.453506469726562 0.20000000298023224
vertex 71.9744873046875 -6.5997538566589355 0.20000000298023224
endloop
endfacet
facet normal 0.004843187011252048 0.9999882717010106 0
outer loop
vertex 71.19282531738281 -23.459802627563477 0.20000000298023224
vertex 71.19282531738281 -23.459802627563477 0
vertex 69.89283752441406 -23.453506469726562 0.20000000298023224
endloop
endfacet
facet normal 0.9999882723195267 -0.004843059302576649 0
outer loop
vertex 69.89283752441406 -23.453506469726562 0.20000000298023224
vertex 69.89283752441406 -23.453506469726562 0
vertex 69.98485565185547 -4.453729152679443 0.20000000298023224
endloop
endfacet
facet normal 0 0 -1
outer loop
vertex 71.19524383544922 -22.959808349609375 0.20000000298023224
vertex 71.9744873046875 -6.5997538566589355 0.20000000298023224
vertex 71.8952407836914 -22.963197708129883 0.20000000298023224
endloop
endfacet
facet normal 0.9999882723195267 -0.004843059302576649 0
outer loop
vertex 69.98485565185547 -4.453729152679443 0.20000000298023224
vertex 69.89283752441406 -23.453506469726562 0
vertex 69.98485565185547 -4.453729152679443 0
endloop
endfacet
facet normal 0 0 -1
outer loop
vertex 71.19524383544922 -22.959808349609375 0.20000000298023224
vertex 71.19282531738281 -23.459802627563477 0.20000000298023224
vertex 69.89283752441406 -23.453506469726562 0.20000000298023224
endloop
endfacet
facet normal -0.004843187011252048 -0.9999882717010106 0
outer loop
vertex 69.98485565185547 -4.453729152679443 0.20000000298023224
vertex 69.98485565185547 -4.453729152679443 0
vertex 71.28484344482422 -4.460025310516357 0
endloop
endfacet
facet normal -0.004843187011252048 -0.9999882717010106 0
outer loop
vertex 69.98485565185547 -4.453729152679443 0.20000000298023224
vertex 71.28484344482422 -4.460025310516357 0
vertex 71.28484344482422 -4.460025310516357 0.20000000298023224
endloop
endfacet
facet normal 0.004843187011252048 0.9999882717010106 0
outer loop
vertex 71.19282531738281 -23.459802627563477 0
vertex 69.89283752441406 -23.453506469726562 0
vertex 69.89283752441406 -23.453506469726562 0.20000000298023224
endloop
endfacet
facet normal 0 0 -1
outer loop
vertex 71.28241729736328 -4.960019111633301 0.20000000298023224
vertex 71.98241424560547 -4.963409423828125 0.20000000298023224
vertex 71.9744873046875 -6.5997538566589355 0.20000000298023224
endloop
endfacet
facet normal -0.004843187011252048 -0.9999882717010106 0
outer loop
vertex 70.0937728881836 18.03592872619629 0.20000000298023224
vertex 71.39376068115234 18.029632568359375 0
vertex 71.39376068115234 18.029632568359375 0.20000000298023224
endloop
endfacet
facet normal 0 0 -1
outer loop
vertex 71.30416870117188 -0.47014978528022766 0.20000000298023224
vertex 72.08340454101562 15.889904975891113 0.20000000298023224
vertex 72.00415802001953 -0.4735398590564728 0.20000000298023224
endloop
endfacet
facet normal 0 0 -1
outer loop
vertex 70.0937728881836 18.03592872619629 0.20000000298023224
vertex 71.39376068115234 18.029632568359375 0.20000000298023224
vertex 71.39134216308594 17.529638290405273 0.20000000298023224
endloop
endfacet
facet normal 0.9999882742634039 -0.004842657916832873 0
outer loop
vertex 70.00176239013672 -0.9638479948043823 0.20000000298023224
vertex 70.00176239013672 -0.9638479948043823 0
vertex 70.0937728881836 18.03592872619629 0.20000000298023224
endloop
endfacet
facet normal 0 0 -1
outer loop
vertex 71.30416870117188 -0.47014978528022766 0.20000000298023224
vertex 70.00176239013672 -0.9638479948043823 0.20000000298023224
vertex 72.08340454101562 15.889904975891113 0.20000000298023224
endloop
endfacet
facet normal -0.004843187011252048 -0.9999882717010106 0
outer loop
vertex 70.0937728881836 18.03592872619629 0.20000000298023224
vertex 70.0937728881836 18.03592872619629 0
vertex 71.39376068115234 18.029632568359375 0
endloop
endfacet
facet normal 0 0 -1
outer loop
vertex 72.08340454101562 15.889904975891113 0.20000000298023224
vertex 70.00176239013672 -0.9638479948043823 0.20000000298023224
vertex 70.0937728881836 18.03592872619629 0.20000000298023224
endloop
endfacet
facet normal 0 0 -1
outer loop
vertex 71.39134216308594 17.529638290405273 0.20000000298023224
vertex 72.0913314819336 17.526248931884766 0.20000000298023224
vertex 72.08340454101562 15.889904975891113 0.20000000298023224
endloop
endfacet
facet normal 0.9999882742634039 -0.004842657916832873 0
outer loop
vertex 70.0937728881836 18.03592872619629 0.20000000298023224
vertex 70.00176239013672 -0.9638479948043823 0
vertex 70.0937728881836 18.03592872619629 0
endloop
endfacet
facet normal 0.004843032039292805 0.9999882724515655 0
outer loop
vertex 71.30174255371094 -0.9701439142227173 0
vertex 70.00176239013672 -0.9638479948043823 0
vertex 70.00176239013672 -0.9638479948043823 0.20000000298023224
endloop
endfacet
facet normal 0 0 -1
outer loop
vertex 71.30416870117188 -0.47014978528022766 0.20000000298023224
vertex 71.30174255371094 -0.9701439142227173 0.20000000298023224
vertex 70.00176239013672 -0.9638479948043823 0.20000000298023224
endloop
endfacet
facet normal 0.004843032039292805 0.9999882724515655 0
outer loop
vertex 71.30174255371094 -0.9701439142227173 0.20000000298023224
vertex 71.30174255371094 -0.9701439142227173 0
vertex 70.00176239013672 -0.9638479948043823 0.20000000298023224
endloop
endfacet
facet normal 0 0 -1
outer loop
vertex 71.39134216308594 17.529638290405273 0.20000000298023224
vertex 72.08340454101562 15.889904975891113 0.20000000298023224
vertex 70.0937728881836 18.03592872619629 0.20000000298023224
endloop
endfacet
facet normal 0 -1 0
outer loop
vertex -71.50001525878906 18.804615020751953 0.20000000298023224
vertex -71.50001525878906 18.804615020751953 0
vertex -70.20001983642578 18.804615020751953 0.20000000298023224
endloop
endfacet
facet normal 0 -1 0
outer loop
vertex -71.50001525878906 18.804615020751953 0
vertex -70.20001983642578 18.804615020751953 0
vertex -70.20001983642578 18.804615020751953 0.20000000298023224
endloop
endfacet
facet normal 0 0 -1
outer loop
vertex -70.20001983642578 18.804615020751953 0.20000000298023224
vertex -71.50001525878906 18.304615020751953 0.20000000298023224
vertex -71.50001525878906 18.804615020751953 0.20000000298023224
endloop
endfacet
facet normal 0 1 0
outer loop
vertex -70.20001983642578 -0.19538506865501404 0
vertex -71.50001525878906 -0.19538506865501404 0
vertex -71.50001525878906 -0.19538506865501404 0.20000000298023224
endloop
endfacet
facet normal 0 1 0
outer loop
vertex -70.20001983642578 -0.19538506865501404 0
vertex -71.50001525878906 -0.19538506865501404 0.20000000298023224
vertex -70.20001983642578 -0.19538506865501404 0.20000000298023224
endloop
endfacet
facet normal 0 0 -1
outer loop
vertex -72.20001983642578 0.30461493134498596 0.20000000298023224
vertex -72.20001983642578 1.9409785270690918 0.20000000298023224
vertex -71.50001525878906 0.30461493134498596 0.20000000298023224
endloop
endfacet
facet normal 0 0 -1
outer loop
vertex -70.20001983642578 -0.19538506865501404 0.20000000298023224
vertex -71.50001525878906 0.30461493134498596 0.20000000298023224
vertex -72.20001983642578 1.9409785270690918 0.20000000298023224
endloop
endfacet
facet normal 0 0 -1
outer loop
vertex -70.20001983642578 -0.19538506865501404 0.20000000298023224
vertex -71.50001525878906 -0.19538506865501404 0.20000000298023224
vertex -71.50001525878906 0.30461493134498596 0.20000000298023224
endloop
endfacet
facet normal -1 0 0
outer loop
vertex -70.20001983642578 -0.19538506865501404 0
vertex -70.20001983642578 -0.19538506865501404 0.20000000298023224
vertex -70.20001983642578 18.804615020751953 0
endloop
endfacet
facet normal 0 0 -1
outer loop
vertex -70.20001983642578 -0.19538506865501404 0.20000000298023224
vertex -72.20001983642578 1.9409785270690918 0.20000000298023224
vertex -70.20001983642578 18.804615020751953 0.20000000298023224
endloop
endfacet
facet normal -1 0 0
outer loop
vertex -70.20001983642578 18.804615020751953 0
vertex -70.20001983642578 -0.19538506865501404 0.20000000298023224
vertex -70.20001983642578 18.804615020751953 0.20000000298023224
endloop
endfacet
facet normal 0 0 -1
outer loop
vertex -72.20001983642578 1.9409785270690918 0.20000000298023224
vertex -72.20001983642578 18.304615020751953 0.20000000298023224
vertex -71.50001525878906 18.304615020751953 0.20000000298023224
endloop
endfacet
facet normal 0 0 -1
outer loop
vertex -70.20001983642578 18.804615020751953 0.20000000298023224
vertex -72.20001983642578 1.9409785270690918 0.20000000298023224
vertex -71.50001525878906 18.304615020751953 0.20000000298023224
endloop
endfacet
facet normal 0 0 -1
outer loop
vertex -70.20001983642578 -21.955223083496094 0.20000000298023224
vertex -71.50001525878906 -21.955223083496094 0.20000000298023224
vertex -71.50001525878906 -21.455223083496094 0.20000000298023224
endloop
endfacet
facet normal 0 -1 0
outer loop
vertex -71.50001525878906 -2.95522403717041 0
vertex -70.20001983642578 -2.95522403717041 0
vertex -70.20001983642578 -2.95522403717041 0.20000000298023224
endloop
endfacet
facet normal 0 1 0
outer loop
vertex -70.20001983642578 -21.955223083496094 0
vertex -71.50001525878906 -21.955223083496094 0
vertex -71.50001525878906 -21.955223083496094 0.20000000298023224
endloop
endfacet
facet normal 0 0 -1
outer loop
vertex -72.20001983642578 -19.81886100769043 0.20000000298023224
vertex -72.20001983642578 -3.45522403717041 0.20000000298023224
vertex -71.50001525878906 -3.45522403717041 0.20000000298023224
endloop
endfacet
facet normal -1 0 0
outer loop
vertex -70.20001983642578 -2.95522403717041 0
vertex -70.20001983642578 -21.955223083496094 0.20000000298023224
vertex -70.20001983642578 -2.95522403717041 0.20000000298023224
endloop
endfacet
facet normal 0 0 -1
outer loop
vertex -70.20001983642578 -21.955223083496094 0.20000000298023224
vertex -72.20001983642578 -19.81886100769043 0.20000000298023224
vertex -70.20001983642578 -2.95522403717041 0.20000000298023224
endloop
endfacet
facet normal -1 0 0
outer loop
vertex -70.20001983642578 -21.955223083496094 0.20000000298023224
vertex -70.20001983642578 -2.95522403717041 0
vertex -70.20001983642578 -21.955223083496094 0
endloop
endfacet
facet normal 0 0 -1
outer loop
vertex -70.20001983642578 -21.955223083496094 0.20000000298023224
vertex -71.50001525878906 -21.455223083496094 0.20000000298023224
vertex -72.20001983642578 -19.81886100769043 0.20000000298023224
endloop
endfacet
facet normal 0 1 0
outer loop
vertex -70.20001983642578 -21.955223083496094 0
vertex -71.50001525878906 -21.955223083496094 0.20000000298023224
vertex -70.20001983642578 -21.955223083496094 0.20000000298023224
endloop
endfacet
facet normal 0 0 -1
outer loop
vertex -72.20001983642578 -21.455223083496094 0.20000000298023224
vertex -72.20001983642578 -19.81886100769043 0.20000000298023224
vertex -71.50001525878906 -21.455223083496094 0.20000000298023224
endloop
endfacet
facet normal 0 -1 0
outer loop
vertex -71.50001525878906 -2.95522403717041 0
vertex -70.20001983642578 -2.95522403717041 0.20000000298023224
vertex -71.50001525878906 -2.95522403717041 0.20000000298023224
endloop
endfacet
facet normal 0 0 -1
outer loop
vertex -70.20001983642578 -2.95522403717041 0.20000000298023224
vertex -71.50001525878906 -3.45522403717041 0.20000000298023224
vertex -71.50001525878906 -2.95522403717041 0.20000000298023224
endloop
endfacet
facet normal 0 0 -1
outer loop
vertex -70.20001983642578 -2.95522403717041 0.20000000298023224
vertex -72.20001983642578 -19.81886100769043 0.20000000298023224
vertex -71.50001525878906 -3.45522403717041 0.20000000298023224
endloop
endfacet
facet normal 0.6343925844553703 0.7730110275979483 0
outer loop
vertex 29.361074447631836 -43.456138610839844 0
vertex 29.18680763244629 -43.3131217956543 0
vertex 29.18680763244629 -43.3131217956543 2.200000047683716
endloop
endfacet
facet normal -0.6343925844553703 -0.7730110275979483 0
outer loop
vertex 30.813154220581055 -41.68677520751953 0
vertex 30.813154220581055 -41.68677520751953 2.200000047683716
vertex 30.638887405395508 -41.543758392333984 0
endloop
endfacet
facet normal -0.881919054683959 0.4714008707940113 0
outer loop
vertex 31.062442779541016 -42.94003677368164 2.200000047683716
vertex 31.062442779541016 -42.94003677368164 0
vertex 30.9561710357666 -43.13885498046875 2.200000047683716
endloop
endfacet
facet normal -0.9569411112922521 0.2902821205633403 0
outer loop
vertex 31.127883911132812 -42.72430419921875 2.200000047683716
vertex 31.127883911132812 -42.72430419921875 0
vertex 31.062442779541016 -42.94003677368164 2.200000047683716
endloop
endfacet
facet normal 0.47139077287975345 -0.8819244521181101 0
outer loop
vertex 29.361074447631836 -41.543758392333984 2.200000047683716
vertex 29.361074447631836 -41.543758392333984 0
vertex 29.559894561767578 -41.4374885559082 2.200000047683716
endloop
endfacet
facet normal 0.2902821205633403 -0.9569411112922521 0
outer loop
vertex 29.559894561767578 -41.4374885559082 2.200000047683716
vertex 29.559894561767578 -41.4374885559082 0
vertex 29.77562713623047 -41.372047424316406 2.200000047683716
endloop
endfacet
facet normal 0.09802426430891549 -0.9951840249957271 0
outer loop
vertex 29.77562713623047 -41.372047424316406 2.200000047683716
vertex 29.77562713623047 -41.372047424316406 0
vertex 29.999980926513672 -41.34994888305664 2.200000047683716
endloop
endfacet
facet normal -0.09802426430891549 -0.9951840249957271 0
outer loop
vertex 29.999980926513672 -41.34994888305664 2.200000047683716
vertex 30.224334716796875 -41.372047424316406 0
vertex 30.224334716796875 -41.372047424316406 2.200000047683716
endloop
endfacet
facet normal 0.2902821205633403 -0.9569411112922521 0
outer loop
vertex 29.77562713623047 -41.372047424316406 0
vertex 29.77562713623047 -41.372047424316406 2.200000047683716
vertex 29.559894561767578 -41.4374885559082 0
endloop
endfacet
facet normal -0.2902821205633403 -0.9569411112922521 0
outer loop
vertex 30.224334716796875 -41.372047424316406 2.200000047683716
vertex 30.224334716796875 -41.372047424316406 0
vertex 30.440067291259766 -41.4374885559082 2.200000047683716
endloop
endfacet
facet normal -0.9951848503090435 0.09801588501547505 0
outer loop
vertex 31.149980545043945 -42.49995040893555 2.200000047683716
vertex 31.149980545043945 -42.49995040893555 0
vertex 31.127883911132812 -42.72430419921875 2.200000047683716
endloop
endfacet
facet normal -0.9951848503090435 -0.09801588501547505 0
outer loop
vertex 31.127883911132812 -42.275596618652344 2.200000047683716
vertex 31.127883911132812 -42.275596618652344 0
vertex 31.149980545043945 -42.49995040893555 2.200000047683716
endloop
endfacet
facet normal -0.9569411112922521 -0.2902821205633403 0
outer loop
vertex 31.062442779541016 -42.05986404418945 2.200000047683716
vertex 31.062442779541016 -42.05986404418945 0
vertex 31.127883911132812 -42.275596618652344 2.200000047683716
endloop
endfacet
facet normal -0.8819228148211528 -0.4713938360839425 0
outer loop
vertex 30.9561710357666 -41.86104202270508 2.200000047683716
vertex 30.9561710357666 -41.86104202270508 0
vertex 31.062442779541016 -42.05986404418945 2.200000047683716
endloop
endfacet
facet normal -0.7730110275979483 -0.6343925844553703 0
outer loop
vertex 30.813154220581055 -41.68677520751953 2.200000047683716
vertex 30.813154220581055 -41.68677520751953 0
vertex 30.9561710357666 -41.86104202270508 2.200000047683716
endloop
endfacet
facet normal -0.6343925844553703 -0.7730110275979483 0
outer loop
vertex 30.638887405395508 -41.543758392333984 2.200000047683716
vertex 30.638887405395508 -41.543758392333984 0
vertex 30.813154220581055 -41.68677520751953 2.200000047683716
endloop
endfacet
facet normal -0.47139077287975345 -0.8819244521181101 0
outer loop
vertex 30.440067291259766 -41.4374885559082 2.200000047683716
vertex 30.440067291259766 -41.4374885559082 0
vertex 30.638887405395508 -41.543758392333984 2.200000047683716
endloop
endfacet
facet normal 0.7730110275979483 0.6343925844553703 0
outer loop
vertex 29.18680763244629 -43.3131217956543 0
vertex 29.043790817260742 -43.13885498046875 0
vertex 29.043790817260742 -43.13885498046875 2.200000047683716
endloop
endfacet
facet normal 0.881919054683959 0.4714008707940113 0
outer loop
vertex 29.043790817260742 -43.13885498046875 0
vertex 28.937519073486328 -42.94003677368164 0
vertex 28.937519073486328 -42.94003677368164 2.200000047683716
endloop
endfacet
facet normal 0.09802426430891549 -0.9951840249957271 0
outer loop
vertex 29.77562713623047 -41.372047424316406 0
vertex 29.999980926513672 -41.34994888305664 0
vertex 29.999980926513672 -41.34994888305664 2.200000047683716
endloop
endfacet
facet normal -0.09802426430891549 -0.9951840249957271 0
outer loop
vertex 29.999980926513672 -41.34994888305664 2.200000047683716
vertex 29.999980926513672 -41.34994888305664 0
vertex 30.224334716796875 -41.372047424316406 0
endloop
endfacet
facet normal -0.8819228148211528 -0.4713938360839425 0
outer loop
vertex 31.062442779541016 -42.05986404418945 0
vertex 31.062442779541016 -42.05986404418945 2.200000047683716
vertex 30.9561710357666 -41.86104202270508 0
endloop
endfacet
facet normal 0.9569411112922521 0.2902821205633403 0
outer loop
vertex 28.937519073486328 -42.94003677368164 0
vertex 28.87207794189453 -42.72430419921875 0
vertex 28.87207794189453 -42.72430419921875 2.200000047683716
endloop
endfacet
facet normal 0.9951848503090435 0.09801588501547505 0
outer loop
vertex 28.87207794189453 -42.72430419921875 0
vertex 28.8499813079834 -42.49995040893555 0
vertex 28.8499813079834 -42.49995040893555 2.200000047683716
endloop
endfacet
facet normal 0.9951848503090435 -0.09801588501547505 0
outer loop
vertex 28.87207794189453 -42.275596618652344 0
vertex 28.87207794189453 -42.275596618652344 2.200000047683716
vertex 28.8499813079834 -42.49995040893555 0
endloop
endfacet
facet normal 0.9569411112922521 -0.2902821205633403 0
outer loop
vertex 28.87207794189453 -42.275596618652344 0
vertex 28.937519073486328 -42.05986404418945 0
vertex 28.937519073486328 -42.05986404418945 2.200000047683716
endloop
endfacet
facet normal 0.8819228148211528 -0.4713938360839425 0
outer loop
vertex 29.043790817260742 -41.86104202270508 0
vertex 29.043790817260742 -41.86104202270508 2.200000047683716
vertex 28.937519073486328 -42.05986404418945 0
endloop
endfacet
facet normal -0.2902821205633403 -0.9569411112922521 0
outer loop
vertex 30.224334716796875 -41.372047424316406 0
vertex 30.440067291259766 -41.4374885559082 0
vertex 30.440067291259766 -41.4374885559082 2.200000047683716
endloop
endfacet
facet normal 0.7730110275979483 -0.6343925844553703 0
outer loop
vertex 29.043790817260742 -41.86104202270508 0
vertex 29.18680763244629 -41.68677520751953 0
vertex 29.18680763244629 -41.68677520751953 2.200000047683716
endloop
endfacet
facet normal 0.6343925844553703 -0.7730110275979483 0
outer loop
vertex 29.18680763244629 -41.68677520751953 0
vertex 29.361074447631836 -41.543758392333984 0
vertex 29.361074447631836 -41.543758392333984 2.200000047683716
endloop
endfacet
facet normal 0.47140393387447393 0.8819174174080421 0
outer loop
vertex 29.559894561767578 -43.56241226196289 0
vertex 29.361074447631836 -43.456138610839844 0
vertex 29.361074447631836 -43.456138610839844 2.200000047683716
endloop
endfacet
facet normal 0.09800750570118845 0.9951856755531762 0
outer loop
vertex 29.999980926513672 -43.64994812011719 0
vertex 29.77562713623047 -43.62785339355469 0
vertex 29.77562713623047 -43.62785339355469 2.200000047683716
endloop
endfacet
facet normal 0.2902821205633403 0.9569411112922521 0
outer loop
vertex 29.77562713623047 -43.62785339355469 0
vertex 29.559894561767578 -43.56241226196289 0
vertex 29.559894561767578 -43.56241226196289 2.200000047683716
endloop
endfacet
facet normal -0.47140393387447393 0.8819174174080421 0
outer loop
vertex 30.638887405395508 -43.456138610839844 2.200000047683716
vertex 30.638887405395508 -43.456138610839844 0
vertex 30.440067291259766 -43.56241226196289 2.200000047683716
endloop
endfacet
facet normal -0.6343925844553703 0.7730110275979483 0
outer loop
vertex 30.813154220581055 -43.3131217956543 2.200000047683716
vertex 30.813154220581055 -43.3131217956543 0
vertex 30.638887405395508 -43.456138610839844 2.200000047683716
endloop
endfacet
facet normal -0.2902821205633403 0.9569411112922521 0
outer loop
vertex 30.440067291259766 -43.56241226196289 2.200000047683716
vertex 30.440067291259766 -43.56241226196289 0
vertex 30.224334716796875 -43.62785339355469 2.200000047683716
endloop
endfacet
facet normal -0.09800750570118845 0.9951856755531762 0
outer loop
vertex 30.224334716796875 -43.62785339355469 2.200000047683716
vertex 30.224334716796875 -43.62785339355469 0
vertex 29.999980926513672 -43.64994812011719 2.200000047683716
endloop
endfacet
facet normal 0.09800750570118845 0.9951856755531762 0
outer loop
vertex 29.999980926513672 -43.64994812011719 2.200000047683716
vertex 29.999980926513672 -43.64994812011719 0
vertex 29.77562713623047 -43.62785339355469 2.200000047683716
endloop
endfacet
facet normal 0.2902821205633403 0.9569411112922521 0
outer loop
vertex 29.77562713623047 -43.62785339355469 2.200000047683716
vertex 29.77562713623047 -43.62785339355469 0
vertex 29.559894561767578 -43.56241226196289 2.200000047683716
endloop
endfacet
facet normal 0.47140393387447393 0.8819174174080421 0
outer loop
vertex 29.559894561767578 -43.56241226196289 2.200000047683716
vertex 29.559894561767578 -43.56241226196289 0
vertex 29.361074447631836 -43.456138610839844 2.200000047683716
endloop
endfacet
facet normal 0.6343925844553703 -0.7730110275979483 0
outer loop
vertex 29.18680763244629 -41.68677520751953 2.200000047683716
vertex 29.18680763244629 -41.68677520751953 0
vertex 29.361074447631836 -41.543758392333984 2.200000047683716
endloop
endfacet
facet normal 0.7730110275979483 -0.6343925844553703 0
outer loop
vertex 29.043790817260742 -41.86104202270508 2.200000047683716
vertex 29.043790817260742 -41.86104202270508 0
vertex 29.18680763244629 -41.68677520751953 2.200000047683716
endloop
endfacet
facet normal 0.8819228148211528 -0.4713938360839425 0
outer loop
vertex 28.937519073486328 -42.05986404418945 2.200000047683716
vertex 28.937519073486328 -42.05986404418945 0
vertex 29.043790817260742 -41.86104202270508 2.200000047683716
endloop
endfacet
facet normal 0.9569411112922521 -0.2902821205633403 0
outer loop
vertex 28.87207794189453 -42.275596618652344 2.200000047683716
vertex 28.87207794189453 -42.275596618652344 0
vertex 28.937519073486328 -42.05986404418945 2.200000047683716
endloop
endfacet
facet normal 0.9951848503090435 -0.09801588501547505 0
outer loop
vertex 28.8499813079834 -42.49995040893555 2.200000047683716
vertex 28.8499813079834 -42.49995040893555 0
vertex 28.87207794189453 -42.275596618652344 2.200000047683716
endloop
endfacet
facet normal 0.9951848503090435 0.09801588501547505 0
outer loop
vertex 28.8499813079834 -42.49995040893555 2.200000047683716
vertex 28.87207794189453 -42.72430419921875 2.200000047683716
vertex 28.87207794189453 -42.72430419921875 0
endloop
endfacet
facet normal 0.9569411112922521 0.2902821205633403 0
outer loop
vertex 28.87207794189453 -42.72430419921875 2.200000047683716
vertex 28.937519073486328 -42.94003677368164 2.200000047683716
vertex 28.937519073486328 -42.94003677368164 0
endloop
endfacet
facet normal 0.881919054683959 0.4714008707940113 0
outer loop
vertex 28.937519073486328 -42.94003677368164 2.200000047683716
vertex 29.043790817260742 -43.13885498046875 2.200000047683716
vertex 29.043790817260742 -43.13885498046875 0
endloop
endfacet
facet normal 0.7730110275979483 0.6343925844553703 0
outer loop
vertex 29.18680763244629 -43.3131217956543 2.200000047683716
vertex 29.18680763244629 -43.3131217956543 0
vertex 29.043790817260742 -43.13885498046875 2.200000047683716
endloop
endfacet
facet normal 0.6343925844553703 0.7730110275979483 0
outer loop
vertex 29.361074447631836 -43.456138610839844 2.200000047683716
vertex 29.361074447631836 -43.456138610839844 0
vertex 29.18680763244629 -43.3131217956543 2.200000047683716
endloop
endfacet
facet normal -0.09800750570118845 0.9951856755531762 0
outer loop
vertex 29.999980926513672 -43.64994812011719 0
vertex 29.999980926513672 -43.64994812011719 2.200000047683716
vertex 30.224334716796875 -43.62785339355469 0
endloop
endfacet
facet normal -0.2902821205633403 0.9569411112922521 0
outer loop
vertex 30.224334716796875 -43.62785339355469 0
vertex 30.224334716796875 -43.62785339355469 2.200000047683716
vertex 30.440067291259766 -43.56241226196289 0
endloop
endfacet
facet normal -0.47140393387447393 0.8819174174080421 0
outer loop
vertex 30.440067291259766 -43.56241226196289 0
vertex 30.440067291259766 -43.56241226196289 2.200000047683716
vertex 30.638887405395508 -43.456138610839844 0
endloop
endfacet
facet normal -0.6343925844553703 0.7730110275979483 0
outer loop
vertex 30.638887405395508 -43.456138610839844 0
vertex 30.638887405395508 -43.456138610839844 2.200000047683716
vertex 30.813154220581055 -43.3131217956543 0
endloop
endfacet
facet normal -0.7730110275979483 0.6343925844553703 0
outer loop
vertex 30.813154220581055 -43.3131217956543 0
vertex 30.813154220581055 -43.3131217956543 2.200000047683716
vertex 30.9561710357666 -43.13885498046875 0
endloop
endfacet
facet normal -0.881919054683959 0.4714008707940113 0
outer loop
vertex 30.9561710357666 -43.13885498046875 0
vertex 30.9561710357666 -43.13885498046875 2.200000047683716
vertex 31.062442779541016 -42.94003677368164 0
endloop
endfacet
facet normal -0.9569411112922521 0.2902821205633403 0
outer loop
vertex 31.062442779541016 -42.94003677368164 0
vertex 31.062442779541016 -42.94003677368164 2.200000047683716
vertex 31.127883911132812 -42.72430419921875 0
endloop
endfacet
facet normal 0.47139077287975345 -0.8819244521181101 0
outer loop
vertex 29.361074447631836 -41.543758392333984 0
vertex 29.559894561767578 -41.4374885559082 0
vertex 29.559894561767578 -41.4374885559082 2.200000047683716
endloop
endfacet
facet normal -0.9951848503090435 0.09801588501547505 0
outer loop
vertex 31.127883911132812 -42.72430419921875 0
vertex 31.127883911132812 -42.72430419921875 2.200000047683716
vertex 31.149980545043945 -42.49995040893555 0
endloop
endfacet
facet normal -0.9951848503090435 -0.09801588501547505 0
outer loop
vertex 31.149980545043945 -42.49995040893555 0
vertex 31.149980545043945 -42.49995040893555 2.200000047683716
vertex 31.127883911132812 -42.275596618652344 0
endloop
endfacet
facet normal -0.9569411112922521 -0.2902821205633403 0
outer loop
vertex 31.127883911132812 -42.275596618652344 0
vertex 31.127883911132812 -42.275596618652344 2.200000047683716
vertex 31.062442779541016 -42.05986404418945 0
endloop
endfacet
facet normal -0.7730110275979483 -0.6343925844553703 0
outer loop
vertex 30.9561710357666 -41.86104202270508 0
vertex 30.9561710357666 -41.86104202270508 2.200000047683716
vertex 30.813154220581055 -41.68677520751953 0
endloop
endfacet
facet normal -0.47139077287975345 -0.8819244521181101 0
outer loop
vertex 30.440067291259766 -41.4374885559082 0
vertex 30.638887405395508 -41.543758392333984 0
vertex 30.638887405395508 -41.543758392333984 2.200000047683716
endloop
endfacet
facet normal -0.7730110275979483 0.6343925844553703 0
outer loop
vertex 30.9561710357666 -43.13885498046875 2.200000047683716
vertex 30.9561710357666 -43.13885498046875 0
vertex 30.813154220581055 -43.3131217956543 2.200000047683716
endloop
endfacet
facet normal 0 0 1
outer loop
vertex 64.84998321533203 -19.64995002746582 2.9000000953674316
vertex 49.949981689453125 -20.449949264526367 2.9000000953674316
vertex 64.04998016357422 -20.449949264526367 2.9000000953674316
endloop
endfacet
facet normal 0 0 1
outer loop
vertex 64.04998016357422 -20.449949264526367 2.9000000953674316
vertex 64.04998016357422 -34.549949645996094 2.9000000953674316
vertex 64.84998321533203 -19.64995002746582 2.9000000953674316
endloop
endfacet
facet normal 0 0 1
outer loop
vertex 64.04998016357422 -34.549949645996094 2.9000000953674316
vertex 64.84998321533203 -35.34994888305664 2.9000000953674316
vertex 64.84998321533203 -19.64995002746582 2.9000000953674316
endloop
endfacet
facet normal 1 0 0
outer loop
vertex 64.84998321533203 -35.34994888305664 2.9000000953674316
vertex 64.84998321533203 -19.64995002746582 2.200000047683716
vertex 64.84998321533203 -19.64995002746582 2.9000000953674316
endloop
endfacet
facet normal 0 0 1
outer loop
vertex 64.84998321533203 -19.64995002746582 2.9000000953674316
vertex 49.14998245239258 -19.64995002746582 2.9000000953674316
vertex 49.949981689453125 -20.449949264526367 2.9000000953674316
endloop
endfacet
facet normal 0 0 1
outer loop
vertex 64.04998016357422 -34.549949645996094 2.9000000953674316
vertex 49.14998245239258 -35.34994888305664 2.9000000953674316
vertex 64.84998321533203 -35.34994888305664 2.9000000953674316
endloop
endfacet
facet normal 0 1 0
outer loop
vertex 64.84998321533203 -19.64995002746582 2.9000000953674316
vertex 49.14998245239258 -19.64995002746582 2.200000047683716
vertex 49.14998245239258 -19.64995002746582 2.9000000953674316
endloop
endfacet
facet normal -1 0 0
outer loop
vertex 49.14998245239258 -19.64995002746582 2.9000000953674316
vertex 49.14998245239258 -19.64995002746582 2.200000047683716
vertex 49.14998245239258 -35.34994888305664 2.200000047683716
endloop
endfacet
facet normal 0 0 1
outer loop
vertex 64.04998016357422 -34.549949645996094 2.9000000953674316
vertex 49.949981689453125 -34.549949645996094 2.9000000953674316
vertex 49.14998245239258 -35.34994888305664 2.9000000953674316
endloop
endfacet
facet normal 0 -1 0
outer loop
vertex 49.14998245239258 -35.34994888305664 2.9000000953674316
vertex 64.84998321533203 -35.34994888305664 2.200000047683716
vertex 64.84998321533203 -35.34994888305664 2.9000000953674316
endloop
endfacet
facet normal -1 0 0
outer loop
vertex 49.14998245239258 -19.64995002746582 2.9000000953674316
vertex 49.14998245239258 -35.34994888305664 2.200000047683716
vertex 49.14998245239258 -35.34994888305664 2.9000000953674316
endloop
endfacet
facet normal 0 0 1
outer loop
vertex 49.949981689453125 -34.549949645996094 2.9000000953674316
vertex 49.949981689453125 -20.449949264526367 2.9000000953674316
vertex 49.14998245239258 -35.34994888305664 2.9000000953674316
endloop
endfacet
facet normal 0 1 0
outer loop
vertex 49.14998245239258 -19.64995002746582 2.200000047683716
vertex 64.84998321533203 -19.64995002746582 2.9000000953674316
vertex 64.84998321533203 -19.64995002746582 2.200000047683716
endloop
endfacet
facet normal 0 0 1
outer loop
vertex 49.14998245239258 -19.64995002746582 2.9000000953674316
vertex 49.14998245239258 -35.34994888305664 2.9000000953674316
vertex 49.949981689453125 -20.449949264526367 2.9000000953674316
endloop
endfacet
facet normal 1 0 0
outer loop
vertex 64.84998321533203 -35.34994888305664 2.9000000953674316
vertex 64.84998321533203 -35.34994888305664 2.200000047683716
vertex 64.84998321533203 -19.64995002746582 2.200000047683716
endloop
endfacet
facet normal 0 -1 0
outer loop
vertex 49.14998245239258 -35.34994888305664 2.9000000953674316
vertex 49.14998245239258 -35.34994888305664 2.200000047683716
vertex 64.84998321533203 -35.34994888305664 2.200000047683716
endloop
endfacet
facet normal 0 1 0
outer loop
vertex 64.04998016357422 -34.549949645996094 2.9000000953674316
vertex 64.04998016357422 -34.549949645996094 2.200000047683716
vertex 49.949981689453125 -34.549949645996094 2.200000047683716
endloop
endfacet
facet normal -1 0 0
outer loop
vertex 64.04998016357422 -34.549949645996094 2.9000000953674316
vertex 64.04998016357422 -20.449949264526367 2.200000047683716
vertex 64.04998016357422 -34.549949645996094 2.200000047683716
endloop
endfacet
facet normal 0 -1 0
outer loop
vertex 64.04998016357422 -20.449949264526367 2.9000000953674316
vertex 49.949981689453125 -20.449949264526367 2.200000047683716
vertex 64.04998016357422 -20.449949264526367 2.200000047683716
endloop
endfacet
facet normal 0 -1 0
outer loop
vertex 49.949981689453125 -20.449949264526367 2.200000047683716
vertex 64.04998016357422 -20.449949264526367 2.9000000953674316
vertex 49.949981689453125 -20.449949264526367 2.9000000953674316
endloop
endfacet
facet normal -1 0 0
outer loop
vertex 64.04998016357422 -20.449949264526367 2.200000047683716
vertex 64.04998016357422 -34.549949645996094 2.9000000953674316
vertex 64.04998016357422 -20.449949264526367 2.9000000953674316
endloop
endfacet
facet normal 1 0 0
outer loop
vertex 49.949981689453125 -20.449949264526367 2.9000000953674316
vertex 49.949981689453125 -34.549949645996094 2.200000047683716
vertex 49.949981689453125 -20.449949264526367 2.200000047683716
endloop
endfacet
facet normal 1 0 0
outer loop
vertex 49.949981689453125 -34.549949645996094 2.200000047683716
vertex 49.949981689453125 -20.449949264526367 2.9000000953674316
vertex 49.949981689453125 -34.549949645996094 2.9000000953674316
endloop
endfacet
facet normal 0 1 0
outer loop
vertex 49.949981689453125 -34.549949645996094 2.200000047683716
vertex 49.949981689453125 -34.549949645996094 2.9000000953674316
vertex 64.04998016357422 -34.549949645996094 2.9000000953674316
endloop
endfacet
facet normal 0 0 1
outer loop
vertex 30.949981689453125 -34.549949645996094 2.9000000953674316
vertex 30.149980545043945 -35.34994888305664 2.9000000953674316
vertex 45.04998016357422 -34.549949645996094 2.9000000953674316
endloop
endfacet
facet normal 0 0 1
outer loop
vertex 30.149980545043945 -19.64995002746582 2.9000000953674316
vertex 30.149980545043945 -35.34994888305664 2.9000000953674316
vertex 30.949981689453125 -20.449949264526367 2.9000000953674316
endloop
endfacet
facet normal 0 0 1
outer loop
vertex 45.04998016357422 -34.549949645996094 2.9000000953674316
vertex 30.149980545043945 -35.34994888305664 2.9000000953674316
vertex 45.849979400634766 -35.34994888305664 2.9000000953674316
endloop
endfacet
facet normal 0 -1 0
outer loop
vertex 30.149980545043945 -35.34994888305664 2.9000000953674316
vertex 45.849979400634766 -35.34994888305664 2.200000047683716
vertex 45.849979400634766 -35.34994888305664 2.9000000953674316
endloop
endfacet
facet normal 0 0 1
outer loop
vertex 45.04998016357422 -34.549949645996094 2.9000000953674316
vertex 45.849979400634766 -35.34994888305664 2.9000000953674316
vertex 45.849979400634766 -19.64995002746582 2.9000000953674316
endloop
endfacet
facet normal 0 0 1
outer loop
vertex 30.949981689453125 -34.549949645996094 2.9000000953674316
vertex 30.949981689453125 -20.449949264526367 2.9000000953674316
vertex 30.149980545043945 -35.34994888305664 2.9000000953674316
endloop
endfacet
facet normal -1 0 0
outer loop
vertex 30.149980545043945 -19.64995002746582 2.9000000953674316
vertex 30.149980545043945 -35.34994888305664 2.200000047683716
vertex 30.149980545043945 -35.34994888305664 2.9000000953674316
endloop
endfacet
facet normal 1 0 0
outer loop
vertex 45.849979400634766 -35.34994888305664 2.9000000953674316
vertex 45.849979400634766 -35.34994888305664 2.200000047683716
vertex 45.849979400634766 -19.64995002746582 2.200000047683716
endloop
endfacet
facet normal 0 0 1
outer loop
vertex 45.849979400634766 -19.64995002746582 2.9000000953674316
vertex 30.949981689453125 -20.449949264526367 2.9000000953674316
vertex 45.04998016357422 -20.449949264526367 2.9000000953674316
endloop
endfacet
facet normal 0 0 1
outer loop
vertex 45.04998016357422 -20.449949264526367 2.9000000953674316
vertex 45.04998016357422 -34.549949645996094 2.9000000953674316
vertex 45.849979400634766 -19.64995002746582 2.9000000953674316
endloop
endfacet
facet normal 0 1 0
outer loop
vertex 45.849979400634766 -19.64995002746582 2.9000000953674316
vertex 30.149980545043945 -19.64995002746582 2.200000047683716
vertex 30.149980545043945 -19.64995002746582 2.9000000953674316
endloop
endfacet
facet normal 0 0 1
outer loop
vertex 45.849979400634766 -19.64995002746582 2.9000000953674316
vertex 30.149980545043945 -19.64995002746582 2.9000000953674316
vertex 30.949981689453125 -20.449949264526367 2.9000000953674316
endloop
endfacet
facet normal 0 1 0
outer loop
vertex 45.849979400634766 -19.64995002746582 2.9000000953674316
vertex 45.849979400634766 -19.64995002746582 2.200000047683716
vertex 30.149980545043945 -19.64995002746582 2.200000047683716
endloop
endfacet
facet normal -1 0 0
outer loop
vertex 30.149980545043945 -19.64995002746582 2.9000000953674316
vertex 30.149980545043945 -19.64995002746582 2.200000047683716
vertex 30.149980545043945 -35.34994888305664 2.200000047683716
endloop
endfacet
facet normal 0 -1 0
outer loop
vertex 30.149980545043945 -35.34994888305664 2.9000000953674316
vertex 30.149980545043945 -35.34994888305664 2.200000047683716
vertex 45.849979400634766 -35.34994888305664 2.200000047683716
endloop
endfacet
facet normal 1 0 0
outer loop
vertex 45.849979400634766 -19.64995002746582 2.9000000953674316
vertex 45.849979400634766 -35.34994888305664 2.9000000953674316
vertex 45.849979400634766 -19.64995002746582 2.200000047683716
endloop
endfacet
facet normal -1 0 0
outer loop
vertex 45.04998016357422 -20.449949264526367 2.200000047683716
vertex 45.04998016357422 -34.549949645996094 2.9000000953674316
vertex 45.04998016357422 -20.449949264526367 2.9000000953674316
endloop
endfacet
facet normal 0 1 0
outer loop
vertex 45.04998016357422 -34.549949645996094 2.200000047683716
vertex 30.949981689453125 -34.549949645996094 2.9000000953674316
vertex 45.04998016357422 -34.549949645996094 2.9000000953674316
endloop
endfacet
facet normal 1 0 0
outer loop
vertex 30.949981689453125 -34.549949645996094 2.200000047683716
vertex 30.949981689453125 -20.449949264526367 2.9000000953674316
vertex 30.949981689453125 -34.549949645996094 2.9000000953674316
endloop
endfacet
facet normal -1 0 0
outer loop
vertex 45.04998016357422 -34.549949645996094 2.9000000953674316
vertex 45.04998016357422 -20.449949264526367 2.200000047683716
vertex 45.04998016357422 -34.549949645996094 2.200000047683716
endloop
endfacet
facet normal 0 -1 0
outer loop
vertex 30.949981689453125 -20.449949264526367 2.200000047683716
vertex 45.04998016357422 -20.449949264526367 2.9000000953674316
vertex 30.949981689453125 -20.449949264526367 2.9000000953674316
endloop
endfacet
facet normal 0 -1 0
outer loop
vertex 45.04998016357422 -20.449949264526367 2.9000000953674316
vertex 30.949981689453125 -20.449949264526367 2.200000047683716
vertex 45.04998016357422 -20.449949264526367 2.200000047683716
endloop
endfacet
facet normal 1 0 0
outer loop
vertex 30.949981689453125 -20.449949264526367 2.9000000953674316
vertex 30.949981689453125 -34.549949645996094 2.200000047683716
vertex 30.949981689453125 -20.449949264526367 2.200000047683716
endloop
endfacet
facet normal 0 1 0
outer loop
vertex 30.949981689453125 -34.549949645996094 2.9000000953674316
vertex 45.04998016357422 -34.549949645996094 2.200000047683716
vertex 30.949981689453125 -34.549949645996094 2.200000047683716
endloop
endfacet
facet normal 0 0 1
outer loop
vertex 11.949980735778809 -34.549949645996094 2.9000000953674316
vertex 11.949980735778809 -20.449949264526367 2.9000000953674316
vertex 11.149981498718262 -35.34994888305664 2.9000000953674316
endloop
endfacet
facet normal 0 1 0
outer loop
vertex 26.8499813079834 -19.64995002746582 2.200000047683716
vertex 11.149981498718262 -19.64995002746582 2.200000047683716
vertex 26.8499813079834 -19.64995002746582 2.9000000953674316
endloop
endfacet
facet normal 0 0 1
outer loop
vertex 26.04998207092285 -20.449949264526367 2.9000000953674316
vertex 26.04998207092285 -34.549949645996094 2.9000000953674316
vertex 26.8499813079834 -19.64995002746582 2.9000000953674316
endloop
endfacet
facet normal 0 0 1
outer loop
vertex 26.04998207092285 -34.549949645996094 2.9000000953674316
vertex 26.8499813079834 -35.34994888305664 2.9000000953674316
vertex 26.8499813079834 -19.64995002746582 2.9000000953674316
endloop
endfacet
facet normal 1 0 0
outer loop
vertex 26.8499813079834 -35.34994888305664 2.9000000953674316
vertex 26.8499813079834 -19.64995002746582 2.200000047683716
vertex 26.8499813079834 -19.64995002746582 2.9000000953674316
endloop
endfacet
facet normal 0 0 1
outer loop
vertex 26.8499813079834 -19.64995002746582 2.9000000953674316
vertex 11.949980735778809 -20.449949264526367 2.9000000953674316
vertex 26.04998207092285 -20.449949264526367 2.9000000953674316
endloop
endfacet
facet normal 0 0 1
outer loop
vertex 26.04998207092285 -34.549949645996094 2.9000000953674316
vertex 11.149981498718262 -35.34994888305664 2.9000000953674316
vertex 26.8499813079834 -35.34994888305664 2.9000000953674316
endloop
endfacet
facet normal -1 0 0
outer loop
vertex 11.149981498718262 -19.64995002746582 2.9000000953674316
vertex 11.149981498718262 -35.34994888305664 2.200000047683716
vertex 11.149981498718262 -35.34994888305664 2.9000000953674316
endloop
endfacet
facet normal -1 0 0
outer loop
vertex 11.149981498718262 -19.64995002746582 2.9000000953674316
vertex 11.149981498718262 -19.64995002746582 2.200000047683716
vertex 11.149981498718262 -35.34994888305664 2.200000047683716
endloop
endfacet
facet normal 0 0 1
outer loop
vertex 26.04998207092285 -34.549949645996094 2.9000000953674316
vertex 11.949980735778809 -34.549949645996094 2.9000000953674316
vertex 11.149981498718262 -35.34994888305664 2.9000000953674316
endloop
endfacet
facet normal 0 0 1
outer loop
vertex 11.149981498718262 -19.64995002746582 2.9000000953674316
vertex 11.149981498718262 -35.34994888305664 2.9000000953674316
vertex 11.949980735778809 -20.449949264526367 2.9000000953674316
endloop
endfacet
facet normal 0 0 1
outer loop
vertex 26.8499813079834 -19.64995002746582 2.9000000953674316
vertex 11.149981498718262 -19.64995002746582 2.9000000953674316
vertex 11.949980735778809 -20.449949264526367 2.9000000953674316
endloop
endfacet
facet normal 0 1 0
outer loop
vertex 26.8499813079834 -19.64995002746582 2.9000000953674316
vertex 11.149981498718262 -19.64995002746582 2.200000047683716
vertex 11.149981498718262 -19.64995002746582 2.9000000953674316
endloop
endfacet
facet normal 1 0 0
outer loop
vertex 26.8499813079834 -35.34994888305664 2.9000000953674316
vertex 26.8499813079834 -35.34994888305664 2.200000047683716
vertex 26.8499813079834 -19.64995002746582 2.200000047683716
endloop
endfacet
facet normal 0 -1 0
outer loop
vertex 11.149981498718262 -35.34994888305664 2.9000000953674316
vertex 11.149981498718262 -35.34994888305664 2.200000047683716
vertex 26.8499813079834 -35.34994888305664 2.200000047683716
endloop
endfacet
facet normal 0 -1 0
outer loop
vertex 11.149981498718262 -35.34994888305664 2.9000000953674316
vertex 26.8499813079834 -35.34994888305664 2.200000047683716
vertex 26.8499813079834 -35.34994888305664 2.9000000953674316
endloop
endfacet
facet normal 0 1 0
outer loop
vertex 26.04998207092285 -34.549949645996094 2.200000047683716
vertex 11.949980735778809 -34.549949645996094 2.9000000953674316
vertex 26.04998207092285 -34.549949645996094 2.9000000953674316
endloop
endfacet
facet normal 0 -1 0
outer loop
vertex 26.04998207092285 -20.449949264526367 2.9000000953674316
vertex 11.949980735778809 -20.449949264526367 2.200000047683716
vertex 26.04998207092285 -20.449949264526367 2.200000047683716
endloop
endfacet
facet normal -1 0 0
outer loop
vertex 26.04998207092285 -20.449949264526367 2.200000047683716
vertex 26.04998207092285 -34.549949645996094 2.9000000953674316
vertex 26.04998207092285 -20.449949264526367 2.9000000953674316
endloop
endfacet
facet normal 1 0 0
outer loop
vertex 11.949980735778809 -20.449949264526367 2.9000000953674316
vertex 11.949980735778809 -34.549949645996094 2.200000047683716
vertex 11.949980735778809 -20.449949264526367 2.200000047683716
endloop
endfacet
facet normal 1 0 0
outer loop
vertex 11.949980735778809 -34.549949645996094 2.200000047683716
vertex 11.949980735778809 -20.449949264526367 2.9000000953674316
vertex 11.949980735778809 -34.549949645996094 2.9000000953674316
endloop
endfacet
facet normal 0 -1 0
outer loop
vertex 11.949980735778809 -20.449949264526367 2.200000047683716
vertex 26.04998207092285 -20.449949264526367 2.9000000953674316
vertex 11.949980735778809 -20.449949264526367 2.9000000953674316
endloop
endfacet
facet normal -1 0 0
outer loop
vertex 26.04998207092285 -34.549949645996094 2.9000000953674316
vertex 26.04998207092285 -20.449949264526367 2.200000047683716
vertex 26.04998207092285 -34.549949645996094 2.200000047683716
endloop
endfacet
facet normal 0 1 0
outer loop
vertex 11.949980735778809 -34.549949645996094 2.9000000953674316
vertex 26.04998207092285 -34.549949645996094 2.200000047683716
vertex 11.949980735778809 -34.549949645996094 2.200000047683716
endloop
endfacet
facet normal 0 -1 0
outer loop
vertex -7.8500189781188965 -35.34994888305664 2.9000000953674316
vertex 7.849981307983398 -35.34994888305664 2.200000047683716
vertex 7.849981307983398 -35.34994888305664 2.9000000953674316
endloop
endfacet
facet normal 1 0 0
outer loop
vertex 7.849981307983398 -35.34994888305664 2.9000000953674316
vertex 7.849981307983398 -35.34994888305664 2.200000047683716
vertex 7.849981307983398 -19.64995002746582 2.200000047683716
endloop
endfacet
facet normal -1 0 0
outer loop
vertex -7.8500189781188965 -19.64995002746582 2.9000000953674316
vertex -7.8500189781188965 -19.64995002746582 2.200000047683716
vertex -7.8500189781188965 -35.34994888305664 2.200000047683716
endloop
endfacet
facet normal 0 1 0
outer loop
vertex 7.849981307983398 -19.64995002746582 2.9000000953674316
vertex 7.849981307983398 -19.64995002746582 2.200000047683716
vertex -7.8500189781188965 -19.64995002746582 2.200000047683716
endloop
endfacet
facet normal 0 0 1
outer loop
vertex 7.849981307983398 -19.64995002746582 2.9000000953674316
vertex -7.050018787384033 -20.449949264526367 2.9000000953674316
vertex 7.049981117248535 -20.449949264526367 2.9000000953674316
endloop
endfacet
facet normal -1 0 0
outer loop
vertex -7.8500189781188965 -19.64995002746582 2.9000000953674316
vertex -7.8500189781188965 -35.34994888305664 2.200000047683716
vertex -7.8500189781188965 -35.34994888305664 2.9000000953674316
endloop
endfacet
facet normal 0 0 1
outer loop
vertex 7.049981117248535 -20.449949264526367 2.9000000953674316
vertex 7.049981117248535 -34.549949645996094 2.9000000953674316
vertex 7.849981307983398 -19.64995002746582 2.9000000953674316
endloop
endfacet
facet normal 0 0 1
outer loop
vertex 7.049981117248535 -34.549949645996094 2.9000000953674316
vertex 7.849981307983398 -35.34994888305664 2.9000000953674316
vertex 7.849981307983398 -19.64995002746582 2.9000000953674316
endloop
endfacet
facet normal 0 -1 0
outer loop
vertex -7.8500189781188965 -35.34994888305664 2.9000000953674316
vertex -7.8500189781188965 -35.34994888305664 2.200000047683716
vertex 7.849981307983398 -35.34994888305664 2.200000047683716
endloop
endfacet
facet normal 0 0 1
outer loop
vertex 7.849981307983398 -19.64995002746582 2.9000000953674316
vertex -7.8500189781188965 -19.64995002746582 2.9000000953674316
vertex -7.050018787384033 -20.449949264526367 2.9000000953674316
endloop
endfacet
facet normal 0 1 0
outer loop
vertex 7.849981307983398 -19.64995002746582 2.9000000953674316
vertex -7.8500189781188965 -19.64995002746582 2.200000047683716
vertex -7.8500189781188965 -19.64995002746582 2.9000000953674316
endloop
endfacet
facet normal 0 0 1
outer loop
vertex -7.8500189781188965 -19.64995002746582 2.9000000953674316
vertex -7.8500189781188965 -35.34994888305664 2.9000000953674316
vertex -7.050018787384033 -20.449949264526367 2.9000000953674316
endloop
endfacet
facet normal 0 0 1
outer loop
vertex 7.049981117248535 -34.549949645996094 2.9000000953674316
vertex -7.8500189781188965 -35.34994888305664 2.9000000953674316
vertex 7.849981307983398 -35.34994888305664 2.9000000953674316
endloop
endfacet
facet normal 0 0 1
outer loop
vertex -7.050018787384033 -34.549949645996094 2.9000000953674316
vertex -7.050018787384033 -20.449949264526367 2.9000000953674316
vertex -7.8500189781188965 -35.34994888305664 2.9000000953674316
endloop
endfacet
facet normal 0 0 1
outer loop
vertex -7.8500189781188965 -35.34994888305664 2.9000000953674316
vertex 7.049981117248535 -34.549949645996094 2.9000000953674316
vertex -7.050018787384033 -34.549949645996094 2.9000000953674316
endloop
endfacet
facet normal 1 0 0
outer loop
vertex 7.849981307983398 -35.34994888305664 2.9000000953674316
vertex 7.849981307983398 -19.64995002746582 2.200000047683716
vertex 7.849981307983398 -19.64995002746582 2.9000000953674316
endloop
endfacet
facet normal 1 0 0
outer loop
vertex -7.050018787384033 -20.449949264526367 2.9000000953674316
vertex -7.050018787384033 -34.549949645996094 2.200000047683716
vertex -7.050018787384033 -20.449949264526367 2.200000047683716
endloop
endfacet
facet normal 0 -1 0
outer loop
vertex 7.049981117248535 -20.449949264526367 2.9000000953674316
vertex -7.050018787384033 -20.449949264526367 2.200000047683716
vertex 7.049981117248535 -20.449949264526367 2.200000047683716
endloop
endfacet
facet normal 1 0 0
outer loop
vertex -7.050018787384033 -34.549949645996094 2.200000047683716
vertex -7.050018787384033 -20.449949264526367 2.9000000953674316
vertex -7.050018787384033 -34.549949645996094 2.9000000953674316
endloop
endfacet
facet normal -1 0 0
outer loop
vertex 7.049981117248535 -34.549949645996094 2.200000047683716
vertex 7.049981117248535 -34.549949645996094 2.9000000953674316
vertex 7.049981117248535 -20.449949264526367 2.200000047683716
endloop
endfacet
facet normal -1 0 0
outer loop
vertex 7.049981117248535 -20.449949264526367 2.200000047683716
vertex 7.049981117248535 -34.549949645996094 2.9000000953674316
vertex 7.049981117248535 -20.449949264526367 2.9000000953674316
endloop
endfacet
facet normal 0 -1 0
outer loop
vertex -7.050018787384033 -20.449949264526367 2.200000047683716
vertex 7.049981117248535 -20.449949264526367 2.9000000953674316
vertex -7.050018787384033 -20.449949264526367 2.9000000953674316
endloop
endfacet
facet normal 0 1 0
outer loop
vertex -7.050018787384033 -34.549949645996094 2.9000000953674316
vertex 7.049981117248535 -34.549949645996094 2.200000047683716
vertex -7.050018787384033 -34.549949645996094 2.200000047683716
endloop
endfacet
facet normal 0 1 0
outer loop
vertex 7.049981117248535 -34.549949645996094 2.200000047683716
vertex -7.050018787384033 -34.549949645996094 2.9000000953674316
vertex 7.049981117248535 -34.549949645996094 2.9000000953674316
endloop
endfacet
facet normal 0 0 1
outer loop
vertex -11.950018882751465 -34.549949645996094 2.9000000953674316
vertex -11.150018692016602 -35.34994888305664 2.9000000953674316
vertex -11.150018692016602 -19.64995002746582 2.9000000953674316
endloop
endfacet
facet normal 0 0 1
outer loop
vertex -11.150018692016602 -19.64995002746582 2.9000000953674316
vertex -26.050018310546875 -20.449949264526367 2.9000000953674316
vertex -11.950018882751465 -20.449949264526367 2.9000000953674316
endloop
endfacet
facet normal 0 0 1
outer loop
vertex -11.950018882751465 -20.449949264526367 2.9000000953674316
vertex -11.950018882751465 -34.549949645996094 2.9000000953674316
vertex -11.150018692016602 -19.64995002746582 2.9000000953674316
endloop
endfacet
facet normal 0 0 1
outer loop
vertex -11.950018882751465 -34.549949645996094 2.9000000953674316
vertex -26.850019454956055 -35.34994888305664 2.9000000953674316
vertex -11.150018692016602 -35.34994888305664 2.9000000953674316
endloop
endfacet
facet normal 0 1 0
outer loop
vertex -11.150018692016602 -19.64995002746582 2.9000000953674316
vertex -26.850019454956055 -19.64995002746582 2.200000047683716
vertex -26.850019454956055 -19.64995002746582 2.9000000953674316
endloop
endfacet
facet normal -1 0 0
outer loop
vertex -26.850019454956055 -19.64995002746582 2.9000000953674316
vertex -26.850019454956055 -35.34994888305664 2.200000047683716
vertex -26.850019454956055 -35.34994888305664 2.9000000953674316
endloop
endfacet
facet normal 0 0 1
outer loop
vertex -11.150018692016602 -19.64995002746582 2.9000000953674316
vertex -26.850019454956055 -19.64995002746582 2.9000000953674316
vertex -26.050018310546875 -20.449949264526367 2.9000000953674316
endloop
endfacet
facet normal -1 0 0
outer loop
vertex -26.850019454956055 -19.64995002746582 2.9000000953674316
vertex -26.850019454956055 -19.64995002746582 2.200000047683716
vertex -26.850019454956055 -35.34994888305664 2.200000047683716
endloop
endfacet
facet normal 0 0 1
outer loop
vertex -26.050018310546875 -34.549949645996094 2.9000000953674316
vertex -26.050018310546875 -20.449949264526367 2.9000000953674316
vertex -26.850019454956055 -35.34994888305664 2.9000000953674316
endloop
endfacet
facet normal 0 0 1
outer loop
vertex -11.950018882751465 -34.549949645996094 2.9000000953674316
vertex -26.050018310546875 -34.549949645996094 2.9000000953674316
vertex -26.850019454956055 -35.34994888305664 2.9000000953674316
endloop
endfacet
facet normal 0 -1 0
outer loop
vertex -26.850019454956055 -35.34994888305664 2.200000047683716
vertex -11.150018692016602 -35.34994888305664 2.200000047683716
vertex -26.850019454956055 -35.34994888305664 2.9000000953674316
endloop
endfacet
facet normal 0 0 1
outer loop
vertex -26.850019454956055 -19.64995002746582 2.9000000953674316
vertex -26.850019454956055 -35.34994888305664 2.9000000953674316
vertex -26.050018310546875 -20.449949264526367 2.9000000953674316
endloop
endfacet
facet normal 0 -1 0
outer loop
vertex -26.850019454956055 -35.34994888305664 2.9000000953674316
vertex -11.150018692016602 -35.34994888305664 2.200000047683716
vertex -11.150018692016602 -35.34994888305664 2.9000000953674316
endloop
endfacet
facet normal 0 1 0
outer loop
vertex -11.150018692016602 -19.64995002746582 2.9000000953674316
vertex -11.150018692016602 -19.64995002746582 2.200000047683716
vertex -26.850019454956055 -19.64995002746582 2.200000047683716
endloop
endfacet
facet normal 1 0 0
outer loop
vertex -11.150018692016602 -35.34994888305664 2.9000000953674316
vertex -11.150018692016602 -35.34994888305664 2.200000047683716
vertex -11.150018692016602 -19.64995002746582 2.200000047683716
endloop
endfacet
facet normal 1 0 0
outer loop
vertex -11.150018692016602 -35.34994888305664 2.9000000953674316
vertex -11.150018692016602 -19.64995002746582 2.200000047683716
vertex -11.150018692016602 -19.64995002746582 2.9000000953674316
endloop
endfacet
facet normal 1 0 0
outer loop
vertex -26.050018310546875 -34.549949645996094 2.200000047683716
vertex -26.050018310546875 -20.449949264526367 2.9000000953674316
vertex -26.050018310546875 -34.549949645996094 2.9000000953674316
endloop
endfacet
facet normal 0 1 0
outer loop
vertex -11.950018882751465 -34.549949645996094 2.200000047683716
vertex -26.050018310546875 -34.549949645996094 2.9000000953674316
vertex -11.950018882751465 -34.549949645996094 2.9000000953674316
endloop
endfacet
facet normal 0 -1 0
outer loop
vertex -26.050018310546875 -20.449949264526367 2.200000047683716
vertex -11.950018882751465 -20.449949264526367 2.9000000953674316
vertex -26.050018310546875 -20.449949264526367 2.9000000953674316
endloop
endfacet
facet normal -1 0 0
outer loop
vertex -11.950018882751465 -20.449949264526367 2.200000047683716
vertex -11.950018882751465 -34.549949645996094 2.9000000953674316
vertex -11.950018882751465 -20.449949264526367 2.9000000953674316
endloop
endfacet
facet normal 1 0 0
outer loop
vertex -26.050018310546875 -20.449949264526367 2.9000000953674316
vertex -26.050018310546875 -34.549949645996094 2.200000047683716
vertex -26.050018310546875 -20.449949264526367 2.200000047683716
endloop
endfacet
facet normal 0 -1 0
outer loop
vertex -11.950018882751465 -20.449949264526367 2.9000000953674316
vertex -26.050018310546875 -20.449949264526367 2.200000047683716
vertex -11.950018882751465 -20.449949264526367 2.200000047683716
endloop
endfacet
facet normal 0 1 0
outer loop
vertex -26.050018310546875 -34.549949645996094 2.200000047683716
vertex -26.050018310546875 -34.549949645996094 2.9000000953674316
vertex -11.950018882751465 -34.549949645996094 2.200000047683716
endloop
endfacet
facet normal -1 0 0
outer loop
vertex -11.950018882751465 -34.549949645996094 2.9000000953674316
vertex -11.950018882751465 -20.449949264526367 2.200000047683716
vertex -11.950018882751465 -34.549949645996094 2.200000047683716
endloop
endfacet
facet normal -1 0 0
outer loop
vertex -45.85001754760742 -19.64995002746582 2.9000000953674316
vertex -45.85001754760742 -19.64995002746582 2.200000047683716
vertex -45.85001754760742 -35.34994888305664 2.200000047683716
endloop
endfacet
facet normal 0 0 1
outer loop
vertex -45.050018310546875 -34.549949645996094 2.9000000953674316
vertex -45.050018310546875 -20.449949264526367 2.9000000953674316
vertex -45.85001754760742 -35.34994888305664 2.9000000953674316
endloop
endfacet
facet normal -1 0 0
outer loop
vertex -45.85001754760742 -19.64995002746582 2.9000000953674316
vertex -45.85001754760742 -35.34994888305664 2.200000047683716
vertex -45.85001754760742 -35.34994888305664 2.9000000953674316
endloop
endfacet
facet normal 0 0 1
outer loop
vertex -30.1500186920166 -19.64995002746582 2.9000000953674316
vertex -45.85001754760742 -19.64995002746582 2.9000000953674316
vertex -45.050018310546875 -20.449949264526367 2.9000000953674316
endloop
endfacet
facet normal 0 0 1
outer loop
vertex -45.85001754760742 -19.64995002746582 2.9000000953674316
vertex -45.85001754760742 -35.34994888305664 2.9000000953674316
vertex -45.050018310546875 -20.449949264526367 2.9000000953674316
endloop
endfacet
facet normal 0 1 0
outer loop
vertex -30.1500186920166 -19.64995002746582 2.9000000953674316
vertex -45.85001754760742 -19.64995002746582 2.200000047683716
vertex -45.85001754760742 -19.64995002746582 2.9000000953674316
endloop
endfacet
facet normal 0 -1 0
outer loop
vertex -45.85001754760742 -35.34994888305664 2.200000047683716
vertex -30.1500186920166 -35.34994888305664 2.200000047683716
vertex -45.85001754760742 -35.34994888305664 2.9000000953674316
endloop
endfacet
facet normal 1 0 0
outer loop
vertex -30.1500186920166 -35.34994888305664 2.9000000953674316
vertex -30.1500186920166 -35.34994888305664 2.200000047683716
vertex -30.1500186920166 -19.64995002746582 2.200000047683716
endloop
endfacet
facet normal 0 0 1
outer loop
vertex -30.1500186920166 -19.64995002746582 2.9000000953674316
vertex -45.050018310546875 -20.449949264526367 2.9000000953674316
vertex -30.95001792907715 -20.449949264526367 2.9000000953674316
endloop
endfacet
facet normal 0 -1 0
outer loop
vertex -45.85001754760742 -35.34994888305664 2.9000000953674316
vertex -30.1500186920166 -35.34994888305664 2.200000047683716
vertex -30.1500186920166 -35.34994888305664 2.9000000953674316
endloop
endfacet
facet normal 0 0 1
outer loop
vertex -30.95001792907715 -34.549949645996094 2.9000000953674316
vertex -45.050018310546875 -34.549949645996094 2.9000000953674316
vertex -45.85001754760742 -35.34994888305664 2.9000000953674316
endloop
endfacet
facet normal 0 1 0
outer loop
vertex -30.1500186920166 -19.64995002746582 2.200000047683716
vertex -45.85001754760742 -19.64995002746582 2.200000047683716
vertex -30.1500186920166 -19.64995002746582 2.9000000953674316
endloop
endfacet
facet normal 0 0 1
outer loop
vertex -30.1500186920166 -19.64995002746582 2.9000000953674316
vertex -30.95001792907715 -20.449949264526367 2.9000000953674316
vertex -30.95001792907715 -34.549949645996094 2.9000000953674316
endloop
endfacet
facet normal 0 0 1
outer loop
vertex -30.95001792907715 -34.549949645996094 2.9000000953674316
vertex -45.85001754760742 -35.34994888305664 2.9000000953674316
vertex -30.1500186920166 -35.34994888305664 2.9000000953674316
endloop
endfacet
facet normal 0 0 1
outer loop
vertex -30.95001792907715 -34.549949645996094 2.9000000953674316
vertex -30.1500186920166 -35.34994888305664 2.9000000953674316
vertex -30.1500186920166 -19.64995002746582 2.9000000953674316
endloop
endfacet
facet normal 1 0 0
outer loop
vertex -30.1500186920166 -35.34994888305664 2.9000000953674316
vertex -30.1500186920166 -19.64995002746582 2.200000047683716
vertex -30.1500186920166 -19.64995002746582 2.9000000953674316
endloop
endfacet
facet normal 0 -1 0
outer loop
vertex -45.050018310546875 -20.449949264526367 2.200000047683716
vertex -30.95001792907715 -20.449949264526367 2.9000000953674316
vertex -45.050018310546875 -20.449949264526367 2.9000000953674316
endloop
endfacet
facet normal -1 0 0
outer loop
vertex -30.95001792907715 -34.549949645996094 2.9000000953674316
vertex -30.95001792907715 -20.449949264526367 2.200000047683716
vertex -30.95001792907715 -34.549949645996094 2.200000047683716
endloop
endfacet
facet normal 0 1 0
outer loop
vertex -30.95001792907715 -34.549949645996094 2.200000047683716
vertex -45.050018310546875 -34.549949645996094 2.9000000953674316
vertex -30.95001792907715 -34.549949645996094 2.9000000953674316
endloop
endfacet
facet normal 0 1 0
outer loop
vertex -45.050018310546875 -34.549949645996094 2.200000047683716
vertex -45.050018310546875 -34.549949645996094 2.9000000953674316
vertex -30.95001792907715 -34.549949645996094 2.200000047683716
endloop
endfacet
facet normal 0 -1 0
outer loop
vertex -30.95001792907715 -20.449949264526367 2.9000000953674316
vertex -45.050018310546875 -20.449949264526367 2.200000047683716
vertex -30.95001792907715 -20.449949264526367 2.200000047683716
endloop
endfacet
facet normal 1 0 0
outer loop
vertex -45.050018310546875 -34.549949645996094 2.200000047683716
vertex -45.050018310546875 -20.449949264526367 2.9000000953674316
vertex -45.050018310546875 -34.549949645996094 2.9000000953674316
endloop
endfacet
facet normal -1 0 0
outer loop
vertex -30.95001792907715 -20.449949264526367 2.200000047683716
vertex -30.95001792907715 -34.549949645996094 2.9000000953674316
vertex -30.95001792907715 -20.449949264526367 2.9000000953674316
endloop
endfacet
facet normal 1 0 0
outer loop
vertex -45.050018310546875 -20.449949264526367 2.9000000953674316
vertex -45.050018310546875 -34.549949645996094 2.200000047683716
vertex -45.050018310546875 -20.449949264526367 2.200000047683716
endloop
endfacet
facet normal -1 0 0
outer loop
vertex -64.85002136230469 -19.64995002746582 2.9000000953674316
vertex -64.85002136230469 -19.64995002746582 2.200000047683716
vertex -64.85002136230469 -35.34994888305664 2.200000047683716
endloop
endfacet
facet normal 0 0 1
outer loop
vertex -49.150020599365234 -19.64995002746582 2.9000000953674316
vertex -64.05001831054688 -20.449949264526367 2.9000000953674316
vertex -49.95001983642578 -20.449949264526367 2.9000000953674316
endloop
endfacet
facet normal 0 0 1
outer loop
vertex -49.150020599365234 -19.64995002746582 2.9000000953674316
vertex -64.85002136230469 -19.64995002746582 2.9000000953674316
vertex -64.05001831054688 -20.449949264526367 2.9000000953674316
endloop
endfacet
facet normal 0 1 0
outer loop
vertex -49.150020599365234 -19.64995002746582 2.9000000953674316
vertex -64.85002136230469 -19.64995002746582 2.200000047683716
vertex -64.85002136230469 -19.64995002746582 2.9000000953674316
endloop
endfacet
facet normal 1 0 0
outer loop
vertex -49.150020599365234 -35.34994888305664 2.9000000953674316
vertex -49.150020599365234 -35.34994888305664 2.200000047683716
vertex -49.150020599365234 -19.64995002746582 2.200000047683716
endloop
endfacet
facet normal 0 0 1
outer loop
vertex -49.95001983642578 -34.549949645996094 2.9000000953674316
vertex -64.85002136230469 -35.34994888305664 2.9000000953674316
vertex -49.150020599365234 -35.34994888305664 2.9000000953674316
endloop
endfacet
facet normal 0 0 1
outer loop
vertex -49.95001983642578 -34.549949645996094 2.9000000953674316
vertex -64.05001831054688 -34.549949645996094 2.9000000953674316
vertex -64.85002136230469 -35.34994888305664 2.9000000953674316
endloop
endfacet
facet normal 0 -1 0
outer loop
vertex -64.85002136230469 -35.34994888305664 2.9000000953674316
vertex -49.150020599365234 -35.34994888305664 2.200000047683716
vertex -49.150020599365234 -35.34994888305664 2.9000000953674316
endloop
endfacet
facet normal 0 0 1
outer loop
vertex -64.85002136230469 -19.64995002746582 2.9000000953674316
vertex -64.85002136230469 -35.34994888305664 2.9000000953674316
vertex -64.05001831054688 -20.449949264526367 2.9000000953674316
endloop
endfacet
facet normal 1 0 0
outer loop
vertex -49.150020599365234 -35.34994888305664 2.9000000953674316
vertex -49.150020599365234 -19.64995002746582 2.200000047683716
vertex -49.150020599365234 -19.64995002746582 2.9000000953674316
endloop
endfacet
facet normal 0 0 1
outer loop
vertex -49.95001983642578 -20.449949264526367 2.9000000953674316
vertex -49.95001983642578 -34.549949645996094 2.9000000953674316
vertex -49.150020599365234 -19.64995002746582 2.9000000953674316
endloop
endfacet
facet normal 0 0 1
outer loop
vertex -49.95001983642578 -34.549949645996094 2.9000000953674316
vertex -49.150020599365234 -35.34994888305664 2.9000000953674316
vertex -49.150020599365234 -19.64995002746582 2.9000000953674316
endloop
endfacet
facet normal 0 0 1
outer loop
vertex -64.05001831054688 -34.549949645996094 2.9000000953674316
vertex -64.05001831054688 -20.449949264526367 2.9000000953674316
vertex -64.85002136230469 -35.34994888305664 2.9000000953674316
endloop
endfacet
facet normal -1 0 0
outer loop
vertex -64.85002136230469 -19.64995002746582 2.9000000953674316
vertex -64.85002136230469 -35.34994888305664 2.200000047683716
vertex -64.85002136230469 -35.34994888305664 2.9000000953674316
endloop
endfacet
facet normal 0 1 0
outer loop
vertex -49.150020599365234 -19.64995002746582 2.9000000953674316
vertex -49.150020599365234 -19.64995002746582 2.200000047683716
vertex -64.85002136230469 -19.64995002746582 2.200000047683716
endloop
endfacet
facet normal 0 -1 0
outer loop
vertex -64.85002136230469 -35.34994888305664 2.9000000953674316
vertex -64.85002136230469 -35.34994888305664 2.200000047683716
vertex -49.150020599365234 -35.34994888305664 2.200000047683716
endloop
endfacet
facet normal 0 -1 0
outer loop
vertex -49.95001983642578 -20.449949264526367 2.9000000953674316
vertex -64.05001831054688 -20.449949264526367 2.200000047683716
vertex -49.95001983642578 -20.449949264526367 2.200000047683716
endloop
endfacet
facet normal -1 0 0
outer loop
vertex -49.95001983642578 -34.549949645996094 2.9000000953674316
vertex -49.95001983642578 -20.449949264526367 2.200000047683716
vertex -49.95001983642578 -34.549949645996094 2.200000047683716
endloop
endfacet
facet normal 0 -1 0
outer loop
vertex -64.05001831054688 -20.449949264526367 2.200000047683716
vertex -49.95001983642578 -20.449949264526367 2.9000000953674316
vertex -64.05001831054688 -20.449949264526367 2.9000000953674316
endloop
endfacet
facet normal 0 1 0
outer loop
vertex -49.95001983642578 -34.549949645996094 2.200000047683716
vertex -64.05001831054688 -34.549949645996094 2.9000000953674316
vertex -49.95001983642578 -34.549949645996094 2.9000000953674316
endloop
endfacet
facet normal 1 0 0
outer loop
vertex -64.05001831054688 -34.549949645996094 2.200000047683716
vertex -64.05001831054688 -20.449949264526367 2.9000000953674316
vertex -64.05001831054688 -34.549949645996094 2.9000000953674316
endloop
endfacet
facet normal -1 0 0
outer loop
vertex -49.95001983642578 -20.449949264526367 2.200000047683716
vertex -49.95001983642578 -34.549949645996094 2.9000000953674316
vertex -49.95001983642578 -20.449949264526367 2.9000000953674316
endloop
endfacet
facet normal 0 1 0
outer loop
vertex -64.05001831054688 -34.549949645996094 2.9000000953674316
vertex -49.95001983642578 -34.549949645996094 2.200000047683716
vertex -64.05001831054688 -34.549949645996094 2.200000047683716
endloop
endfacet
facet normal 1 0 0
outer loop
vertex -64.05001831054688 -20.449949264526367 2.9000000953674316
vertex -64.05001831054688 -34.549949645996094 2.200000047683716
vertex -64.05001831054688 -20.449949264526367 2.200000047683716
endloop
endfacet
facet normal 0 1 0
outer loop
vertex 49.14998245239258 -0.6499490737915039 2.200000047683716
vertex 64.84998321533203 -0.6499490737915039 2.9000000953674316
vertex 64.84998321533203 -0.6499490737915039 2.200000047683716
endloop
endfacet
facet normal 1 0 0
outer loop
vertex 64.84998321533203 -16.34994888305664 2.9000000953674316
vertex 64.84998321533203 -16.34994888305664 2.200000047683716
vertex 64.84998321533203 -0.6499490737915039 2.200000047683716
endloop
endfacet
facet normal 1 0 0
outer loop
vertex 64.84998321533203 -16.34994888305664 2.9000000953674316
vertex 64.84998321533203 -0.6499490737915039 2.200000047683716
vertex 64.84998321533203 -0.6499490737915039 2.9000000953674316
endloop
endfacet
facet normal 0 0 1
outer loop
vertex 64.04998016357422 -15.549948692321777 2.9000000953674316
vertex 49.14998245239258 -16.34994888305664 2.9000000953674316
vertex 64.84998321533203 -16.34994888305664 2.9000000953674316
endloop
endfacet
facet normal 0 0 1
outer loop
vertex 64.04998016357422 -15.549948692321777 2.9000000953674316
vertex 49.949981689453125 -15.549948692321777 2.9000000953674316
vertex 49.14998245239258 -16.34994888305664 2.9000000953674316
endloop
endfacet
facet normal 0 0 1
outer loop
vertex 49.949981689453125 -15.549948692321777 2.9000000953674316
vertex 49.949981689453125 -1.449949026107788 2.9000000953674316
vertex 49.14998245239258 -16.34994888305664 2.9000000953674316
endloop
endfacet
facet normal 0 0 1
outer loop
vertex 64.04998016357422 -15.549948692321777 2.9000000953674316
vertex 64.84998321533203 -16.34994888305664 2.9000000953674316
vertex 64.84998321533203 -0.6499490737915039 2.9000000953674316
endloop
endfacet
facet normal 0 -1 0
outer loop
vertex 49.14998245239258 -16.34994888305664 2.9000000953674316
vertex 64.84998321533203 -16.34994888305664 2.200000047683716
vertex 64.84998321533203 -16.34994888305664 2.9000000953674316
endloop
endfacet
facet normal 0 0 1
outer loop
vertex 49.14998245239258 -0.6499490737915039 2.9000000953674316
vertex 49.14998245239258 -16.34994888305664 2.9000000953674316
vertex 49.949981689453125 -1.449949026107788 2.9000000953674316
endloop
endfacet
facet normal -1 0 0
outer loop
vertex 49.14998245239258 -16.34994888305664 2.9000000953674316
vertex 49.14998245239258 -0.6499490737915039 2.9000000953674316
vertex 49.14998245239258 -16.34994888305664 2.200000047683716
endloop
endfacet
facet normal 0 0 1
outer loop
vertex 64.84998321533203 -0.6499490737915039 2.9000000953674316
vertex 49.949981689453125 -1.449949026107788 2.9000000953674316
vertex 64.04998016357422 -1.449949026107788 2.9000000953674316
endloop
endfacet
facet normal 0 -1 0
outer loop
vertex 49.14998245239258 -16.34994888305664 2.9000000953674316
vertex 49.14998245239258 -16.34994888305664 2.200000047683716
vertex 64.84998321533203 -16.34994888305664 2.200000047683716
endloop
endfacet
facet normal 0 0 1
outer loop
vertex 64.84998321533203 -0.6499490737915039 2.9000000953674316
vertex 49.14998245239258 -0.6499490737915039 2.9000000953674316
vertex 49.949981689453125 -1.449949026107788 2.9000000953674316
endloop
endfacet
facet normal 0 1 0
outer loop
vertex 64.84998321533203 -0.6499490737915039 2.9000000953674316
vertex 49.14998245239258 -0.6499490737915039 2.200000047683716
vertex 49.14998245239258 -0.6499490737915039 2.9000000953674316
endloop
endfacet
facet normal 0 0 1
outer loop
vertex 64.04998016357422 -1.449949026107788 2.9000000953674316
vertex 64.04998016357422 -15.549948692321777 2.9000000953674316
vertex 64.84998321533203 -0.6499490737915039 2.9000000953674316
endloop
endfacet
facet normal -1 0 0
outer loop
vertex 49.14998245239258 -0.6499490737915039 2.9000000953674316
vertex 49.14998245239258 -0.6499490737915039 2.200000047683716
vertex 49.14998245239258 -16.34994888305664 2.200000047683716
endloop
endfacet
facet normal -1 0 0
outer loop
vertex 64.04998016357422 -15.549948692321777 2.9000000953674316
vertex 64.04998016357422 -1.4499491453170776 2.200000047683716
vertex 64.04998016357422 -15.549948692321777 2.200000047683716
endloop
endfacet
facet normal -1 0 0
outer loop
vertex 64.04998016357422 -1.4499491453170776 2.200000047683716
vertex 64.04998016357422 -15.549948692321777 2.9000000953674316
vertex 64.04998016357422 -1.449949026107788 2.9000000953674316
endloop
endfacet
facet normal 1 0 0
outer loop
vertex 49.949981689453125 -15.549948692321777 2.200000047683716
vertex 49.949981689453125 -1.449949026107788 2.9000000953674316
vertex 49.949981689453125 -15.549948692321777 2.9000000953674316
endloop
endfacet
facet normal 0 1 0
outer loop
vertex 64.04998016357422 -15.549948692321777 2.200000047683716
vertex 49.949981689453125 -15.549948692321777 2.9000000953674316
vertex 64.04998016357422 -15.549948692321777 2.9000000953674316
endloop
endfacet
facet normal 0 1 0
outer loop
vertex 49.949981689453125 -15.549948692321777 2.9000000953674316
vertex 64.04998016357422 -15.549948692321777 2.200000047683716
vertex 49.949981689453125 -15.549948692321777 2.200000047683716
endloop
endfacet
facet normal 0 -0.9999999999999855 1.7029897347184523e-7
outer loop
vertex 49.949981689453125 -1.4499491453170776 2.200000047683716
vertex 64.04998016357422 -1.449949026107788 2.9000000953674316
vertex 49.949981689453125 -1.449949026107788 2.9000000953674316
endloop
endfacet
facet normal 0 -0.9999999999999855 1.7029897347184523e-7
outer loop
vertex 64.04998016357422 -1.449949026107788 2.9000000953674316
vertex 49.949981689453125 -1.4499491453170776 2.200000047683716
vertex 64.04998016357422 -1.4499491453170776 2.200000047683716
endloop
endfacet
facet normal 1 0 0
outer loop
vertex 49.949981689453125 -1.449949026107788 2.9000000953674316
vertex 49.949981689453125 -15.549948692321777 2.200000047683716
vertex 49.949981689453125 -1.4499491453170776 2.200000047683716
endloop
endfacet
facet normal 0 0 1
outer loop
vertex 30.949981689453125 -15.549948692321777 2.9000000953674316
vertex 30.149980545043945 -16.34994888305664 2.9000000953674316
vertex 45.04998016357422 -15.549948692321777 2.9000000953674316
endloop
endfacet
facet normal 1 0 0
outer loop
vertex 45.849979400634766 -16.34994888305664 2.9000000953674316
vertex 45.849979400634766 -16.34994888305664 2.200000047683716
vertex 45.849979400634766 -0.6499490737915039 2.200000047683716
endloop
endfacet
facet normal 0 0 1
outer loop
vertex 30.149980545043945 -0.6499490737915039 2.9000000953674316
vertex 30.149980545043945 -16.34994888305664 2.9000000953674316
vertex 30.949981689453125 -1.449949026107788 2.9000000953674316
endloop
endfacet
facet normal 0 0 1
outer loop
vertex 45.849979400634766 -0.6499490737915039 2.9000000953674316
vertex 30.949981689453125 -1.449949026107788 2.9000000953674316
vertex 45.04998016357422 -1.449949026107788 2.9000000953674316
endloop
endfacet
facet normal 0 0 1
outer loop
vertex 30.949981689453125 -15.549948692321777 2.9000000953674316
vertex 30.949981689453125 -1.449949026107788 2.9000000953674316
vertex 30.149980545043945 -16.34994888305664 2.9000000953674316
endloop
endfacet
facet normal 0 0 1
outer loop
vertex 45.04998016357422 -15.549948692321777 2.9000000953674316
vertex 30.149980545043945 -16.34994888305664 2.9000000953674316
vertex 45.849979400634766 -16.34994888305664 2.9000000953674316
endloop
endfacet
facet normal 0 -1 0
outer loop
vertex 30.149980545043945 -16.34994888305664 2.9000000953674316
vertex 45.849979400634766 -16.34994888305664 2.200000047683716
vertex 45.849979400634766 -16.34994888305664 2.9000000953674316
endloop
endfacet
facet normal 0 0 1
outer loop
vertex 45.04998016357422 -1.449949026107788 2.9000000953674316
vertex 45.04998016357422 -15.549948692321777 2.9000000953674316
vertex 45.849979400634766 -0.6499490737915039 2.9000000953674316
endloop
endfacet
facet normal 1 0 0
outer loop
vertex 45.849979400634766 -0.6499490737915039 2.9000000953674316
vertex 45.849979400634766 -16.34994888305664 2.9000000953674316
vertex 45.849979400634766 -0.6499490737915039 2.200000047683716
endloop
endfacet
facet normal 0 0 1
outer loop
vertex 30.149980545043945 -0.6499490737915039 2.9000000953674316
vertex 30.949981689453125 -1.449949026107788 2.9000000953674316
vertex 45.849979400634766 -0.6499490737915039 2.9000000953674316
endloop
endfacet
facet normal 0 0 1
outer loop
vertex 45.04998016357422 -15.549948692321777 2.9000000953674316
vertex 45.849979400634766 -16.34994888305664 2.9000000953674316
vertex 45.849979400634766 -0.6499490737915039 2.9000000953674316
endloop
endfacet
facet normal 0 -1 0
outer loop
vertex 30.149980545043945 -16.34994888305664 2.9000000953674316
vertex 30.149980545043945 -16.34994888305664 2.200000047683716
vertex 45.849979400634766 -16.34994888305664 2.200000047683716
endloop
endfacet
facet normal 0 1 0
outer loop
vertex 45.849979400634766 -0.6499490737915039 2.9000000953674316
vertex 45.849979400634766 -0.6499490737915039 2.200000047683716
vertex 30.149980545043945 -0.6499490737915039 2.200000047683716
endloop
endfacet
facet normal -1 0 0
outer loop
vertex 30.149980545043945 -0.6499490737915039 2.9000000953674316
vertex 30.149980545043945 -16.34994888305664 2.200000047683716
vertex 30.149980545043945 -16.34994888305664 2.9000000953674316
endloop
endfacet
facet normal 0 1 0
outer loop
vertex 45.849979400634766 -0.6499490737915039 2.9000000953674316
vertex 30.149980545043945 -0.6499490737915039 2.200000047683716
vertex 30.149980545043945 -0.6499490737915039 2.9000000953674316
endloop
endfacet
facet normal -1 0 0
outer loop
vertex 30.149980545043945 -0.6499490737915039 2.9000000953674316
vertex 30.149980545043945 -0.6499490737915039 2.200000047683716
vertex 30.149980545043945 -16.34994888305664 2.200000047683716
endloop
endfacet
facet normal 0 1 0
outer loop
vertex 30.949981689453125 -15.549948692321777 2.9000000953674316
vertex 45.04998016357422 -15.549948692321777 2.200000047683716
vertex 30.949981689453125 -15.549948692321777 2.200000047683716
endloop
endfacet
facet normal 1 0 0
outer loop
vertex 30.949981689453125 -1.449949026107788 2.9000000953674316
vertex 30.949981689453125 -15.549948692321777 2.200000047683716
vertex 30.949981689453125 -1.4499491453170776 2.200000047683716
endloop
endfacet
facet normal 0 1 0
outer loop
vertex 45.04998016357422 -15.549948692321777 2.200000047683716
vertex 30.949981689453125 -15.549948692321777 2.9000000953674316
vertex 45.04998016357422 -15.549948692321777 2.9000000953674316
endloop
endfacet
facet normal 1 0 0
outer loop
vertex 30.949981689453125 -15.549948692321777 2.200000047683716
vertex 30.949981689453125 -1.449949026107788 2.9000000953674316
vertex 30.949981689453125 -15.549948692321777 2.9000000953674316
endloop
endfacet
facet normal 0 -0.9999999999999855 1.7029897347184523e-7
outer loop
vertex 45.04998016357422 -1.449949026107788 2.9000000953674316
vertex 30.949981689453125 -1.4499491453170776 2.200000047683716
vertex 45.04998016357422 -1.4499491453170776 2.200000047683716
endloop
endfacet
facet normal -1 0 0
outer loop
vertex 45.04998016357422 -1.4499491453170776 2.200000047683716
vertex 45.04998016357422 -15.549948692321777 2.9000000953674316
vertex 45.04998016357422 -1.449949026107788 2.9000000953674316
endloop
endfacet
facet normal -1 0 0
outer loop
vertex 45.04998016357422 -15.549948692321777 2.9000000953674316
vertex 45.04998016357422 -1.4499491453170776 2.200000047683716
vertex 45.04998016357422 -15.549948692321777 2.200000047683716
endloop
endfacet
facet normal 0 -0.9999999999999855 1.7029897347184523e-7
outer loop
vertex 30.949981689453125 -1.4499491453170776 2.200000047683716
vertex 45.04998016357422 -1.449949026107788 2.9000000953674316
vertex 30.949981689453125 -1.449949026107788 2.9000000953674316
endloop
endfacet
facet normal 0 0 1
outer loop
vertex 26.04998207092285 -15.549948692321777 2.9000000953674316
vertex 11.949980735778809 -15.549948692321777 2.9000000953674316
vertex 11.149981498718262 -16.34994888305664 2.9000000953674316
endloop
endfacet
facet normal 1 0 0
outer loop
vertex 26.8499813079834 -16.34994888305664 2.9000000953674316
vertex 26.8499813079834 -16.34994888305664 2.200000047683716
vertex 26.8499813079834 -0.6499490737915039 2.200000047683716
endloop
endfacet
facet normal 0 0 1
outer loop
vertex 26.04998207092285 -15.549948692321777 2.9000000953674316
vertex 11.149981498718262 -16.34994888305664 2.9000000953674316
vertex 26.8499813079834 -16.34994888305664 2.9000000953674316
endloop
endfacet
facet normal 0 0 1
outer loop
vertex 26.04998207092285 -15.549948692321777 2.9000000953674316
vertex 26.8499813079834 -16.34994888305664 2.9000000953674316
vertex 26.8499813079834 -0.6499490737915039 2.9000000953674316
endloop
endfacet
facet normal 1 0 0
outer loop
vertex 26.8499813079834 -16.34994888305664 2.9000000953674316
vertex 26.8499813079834 -0.6499490737915039 2.200000047683716
vertex 26.8499813079834 -0.6499490737915039 2.9000000953674316
endloop
endfacet
facet normal 0 0 1
outer loop
vertex 26.04998207092285 -1.449949026107788 2.9000000953674316
vertex 26.04998207092285 -15.549948692321777 2.9000000953674316
vertex 26.8499813079834 -0.6499490737915039 2.9000000953674316
endloop
endfacet
facet normal 0 -1 0
outer loop
vertex 11.149981498718262 -16.34994888305664 2.9000000953674316
vertex 11.149981498718262 -16.34994888305664 2.200000047683716
vertex 26.8499813079834 -16.34994888305664 2.200000047683716
endloop
endfacet
facet normal 0 -1 0
outer loop
vertex 11.149981498718262 -16.34994888305664 2.9000000953674316
vertex 26.8499813079834 -16.34994888305664 2.200000047683716
vertex 26.8499813079834 -16.34994888305664 2.9000000953674316
endloop
endfacet
facet normal 0 0 1
outer loop
vertex 11.149981498718262 -0.6499490737915039 2.9000000953674316
vertex 11.149981498718262 -16.34994888305664 2.9000000953674316
vertex 11.949980735778809 -1.449949026107788 2.9000000953674316
endloop
endfacet
facet normal 0 0 1
outer loop
vertex 11.949980735778809 -15.549948692321777 2.9000000953674316
vertex 11.949980735778809 -1.449949026107788 2.9000000953674316
vertex 11.149981498718262 -16.34994888305664 2.9000000953674316
endloop
endfacet
facet normal 0 1 0
outer loop
vertex 26.8499813079834 -0.6499490737915039 2.9000000953674316
vertex 11.149981498718262 -0.6499490737915039 2.200000047683716
vertex 11.149981498718262 -0.6499490737915039 2.9000000953674316
endloop
endfacet
facet normal -1 0 0
outer loop
vertex 11.149981498718262 -0.6499490737915039 2.9000000953674316
vertex 11.149981498718262 -16.34994888305664 2.200000047683716
vertex 11.149981498718262 -16.34994888305664 2.9000000953674316
endloop
endfacet
facet normal 0 0 1
outer loop
vertex 26.8499813079834 -0.6499490737915039 2.9000000953674316
vertex 11.149981498718262 -0.6499490737915039 2.9000000953674316
vertex 11.949980735778809 -1.449949026107788 2.9000000953674316
endloop
endfacet
facet normal 0 1 0
outer loop
vertex 26.8499813079834 -0.6499490737915039 2.9000000953674316
vertex 26.8499813079834 -0.6499490737915039 2.200000047683716
vertex 11.149981498718262 -0.6499490737915039 2.200000047683716
endloop
endfacet
facet normal -1 0 0
outer loop
vertex 11.149981498718262 -0.6499490737915039 2.9000000953674316
vertex 11.149981498718262 -0.6499490737915039 2.200000047683716
vertex 11.149981498718262 -16.34994888305664 2.200000047683716
endloop
endfacet
facet normal 0 0 1
outer loop
vertex 26.8499813079834 -0.6499490737915039 2.9000000953674316
vertex 11.949980735778809 -1.449949026107788 2.9000000953674316
vertex 26.04998207092285 -1.449949026107788 2.9000000953674316
endloop
endfacet
facet normal 0 -0.9999999999999855 1.7029897347184523e-7
outer loop
vertex 26.04998207092285 -1.449949026107788 2.9000000953674316
vertex 11.949980735778809 -1.4499491453170776 2.200000047683716
vertex 26.04998207092285 -1.4499491453170776 2.200000047683716
endloop
endfacet
facet normal 1 0 0
outer loop
vertex 11.949980735778809 -1.449949026107788 2.9000000953674316
vertex 11.949980735778809 -15.549948692321777 2.200000047683716
vertex 11.949980735778809 -1.4499491453170776 2.200000047683716
endloop
endfacet
facet normal 1 0 0
outer loop
vertex 11.949980735778809 -15.549948692321777 2.200000047683716
vertex 11.949980735778809 -1.449949026107788 2.9000000953674316
vertex 11.949980735778809 -15.549948692321777 2.9000000953674316
endloop
endfacet
facet normal 0 -0.9999999999999855 1.7029897347184523e-7
outer loop
vertex 11.949980735778809 -1.4499491453170776 2.200000047683716
vertex 26.04998207092285 -1.449949026107788 2.9000000953674316
vertex 11.949980735778809 -1.449949026107788 2.9000000953674316
endloop
endfacet
facet normal 0 1 0
outer loop
vertex 11.949980735778809 -15.549948692321777 2.9000000953674316
vertex 26.04998207092285 -15.549948692321777 2.200000047683716
vertex 11.949980735778809 -15.549948692321777 2.200000047683716
endloop
endfacet
facet normal 0 1 0
outer loop
vertex 26.04998207092285 -15.549948692321777 2.200000047683716
vertex 11.949980735778809 -15.549948692321777 2.9000000953674316
vertex 26.04998207092285 -15.549948692321777 2.9000000953674316
endloop
endfacet
facet normal -1 0 0
outer loop
vertex 26.04998207092285 -1.4499491453170776 2.200000047683716
vertex 26.04998207092285 -15.549948692321777 2.9000000953674316
vertex 26.04998207092285 -1.449949026107788 2.9000000953674316
endloop
endfacet
facet normal -1 0 0
outer loop
vertex 26.04998207092285 -15.549948692321777 2.9000000953674316
vertex 26.04998207092285 -1.4499491453170776 2.200000047683716
vertex 26.04998207092285 -15.549948692321777 2.200000047683716
endloop
endfacet
facet normal 0 0 1
outer loop
vertex -7.050018787384033 -15.549948692321777 2.9000000953674316
vertex -7.050018787384033 -1.449949026107788 2.9000000953674316
vertex -7.8500189781188965 -16.34994888305664 2.9000000953674316
endloop
endfacet
facet normal 0 0 1
outer loop
vertex 7.849981307983398 -0.6499490737915039 2.9000000953674316
vertex -7.8500189781188965 -0.6499490737915039 2.9000000953674316
vertex -7.050018787384033 -1.449949026107788 2.9000000953674316
endloop
endfacet
facet normal 1 0 0
outer loop
vertex 7.849981307983398 -16.34994888305664 2.9000000953674316
vertex 7.849981307983398 -0.6499490737915039 2.200000047683716
vertex 7.849981307983398 -0.6499490737915039 2.9000000953674316
endloop
endfacet
facet normal 0 0 1
outer loop
vertex 7.849981307983398 -0.6499490737915039 2.9000000953674316
vertex -7.050018787384033 -1.449949026107788 2.9000000953674316
vertex 7.049981117248535 -1.449949026107788 2.9000000953674316
endloop
endfacet
facet normal 0 0 1
outer loop
vertex 7.049981117248535 -15.549948692321777 2.9000000953674316
vertex 7.849981307983398 -16.34994888305664 2.9000000953674316
vertex 7.849981307983398 -0.6499490737915039 2.9000000953674316
endloop
endfacet
facet normal 0 0 1
outer loop
vertex -7.8500189781188965 -0.6499490737915039 2.9000000953674316
vertex -7.8500189781188965 -16.34994888305664 2.9000000953674316
vertex -7.050018787384033 -1.449949026107788 2.9000000953674316
endloop
endfacet
facet normal 1 0 0
outer loop
vertex 7.849981307983398 -16.34994888305664 2.9000000953674316
vertex 7.849981307983398 -16.34994888305664 2.200000047683716
vertex 7.849981307983398 -0.6499490737915039 2.200000047683716
endloop
endfacet
facet normal -1 0 0
outer loop
vertex -7.8500189781188965 -0.6499490737915039 2.9000000953674316
vertex -7.8500189781188965 -16.34994888305664 2.200000047683716
vertex -7.8500189781188965 -16.34994888305664 2.9000000953674316
endloop
endfacet
facet normal 0 0 1
outer loop
vertex 7.049981117248535 -15.549948692321777 2.9000000953674316
vertex -7.8500189781188965 -16.34994888305664 2.9000000953674316
vertex 7.849981307983398 -16.34994888305664 2.9000000953674316
endloop
endfacet
facet normal -1 0 0
outer loop
vertex -7.8500189781188965 -0.6499490737915039 2.9000000953674316
vertex -7.8500189781188965 -0.6499490737915039 2.200000047683716
vertex -7.8500189781188965 -16.34994888305664 2.200000047683716
endloop
endfacet
facet normal 0 -1 0
outer loop
vertex -7.8500189781188965 -16.34994888305664 2.9000000953674316
vertex 7.849981307983398 -16.34994888305664 2.200000047683716
vertex 7.849981307983398 -16.34994888305664 2.9000000953674316
endloop
endfacet
facet normal 0 1 0
outer loop
vertex 7.849981307983398 -0.6499490737915039 2.9000000953674316
vertex 7.849981307983398 -0.6499490737915039 2.200000047683716
vertex -7.8500189781188965 -0.6499490737915039 2.200000047683716
endloop
endfacet
facet normal 0 0 1
outer loop
vertex -7.8500189781188965 -16.34994888305664 2.9000000953674316
vertex 7.049981117248535 -15.549948692321777 2.9000000953674316
vertex -7.050018787384033 -15.549948692321777 2.9000000953674316
endloop
endfacet
facet normal 0 -1 0
outer loop
vertex -7.8500189781188965 -16.34994888305664 2.9000000953674316
vertex -7.8500189781188965 -16.34994888305664 2.200000047683716
vertex 7.849981307983398 -16.34994888305664 2.200000047683716
endloop
endfacet
facet normal 0 0 1
outer loop
vertex 7.049981117248535 -1.449949026107788 2.9000000953674316
vertex 7.049981117248535 -15.549948692321777 2.9000000953674316
vertex 7.849981307983398 -0.6499490737915039 2.9000000953674316
endloop
endfacet
facet normal 0 1 0
outer loop
vertex 7.849981307983398 -0.6499490737915039 2.9000000953674316
vertex -7.8500189781188965 -0.6499490737915039 2.200000047683716
vertex -7.8500189781188965 -0.6499490737915039 2.9000000953674316
endloop
endfacet
facet normal 0 -0.9999999999999855 1.7029897347184523e-7
outer loop
vertex 7.049981117248535 -1.449949026107788 2.9000000953674316
vertex -7.050018787384033 -1.4499491453170776 2.200000047683716
vertex 7.049981117248535 -1.4499491453170776 2.200000047683716
endloop
endfacet
facet normal 0 1 0
outer loop
vertex -7.050018787384033 -15.549948692321777 2.9000000953674316
vertex 7.049981117248535 -15.549948692321777 2.200000047683716
vertex -7.050018787384033 -15.549948692321777 2.200000047683716
endloop
endfacet
facet normal -1 0 0
outer loop
vertex 7.049981117248535 -1.4499491453170776 2.200000047683716
vertex 7.049981117248535 -15.549948692321777 2.9000000953674316
vertex 7.049981117248535 -1.449949026107788 2.9000000953674316
endloop
endfacet
facet normal 1 0 0
outer loop
vertex -7.050018787384033 -15.549948692321777 2.200000047683716
vertex -7.050018787384033 -1.449949026107788 2.9000000953674316
vertex -7.050018787384033 -15.549948692321777 2.9000000953674316
endloop
endfacet
facet normal -1 0 0
outer loop
vertex 7.049981117248535 -15.549948692321777 2.9000000953674316
vertex 7.049981117248535 -1.4499491453170776 2.200000047683716
vertex 7.049981117248535 -15.549948692321777 2.200000047683716
endloop
endfacet
facet normal 1 0 0
outer loop
vertex -7.050018787384033 -1.449949026107788 2.9000000953674316
vertex -7.050018787384033 -15.549948692321777 2.200000047683716
vertex -7.050018787384033 -1.4499491453170776 2.200000047683716
endloop
endfacet
facet normal 0 1 0
outer loop
vertex 7.049981117248535 -15.549948692321777 2.200000047683716
vertex -7.050018787384033 -15.549948692321777 2.9000000953674316
vertex 7.049981117248535 -15.549948692321777 2.9000000953674316
endloop
endfacet
facet normal 0 -0.9999999999999855 1.7029897347184523e-7
outer loop
vertex -7.050018787384033 -1.4499491453170776 2.200000047683716
vertex 7.049981117248535 -1.449949026107788 2.9000000953674316
vertex -7.050018787384033 -1.449949026107788 2.9000000953674316
endloop
endfacet
facet normal -1 0 0
outer loop
vertex -26.850019454956055 -0.6499490737915039 2.9000000953674316
vertex -26.850019454956055 -16.34994888305664 2.200000047683716
vertex -26.850019454956055 -16.34994888305664 2.9000000953674316
endloop
endfacet
facet normal 0 1 0
outer loop
vertex -11.150018692016602 -0.6499490737915039 2.9000000953674316
vertex -11.150018692016602 -0.6499490737915039 2.200000047683716
vertex -26.850019454956055 -0.6499490737915039 2.200000047683716
endloop
endfacet
facet normal 0 0 1
outer loop
vertex -11.950018882751465 -15.549948692321777 2.9000000953674316
vertex -26.050018310546875 -15.549948692321777 2.9000000953674316
vertex -26.850019454956055 -16.34994888305664 2.9000000953674316
endloop
endfacet
facet normal 0 -1 0
outer loop
vertex -26.850019454956055 -16.34994888305664 2.9000000953674316
vertex -11.150018692016602 -16.34994888305664 2.200000047683716
vertex -11.150018692016602 -16.34994888305664 2.9000000953674316
endloop
endfacet
facet normal 0 0 1
outer loop
vertex -11.950018882751465 -15.549948692321777 2.9000000953674316
vertex -26.850019454956055 -16.34994888305664 2.9000000953674316
vertex -11.150018692016602 -16.34994888305664 2.9000000953674316
endloop
endfacet
facet normal 0 -1 0
outer loop
vertex -26.850019454956055 -16.34994888305664 2.9000000953674316
vertex -26.850019454956055 -16.34994888305664 2.200000047683716
vertex -11.150018692016602 -16.34994888305664 2.200000047683716
endloop
endfacet
facet normal 0 0 1
outer loop
vertex -11.150018692016602 -0.6499490737915039 2.9000000953674316
vertex -26.850019454956055 -0.6499490737915039 2.9000000953674316
vertex -26.050018310546875 -1.449949026107788 2.9000000953674316
endloop
endfacet
facet normal 1 0 0
outer loop
vertex -11.150018692016602 -16.34994888305664 2.9000000953674316
vertex -11.150018692016602 -16.34994888305664 2.200000047683716
vertex -11.150018692016602 -0.6499490737915039 2.200000047683716
endloop
endfacet
facet normal -1 0 0
outer loop
vertex -26.850019454956055 -0.6499490737915039 2.9000000953674316
vertex -26.850019454956055 -0.6499490737915039 2.200000047683716
vertex -26.850019454956055 -16.34994888305664 2.200000047683716
endloop
endfacet
facet normal 0 0 1
outer loop
vertex -11.950018882751465 -15.549948692321777 2.9000000953674316
vertex -11.150018692016602 -16.34994888305664 2.9000000953674316
vertex -11.150018692016602 -0.6499490737915039 2.9000000953674316
endloop
endfacet
facet normal 0 1 0
outer loop
vertex -11.150018692016602 -0.6499490737915039 2.9000000953674316
vertex -26.850019454956055 -0.6499490737915039 2.200000047683716
vertex -26.850019454956055 -0.6499490737915039 2.9000000953674316
endloop
endfacet
facet normal 1 0 0
outer loop
vertex -11.150018692016602 -16.34994888305664 2.9000000953674316
vertex -11.150018692016602 -0.6499490737915039 2.200000047683716
vertex -11.150018692016602 -0.6499490737915039 2.9000000953674316
endloop
endfacet
facet normal 0 0 1
outer loop
vertex -11.950018882751465 -1.449949026107788 2.9000000953674316
vertex -11.950018882751465 -15.549948692321777 2.9000000953674316
vertex -11.150018692016602 -0.6499490737915039 2.9000000953674316
endloop
endfacet
facet normal 0 0 1
outer loop
vertex -26.850019454956055 -0.6499490737915039 2.9000000953674316
vertex -26.850019454956055 -16.34994888305664 2.9000000953674316
vertex -26.050018310546875 -1.449949026107788 2.9000000953674316
endloop
endfacet
facet normal 0 0 1
outer loop
vertex -26.050018310546875 -15.549948692321777 2.9000000953674316
vertex -26.050018310546875 -1.449949026107788 2.9000000953674316
vertex -26.850019454956055 -16.34994888305664 2.9000000953674316
endloop
endfacet
facet normal 0 0 1
outer loop
vertex -11.150018692016602 -0.6499490737915039 2.9000000953674316
vertex -26.050018310546875 -1.449949026107788 2.9000000953674316
vertex -11.950018882751465 -1.449949026107788 2.9000000953674316
endloop
endfacet
facet normal 0 -0.9999999999999856 1.7029897347184525e-7
outer loop
vertex -11.950018882751465 -1.449949026107788 2.9000000953674316
vertex -26.050018310546875 -1.4499491453170776 2.200000047683716
vertex -11.950018882751465 -1.4499491453170776 2.200000047683716
endloop
endfacet
facet normal 0 1 0
outer loop
vertex -26.050018310546875 -15.549948692321777 2.9000000953674316
vertex -11.950018882751465 -15.549948692321777 2.200000047683716
vertex -26.050018310546875 -15.549948692321777 2.200000047683716
endloop
endfacet
facet normal 0 1 0
outer loop
vertex -11.950018882751465 -15.549948692321777 2.200000047683716
vertex -26.050018310546875 -15.549948692321777 2.9000000953674316
vertex -11.950018882751465 -15.549948692321777 2.9000000953674316
endloop
endfacet
facet normal -1 0 0
outer loop
vertex -11.950018882751465 -15.549948692321777 2.9000000953674316
vertex -11.950018882751465 -1.4499491453170776 2.200000047683716
vertex -11.950018882751465 -15.549948692321777 2.200000047683716
endloop
endfacet
facet normal 0 -0.9999999999999856 1.7029897347184525e-7
outer loop
vertex -26.050018310546875 -1.4499491453170776 2.200000047683716
vertex -11.950018882751465 -1.449949026107788 2.9000000953674316
vertex -26.050018310546875 -1.449949026107788 2.9000000953674316
endloop
endfacet
facet normal 1 0 0
outer loop
vertex -26.050018310546875 -1.449949026107788 2.9000000953674316
vertex -26.050018310546875 -15.549948692321777 2.200000047683716
vertex -26.050018310546875 -1.4499491453170776 2.200000047683716
endloop
endfacet
facet normal -1 0 0
outer loop
vertex -11.950018882751465 -1.4499491453170776 2.200000047683716
vertex -11.950018882751465 -15.549948692321777 2.9000000953674316
vertex -11.950018882751465 -1.449949026107788 2.9000000953674316
endloop
endfacet
facet normal 1 0 0
outer loop
vertex -26.050018310546875 -15.549948692321777 2.200000047683716
vertex -26.050018310546875 -1.449949026107788 2.9000000953674316
vertex -26.050018310546875 -15.549948692321777 2.9000000953674316
endloop
endfacet
facet normal 0 0 1
outer loop
vertex -30.95001792907715 -15.549948692321777 2.9000000953674316
vertex -45.050018310546875 -15.549948692321777 2.9000000953674316
vertex -45.85001754760742 -16.34994888305664 2.9000000953674316
endloop
endfacet
facet normal 0 -1 0
outer loop
vertex -45.85001754760742 -16.34994888305664 2.9000000953674316
vertex -30.1500186920166 -16.34994888305664 2.200000047683716
vertex -30.1500186920166 -16.34994888305664 2.9000000953674316
endloop
endfacet
facet normal 0 0 1
outer loop
vertex -30.1500186920166 -0.6499490737915039 2.9000000953674316
vertex -45.85001754760742 -0.6499490737915039 2.9000000953674316
vertex -45.050018310546875 -1.449949026107788 2.9000000953674316
endloop
endfacet
facet normal 0 0 1
outer loop
vertex -30.1500186920166 -0.6499490737915039 2.9000000953674316
vertex -45.050018310546875 -1.449949026107788 2.9000000953674316
vertex -30.95001792907715 -1.449949026107788 2.9000000953674316
endloop
endfacet
facet normal 0 -1 0
outer loop
vertex -45.85001754760742 -16.34994888305664 2.9000000953674316
vertex -45.85001754760742 -16.34994888305664 2.200000047683716
vertex -30.1500186920166 -16.34994888305664 2.200000047683716
endloop
endfacet
facet normal -1 0 0
outer loop
vertex -45.85001754760742 -0.6499490737915039 2.9000000953674316
vertex -45.85001754760742 -0.6499490737915039 2.200000047683716
vertex -45.85001754760742 -16.34994888305664 2.200000047683716
endloop
endfacet
facet normal 0 1 0
outer loop
vertex -30.1500186920166 -0.6499490737915039 2.9000000953674316
vertex -45.85001754760742 -0.6499490737915039 2.200000047683716
vertex -45.85001754760742 -0.6499490737915039 2.9000000953674316
endloop
endfacet
facet normal 0 0 1
outer loop
vertex -45.050018310546875 -15.549948692321777 2.9000000953674316
vertex -45.050018310546875 -1.449949026107788 2.9000000953674316
vertex -45.85001754760742 -16.34994888305664 2.9000000953674316
endloop
endfacet
facet normal -1 0 0
outer loop
vertex -45.85001754760742 -0.6499490737915039 2.9000000953674316
vertex -45.85001754760742 -16.34994888305664 2.200000047683716
vertex -45.85001754760742 -16.34994888305664 2.9000000953674316
endloop
endfacet
facet normal 0 0 1
outer loop
vertex -30.1500186920166 -0.6499490737915039 2.9000000953674316
vertex -30.95001792907715 -1.449949026107788 2.9000000953674316
vertex -30.95001792907715 -15.549948692321777 2.9000000953674316
endloop
endfacet
facet normal 1 0 0
outer loop
vertex -30.1500186920166 -16.34994888305664 2.9000000953674316
vertex -30.1500186920166 -0.6499490737915039 2.200000047683716
vertex -30.1500186920166 -0.6499490737915039 2.9000000953674316
endloop
endfacet
facet normal 0 0 1
outer loop
vertex -30.95001792907715 -15.549948692321777 2.9000000953674316
vertex -30.1500186920166 -16.34994888305664 2.9000000953674316
vertex -30.1500186920166 -0.6499490737915039 2.9000000953674316
endloop
endfacet
facet normal 1 0 0
outer loop
vertex -30.1500186920166 -16.34994888305664 2.9000000953674316
vertex -30.1500186920166 -16.34994888305664 2.200000047683716
vertex -30.1500186920166 -0.6499490737915039 2.200000047683716
endloop
endfacet
facet normal 0 1 0
outer loop
vertex -30.1500186920166 -0.6499490737915039 2.9000000953674316
vertex -30.1500186920166 -0.6499490737915039 2.200000047683716
vertex -45.85001754760742 -0.6499490737915039 2.200000047683716
endloop
endfacet
facet normal 0 0 1
outer loop
vertex -30.95001792907715 -15.549948692321777 2.9000000953674316
vertex -45.85001754760742 -16.34994888305664 2.9000000953674316
vertex -30.1500186920166 -16.34994888305664 2.9000000953674316
endloop
endfacet
facet normal 0 0 1
outer loop
vertex -45.85001754760742 -0.6499490737915039 2.9000000953674316
vertex -45.85001754760742 -16.34994888305664 2.9000000953674316
vertex -45.050018310546875 -1.449949026107788 2.9000000953674316
endloop
endfacet
facet normal 0 1 0
outer loop
vertex -45.050018310546875 -15.549948692321777 2.9000000953674316
vertex -30.95001792907715 -15.549948692321777 2.200000047683716
vertex -45.050018310546875 -15.549948692321777 2.200000047683716
endloop
endfacet
facet normal 0 -0.9999999999999855 1.7029897347184523e-7
outer loop
vertex -45.050018310546875 -1.4499491453170776 2.200000047683716
vertex -30.95001792907715 -1.449949026107788 2.9000000953674316
vertex -45.050018310546875 -1.449949026107788 2.9000000953674316
endloop
endfacet
facet normal 1 0 0
outer loop
vertex -45.050018310546875 -1.449949026107788 2.9000000953674316
vertex -45.050018310546875 -15.549948692321777 2.200000047683716
vertex -45.050018310546875 -1.4499491453170776 2.200000047683716
endloop
endfacet
facet normal -1 0 0
outer loop
vertex -30.95001792907715 -1.4499491453170776 2.200000047683716
vertex -30.95001792907715 -15.549948692321777 2.9000000953674316
vertex -30.95001792907715 -1.449949026107788 2.9000000953674316
endloop
endfacet
facet normal -1 0 0
outer loop
vertex -30.95001792907715 -15.549948692321777 2.9000000953674316
vertex -30.95001792907715 -1.4499491453170776 2.200000047683716
vertex -30.95001792907715 -15.549948692321777 2.200000047683716
endloop
endfacet
facet normal 0 -0.9999999999999855 1.7029897347184523e-7
outer loop
vertex -30.95001792907715 -1.449949026107788 2.9000000953674316
vertex -45.050018310546875 -1.4499491453170776 2.200000047683716
vertex -30.95001792907715 -1.4499491453170776 2.200000047683716
endloop
endfacet
facet normal 1 0 0
outer loop
vertex -45.050018310546875 -15.549948692321777 2.200000047683716
vertex -45.050018310546875 -1.449949026107788 2.9000000953674316
vertex -45.050018310546875 -15.549948692321777 2.9000000953674316
endloop
endfacet
facet normal 0 1 0
outer loop
vertex -30.95001792907715 -15.549948692321777 2.200000047683716
vertex -45.050018310546875 -15.549948692321777 2.9000000953674316
vertex -30.95001792907715 -15.549948692321777 2.9000000953674316
endloop
endfacet
facet normal 0 0 1
outer loop
vertex -49.150020599365234 -0.6499490737915039 2.9000000953674316
vertex -64.05001831054688 -1.449949026107788 2.9000000953674316
vertex -49.95001983642578 -1.449949026107788 2.9000000953674316
endloop
endfacet
facet normal 0 -1 0
outer loop
vertex -64.85002136230469 -16.34994888305664 2.200000047683716
vertex -49.150020599365234 -16.34994888305664 2.200000047683716
vertex -64.85002136230469 -16.34994888305664 2.9000000953674316
endloop
endfacet
facet normal 0 -1 0
outer loop
vertex -64.85002136230469 -16.34994888305664 2.9000000953674316
vertex -49.150020599365234 -16.34994888305664 2.200000047683716
vertex -49.150020599365234 -16.34994888305664 2.9000000953674316
endloop
endfacet
facet normal -1 0 0
outer loop
vertex -64.85002136230469 -0.6499490737915039 2.9000000953674316
vertex -64.85002136230469 -0.6499490737915039 2.200000047683716
vertex -64.85002136230469 -16.34994888305664 2.200000047683716
endloop
endfacet
facet normal 0 0 1
outer loop
vertex -49.95001983642578 -15.549948692321777 2.9000000953674316
vertex -64.05001831054688 -15.549948692321777 2.9000000953674316
vertex -64.85002136230469 -16.34994888305664 2.9000000953674316
endloop
endfacet
facet normal 0 0 1
outer loop
vertex -49.95001983642578 -15.549948692321777 2.9000000953674316
vertex -49.150020599365234 -16.34994888305664 2.9000000953674316
vertex -49.150020599365234 -0.6499490737915039 2.9000000953674316
endloop
endfacet
facet normal 0 0 1
outer loop
vertex -49.95001983642578 -15.549948692321777 2.9000000953674316
vertex -64.85002136230469 -16.34994888305664 2.9000000953674316
vertex -49.150020599365234 -16.34994888305664 2.9000000953674316
endloop
endfacet
facet normal -1 0 0
outer loop
vertex -64.85002136230469 -0.6499490737915039 2.9000000953674316
vertex -64.85002136230469 -16.34994888305664 2.200000047683716
vertex -64.85002136230469 -16.34994888305664 2.9000000953674316
endloop
endfacet
facet normal 0 1 0
outer loop
vertex -49.150020599365234 -0.6499490737915039 2.9000000953674316
vertex -49.150020599365234 -0.6499490737915039 2.200000047683716
vertex -64.85002136230469 -0.6499490737915039 2.200000047683716
endloop
endfacet
facet normal 0 1 0
outer loop
vertex -49.150020599365234 -0.6499490737915039 2.9000000953674316
vertex -64.85002136230469 -0.6499490737915039 2.200000047683716
vertex -64.85002136230469 -0.6499490737915039 2.9000000953674316
endloop
endfacet
facet normal 0 0 1
outer loop
vertex -49.95001983642578 -1.449949026107788 2.9000000953674316
vertex -49.95001983642578 -15.549948692321777 2.9000000953674316
vertex -49.150020599365234 -0.6499490737915039 2.9000000953674316
endloop
endfacet
facet normal 1 0 0
outer loop
vertex -49.150020599365234 -16.34994888305664 2.9000000953674316
vertex -49.150020599365234 -16.34994888305664 2.200000047683716
vertex -49.150020599365234 -0.6499490737915039 2.200000047683716
endloop
endfacet
facet normal 1 0 0
outer loop
vertex -49.150020599365234 -16.34994888305664 2.9000000953674316
vertex -49.150020599365234 -0.6499490737915039 2.200000047683716
vertex -49.150020599365234 -0.6499490737915039 2.9000000953674316
endloop
endfacet
facet normal 0 0 1
outer loop
vertex -64.05001831054688 -15.549948692321777 2.9000000953674316
vertex -64.05001831054688 -1.449949026107788 2.9000000953674316
vertex -64.85002136230469 -16.34994888305664 2.9000000953674316
endloop
endfacet
facet normal 0 0 1
outer loop
vertex -49.150020599365234 -0.6499490737915039 2.9000000953674316
vertex -64.85002136230469 -0.6499490737915039 2.9000000953674316
vertex -64.05001831054688 -1.449949026107788 2.9000000953674316
endloop
endfacet
facet normal 0 0 1
outer loop
vertex -64.85002136230469 -0.6499490737915039 2.9000000953674316
vertex -64.85002136230469 -16.34994888305664 2.9000000953674316
vertex -64.05001831054688 -1.449949026107788 2.9000000953674316
endloop
endfacet
facet normal 1 0 0
outer loop
vertex -64.05001831054688 -1.449949026107788 2.9000000953674316
vertex -64.05001831054688 -15.549948692321777 2.200000047683716
vertex -64.05001831054688 -1.4499491453170776 2.200000047683716
endloop
endfacet
facet normal 0 1 0
outer loop
vertex -64.05001831054688 -15.549948692321777 2.9000000953674316
vertex -49.95001983642578 -15.549948692321777 2.200000047683716
vertex -64.05001831054688 -15.549948692321777 2.200000047683716
endloop
endfacet
facet normal 0 1 0
outer loop
vertex -49.95001983642578 -15.549948692321777 2.200000047683716
vertex -64.05001831054688 -15.549948692321777 2.9000000953674316
vertex -49.95001983642578 -15.549948692321777 2.9000000953674316
endloop
endfacet
facet normal 0 -0.9999999999999855 1.7029897347184523e-7
outer loop
vertex -49.95001983642578 -1.449949026107788 2.9000000953674316
vertex -64.05001831054688 -1.4499491453170776 2.200000047683716
vertex -49.95001983642578 -1.4499491453170776 2.200000047683716
endloop
endfacet
facet normal 0 -0.9999999999999855 1.7029897347184523e-7
outer loop
vertex -64.05001831054688 -1.4499491453170776 2.200000047683716
vertex -49.95001983642578 -1.449949026107788 2.9000000953674316
vertex -64.05001831054688 -1.449949026107788 2.9000000953674316
endloop
endfacet
facet normal -1 0 0
outer loop
vertex -49.95001983642578 -15.549948692321777 2.9000000953674316
vertex -49.95001983642578 -1.4499491453170776 2.200000047683716
vertex -49.95001983642578 -15.549948692321777 2.200000047683716
endloop
endfacet
facet normal -1 0 0
outer loop
vertex -49.95001983642578 -1.4499491453170776 2.200000047683716
vertex -49.95001983642578 -15.549948692321777 2.9000000953674316
vertex -49.95001983642578 -1.449949026107788 2.9000000953674316
endloop
endfacet
facet normal 1 0 0
outer loop
vertex -64.05001831054688 -15.549948692321777 2.200000047683716
vertex -64.05001831054688 -1.449949026107788 2.9000000953674316
vertex -64.05001831054688 -15.549948692321777 2.9000000953674316
endloop
endfacet
facet normal -1 0 0
outer loop
vertex 49.14998245239258 18.35004997253418 2.9000000953674316
vertex 49.14998245239258 18.35004997253418 2.200000047683716
vertex 49.14998245239258 2.6500508785247803 2.200000047683716
endloop
endfacet
facet normal 0 0 1
outer loop
vertex 64.84998321533203 18.35004997253418 2.9000000953674316
vertex 49.949981689453125 17.550050735473633 2.9000000953674316
vertex 64.04998016357422 17.550050735473633 2.9000000953674316
endloop
endfacet
facet normal 0 0 1
outer loop
vertex 49.949981689453125 3.4500508308410645 2.9000000953674316
vertex 49.949981689453125 17.550050735473633 2.9000000953674316
vertex 49.14998245239258 2.6500508785247803 2.9000000953674316
endloop
endfacet
facet normal 0 1 0
outer loop
vertex 49.14998245239258 18.35004997253418 2.200000047683716
vertex 64.84998321533203 18.35004997253418 2.9000000953674316
vertex 64.84998321533203 18.35004997253418 2.200000047683716
endloop
endfacet
facet normal 0 0 1
outer loop
vertex 64.04998016357422 3.4500508308410645 2.9000000953674316
vertex 49.14998245239258 2.6500508785247803 2.9000000953674316
vertex 64.84998321533203 2.6500508785247803 2.9000000953674316
endloop
endfacet
facet normal -1 0 0
outer loop
vertex 49.14998245239258 2.6500508785247803 2.9000000953674316
vertex 49.14998245239258 18.35004997253418 2.9000000953674316
vertex 49.14998245239258 2.6500508785247803 2.200000047683716
endloop
endfacet
facet normal 0 0 1
outer loop
vertex 49.14998245239258 18.35004997253418 2.9000000953674316
vertex 49.14998245239258 2.6500508785247803 2.9000000953674316
vertex 49.949981689453125 17.550050735473633 2.9000000953674316
endloop
endfacet
facet normal 0 -1 0
outer loop
vertex 49.14998245239258 2.6500508785247803 2.9000000953674316
vertex 49.14998245239258 2.6500508785247803 2.200000047683716
vertex 64.84998321533203 2.6500508785247803 2.200000047683716
endloop
endfacet
facet normal 0 0 1
outer loop
vertex 64.04998016357422 3.4500508308410645 2.9000000953674316
vertex 64.84998321533203 2.6500508785247803 2.9000000953674316
vertex 64.84998321533203 18.35004997253418 2.9000000953674316
endloop
endfacet
facet normal 0 0 1
outer loop
vertex 64.04998016357422 3.4500508308410645 2.9000000953674316
vertex 49.949981689453125 3.4500508308410645 2.9000000953674316
vertex 49.14998245239258 2.6500508785247803 2.9000000953674316
endloop
endfacet
facet normal 1 0 0
outer loop
vertex 64.84998321533203 2.6500508785247803 2.9000000953674316
vertex 64.84998321533203 2.6500508785247803 2.200000047683716
vertex 64.84998321533203 18.35004997253418 2.200000047683716
endloop
endfacet
facet normal 0 1 0
outer loop
vertex 64.84998321533203 18.35004997253418 2.9000000953674316
vertex 49.14998245239258 18.35004997253418 2.200000047683716
vertex 49.14998245239258 18.35004997253418 2.9000000953674316
endloop
endfacet
facet normal 0 -1 0
outer loop
vertex 49.14998245239258 2.6500508785247803 2.9000000953674316
vertex 64.84998321533203 2.6500508785247803 2.200000047683716
vertex 64.84998321533203 2.6500508785247803 2.9000000953674316
endloop
endfacet
facet normal 0 0 1
outer loop
vertex 64.04998016357422 17.550050735473633 2.9000000953674316
vertex 64.04998016357422 3.4500508308410645 2.9000000953674316
vertex 64.84998321533203 18.35004997253418 2.9000000953674316
endloop
endfacet
facet normal 0 0 1
outer loop
vertex 64.84998321533203 18.35004997253418 2.9000000953674316
vertex 49.14998245239258 18.35004997253418 2.9000000953674316
vertex 49.949981689453125 17.550050735473633 2.9000000953674316
endloop
endfacet
facet normal 1 0 0
outer loop
vertex 64.84998321533203 2.6500508785247803 2.9000000953674316
vertex 64.84998321533203 18.35004997253418 2.200000047683716
vertex 64.84998321533203 18.35004997253418 2.9000000953674316
endloop
endfacet
facet normal 1 0 0
outer loop
vertex 49.949981689453125 17.550050735473633 2.9000000953674316
vertex 49.949981689453125 3.4500508308410645 2.200000047683716
vertex 49.949981689453125 17.550050735473633 2.200000047683716
endloop
endfacet
facet normal 0 1 0
outer loop
vertex 49.949981689453125 3.4500508308410645 2.9000000953674316
vertex 64.04998016357422 3.4500508308410645 2.200000047683716
vertex 49.949981689453125 3.4500508308410645 2.200000047683716
endloop
endfacet
facet normal -1 0 0
outer loop
vertex 64.04998016357422 17.550050735473633 2.200000047683716
vertex 64.04998016357422 3.4500508308410645 2.9000000953674316
vertex 64.04998016357422 17.550050735473633 2.9000000953674316
endloop
endfacet
facet normal 0 1 0
outer loop
vertex 64.04998016357422 3.4500508308410645 2.200000047683716
vertex 49.949981689453125 3.4500508308410645 2.9000000953674316
vertex 64.04998016357422 3.4500508308410645 2.9000000953674316
endloop
endfacet
facet normal 0 -1 0
outer loop
vertex 64.04998016357422 17.550050735473633 2.9000000953674316
vertex 49.949981689453125 17.550050735473633 2.200000047683716
vertex 64.04998016357422 17.550050735473633 2.200000047683716
endloop
endfacet
facet normal 1 0 0
outer loop
vertex 49.949981689453125 3.4500508308410645 2.200000047683716
vertex 49.949981689453125 17.550050735473633 2.9000000953674316
vertex 49.949981689453125 3.4500508308410645 2.9000000953674316
endloop
endfacet
facet normal 0 -1 0
outer loop
vertex 49.949981689453125 17.550050735473633 2.200000047683716
vertex 64.04998016357422 17.550050735473633 2.9000000953674316
vertex 49.949981689453125 17.550050735473633 2.9000000953674316
endloop
endfacet
facet normal -1 0 0
outer loop
vertex 64.04998016357422 3.4500508308410645 2.9000000953674316
vertex 64.04998016357422 17.550050735473633 2.200000047683716
vertex 64.04998016357422 3.4500508308410645 2.200000047683716
endloop
endfacet
facet normal -1 0 0
outer loop
vertex 30.149980545043945 18.35004997253418 2.9000000953674316
vertex 30.149980545043945 18.35004997253418 2.200000047683716
vertex 30.149980545043945 2.6500508785247803 2.200000047683716
endloop
endfacet
facet normal 0 1 0
outer loop
vertex 45.849979400634766 18.35004997253418 2.9000000953674316
vertex 45.849979400634766 18.35004997253418 2.200000047683716
vertex 30.149980545043945 18.35004997253418 2.200000047683716
endloop
endfacet
facet normal 0 -1 0
outer loop
vertex 30.149980545043945 2.6500508785247803 2.9000000953674316
vertex 30.149980545043945 2.6500508785247803 2.200000047683716
vertex 45.849979400634766 2.6500508785247803 2.200000047683716
endloop
endfacet
facet normal 1 0 0
outer loop
vertex 45.849979400634766 2.6500508785247803 2.9000000953674316
vertex 45.849979400634766 2.6500508785247803 2.200000047683716
vertex 45.849979400634766 18.35004997253418 2.200000047683716
endloop
endfacet
facet normal 0 0 1
outer loop
vertex 30.149980545043945 18.35004997253418 2.9000000953674316
vertex 30.149980545043945 2.6500508785247803 2.9000000953674316
vertex 30.949981689453125 17.550050735473633 2.9000000953674316
endloop
endfacet
facet normal 0 0 1
outer loop
vertex 45.849979400634766 18.35004997253418 2.9000000953674316
vertex 30.949981689453125 17.550050735473633 2.9000000953674316
vertex 45.04998016357422 17.550050735473633 2.9000000953674316
endloop
endfacet
facet normal 1 0 0
outer loop
vertex 45.849979400634766 2.6500508785247803 2.9000000953674316
vertex 45.849979400634766 18.35004997253418 2.200000047683716
vertex 45.849979400634766 18.35004997253418 2.9000000953674316
endloop
endfacet
facet normal 0 0 1
outer loop
vertex 45.04998016357422 17.550050735473633 2.9000000953674316
vertex 45.04998016357422 3.4500508308410645 2.9000000953674316
vertex 45.849979400634766 18.35004997253418 2.9000000953674316
endloop
endfacet
facet normal 0 0 1
outer loop
vertex 45.04998016357422 3.4500508308410645 2.9000000953674316
vertex 45.849979400634766 2.6500508785247803 2.9000000953674316
vertex 45.849979400634766 18.35004997253418 2.9000000953674316
endloop
endfacet
facet normal 0 0 1
outer loop
vertex 45.04998016357422 3.4500508308410645 2.9000000953674316
vertex 30.149980545043945 2.6500508785247803 2.9000000953674316
vertex 45.849979400634766 2.6500508785247803 2.9000000953674316
endloop
endfacet
facet normal 0 -1 0
outer loop
vertex 30.149980545043945 2.6500508785247803 2.9000000953674316
vertex 45.849979400634766 2.6500508785247803 2.200000047683716
vertex 45.849979400634766 2.6500508785247803 2.9000000953674316
endloop
endfacet
facet normal 0 0 1
outer loop
vertex 30.949981689453125 3.4500508308410645 2.9000000953674316
vertex 30.149980545043945 2.6500508785247803 2.9000000953674316
vertex 45.04998016357422 3.4500508308410645 2.9000000953674316
endloop
endfacet
facet normal -1 0 0
outer loop
vertex 30.149980545043945 18.35004997253418 2.9000000953674316
vertex 30.149980545043945 2.6500508785247803 2.200000047683716
vertex 30.149980545043945 2.6500508785247803 2.9000000953674316
endloop
endfacet
facet normal 0 0 1
outer loop
vertex 45.849979400634766 18.35004997253418 2.9000000953674316
vertex 30.149980545043945 18.35004997253418 2.9000000953674316
vertex 30.949981689453125 17.550050735473633 2.9000000953674316
endloop
endfacet
facet normal 0 0 1
outer loop
vertex 30.949981689453125 3.4500508308410645 2.9000000953674316
vertex 30.949981689453125 17.550050735473633 2.9000000953674316
vertex 30.149980545043945 2.6500508785247803 2.9000000953674316
endloop
endfacet
facet normal 0 1 0
outer loop
vertex 45.849979400634766 18.35004997253418 2.9000000953674316
vertex 30.149980545043945 18.35004997253418 2.200000047683716
vertex 30.149980545043945 18.35004997253418 2.9000000953674316
endloop
endfacet
facet normal 0 1 0
outer loop
vertex 45.04998016357422 3.4500508308410645 2.200000047683716
vertex 30.949981689453125 3.4500508308410645 2.9000000953674316
vertex 45.04998016357422 3.4500508308410645 2.9000000953674316
endloop
endfacet
facet normal -1 0 0
outer loop
vertex 45.04998016357422 3.4500508308410645 2.9000000953674316
vertex 45.04998016357422 17.550050735473633 2.200000047683716
vertex 45.04998016357422 3.4500508308410645 2.200000047683716
endloop
endfacet
facet normal 0 -1 0
outer loop
vertex 30.949981689453125 17.550050735473633 2.200000047683716
vertex 45.04998016357422 17.550050735473633 2.9000000953674316
vertex 30.949981689453125 17.550050735473633 2.9000000953674316
endloop
endfacet
facet normal 0 -1 0
outer loop
vertex 45.04998016357422 17.550050735473633 2.9000000953674316
vertex 30.949981689453125 17.550050735473633 2.200000047683716
vertex 45.04998016357422 17.550050735473633 2.200000047683716
endloop
endfacet
facet normal 1 0 0
outer loop
vertex 30.949981689453125 3.4500508308410645 2.200000047683716
vertex 30.949981689453125 17.550050735473633 2.9000000953674316
vertex 30.949981689453125 3.4500508308410645 2.9000000953674316
endloop
endfacet
facet normal 0 1 0
outer loop
vertex 30.949981689453125 3.4500508308410645 2.9000000953674316
vertex 45.04998016357422 3.4500508308410645 2.200000047683716
vertex 30.949981689453125 3.4500508308410645 2.200000047683716
endloop
endfacet
facet normal -1 0 0
outer loop
vertex 45.04998016357422 17.550050735473633 2.200000047683716
vertex 45.04998016357422 3.4500508308410645 2.9000000953674316
vertex 45.04998016357422 17.550050735473633 2.9000000953674316
endloop
endfacet
facet normal 1 0 0
outer loop
vertex 30.949981689453125 17.550050735473633 2.9000000953674316
vertex 30.949981689453125 3.4500508308410645 2.200000047683716
vertex 30.949981689453125 17.550050735473633 2.200000047683716
endloop
endfacet
facet normal 1 0 0
outer loop
vertex 26.8499813079834 2.6500508785247803 2.9000000953674316
vertex 26.8499813079834 2.6500508785247803 2.200000047683716
vertex 26.8499813079834 18.35004997253418 2.200000047683716
endloop
endfacet
facet normal 0 -1 0
outer loop
vertex 11.149981498718262 2.6500508785247803 2.9000000953674316
vertex 11.149981498718262 2.6500508785247803 2.200000047683716
vertex 26.8499813079834 2.6500508785247803 2.200000047683716
endloop
endfacet
facet normal 1 0 0
outer loop
vertex 26.8499813079834 2.6500508785247803 2.9000000953674316
vertex 26.8499813079834 18.35004997253418 2.200000047683716
vertex 26.8499813079834 18.35004997253418 2.9000000953674316
endloop
endfacet
facet normal 0 0 1
outer loop
vertex 26.04998207092285 17.550050735473633 2.9000000953674316
vertex 26.04998207092285 3.4500508308410645 2.9000000953674316
vertex 26.8499813079834 18.35004997253418 2.9000000953674316
endloop
endfacet
facet normal 0 0 1
outer loop
vertex 26.8499813079834 18.35004997253418 2.9000000953674316
vertex 11.949980735778809 17.550050735473633 2.9000000953674316
vertex 26.04998207092285 17.550050735473633 2.9000000953674316
endloop
endfacet
facet normal 0 1 0
outer loop
vertex 26.8499813079834 18.35004997253418 2.9000000953674316
vertex 26.8499813079834 18.35004997253418 2.200000047683716
vertex 11.149981498718262 18.35004997253418 2.200000047683716
endloop
endfacet
facet normal 0 1 0
outer loop
vertex 26.8499813079834 18.35004997253418 2.9000000953674316
vertex 11.149981498718262 18.35004997253418 2.200000047683716
vertex 11.149981498718262 18.35004997253418 2.9000000953674316
endloop
endfacet
facet normal 0 0 1
outer loop
vertex 26.8499813079834 18.35004997253418 2.9000000953674316
vertex 11.149981498718262 18.35004997253418 2.9000000953674316
vertex 11.949980735778809 17.550050735473633 2.9000000953674316
endloop
endfacet
facet normal 0 0 1
outer loop
vertex 26.04998207092285 3.4500508308410645 2.9000000953674316
vertex 11.949980735778809 3.4500508308410645 2.9000000953674316
vertex 11.149981498718262 2.6500508785247803 2.9000000953674316
endloop
endfacet
facet normal -1 0 0
outer loop
vertex 11.149981498718262 18.35004997253418 2.9000000953674316
vertex 11.149981498718262 2.6500508785247803 2.200000047683716
vertex 11.149981498718262 2.6500508785247803 2.9000000953674316
endloop
endfacet
facet normal 0 0 1
outer loop
vertex 11.149981498718262 18.35004997253418 2.9000000953674316
vertex 11.149981498718262 2.6500508785247803 2.9000000953674316
vertex 11.949980735778809 17.550050735473633 2.9000000953674316
endloop
endfacet
facet normal 0 0 1
outer loop
vertex 26.04998207092285 3.4500508308410645 2.9000000953674316
vertex 26.8499813079834 2.6500508785247803 2.9000000953674316
vertex 26.8499813079834 18.35004997253418 2.9000000953674316
endloop
endfacet
facet normal 0 0 1
outer loop
vertex 26.04998207092285 3.4500508308410645 2.9000000953674316
vertex 11.149981498718262 2.6500508785247803 2.9000000953674316
vertex 26.8499813079834 2.6500508785247803 2.9000000953674316
endloop
endfacet
facet normal 0 -1 0
outer loop
vertex 11.149981498718262 2.6500508785247803 2.9000000953674316
vertex 26.8499813079834 2.6500508785247803 2.200000047683716
vertex 26.8499813079834 2.6500508785247803 2.9000000953674316
endloop
endfacet
facet normal 0 0 1
outer loop
vertex 11.949980735778809 3.4500508308410645 2.9000000953674316
vertex 11.949980735778809 17.550050735473633 2.9000000953674316
vertex 11.149981498718262 2.6500508785247803 2.9000000953674316
endloop
endfacet
facet normal -1 0 0
outer loop
vertex 11.149981498718262 18.35004997253418 2.9000000953674316
vertex 11.149981498718262 18.35004997253418 2.200000047683716
vertex 11.149981498718262 2.6500508785247803 2.200000047683716
endloop
endfacet
facet normal 0 1 0
outer loop
vertex 11.949980735778809 3.4500508308410645 2.9000000953674316
vertex 26.04998207092285 3.4500508308410645 2.200000047683716
vertex 11.949980735778809 3.4500508308410645 2.200000047683716
endloop
endfacet
facet normal -1 0 0
outer loop
vertex 26.04998207092285 17.550050735473633 2.200000047683716
vertex 26.04998207092285 3.4500508308410645 2.9000000953674316
vertex 26.04998207092285 17.550050735473633 2.9000000953674316
endloop
endfacet
facet normal 0 -1 0
outer loop
vertex 26.04998207092285 17.550050735473633 2.9000000953674316
vertex 11.949980735778809 17.550050735473633 2.200000047683716
vertex 26.04998207092285 17.550050735473633 2.200000047683716
endloop
endfacet
facet normal 1 0 0
outer loop
vertex 11.949980735778809 3.4500508308410645 2.200000047683716
vertex 11.949980735778809 17.550050735473633 2.9000000953674316
vertex 11.949980735778809 3.4500508308410645 2.9000000953674316
endloop
endfacet
facet normal 0 1 0
outer loop
vertex 26.04998207092285 3.4500508308410645 2.200000047683716
vertex 11.949980735778809 3.4500508308410645 2.9000000953674316
vertex 26.04998207092285 3.4500508308410645 2.9000000953674316
endloop
endfacet
facet normal 1 0 0
outer loop
vertex 11.949980735778809 17.550050735473633 2.9000000953674316
vertex 11.949980735778809 3.4500508308410645 2.200000047683716
vertex 11.949980735778809 17.550050735473633 2.200000047683716
endloop
endfacet
facet normal -1 0 0
outer loop
vertex 26.04998207092285 3.4500508308410645 2.9000000953674316
vertex 26.04998207092285 17.550050735473633 2.200000047683716
vertex 26.04998207092285 3.4500508308410645 2.200000047683716
endloop
endfacet
facet normal 0 -1 0
outer loop
vertex 11.949980735778809 17.550050735473633 2.200000047683716
vertex 26.04998207092285 17.550050735473633 2.9000000953674316
vertex 11.949980735778809 17.550050735473633 2.9000000953674316
endloop
endfacet
facet normal -1 0 0
outer loop
vertex -7.8500189781188965 18.35004997253418 2.9000000953674316
vertex -7.8500189781188965 2.6500508785247803 2.200000047683716
vertex -7.8500189781188965 2.6500508785247803 2.9000000953674316
endloop
endfacet
facet normal 0 -1 0
outer loop
vertex -7.8500189781188965 2.6500508785247803 2.9000000953674316
vertex 7.849981307983398 2.6500508785247803 2.200000047683716
vertex 7.849981307983398 2.6500508785247803 2.9000000953674316
endloop
endfacet
facet normal 0 0 1
outer loop
vertex 7.049981117248535 3.4500508308410645 2.9000000953674316
vertex -7.8500189781188965 2.6500508785247803 2.9000000953674316
vertex 7.849981307983398 2.6500508785247803 2.9000000953674316
endloop
endfacet
facet normal 0 0 1
outer loop
vertex 7.049981117248535 3.4500508308410645 2.9000000953674316
vertex 7.849981307983398 2.6500508785247803 2.9000000953674316
vertex 7.849981307983398 18.35004997253418 2.9000000953674316
endloop
endfacet
facet normal 0 0 1
outer loop
vertex -7.050018787384033 3.4500508308410645 2.9000000953674316
vertex -7.050018787384033 17.550050735473633 2.9000000953674316
vertex -7.8500189781188965 2.6500508785247803 2.9000000953674316
endloop
endfacet
facet normal 0 0 1
outer loop
vertex 7.049981117248535 17.550050735473633 2.9000000953674316
vertex 7.049981117248535 3.4500508308410645 2.9000000953674316
vertex 7.849981307983398 18.35004997253418 2.9000000953674316
endloop
endfacet
facet normal 1 0 0
outer loop
vertex 7.849981307983398 2.6500508785247803 2.9000000953674316
vertex 7.849981307983398 18.35004997253418 2.200000047683716
vertex 7.849981307983398 18.35004997253418 2.9000000953674316
endloop
endfacet
facet normal 0 0 1
outer loop
vertex -7.8500189781188965 2.6500508785247803 2.9000000953674316
vertex 7.049981117248535 3.4500508308410645 2.9000000953674316
vertex -7.050018787384033 3.4500508308410645 2.9000000953674316
endloop
endfacet
facet normal 0 0 1
outer loop
vertex 7.849981307983398 18.35004997253418 2.9000000953674316
vertex -7.8500189781188965 18.35004997253418 2.9000000953674316
vertex -7.050018787384033 17.550050735473633 2.9000000953674316
endloop
endfacet
facet normal -1 0 0
outer loop
vertex -7.8500189781188965 18.35004997253418 2.9000000953674316
vertex -7.8500189781188965 18.35004997253418 2.200000047683716
vertex -7.8500189781188965 2.6500508785247803 2.200000047683716
endloop
endfacet
facet normal 0 1 0
outer loop
vertex 7.849981307983398 18.35004997253418 2.9000000953674316
vertex -7.8500189781188965 18.35004997253418 2.200000047683716
vertex -7.8500189781188965 18.35004997253418 2.9000000953674316
endloop
endfacet
facet normal 0 0 1
outer loop
vertex 7.849981307983398 18.35004997253418 2.9000000953674316
vertex -7.050018787384033 17.550050735473633 2.9000000953674316
vertex 7.049981117248535 17.550050735473633 2.9000000953674316
endloop
endfacet
facet normal 0 0 1
outer loop
vertex -7.8500189781188965 18.35004997253418 2.9000000953674316
vertex -7.8500189781188965 2.6500508785247803 2.9000000953674316
vertex -7.050018787384033 17.550050735473633 2.9000000953674316
endloop
endfacet
facet normal 1 0 0
outer loop
vertex 7.849981307983398 2.6500508785247803 2.9000000953674316
vertex 7.849981307983398 2.6500508785247803 2.200000047683716
vertex 7.849981307983398 18.35004997253418 2.200000047683716
endloop
endfacet
facet normal 0 1 0
outer loop
vertex 7.849981307983398 18.35004997253418 2.9000000953674316
vertex 7.849981307983398 18.35004997253418 2.200000047683716
vertex -7.8500189781188965 18.35004997253418 2.200000047683716
endloop
endfacet
facet normal 0 -1 0
outer loop
vertex -7.8500189781188965 2.6500508785247803 2.9000000953674316
vertex -7.8500189781188965 2.6500508785247803 2.200000047683716
vertex 7.849981307983398 2.6500508785247803 2.200000047683716
endloop
endfacet
facet normal 0 1 0
outer loop
vertex 7.049981117248535 3.4500508308410645 2.200000047683716
vertex -7.050018787384033 3.4500508308410645 2.9000000953674316
vertex 7.049981117248535 3.4500508308410645 2.9000000953674316
endloop
endfacet
facet normal -1 0 0
outer loop
vertex 7.049981117248535 17.550050735473633 2.200000047683716
vertex 7.049981117248535 3.4500508308410645 2.9000000953674316
vertex 7.049981117248535 17.550050735473633 2.9000000953674316
endloop
endfacet
facet normal 0 1 0
outer loop
vertex -7.050018787384033 3.4500508308410645 2.9000000953674316
vertex 7.049981117248535 3.4500508308410645 2.200000047683716
vertex -7.050018787384033 3.4500508308410645 2.200000047683716
endloop
endfacet
facet normal -1 0 0
outer loop
vertex 7.049981117248535 3.4500508308410645 2.9000000953674316
vertex 7.049981117248535 17.550050735473633 2.200000047683716
vertex 7.049981117248535 3.4500508308410645 2.200000047683716
endloop
endfacet
facet normal 0 -1 0
outer loop
vertex -7.050018787384033 17.550050735473633 2.200000047683716
vertex 7.049981117248535 17.550050735473633 2.9000000953674316
vertex -7.050018787384033 17.550050735473633 2.9000000953674316
endloop
endfacet
facet normal 1 0 0
outer loop
vertex -7.050018787384033 17.550050735473633 2.9000000953674316
vertex -7.050018787384033 3.4500508308410645 2.200000047683716
vertex -7.050018787384033 17.550050735473633 2.200000047683716
endloop
endfacet
facet normal 1 0 0
outer loop
vertex -7.050018787384033 3.4500508308410645 2.200000047683716
vertex -7.050018787384033 17.550050735473633 2.9000000953674316
vertex -7.050018787384033 3.4500508308410645 2.9000000953674316
endloop
endfacet
facet normal 0 -1 0
outer loop
vertex 7.049981117248535 17.550050735473633 2.9000000953674316
vertex -7.050018787384033 17.550050735473633 2.200000047683716
vertex 7.049981117248535 17.550050735473633 2.200000047683716
endloop
endfacet
facet normal 0 0 1
outer loop
vertex -11.950018882751465 3.4500508308410645 2.9000000953674316
vertex -11.150018692016602 2.6500508785247803 2.9000000953674316
vertex -11.150018692016602 18.35004997253418 2.9000000953674316
endloop
endfacet
facet normal 0 0 1
outer loop
vertex -11.950018882751465 3.4500508308410645 2.9000000953674316
vertex -26.850019454956055 2.6500508785247803 2.9000000953674316
vertex -11.150018692016602 2.6500508785247803 2.9000000953674316
endloop
endfacet
facet normal -1 0 0
outer loop
vertex -26.850019454956055 18.35004997253418 2.9000000953674316
vertex -26.850019454956055 18.35004997253418 2.200000047683716
vertex -26.850019454956055 2.6500508785247803 2.200000047683716
endloop
endfacet
facet normal 0 0 1
outer loop
vertex -26.050018310546875 3.4500508308410645 2.9000000953674316
vertex -26.050018310546875 17.550050735473633 2.9000000953674316
vertex -26.850019454956055 2.6500508785247803 2.9000000953674316
endloop
endfacet
facet normal 1 0 0
outer loop
vertex -11.150018692016602 2.6500508785247803 2.9000000953674316
vertex -11.150018692016602 2.6500508785247803 2.200000047683716
vertex -11.150018692016602 18.35004997253418 2.200000047683716
endloop
endfacet
facet normal -1 0 0
outer loop
vertex -26.850019454956055 18.35004997253418 2.9000000953674316
vertex -26.850019454956055 2.6500508785247803 2.200000047683716
vertex -26.850019454956055 2.6500508785247803 2.9000000953674316
endloop
endfacet
facet normal 1 0 0
outer loop
vertex -11.150018692016602 18.35004997253418 2.9000000953674316
vertex -11.150018692016602 2.6500508785247803 2.9000000953674316
vertex -11.150018692016602 18.35004997253418 2.200000047683716
endloop
endfacet
facet normal 0 0 1
outer loop
vertex -11.950018882751465 17.550050735473633 2.9000000953674316
vertex -11.950018882751465 3.4500508308410645 2.9000000953674316
vertex -11.150018692016602 18.35004997253418 2.9000000953674316
endloop
endfacet
facet normal 0 -1 0
outer loop
vertex -26.850019454956055 2.6500508785247803 2.9000000953674316
vertex -26.850019454956055 2.6500508785247803 2.200000047683716
vertex -11.150018692016602 2.6500508785247803 2.200000047683716
endloop
endfacet
facet normal 0 0 1
outer loop
vertex -11.150018692016602 18.35004997253418 2.9000000953674316
vertex -26.850019454956055 18.35004997253418 2.9000000953674316
vertex -26.050018310546875 17.550050735473633 2.9000000953674316
endloop
endfacet
facet normal 0 0 1
outer loop
vertex -11.150018692016602 18.35004997253418 2.9000000953674316
vertex -26.050018310546875 17.550050735473633 2.9000000953674316
vertex -11.950018882751465 17.550050735473633 2.9000000953674316
endloop
endfacet
facet normal 0 0 1
outer loop
vertex -11.950018882751465 3.4500508308410645 2.9000000953674316
vertex -26.050018310546875 3.4500508308410645 2.9000000953674316
vertex -26.850019454956055 2.6500508785247803 2.9000000953674316
endloop
endfacet
facet normal 0 1 0
outer loop
vertex -11.150018692016602 18.35004997253418 2.9000000953674316
vertex -11.150018692016602 18.35004997253418 2.200000047683716
vertex -26.850019454956055 18.35004997253418 2.200000047683716
endloop
endfacet
facet normal 0 1 0
outer loop
vertex -11.150018692016602 18.35004997253418 2.9000000953674316
vertex -26.850019454956055 18.35004997253418 2.200000047683716
vertex -26.850019454956055 18.35004997253418 2.9000000953674316
endloop
endfacet
facet normal 0 0 1
outer loop
vertex -26.850019454956055 18.35004997253418 2.9000000953674316
vertex -26.850019454956055 2.6500508785247803 2.9000000953674316
vertex -26.050018310546875 17.550050735473633 2.9000000953674316
endloop
endfacet
facet normal 0 -1 0
outer loop
vertex -26.850019454956055 2.6500508785247803 2.9000000953674316
vertex -11.150018692016602 2.6500508785247803 2.200000047683716
vertex -11.150018692016602 2.6500508785247803 2.9000000953674316
endloop
endfacet
facet normal 0 -1 0
outer loop
vertex -26.050018310546875 17.550050735473633 2.200000047683716
vertex -11.950018882751465 17.550050735473633 2.9000000953674316
vertex -26.050018310546875 17.550050735473633 2.9000000953674316
endloop
endfacet
facet normal -1 0 0
outer loop
vertex -11.950018882751465 3.4500508308410645 2.9000000953674316
vertex -11.950018882751465 17.550050735473633 2.200000047683716
vertex -11.950018882751465 3.4500508308410645 2.200000047683716
endloop
endfacet
facet normal 1 0 0
outer loop
vertex -26.050018310546875 17.550050735473633 2.9000000953674316
vertex -26.050018310546875 3.4500508308410645 2.200000047683716
vertex -26.050018310546875 17.550050735473633 2.200000047683716
endloop
endfacet
facet normal 0 1 0
outer loop
vertex -11.950018882751465 3.4500508308410645 2.200000047683716
vertex -26.050018310546875 3.4500508308410645 2.9000000953674316
vertex -11.950018882751465 3.4500508308410645 2.9000000953674316
endloop
endfacet
facet normal 1 0 0
outer loop
vertex -26.050018310546875 3.4500508308410645 2.200000047683716
vertex -26.050018310546875 17.550050735473633 2.9000000953674316
vertex -26.050018310546875 3.4500508308410645 2.9000000953674316
endloop
endfacet
facet normal -1 0 0
outer loop
vertex -11.950018882751465 17.550050735473633 2.200000047683716
vertex -11.950018882751465 3.4500508308410645 2.9000000953674316
vertex -11.950018882751465 17.550050735473633 2.9000000953674316
endloop
endfacet
facet normal 0 -1 0
outer loop
vertex -11.950018882751465 17.550050735473633 2.9000000953674316
vertex -26.050018310546875 17.550050735473633 2.200000047683716
vertex -11.950018882751465 17.550050735473633 2.200000047683716
endloop
endfacet
facet normal 0 1 0
outer loop
vertex -26.050018310546875 3.4500508308410645 2.9000000953674316
vertex -11.950018882751465 3.4500508308410645 2.200000047683716
vertex -26.050018310546875 3.4500508308410645 2.200000047683716
endloop
endfacet
facet normal 0 0 1
outer loop
vertex -45.050018310546875 3.4500508308410645 2.9000000953674316
vertex -45.050018310546875 17.550050735473633 2.9000000953674316
vertex -45.85001754760742 2.6500508785247803 2.9000000953674316
endloop
endfacet
facet normal 0 0 1
outer loop
vertex -30.1500186920166 18.35004997253418 2.9000000953674316
vertex -30.95001792907715 17.550050735473633 2.9000000953674316
vertex -30.95001792907715 3.4500508308410645 2.9000000953674316
endloop
endfacet
facet normal 0 0 1
outer loop
vertex -30.1500186920166 18.35004997253418 2.9000000953674316
vertex -45.050018310546875 17.550050735473633 2.9000000953674316
vertex -30.95001792907715 17.550050735473633 2.9000000953674316
endloop
endfacet
facet normal 1 0 0
outer loop
vertex -30.1500186920166 18.35004997253418 2.9000000953674316
vertex -30.1500186920166 2.6500508785247803 2.9000000953674316
vertex -30.1500186920166 18.35004997253418 2.200000047683716
endloop
endfacet
facet normal 0 0 1
outer loop
vertex -30.95001792907715 3.4500508308410645 2.9000000953674316
vertex -45.050018310546875 3.4500508308410645 2.9000000953674316
vertex -45.85001754760742 2.6500508785247803 2.9000000953674316
endloop
endfacet
facet normal 0 0 1
outer loop
vertex -30.95001792907715 3.4500508308410645 2.9000000953674316
vertex -45.85001754760742 2.6500508785247803 2.9000000953674316
vertex -30.1500186920166 2.6500508785247803 2.9000000953674316
endloop
endfacet
facet normal 0 -1 0
outer loop
vertex -45.85001754760742 2.6500508785247803 2.9000000953674316
vertex -45.85001754760742 2.6500508785247803 2.200000047683716
vertex -30.1500186920166 2.6500508785247803 2.200000047683716
endloop
endfacet
facet normal 0 0 1
outer loop
vertex -30.95001792907715 3.4500508308410645 2.9000000953674316
vertex -30.1500186920166 2.6500508785247803 2.9000000953674316
vertex -30.1500186920166 18.35004997253418 2.9000000953674316
endloop
endfacet
facet normal -1 0 0
outer loop
vertex -45.85001754760742 18.35004997253418 2.9000000953674316
vertex -45.85001754760742 18.35004997253418 2.200000047683716
vertex -45.85001754760742 2.6500508785247803 2.200000047683716
endloop
endfacet
facet normal 0 1 0
outer loop
vertex -30.1500186920166 18.35004997253418 2.9000000953674316
vertex -30.1500186920166 18.35004997253418 2.200000047683716
vertex -45.85001754760742 18.35004997253418 2.200000047683716
endloop
endfacet
facet normal 1 0 0
outer loop
vertex -30.1500186920166 2.6500508785247803 2.9000000953674316
vertex -30.1500186920166 2.6500508785247803 2.200000047683716
vertex -30.1500186920166 18.35004997253418 2.200000047683716
endloop
endfacet
facet normal 0 -1 0
outer loop
vertex -45.85001754760742 2.6500508785247803 2.9000000953674316
vertex -30.1500186920166 2.6500508785247803 2.200000047683716
vertex -30.1500186920166 2.6500508785247803 2.9000000953674316
endloop
endfacet
facet normal -1 0 0
outer loop
vertex -45.85001754760742 18.35004997253418 2.9000000953674316
vertex -45.85001754760742 2.6500508785247803 2.200000047683716
vertex -45.85001754760742 2.6500508785247803 2.9000000953674316
endloop
endfacet
facet normal 0 0 1
outer loop
vertex -30.1500186920166 18.35004997253418 2.9000000953674316
vertex -45.85001754760742 18.35004997253418 2.9000000953674316
vertex -45.050018310546875 17.550050735473633 2.9000000953674316
endloop
endfacet
facet normal 0 0 1
outer loop
vertex -45.85001754760742 18.35004997253418 2.9000000953674316
vertex -45.85001754760742 2.6500508785247803 2.9000000953674316
vertex -45.050018310546875 17.550050735473633 2.9000000953674316
endloop
endfacet
facet normal 0 1 0
outer loop
vertex -30.1500186920166 18.35004997253418 2.9000000953674316
vertex -45.85001754760742 18.35004997253418 2.200000047683716
vertex -45.85001754760742 18.35004997253418 2.9000000953674316
endloop
endfacet
facet normal -1 0 0
outer loop
vertex -30.95001792907715 17.550050735473633 2.200000047683716
vertex -30.95001792907715 3.4500508308410645 2.9000000953674316
vertex -30.95001792907715 17.550050735473633 2.9000000953674316
endloop
endfacet
facet normal 0 -1 0
outer loop
vertex -30.95001792907715 17.550050735473633 2.9000000953674316
vertex -45.050018310546875 17.550050735473633 2.200000047683716
vertex -30.95001792907715 17.550050735473633 2.200000047683716
endloop
endfacet
facet normal 0 1 0
outer loop
vertex -45.050018310546875 3.4500508308410645 2.9000000953674316
vertex -30.95001792907715 3.4500508308410645 2.200000047683716
vertex -45.050018310546875 3.4500508308410645 2.200000047683716
endloop
endfacet
facet normal -1 0 0
outer loop
vertex -30.95001792907715 3.4500508308410645 2.9000000953674316
vertex -30.95001792907715 17.550050735473633 2.200000047683716
vertex -30.95001792907715 3.4500508308410645 2.200000047683716
endloop
endfacet
facet normal 0 1 0
outer loop
vertex -30.95001792907715 3.4500508308410645 2.200000047683716
vertex -45.050018310546875 3.4500508308410645 2.9000000953674316
vertex -30.95001792907715 3.4500508308410645 2.9000000953674316
endloop
endfacet
facet normal 1 0 0
outer loop
vertex -45.050018310546875 3.4500508308410645 2.200000047683716
vertex -45.050018310546875 17.550050735473633 2.9000000953674316
vertex -45.050018310546875 3.4500508308410645 2.9000000953674316
endloop
endfacet
facet normal 1 0 0
outer loop
vertex -45.050018310546875 17.550050735473633 2.9000000953674316
vertex -45.050018310546875 3.4500508308410645 2.200000047683716
vertex -45.050018310546875 17.550050735473633 2.200000047683716
endloop
endfacet
facet normal 0 -1 0
outer loop
vertex -45.050018310546875 17.550050735473633 2.200000047683716
vertex -30.95001792907715 17.550050735473633 2.9000000953674316
vertex -45.050018310546875 17.550050735473633 2.9000000953674316
endloop
endfacet
facet normal 1 0 0
outer loop
vertex -49.150020599365234 2.6500508785247803 2.9000000953674316
vertex -49.150020599365234 2.6500508785247803 2.200000047683716
vertex -49.150020599365234 18.35004997253418 2.200000047683716
endloop
endfacet
facet normal 0 0 1
outer loop
vertex -49.150020599365234 18.35004997253418 2.9000000953674316
vertex -64.85002136230469 18.35004997253418 2.9000000953674316
vertex -64.05001831054688 17.550050735473633 2.9000000953674316
endloop
endfacet
facet normal 0 0 1
outer loop
vertex -49.95001983642578 17.550050735473633 2.9000000953674316
vertex -49.95001983642578 3.4500508308410645 2.9000000953674316
vertex -49.150020599365234 18.35004997253418 2.9000000953674316
endloop
endfacet
facet normal 1 0 0
outer loop
vertex -49.150020599365234 18.35004997253418 2.9000000953674316
vertex -49.150020599365234 2.6500508785247803 2.9000000953674316
vertex -49.150020599365234 18.35004997253418 2.200000047683716
endloop
endfacet
facet normal 0 0 1
outer loop
vertex -49.150020599365234 18.35004997253418 2.9000000953674316
vertex -64.05001831054688 17.550050735473633 2.9000000953674316
vertex -49.95001983642578 17.550050735473633 2.9000000953674316
endloop
endfacet
facet normal 0 0 1
outer loop
vertex -49.95001983642578 3.4500508308410645 2.9000000953674316
vertex -64.05001831054688 3.4500508308410645 2.9000000953674316
vertex -64.85002136230469 2.6500508785247803 2.9000000953674316
endloop
endfacet
facet normal 0 -1 0
outer loop
vertex -64.85002136230469 2.6500508785247803 2.9000000953674316
vertex -49.150020599365234 2.6500508785247803 2.200000047683716
vertex -49.150020599365234 2.6500508785247803 2.9000000953674316
endloop
endfacet
facet normal 0 0 1
outer loop
vertex -64.05001831054688 3.4500508308410645 2.9000000953674316
vertex -64.05001831054688 17.550050735473633 2.9000000953674316
vertex -64.85002136230469 2.6500508785247803 2.9000000953674316
endloop
endfacet
facet normal -1 0 0
outer loop
vertex -64.85002136230469 18.35004997253418 2.9000000953674316
vertex -64.85002136230469 2.6500508785247803 2.200000047683716
vertex -64.85002136230469 2.6500508785247803 2.9000000953674316
endloop
endfacet
facet normal -1 0 0
outer loop
vertex -64.85002136230469 18.35004997253418 2.9000000953674316
vertex -64.85002136230469 18.35004997253418 2.200000047683716
vertex -64.85002136230469 2.6500508785247803 2.200000047683716
endloop
endfacet
facet normal 0 -1 0
outer loop
vertex -64.85002136230469 2.6500508785247803 2.200000047683716
vertex -49.150020599365234 2.6500508785247803 2.200000047683716
vertex -64.85002136230469 2.6500508785247803 2.9000000953674316
endloop
endfacet
facet normal 0 0 1
outer loop
vertex -49.95001983642578 3.4500508308410645 2.9000000953674316
vertex -49.150020599365234 2.6500508785247803 2.9000000953674316
vertex -49.150020599365234 18.35004997253418 2.9000000953674316
endloop
endfacet
facet normal 0 1 0
outer loop
vertex -49.150020599365234 18.35004997253418 2.200000047683716
vertex -64.85002136230469 18.35004997253418 2.200000047683716
vertex -49.150020599365234 18.35004997253418 2.9000000953674316
endloop
endfacet
facet normal 0 0 1
outer loop
vertex -49.95001983642578 3.4500508308410645 2.9000000953674316
vertex -64.85002136230469 2.6500508785247803 2.9000000953674316
vertex -49.150020599365234 2.6500508785247803 2.9000000953674316
endloop
endfacet
facet normal 0 0 1
outer loop
vertex -64.85002136230469 18.35004997253418 2.9000000953674316
vertex -64.85002136230469 2.6500508785247803 2.9000000953674316
vertex -64.05001831054688 17.550050735473633 2.9000000953674316
endloop
endfacet
facet normal 0 1 0
outer loop
vertex -49.150020599365234 18.35004997253418 2.9000000953674316
vertex -64.85002136230469 18.35004997253418 2.200000047683716
vertex -64.85002136230469 18.35004997253418 2.9000000953674316
endloop
endfacet
facet normal -1 0 0
outer loop
vertex -49.95001983642578 17.550050735473633 2.200000047683716
vertex -49.95001983642578 3.4500508308410645 2.9000000953674316
vertex -49.95001983642578 17.550050735473633 2.9000000953674316
endloop
endfacet
facet normal 0 -1 0
outer loop
vertex -49.95001983642578 17.550050735473633 2.9000000953674316
vertex -64.05001831054688 17.550050735473633 2.200000047683716
vertex -49.95001983642578 17.550050735473633 2.200000047683716
endloop
endfacet
facet normal 0 1 0
outer loop
vertex -49.95001983642578 3.4500508308410645 2.200000047683716
vertex -64.05001831054688 3.4500508308410645 2.9000000953674316
vertex -49.95001983642578 3.4500508308410645 2.9000000953674316
endloop
endfacet
facet normal 1 0 0
outer loop
vertex -64.05001831054688 3.4500508308410645 2.200000047683716
vertex -64.05001831054688 17.550050735473633 2.9000000953674316
vertex -64.05001831054688 3.4500508308410645 2.9000000953674316
endloop
endfacet
facet normal 0 1 0
outer loop
vertex -64.05001831054688 3.4500508308410645 2.9000000953674316
vertex -49.95001983642578 3.4500508308410645 2.200000047683716
vertex -64.05001831054688 3.4500508308410645 2.200000047683716
endloop
endfacet
facet normal 0 -1 0
outer loop
vertex -64.05001831054688 17.550050735473633 2.200000047683716
vertex -49.95001983642578 17.550050735473633 2.9000000953674316
vertex -64.05001831054688 17.550050735473633 2.9000000953674316
endloop
endfacet
facet normal -1 0 0
outer loop
vertex -49.95001983642578 3.4500508308410645 2.9000000953674316
vertex -49.95001983642578 17.550050735473633 2.200000047683716
vertex -49.95001983642578 3.4500508308410645 2.200000047683716
endloop
endfacet
facet normal 1 0 0
outer loop
vertex -64.05001831054688 17.550050735473633 2.9000000953674316
vertex -64.05001831054688 3.4500508308410645 2.200000047683716
vertex -64.05001831054688 17.550050735473633 2.200000047683716
endloop
endfacet
facet normal 0 0 1
outer loop
vertex 44.39998245239258 37.35005187988281 2.9000000953674316
vertex 44.39998245239258 21.65005111694336 2.9000000953674316
vertex 45.199981689453125 36.550052642822266 2.9000000953674316
endloop
endfacet
facet normal 0 0 1
outer loop
vertex 59.29998016357422 22.450050354003906 2.9000000953674316
vertex 45.199981689453125 22.450050354003906 2.9000000953674316
vertex 44.39998245239258 21.65005111694336 2.9000000953674316
endloop
endfacet
facet normal 0 -1 0
outer loop
vertex 44.39998245239258 21.65005111694336 2.9000000953674316
vertex 60.099979400634766 21.65005111694336 2.200000047683716
vertex 60.099979400634766 21.65005111694336 2.9000000953674316
endloop
endfacet
facet normal -1 0 0
outer loop
vertex 44.39998245239258 37.35005187988281 2.9000000953674316
vertex 44.39998245239258 21.65005111694336 2.200000047683716
vertex 44.39998245239258 21.65005111694336 2.9000000953674316
endloop
endfacet
facet normal 0 0 1
outer loop
vertex 60.099979400634766 37.35005187988281 2.9000000953674316
vertex 45.199981689453125 36.550052642822266 2.9000000953674316
vertex 59.29998016357422 36.550052642822266 2.9000000953674316
endloop
endfacet
facet normal 0 1 0
outer loop
vertex 60.099979400634766 37.35005187988281 2.200000047683716
vertex 44.39998245239258 37.35005187988281 2.200000047683716
vertex 60.099979400634766 37.35005187988281 2.9000000953674316
endloop
endfacet
facet normal 1 0 0
outer loop
vertex 60.099979400634766 21.65005111694336 2.9000000953674316
vertex 60.099979400634766 21.65005111694336 2.200000047683716
vertex 60.099979400634766 37.35005187988281 2.200000047683716
endloop
endfacet
facet normal 0 0 1
outer loop
vertex 59.29998016357422 22.450050354003906 2.9000000953674316
vertex 44.39998245239258 21.65005111694336 2.9000000953674316
vertex 60.099979400634766 21.65005111694336 2.9000000953674316
endloop
endfacet
facet normal 0 0 1
outer loop
vertex 60.099979400634766 37.35005187988281 2.9000000953674316
vertex 44.39998245239258 37.35005187988281 2.9000000953674316
vertex 45.199981689453125 36.550052642822266 2.9000000953674316
endloop
endfacet
facet normal 0 0 1
outer loop
vertex 59.29998016357422 36.550052642822266 2.9000000953674316
vertex 59.29998016357422 22.450050354003906 2.9000000953674316
vertex 60.099979400634766 37.35005187988281 2.9000000953674316
endloop
endfacet
facet normal 0 1 0
outer loop
vertex 60.099979400634766 37.35005187988281 2.9000000953674316
vertex 44.39998245239258 37.35005187988281 2.200000047683716
vertex 44.39998245239258 37.35005187988281 2.9000000953674316
endloop
endfacet
facet normal -1 0 0
outer loop
vertex 44.39998245239258 37.35005187988281 2.9000000953674316
vertex 44.39998245239258 37.35005187988281 2.200000047683716
vertex 44.39998245239258 21.65005111694336 2.200000047683716
endloop
endfacet
facet normal 0 0 1
outer loop
vertex 59.29998016357422 22.450050354003906 2.9000000953674316
vertex 60.099979400634766 21.65005111694336 2.9000000953674316
vertex 60.099979400634766 37.35005187988281 2.9000000953674316
endloop
endfacet
facet normal 0 -1 0
outer loop
vertex 44.39998245239258 21.65005111694336 2.9000000953674316
vertex 44.39998245239258 21.65005111694336 2.200000047683716
vertex 60.099979400634766 21.65005111694336 2.200000047683716
endloop
endfacet
facet normal 1 0 0
outer loop
vertex 60.099979400634766 21.65005111694336 2.9000000953674316
vertex 60.099979400634766 37.35005187988281 2.200000047683716
vertex 60.099979400634766 37.35005187988281 2.9000000953674316
endloop
endfacet
facet normal 0 0 1
outer loop
vertex 45.199981689453125 22.450050354003906 2.9000000953674316
vertex 45.199981689453125 36.550052642822266 2.9000000953674316
vertex 44.39998245239258 21.65005111694336 2.9000000953674316
endloop
endfacet
facet normal -1 0 0
outer loop
vertex 59.29998016357422 36.550052642822266 2.200000047683716
vertex 59.29998016357422 22.450050354003906 2.9000000953674316
vertex 59.29998016357422 36.550052642822266 2.9000000953674316
endloop
endfacet
facet normal 0 1 0
outer loop
vertex 45.199981689453125 22.450050354003906 2.9000000953674316
vertex 59.29998016357422 22.450050354003906 2.200000047683716
vertex 45.199981689453125 22.450050354003906 2.200000047683716
endloop
endfacet
facet normal 1 0 0
outer loop
vertex 45.199981689453125 22.450050354003906 2.200000047683716
vertex 45.199981689453125 36.550052642822266 2.9000000953674316
vertex 45.199981689453125 22.450050354003906 2.9000000953674316
endloop
endfacet
facet normal 0 -1 0
outer loop
vertex 45.199981689453125 36.550052642822266 2.200000047683716
vertex 59.29998016357422 36.550052642822266 2.9000000953674316
vertex 45.199981689453125 36.550052642822266 2.9000000953674316
endloop
endfacet
facet normal 0 -1 0
outer loop
vertex 59.29998016357422 36.550052642822266 2.200000047683716
vertex 59.29998016357422 36.550052642822266 2.9000000953674316
vertex 45.199981689453125 36.550052642822266 2.200000047683716
endloop
endfacet
facet normal -1 0 0
outer loop
vertex 59.29998016357422 22.450050354003906 2.9000000953674316
vertex 59.29998016357422 36.550052642822266 2.200000047683716
vertex 59.29998016357422 22.450050354003906 2.200000047683716
endloop
endfacet
facet normal 1 0 0
outer loop
vertex 45.199981689453125 36.550052642822266 2.9000000953674316
vertex 45.199981689453125 22.450050354003906 2.200000047683716
vertex 45.199981689453125 36.550052642822266 2.200000047683716
endloop
endfacet
facet normal 0 1 0
outer loop
vertex 59.29998016357422 22.450050354003906 2.200000047683716
vertex 45.199981689453125 22.450050354003906 2.9000000953674316
vertex 59.29998016357422 22.450050354003906 2.9000000953674316
endloop
endfacet
facet normal 0 0 1
outer loop
vertex 31.5999813079834 37.35005187988281 2.9000000953674316
vertex 16.699981689453125 36.550052642822266 2.9000000953674316
vertex 30.79998207092285 36.550052642822266 2.9000000953674316
endloop
endfacet
facet normal -1 0 0
outer loop
vertex 15.899981498718262 37.35005187988281 2.9000000953674316
vertex 15.899981498718262 21.65005111694336 2.200000047683716
vertex 15.899981498718262 21.65005111694336 2.9000000953674316
endloop
endfacet
facet normal 0 0 1
outer loop
vertex 30.79998207092285 22.450050354003906 2.9000000953674316
vertex 31.5999813079834 21.65005111694336 2.9000000953674316
vertex 31.5999813079834 37.35005187988281 2.9000000953674316
endloop
endfacet
facet normal 0 1 0
outer loop
vertex 31.5999813079834 37.35005187988281 2.200000047683716
vertex 15.899981498718262 37.35005187988281 2.200000047683716
vertex 31.5999813079834 37.35005187988281 2.9000000953674316
endloop
endfacet
facet normal 1 0 0
outer loop
vertex 31.5999813079834 21.65005111694336 2.9000000953674316
vertex 31.5999813079834 37.35005187988281 2.200000047683716
vertex 31.5999813079834 37.35005187988281 2.9000000953674316
endloop
endfacet
facet normal 0 0 1
outer loop
vertex 30.79998207092285 22.450050354003906 2.9000000953674316
vertex 15.899981498718262 21.65005111694336 2.9000000953674316
vertex 31.5999813079834 21.65005111694336 2.9000000953674316
endloop
endfacet
facet normal -1 0 0
outer loop
vertex 15.899981498718262 37.35005187988281 2.9000000953674316
vertex 15.899981498718262 37.35005187988281 2.200000047683716
vertex 15.899981498718262 21.65005111694336 2.200000047683716
endloop
endfacet
facet normal 0 1 0
outer loop
vertex 31.5999813079834 37.35005187988281 2.9000000953674316
vertex 15.899981498718262 37.35005187988281 2.200000047683716
vertex 15.899981498718262 37.35005187988281 2.9000000953674316
endloop
endfacet
facet normal 0 0 1
outer loop
vertex 31.5999813079834 37.35005187988281 2.9000000953674316
vertex 15.899981498718262 37.35005187988281 2.9000000953674316
vertex 16.699981689453125 36.550052642822266 2.9000000953674316
endloop
endfacet
facet normal 0 0 1
outer loop
vertex 30.79998207092285 22.450050354003906 2.9000000953674316
vertex 16.699981689453125 22.450050354003906 2.9000000953674316
vertex 15.899981498718262 21.65005111694336 2.9000000953674316
endloop
endfacet
facet normal 0 -1 0
outer loop
vertex 15.899981498718262 21.65005111694336 2.9000000953674316
vertex 31.5999813079834 21.65005111694336 2.200000047683716
vertex 31.5999813079834 21.65005111694336 2.9000000953674316
endloop
endfacet
facet normal 1 0 0
outer loop
vertex 31.5999813079834 21.65005111694336 2.9000000953674316
vertex 31.5999813079834 21.65005111694336 2.200000047683716
vertex 31.5999813079834 37.35005187988281 2.200000047683716
endloop
endfacet
facet normal 0 -1 0
outer loop
vertex 15.899981498718262 21.65005111694336 2.9000000953674316
vertex 15.899981498718262 21.65005111694336 2.200000047683716
vertex 31.5999813079834 21.65005111694336 2.200000047683716
endloop
endfacet
facet normal 0 0 1
outer loop
vertex 15.899981498718262 37.35005187988281 2.9000000953674316
vertex 15.899981498718262 21.65005111694336 2.9000000953674316
vertex 16.699981689453125 36.550052642822266 2.9000000953674316
endloop
endfacet
facet normal 0 0 1
outer loop
vertex 16.699981689453125 36.550052642822266 2.9000000953674316
vertex 15.899981498718262 21.65005111694336 2.9000000953674316
vertex 16.699981689453125 22.450050354003906 2.9000000953674316
endloop
endfacet
facet normal 0 0 1
outer loop
vertex 30.79998207092285 36.550052642822266 2.9000000953674316
vertex 30.79998207092285 22.450050354003906 2.9000000953674316
vertex 31.5999813079834 37.35005187988281 2.9000000953674316
endloop
endfacet
facet normal 1 0 0
outer loop
vertex 16.699981689453125 22.450050354003906 2.200000047683716
vertex 16.699981689453125 36.550052642822266 2.9000000953674316
vertex 16.699981689453125 22.450050354003906 2.9000000953674316
endloop
endfacet
facet normal 0 -1 0
outer loop
vertex 30.79998207092285 36.550052642822266 2.200000047683716
vertex 30.79998207092285 36.550052642822266 2.9000000953674316
vertex 16.699981689453125 36.550052642822266 2.200000047683716
endloop
endfacet
facet normal -1 0 0
outer loop
vertex 30.79998207092285 36.550052642822266 2.200000047683716
vertex 30.79998207092285 22.450050354003906 2.9000000953674316
vertex 30.79998207092285 36.550052642822266 2.9000000953674316
endloop
endfacet
facet normal 1 0 0
outer loop
vertex 16.699981689453125 36.550052642822266 2.9000000953674316
vertex 16.699981689453125 22.450050354003906 2.200000047683716
vertex 16.699981689453125 36.550052642822266 2.200000047683716
endloop
endfacet
facet normal 0 -1 0
outer loop
vertex 16.699981689453125 36.550052642822266 2.200000047683716
vertex 30.79998207092285 36.550052642822266 2.9000000953674316
vertex 16.699981689453125 36.550052642822266 2.9000000953674316
endloop
endfacet
facet normal 0 1 0
outer loop
vertex 30.79998207092285 22.450050354003906 2.200000047683716
vertex 16.699981689453125 22.450050354003906 2.9000000953674316
vertex 30.79998207092285 22.450050354003906 2.9000000953674316
endloop
endfacet
facet normal -1 0 0
outer loop
vertex 30.79998207092285 22.450050354003906 2.9000000953674316
vertex 30.79998207092285 36.550052642822266 2.200000047683716
vertex 30.79998207092285 22.450050354003906 2.200000047683716
endloop
endfacet
facet normal 0 1 0
outer loop
vertex 16.699981689453125 22.450050354003906 2.9000000953674316
vertex 30.79998207092285 22.450050354003906 2.200000047683716
vertex 16.699981689453125 22.450050354003906 2.200000047683716
endloop
endfacet
facet normal 1 0 0
outer loop
vertex 7.849981307983398 21.65005111694336 2.9000000953674316
vertex 7.849981307983398 21.65005111694336 2.200000047683716
vertex 7.849981307983398 37.35005187988281 2.200000047683716
endloop
endfacet
facet normal -1 0 0
outer loop
vertex -7.8500189781188965 37.35005187988281 2.9000000953674316
vertex -7.8500189781188965 37.35005187988281 2.200000047683716
vertex -7.8500189781188965 21.65005111694336 2.200000047683716
endloop
endfacet
facet normal 0 0 1
outer loop
vertex -7.8500189781188965 37.35005187988281 2.9000000953674316
vertex -7.8500189781188965 21.65005111694336 2.9000000953674316
vertex -7.050018787384033 36.550052642822266 2.9000000953674316
endloop
endfacet
facet normal 0 -1 0
outer loop
vertex -7.8500189781188965 21.65005111694336 2.9000000953674316
vertex -7.8500189781188965 21.65005111694336 2.200000047683716
vertex 7.849981307983398 21.65005111694336 2.200000047683716
endloop
endfacet
facet normal 0 1 0
outer loop
vertex 7.849981307983398 37.35005187988281 2.9000000953674316
vertex 7.849981307983398 37.35005187988281 2.200000047683716
vertex -7.8500189781188965 37.35005187988281 2.200000047683716
endloop
endfacet
facet normal 0 0 1
outer loop
vertex 7.849981307983398 37.35005187988281 2.9000000953674316
vertex -7.050018787384033 36.550052642822266 2.9000000953674316
vertex 7.049981117248535 36.550052642822266 2.9000000953674316
endloop
endfacet
facet normal 0 0 1
outer loop
vertex 7.049981117248535 22.450050354003906 2.9000000953674316
vertex -7.8500189781188965 21.65005111694336 2.9000000953674316
vertex 7.849981307983398 21.65005111694336 2.9000000953674316
endloop
endfacet
facet normal 1 0 0
outer loop
vertex 7.849981307983398 21.65005111694336 2.9000000953674316
vertex 7.849981307983398 37.35005187988281 2.200000047683716
vertex 7.849981307983398 37.35005187988281 2.9000000953674316
endloop
endfacet
facet normal 0 1 0
outer loop
vertex 7.849981307983398 37.35005187988281 2.9000000953674316
vertex -7.8500189781188965 37.35005187988281 2.200000047683716
vertex -7.8500189781188965 37.35005187988281 2.9000000953674316
endloop
endfacet
facet normal 0 0 1
outer loop
vertex 7.849981307983398 37.35005187988281 2.9000000953674316
vertex -7.8500189781188965 37.35005187988281 2.9000000953674316
vertex -7.050018787384033 36.550052642822266 2.9000000953674316
endloop
endfacet
facet normal 0 0 1
outer loop
vertex -7.8500189781188965 21.65005111694336 2.9000000953674316
vertex 7.049981117248535 22.450050354003906 2.9000000953674316
vertex -7.050018787384033 22.450050354003906 2.9000000953674316
endloop
endfacet
facet normal 0 0 1
outer loop
vertex 7.049981117248535 36.550052642822266 2.9000000953674316
vertex 7.049981117248535 22.450050354003906 2.9000000953674316
vertex 7.849981307983398 37.35005187988281 2.9000000953674316
endloop
endfacet
facet normal 0 0 1
outer loop
vertex 7.049981117248535 22.450050354003906 2.9000000953674316
vertex 7.849981307983398 21.65005111694336 2.9000000953674316
vertex 7.849981307983398 37.35005187988281 2.9000000953674316
endloop
endfacet
facet normal 0 0 1
outer loop
vertex -7.050018787384033 22.450050354003906 2.9000000953674316
vertex -7.050018787384033 36.550052642822266 2.9000000953674316
vertex -7.8500189781188965 21.65005111694336 2.9000000953674316
endloop
endfacet
facet normal 0 -1 0
outer loop
vertex -7.8500189781188965 21.65005111694336 2.9000000953674316
vertex 7.849981307983398 21.65005111694336 2.200000047683716
vertex 7.849981307983398 21.65005111694336 2.9000000953674316
endloop
endfacet
facet normal -1 0 0
outer loop
vertex -7.8500189781188965 21.65005111694336 2.9000000953674316
vertex -7.8500189781188965 37.35005187988281 2.9000000953674316
vertex -7.8500189781188965 21.65005111694336 2.200000047683716
endloop
endfacet
facet normal 0 1 0
outer loop
vertex 7.049981117248535 22.450050354003906 2.200000047683716
vertex -7.050018787384033 22.450050354003906 2.9000000953674316
vertex 7.049981117248535 22.450050354003906 2.9000000953674316
endloop
endfacet
facet normal 0 -1 0
outer loop
vertex -7.050018787384033 36.550052642822266 2.200000047683716
vertex 7.049981117248535 36.550052642822266 2.9000000953674316
vertex -7.050018787384033 36.550052642822266 2.9000000953674316
endloop
endfacet
facet normal 1 0 0
outer loop
vertex -7.050018787384033 36.550052642822266 2.9000000953674316
vertex -7.050018787384033 22.450050354003906 2.200000047683716
vertex -7.050018787384033 36.550052642822266 2.200000047683716
endloop
endfacet
facet normal -1 0 0
outer loop
vertex 7.049981117248535 36.550052642822266 2.200000047683716
vertex 7.049981117248535 22.450050354003906 2.9000000953674316
vertex 7.049981117248535 36.550052642822266 2.9000000953674316
endloop
endfacet
facet normal 1 0 0
outer loop
vertex -7.050018787384033 22.450050354003906 2.200000047683716
vertex -7.050018787384033 36.550052642822266 2.9000000953674316
vertex -7.050018787384033 22.450050354003906 2.9000000953674316
endloop
endfacet
facet normal -1 0 0
outer loop
vertex 7.049981117248535 22.450050354003906 2.9000000953674316
vertex 7.049981117248535 36.550052642822266 2.200000047683716
vertex 7.049981117248535 22.450050354003906 2.200000047683716
endloop
endfacet
facet normal 0 -1 0
outer loop
vertex 7.049981117248535 36.550052642822266 2.9000000953674316
vertex -7.050018787384033 36.550052642822266 2.200000047683716
vertex 7.049981117248535 36.550052642822266 2.200000047683716
endloop
endfacet
facet normal 0 1 0
outer loop
vertex -7.050018787384033 22.450050354003906 2.9000000953674316
vertex 7.049981117248535 22.450050354003906 2.200000047683716
vertex -7.050018787384033 22.450050354003906 2.200000047683716
endloop
endfacet
facet normal 1 0 0
outer loop
vertex -11.150018692016602 21.65005111694336 2.9000000953674316
vertex -11.150018692016602 37.35005187988281 2.200000047683716
vertex -11.150018692016602 37.35005187988281 2.9000000953674316
endloop
endfacet
facet normal 0 0 1
outer loop
vertex -11.150018692016602 37.35005187988281 2.9000000953674316
vertex -26.850019454956055 37.35005187988281 2.9000000953674316
vertex -26.050018310546875 36.550052642822266 2.9000000953674316
endloop
endfacet
facet normal -1 0 0
outer loop
vertex -26.850019454956055 37.35005187988281 2.9000000953674316
vertex -26.850019454956055 37.35005187988281 2.200000047683716
vertex -26.850019454956055 21.65005111694336 2.200000047683716
endloop
endfacet
facet normal 0 0 1
outer loop
vertex -11.950018882751465 22.450050354003906 2.9000000953674316
vertex -11.150018692016602 21.65005111694336 2.9000000953674316
vertex -11.150018692016602 37.35005187988281 2.9000000953674316
endloop
endfacet
facet normal 0 0 1
outer loop
vertex -11.950018882751465 36.550052642822266 2.9000000953674316
vertex -11.950018882751465 22.450050354003906 2.9000000953674316
vertex -11.150018692016602 37.35005187988281 2.9000000953674316
endloop
endfacet
facet normal 0 0 1
outer loop
vertex -11.950018882751465 22.450050354003906 2.9000000953674316
vertex -26.850019454956055 21.65005111694336 2.9000000953674316
vertex -11.150018692016602 21.65005111694336 2.9000000953674316
endloop
endfacet
facet normal 0 -1 0
outer loop
vertex -26.850019454956055 21.65005111694336 2.9000000953674316
vertex -11.150018692016602 21.65005111694336 2.200000047683716
vertex -11.150018692016602 21.65005111694336 2.9000000953674316
endloop
endfacet
facet normal 0 -1 0
outer loop
vertex -26.850019454956055 21.65005111694336 2.9000000953674316
vertex -26.850019454956055 21.65005111694336 2.200000047683716
vertex -11.150018692016602 21.65005111694336 2.200000047683716
endloop
endfacet
facet normal -1 0 0
outer loop
vertex -26.850019454956055 21.65005111694336 2.9000000953674316
vertex -26.850019454956055 37.35005187988281 2.9000000953674316
vertex -26.850019454956055 21.65005111694336 2.200000047683716
endloop
endfacet
facet normal 0 0 1
outer loop
vertex -26.050018310546875 22.450050354003906 2.9000000953674316
vertex -26.050018310546875 36.550052642822266 2.9000000953674316
vertex -26.850019454956055 21.65005111694336 2.9000000953674316
endloop
endfacet
facet normal 0 0 1
outer loop
vertex -11.950018882751465 22.450050354003906 2.9000000953674316
vertex -26.050018310546875 22.450050354003906 2.9000000953674316
vertex -26.850019454956055 21.65005111694336 2.9000000953674316
endloop
endfacet
facet normal 0 0 1
outer loop
vertex -26.850019454956055 37.35005187988281 2.9000000953674316
vertex -26.850019454956055 21.65005111694336 2.9000000953674316
vertex -26.050018310546875 36.550052642822266 2.9000000953674316
endloop
endfacet
facet normal 0 1 0
outer loop
vertex -11.150018692016602 37.35005187988281 2.9000000953674316
vertex -11.150018692016602 37.35005187988281 2.200000047683716
vertex -26.850019454956055 37.35005187988281 2.200000047683716
endloop
endfacet
facet normal 0 0 1
outer loop
vertex -11.150018692016602 37.35005187988281 2.9000000953674316
vertex -26.050018310546875 36.550052642822266 2.9000000953674316
vertex -11.950018882751465 36.550052642822266 2.9000000953674316
endloop
endfacet
facet normal 1 0 0
outer loop
vertex -11.150018692016602 21.65005111694336 2.9000000953674316
vertex -11.150018692016602 21.65005111694336 2.200000047683716
vertex -11.150018692016602 37.35005187988281 2.200000047683716
endloop
endfacet
facet normal 0 1 0
outer loop
vertex -11.150018692016602 37.35005187988281 2.9000000953674316
vertex -26.850019454956055 37.35005187988281 2.200000047683716
vertex -26.850019454956055 37.35005187988281 2.9000000953674316
endloop
endfacet
facet normal 1 0 0
outer loop
vertex -26.050018310546875 36.550052642822266 2.9000000953674316
vertex -26.050018310546875 22.450050354003906 2.200000047683716
vertex -26.050018310546875 36.550052642822266 2.200000047683716
endloop
endfacet
facet normal 0 1 0
outer loop
vertex -26.050018310546875 22.450050354003906 2.9000000953674316
vertex -11.950018882751465 22.450050354003906 2.200000047683716
vertex -26.050018310546875 22.450050354003906 2.200000047683716
endloop
endfacet
facet normal -1 0 0
outer loop
vertex -11.950018882751465 36.550052642822266 2.200000047683716
vertex -11.950018882751465 22.450050354003906 2.9000000953674316
vertex -11.950018882751465 36.550052642822266 2.9000000953674316
endloop
endfacet
facet normal 0 1 0
outer loop
vertex -11.950018882751465 22.450050354003906 2.200000047683716
vertex -26.050018310546875 22.450050354003906 2.9000000953674316
vertex -11.950018882751465 22.450050354003906 2.9000000953674316
endloop
endfacet
facet normal 0 -1 0
outer loop
vertex -11.950018882751465 36.550052642822266 2.200000047683716
vertex -11.950018882751465 36.550052642822266 2.9000000953674316
vertex -26.050018310546875 36.550052642822266 2.200000047683716
endloop
endfacet
facet normal -1 0 0
outer loop
vertex -11.950018882751465 22.450050354003906 2.9000000953674316
vertex -11.950018882751465 36.550052642822266 2.200000047683716
vertex -11.950018882751465 22.450050354003906 2.200000047683716
endloop
endfacet
facet normal 1 0 0
outer loop
vertex -26.050018310546875 22.450050354003906 2.200000047683716
vertex -26.050018310546875 36.550052642822266 2.9000000953674316
vertex -26.050018310546875 22.450050354003906 2.9000000953674316
endloop
endfacet
facet normal 0 -1 0
outer loop
vertex -26.050018310546875 36.550052642822266 2.200000047683716
vertex -11.950018882751465 36.550052642822266 2.9000000953674316
vertex -26.050018310546875 36.550052642822266 2.9000000953674316
endloop
endfacet
facet normal -1 0 0
outer loop
vertex -45.85001754760742 37.35005187988281 2.9000000953674316
vertex -45.85001754760742 37.35005187988281 2.200000047683716
vertex -45.85001754760742 21.65005111694336 2.200000047683716
endloop
endfacet
facet normal 0 0 1
outer loop
vertex -30.1500186920166 37.35005187988281 2.9000000953674316
vertex -45.050018310546875 36.550052642822266 2.9000000953674316
vertex -30.95001792907715 36.550052642822266 2.9000000953674316
endloop
endfacet
facet normal 0 1 0
outer loop
vertex -30.1500186920166 37.35005187988281 2.200000047683716
vertex -45.85001754760742 37.35005187988281 2.200000047683716
vertex -30.1500186920166 37.35005187988281 2.9000000953674316
endloop
endfacet
facet normal 0 0 1
outer loop
vertex -30.95001792907715 22.450050354003906 2.9000000953674316
vertex -45.050018310546875 22.450050354003906 2.9000000953674316
vertex -45.85001754760742 21.65005111694336 2.9000000953674316
endloop
endfacet
facet normal 1 0 0
outer loop
vertex -30.1500186920166 21.65005111694336 2.9000000953674316
vertex -30.1500186920166 21.65005111694336 2.200000047683716
vertex -30.1500186920166 37.35005187988281 2.200000047683716
endloop
endfacet
facet normal 0 0 1
outer loop
vertex -45.85001754760742 37.35005187988281 2.9000000953674316
vertex -45.85001754760742 21.65005111694336 2.9000000953674316
vertex -45.050018310546875 36.550052642822266 2.9000000953674316
endloop
endfacet
facet normal 0 0 1
outer loop
vertex -30.1500186920166 37.35005187988281 2.9000000953674316
vertex -30.95001792907715 36.550052642822266 2.9000000953674316
vertex -30.95001792907715 22.450050354003906 2.9000000953674316
endloop
endfacet
facet normal 0 0 1
outer loop
vertex -30.95001792907715 22.450050354003906 2.9000000953674316
vertex -30.1500186920166 21.65005111694336 2.9000000953674316
vertex -30.1500186920166 37.35005187988281 2.9000000953674316
endloop
endfacet
facet normal 1 0 0
outer loop
vertex -30.1500186920166 21.65005111694336 2.9000000953674316
vertex -30.1500186920166 37.35005187988281 2.200000047683716
vertex -30.1500186920166 37.35005187988281 2.9000000953674316
endloop
endfacet
facet normal 0 0 1
outer loop
vertex -45.050018310546875 22.450050354003906 2.9000000953674316
vertex -45.050018310546875 36.550052642822266 2.9000000953674316
vertex -45.85001754760742 21.65005111694336 2.9000000953674316
endloop
endfacet
facet normal 0 0 1
outer loop
vertex -30.95001792907715 22.450050354003906 2.9000000953674316
vertex -45.85001754760742 21.65005111694336 2.9000000953674316
vertex -30.1500186920166 21.65005111694336 2.9000000953674316
endloop
endfacet
facet normal -1 0 0
outer loop
vertex -45.85001754760742 21.65005111694336 2.9000000953674316
vertex -45.85001754760742 37.35005187988281 2.9000000953674316
vertex -45.85001754760742 21.65005111694336 2.200000047683716
endloop
endfacet
facet normal 0 -1 0
outer loop
vertex -45.85001754760742 21.65005111694336 2.9000000953674316
vertex -30.1500186920166 21.65005111694336 2.200000047683716
vertex -30.1500186920166 21.65005111694336 2.9000000953674316
endloop
endfacet
facet normal 0 1 0
outer loop
vertex -30.1500186920166 37.35005187988281 2.9000000953674316
vertex -45.85001754760742 37.35005187988281 2.200000047683716
vertex -45.85001754760742 37.35005187988281 2.9000000953674316
endloop
endfacet
facet normal 0 -1 0
outer loop
vertex -45.85001754760742 21.65005111694336 2.9000000953674316
vertex -45.85001754760742 21.65005111694336 2.200000047683716
vertex -30.1500186920166 21.65005111694336 2.200000047683716
endloop
endfacet
facet normal 0 0 1
outer loop
vertex -30.1500186920166 37.35005187988281 2.9000000953674316
vertex -45.85001754760742 37.35005187988281 2.9000000953674316
vertex -45.050018310546875 36.550052642822266 2.9000000953674316
endloop
endfacet
facet normal 1 0 0
outer loop
vertex -45.050018310546875 36.550052642822266 2.9000000953674316
vertex -45.050018310546875 22.450050354003906 2.200000047683716
vertex -45.050018310546875 36.550052642822266 2.200000047683716
endloop
endfacet
facet normal 0 -1 0
outer loop
vertex -45.050018310546875 36.550052642822266 2.200000047683716
vertex -30.95001792907715 36.550052642822266 2.9000000953674316
vertex -45.050018310546875 36.550052642822266 2.9000000953674316
endloop
endfacet
facet normal 0 1 0
outer loop
vertex -30.95001792907715 22.450050354003906 2.200000047683716
vertex -45.050018310546875 22.450050354003906 2.9000000953674316
vertex -30.95001792907715 22.450050354003906 2.9000000953674316
endloop
endfacet
facet normal -1 0 0
outer loop
vertex -30.95001792907715 36.550052642822266 2.200000047683716
vertex -30.95001792907715 22.450050354003906 2.9000000953674316
vertex -30.95001792907715 36.550052642822266 2.9000000953674316
endloop
endfacet
facet normal -1 0 0
outer loop
vertex -30.95001792907715 22.450050354003906 2.9000000953674316
vertex -30.95001792907715 36.550052642822266 2.200000047683716
vertex -30.95001792907715 22.450050354003906 2.200000047683716
endloop
endfacet
facet normal 0 -1 0
outer loop
vertex -30.95001792907715 36.550052642822266 2.200000047683716
vertex -30.95001792907715 36.550052642822266 2.9000000953674316
vertex -45.050018310546875 36.550052642822266 2.200000047683716
endloop
endfacet
facet normal 1 0 0
outer loop
vertex -45.050018310546875 22.450050354003906 2.200000047683716
vertex -45.050018310546875 36.550052642822266 2.9000000953674316
vertex -45.050018310546875 22.450050354003906 2.9000000953674316
endloop
endfacet
facet normal 0 1 0
outer loop
vertex -45.050018310546875 22.450050354003906 2.9000000953674316
vertex -30.95001792907715 22.450050354003906 2.200000047683716
vertex -45.050018310546875 22.450050354003906 2.200000047683716
endloop
endfacet
facet normal 0 0 1
outer loop
vertex -64.05001831054688 22.450050354003906 2.9000000953674316
vertex -64.05001831054688 36.550052642822266 2.9000000953674316
vertex -64.85002136230469 21.65005111694336 2.9000000953674316
endloop
endfacet
facet normal 0 1 0
outer loop
vertex -49.150020599365234 37.35005187988281 2.9000000953674316
vertex -49.150020599365234 37.35005187988281 2.200000047683716
vertex -64.85002136230469 37.35005187988281 2.200000047683716
endloop
endfacet
facet normal 0 1 0
outer loop
vertex -49.150020599365234 37.35005187988281 2.9000000953674316
vertex -64.85002136230469 37.35005187988281 2.200000047683716
vertex -64.85002136230469 37.35005187988281 2.9000000953674316
endloop
endfacet
facet normal 0 0 1
outer loop
vertex -49.150020599365234 37.35005187988281 2.9000000953674316
vertex -64.85002136230469 37.35005187988281 2.9000000953674316
vertex -64.05001831054688 36.550052642822266 2.9000000953674316
endloop
endfacet
facet normal 0 0 1
outer loop
vertex -49.150020599365234 37.35005187988281 2.9000000953674316
vertex -64.05001831054688 36.550052642822266 2.9000000953674316
vertex -49.95001983642578 36.550052642822266 2.9000000953674316
endloop
endfacet
facet normal 1 0 0
outer loop
vertex -49.150020599365234 21.65005111694336 2.9000000953674316
vertex -49.150020599365234 21.65005111694336 2.200000047683716
vertex -49.150020599365234 37.35005187988281 2.200000047683716
endloop
endfacet
facet normal -1 0 0
outer loop
vertex -64.85002136230469 37.35005187988281 2.9000000953674316
vertex -64.85002136230469 21.65005111694336 2.200000047683716
vertex -64.85002136230469 21.65005111694336 2.9000000953674316
endloop
endfacet
facet normal 0 -1 0
outer loop
vertex -64.85002136230469 21.65005111694336 2.9000000953674316
vertex -64.85002136230469 21.65005111694336 2.200000047683716
vertex -49.150020599365234 21.65005111694336 2.200000047683716
endloop
endfacet
facet normal 0 0 1
outer loop
vertex -49.95001983642578 22.450050354003906 2.9000000953674316
vertex -64.85002136230469 21.65005111694336 2.9000000953674316
vertex -49.150020599365234 21.65005111694336 2.9000000953674316
endloop
endfacet
facet normal 0 0 1
outer loop
vertex -49.95001983642578 22.450050354003906 2.9000000953674316
vertex -64.05001831054688 22.450050354003906 2.9000000953674316
vertex -64.85002136230469 21.65005111694336 2.9000000953674316
endloop
endfacet
facet normal 0 -1 0
outer loop
vertex -64.85002136230469 21.65005111694336 2.9000000953674316
vertex -49.150020599365234 21.65005111694336 2.200000047683716
vertex -49.150020599365234 21.65005111694336 2.9000000953674316
endloop
endfacet
facet normal 0 0 1
outer loop
vertex -49.95001983642578 22.450050354003906 2.9000000953674316
vertex -49.150020599365234 21.65005111694336 2.9000000953674316
vertex -49.150020599365234 37.35005187988281 2.9000000953674316
endloop
endfacet
facet normal 0 0 1
outer loop
vertex -49.95001983642578 36.550052642822266 2.9000000953674316
vertex -49.95001983642578 22.450050354003906 2.9000000953674316
vertex -49.150020599365234 37.35005187988281 2.9000000953674316
endloop
endfacet
facet normal 1 0 0
outer loop
vertex -49.150020599365234 21.65005111694336 2.9000000953674316
vertex -49.150020599365234 37.35005187988281 2.200000047683716
vertex -49.150020599365234 37.35005187988281 2.9000000953674316
endloop
endfacet
facet normal 0 0 1
outer loop
vertex -64.85002136230469 37.35005187988281 2.9000000953674316
vertex -64.85002136230469 21.65005111694336 2.9000000953674316
vertex -64.05001831054688 36.550052642822266 2.9000000953674316
endloop
endfacet
facet normal -1 0 0
outer loop
vertex -64.85002136230469 37.35005187988281 2.9000000953674316
vertex -64.85002136230469 37.35005187988281 2.200000047683716
vertex -64.85002136230469 21.65005111694336 2.200000047683716
endloop
endfacet
facet normal 0 -1 0
outer loop
vertex -64.05001831054688 36.550052642822266 2.200000047683716
vertex -49.95001983642578 36.550052642822266 2.9000000953674316
vertex -64.05001831054688 36.550052642822266 2.9000000953674316
endloop
endfacet
facet normal -1 0 0
outer loop
vertex -49.95001983642578 22.450050354003906 2.9000000953674316
vertex -49.95001983642578 36.550052642822266 2.200000047683716
vertex -49.95001983642578 22.450050354003906 2.200000047683716
endloop
endfacet
facet normal 0 1 0
outer loop
vertex -64.05001831054688 22.450050354003906 2.200000047683716
vertex -64.05001831054688 22.450050354003906 2.9000000953674316
vertex -49.95001983642578 22.450050354003906 2.200000047683716
endloop
endfacet
facet normal 0 -1 0
outer loop
vertex -64.05001831054688 36.550052642822266 2.200000047683716
vertex -49.95001983642578 36.550052642822266 2.200000047683716
vertex -49.95001983642578 36.550052642822266 2.9000000953674316
endloop
endfacet
facet normal 1 0 0
outer loop
vertex -64.05001831054688 36.550052642822266 2.9000000953674316
vertex -64.05001831054688 22.450050354003906 2.200000047683716
vertex -64.05001831054688 36.550052642822266 2.200000047683716
endloop
endfacet
facet normal 0 1 0
outer loop
vertex -49.95001983642578 22.450050354003906 2.200000047683716
vertex -64.05001831054688 22.450050354003906 2.9000000953674316
vertex -49.95001983642578 22.450050354003906 2.9000000953674316
endloop
endfacet
facet normal -1 0 0
outer loop
vertex -49.95001983642578 36.550052642822266 2.200000047683716
vertex -49.95001983642578 22.450050354003906 2.9000000953674316
vertex -49.95001983642578 36.550052642822266 2.9000000953674316
endloop
endfacet
facet normal 1 0 0
outer loop
vertex -64.05001831054688 22.450050354003906 2.200000047683716
vertex -64.05001831054688 36.550052642822266 2.9000000953674316
vertex -64.05001831054688 22.450050354003906 2.9000000953674316
endloop
endfacet
endsolid auto-kdk-case
