solid auto-kdk-case
facet normal -0.0029849104596265785 -0.9999955451007709 -0.00000938935412883203
outer loop
vertex -59.68795394897461 -47.32008743286133 -1.6246042251586914
vertex -60.909603118896484 -47.31644058227539 -1.6587870121002197
vertex -44.00001907348633 -47.36689758300781 -3.450000047683716
endloop
endfacet
facet normal 1 0 0
outer loop
vertex 72.19998168945312 40.526676177978516 -6.4139018058776855
vertex 72.19998168945312 19.529430389404297 -1
vertex 72.19998168945312 -0.9705688953399658 -1
endloop
endfacet
facet normal -0.002983414300454854 -0.9999955495984431 0.000004734960341883557
outer loop
vertex -60.909603118896484 -47.31644058227539 -1.6587870121002197
vertex -61.656333923339844 -47.314212799072266 -1.6659828424453735
vertex -44.00001907348633 -47.36689758300781 -3.450000047683716
endloop
endfacet
facet normal -0.3597731329594101 0.9330398130843992 0
outer loop
vertex -68.02489471435547 44.70049285888672 -1
vertex -69.06909942626953 44.297855377197266 -6.121340274810791
vertex -69.06909942626953 44.297855377197266 -1
endloop
endfacet
facet normal -0.002988492401794471 -0.9999955344466116 0
outer loop
vertex 59.60846710205078 -47.67605972290039 -4
vertex 60.355194091796875 -47.67829132080078 -1.6587870121002197
vertex 59.60846710205078 -47.67605972290039 -1.6659828424453735
endloop
endfacet
facet normal -0.6719453114314987 0.7406007685961116 -2.735860556086541e-7
outer loop
vertex -71.57449340820312 42.024715423583984 -6.326746463775635
vertex -70.18994140625 43.28091812133789 -1
vertex -69.06909942626953 44.297855377197266 -1
endloop
endfacet
facet normal -0.002981983239097483 -0.9999955538759417 -0.000002076107919298079
outer loop
vertex 60.355194091796875 -47.67829132080078 -1.6587870121002197
vertex 59.60846710205078 -47.67605972290039 -4
vertex 61.576847076416016 -47.68193435668945 -1.6246042251586914
endloop
endfacet
facet normal 0.0007883700218578787 0.9999996890560423 -0.000018987559018865164
outer loop
vertex -63.25633239746094 44.69673156738281 -1.100000023841858
vertex -68.02489471435547 44.70049285888672 -1
vertex -60.85633087158203 44.69483947753906 -1.100000023841858
endloop
endfacet
facet normal -0.0029830909973941615 -0.999995550574152 0
outer loop
vertex -62.45633316040039 -47.311824798583984 -4
vertex -62.45633316040039 -47.311824798583984 -1.6662371158599854
vertex -63.20185470581055 -47.309600830078125 -1.6595268249511719
endloop
endfacet
facet normal -0.6719458887488194 0.7406002447971234 0
outer loop
vertex -71.57449340820312 42.024715423583984 -6.326746463775635
vertex -71.57449340820312 42.024715423583984 -1
vertex -70.18994140625 43.28091812133789 -1
endloop
endfacet
facet normal -0.00298543711987585 -0.9999955435723924 -7.473276979242304e-7
outer loop
vertex -64.41957092285156 -47.305965423583984 -1.6262046098709106
vertex -62.45633316040039 -47.311824798583984 -4
vertex -63.20185470581055 -47.309600830078125 -1.6595268249511719
endloop
endfacet
facet normal -0.9126102981516713 0.40883058068531447 -0.0000020065901123445744
outer loop
vertex -71.57449340820312 42.024715423583984 -1
vertex -72.08809661865234 40.87820053100586 -6.367452621459961
vertex -71.75336456298828 41.625431060791016 -1
endloop
endfacet
facet normal 1 0 0
outer loop
vertex 72.19998168945312 -0.9705688953399658 -1
vertex 72.19998168945312 -2.21781587600708 -1
vertex 72.19998168945312 40.526676177978516 -6.4139018058776855
endloop
endfacet
facet normal 0.9238790342145956 -0.38268463535750447 0
outer loop
vertex 72.19998168945312 -43.71506118774414 -18.00263214111328
vertex 72.19998168945312 -43.71506118774414 -1
vertex 71.88932037353516 -44.46506118774414 -1
endloop
endfacet
facet normal -0.9126156758613179 0.40881857610948896 0
outer loop
vertex -72.08809661865234 40.87820053100586 -6.367452621459961
vertex -72.08809661865234 40.87820053100586 -1
vertex -71.75336456298828 41.625431060791016 -1
endloop
endfacet
facet normal -0.9999650555437185 0.008359885851379636 0
outer loop
vertex -72.08809661865234 40.87820053100586 -1
vertex -72.08809661865234 40.87820053100586 -6.367452621459961
vertex -72.25320434570312 21.12889289855957 -1
endloop
endfacet
facet normal 0.0009474236791330236 0.9999995511940855 0
outer loop
vertex -63.056331634521484 44.69578552246094 -3.5
vertex -68.02489471435547 44.70049285888672 -6.135359287261963
vertex -68.02489471435547 44.70049285888672 -1
endloop
endfacet
facet normal 0.0007882716510379626 0.9999996893138539 0
outer loop
vertex -61.05641174316406 44.69499969482422 -3.5
vertex 58.20854568481445 44.60098648071289 -6.1746826171875
vertex -61.05641174316406 44.69499969482422 -6.161637306213379
endloop
endfacet
facet normal -0.002984684306956651 -0.9999955458157395 0.0000028755855821458557
outer loop
vertex -44.57404327392578 -47.36518478393555 -11.335819244384766
vertex -45.0606803894043 -47.363731384277344 -11.010660171508789
vertex -71.05633544921875 -47.286163330078125 -18.353515625
endloop
endfacet
facet normal -0.002983870387623457 -0.9999955482488266 -1.9588412611524557e-7
outer loop
vertex -71.05633544921875 -47.286163330078125 -18.353515625
vertex -44.00001907348633 -47.36689758300781 -11.449999809265137
vertex -44.57404327392578 -47.36518478393555 -11.335819244384766
endloop
endfacet
facet normal -0.002983237983318678 -0.9999955501331471 -0.0000022448291568693785
outer loop
vertex -45.0606803894043 -47.363731384277344 -11.010660171508789
vertex -45.38583755493164 -47.362762451171875 -10.524024963378906
vertex -71.05633544921875 -47.286163330078125 -18.353515625
endloop
endfacet
facet normal -0.0029833203833180668 -0.9999955498878939 -0.000001974662438699699
outer loop
vertex -45.38583755493164 -47.362762451171875 -10.524024963378906
vertex -45.50001907348633 -47.362422943115234 -9.949999809265137
vertex -71.05633544921875 -47.286163330078125 -18.353515625
endloop
endfacet
facet normal -0.0029839696928351334 -0.9999955479525257 0
outer loop
vertex -45.50001907348633 -47.362422943115234 -9.949999809265137
vertex -45.50001907348633 -47.362422943115234 -4.949999809265137
vertex -71.05633544921875 -47.286163330078125 -18.353515625
endloop
endfacet
facet normal 0.00039285396948797224 0.9998076311725765 0.01960985249408317
outer loop
vertex -61.05641174316406 44.69499969482422 -3.5
vertex -63.056331634521484 44.69578552246094 -3.5
vertex 58.00846862792969 44.60114288330078 -1.100000023841858
endloop
endfacet
facet normal 0.7406006818079057 0.6719454070872611 0
outer loop
vertex 70.84165954589844 42.622947692871094 -1
vertex 69.52066040039062 44.07891845703125 -6.127931118011475
vertex 69.52066040039062 44.07891845703125 -1
endloop
endfacet
facet normal 0.7406006420402734 0.6719454509181039 2.2689351960639863e-8
outer loop
vertex 71.79737091064453 41.56958770751953 -1
vertex 69.52066040039062 44.07891845703125 -6.127931118011475
vertex 70.84165954589844 42.622947692871094 -1
endloop
endfacet
facet normal 0.40536326364893577 0.9141556894117563 0
outer loop
vertex 69.52066040039062 44.07891845703125 -1
vertex 68.36136627197266 44.59298324584961 -6.143197536468506
vertex 68.36136627197266 44.59298324584961 -1
endloop
endfacet
facet normal 0.0007977910135750097 0.9999993544459457 -0.0008090965273793957
outer loop
vertex 58.00846862792969 44.60114288330078 -1.100000023841858
vertex -63.056331634521484 44.69578552246094 -3.5
vertex -60.85633087158203 44.69483947753906 -2.5
endloop
endfacet
facet normal 0.0007882616677920222 0.9999996889638086 -0.00002675498233981282
outer loop
vertex -60.85633087158203 44.69483947753906 -1.100000023841858
vertex -68.02489471435547 44.70049285888672 -1
vertex 58.00846862792969 44.60114288330078 -1.100000023841858
endloop
endfacet
facet normal 0.0007882616680741525 0.999999689321723 0
outer loop
vertex 58.00846862792969 44.60114288330078 -1.100000023841858
vertex -60.85633087158203 44.69483947753906 -2.5
vertex -60.85633087158203 44.69483947753906 -1.100000023841858
endloop
endfacet
facet normal -0.3597731329594101 0.9330398130843992 0
outer loop
vertex -68.02489471435547 44.70049285888672 -6.135359287261963
vertex -69.06909942626953 44.297855377197266 -6.121340274810791
vertex -68.02489471435547 44.70049285888672 -1
endloop
endfacet
facet normal -0.6719456304736396 0.7406004791298633 0
outer loop
vertex -69.06909942626953 44.297855377197266 -6.121340274810791
vertex -71.57449340820312 42.024715423583984 -6.326746463775635
vertex -69.06909942626953 44.297855377197266 -1
endloop
endfacet
facet normal -0.9999650463259202 0.0083609849390067 -0.000007566367712279134
outer loop
vertex -72.81034088134766 -45.512142181396484 -18.174530029296875
vertex -72.08809661865234 40.87820053100586 -6.367452621459961
vertex -72.80803680419922 -45.2367057800293 -18.316871643066406
endloop
endfacet
facet normal -0.9999650549621486 0.008359955414257757 -1.3675452454594617e-7
outer loop
vertex -72.2696304321289 19.164506912231445 -1
vertex -72.81034088134766 -45.512142181396484 -18.174530029296875
vertex -72.44100952148438 -1.3347771167755127 -1
endloop
endfacet
facet normal -0.9999650732182397 0.008357769651330428 0.00000548598968839738
outer loop
vertex -72.81034088134766 -45.512142181396484 -18.174530029296875
vertex -72.45742797851562 -3.2991628646850586 -1
vertex -72.44100952148438 -1.3347771167755127 -1
endloop
endfacet
facet normal -0.9999650549613387 0.008359955511482125 1.1302680025672651e-7
outer loop
vertex -72.81034088134766 -45.512142181396484 -18.174530029296875
vertex -72.6288070678711 -23.798446655273438 -1
vertex -72.45742797851562 -3.2991628646850586 -1
endloop
endfacet
facet normal -0.9126138030358099 0.40882275683786956 0
outer loop
vertex -71.57449340820312 42.024715423583984 -6.326746463775635
vertex -72.08809661865234 40.87820053100586 -6.367452621459961
vertex -71.57449340820312 42.024715423583984 -1
endloop
endfacet
facet normal -0.0029839198544346517 -0.9999955481011192 4.944180773855788e-7
outer loop
vertex -31.425992965698242 -47.4044189453125 -11.335819244384766
vertex -32.00001907348633 -47.402706146240234 -11.449999809265137
vertex 68.20846557617188 -47.701725006103516 -18.411178588867188
endloop
endfacet
facet normal -0.002984210740312266 -0.9999955472267283 -0.000003601842686792979
outer loop
vertex -30.93935775756836 -47.4058723449707 -11.010660171508789
vertex -31.425992965698242 -47.4044189453125 -11.335819244384766
vertex 68.20846557617188 -47.701725006103516 -18.411178588867188
endloop
endfacet
facet normal -0.0029837480305797185 -0.9999955486105645 0.000002597327376946037
outer loop
vertex -30.614198684692383 -47.40684127807617 -10.524024963378906
vertex -30.93935775756836 -47.4058723449707 -11.010660171508789
vertex 68.20846557617188 -47.701725006103516 -18.411178588867188
endloop
endfacet
facet normal -0.002983913917542255 -0.9999955481189567 0
outer loop
vertex -57.556331634521484 -47.326446533203125 -1
vertex -57.556331634521484 -47.326446533203125 -1.5063364505767822
vertex -44.00001907348633 -47.36689758300781 -3.450000047683716
endloop
endfacet
facet normal -0.0029824254373823694 -0.9999955525054754 0.000010381672917901335
outer loop
vertex -57.556331634521484 -47.326446533203125 -1.5063364505767822
vertex -58.297080993652344 -47.32423782348633 -1.5573723316192627
vertex -44.00001907348633 -47.36689758300781 -3.450000047683716
endloop
endfacet
facet normal -0.002983796710545255 -0.9999955484686868 2.2874216359015053e-8
outer loop
vertex -58.297080993652344 -47.32423782348633 -1.5573723316192627
vertex -59.03475570678711 -47.32203674316406 -1.5949000120162964
vertex -44.00001907348633 -47.36689758300781 -3.450000047683716
endloop
endfacet
facet normal -0.0029841228361060547 -0.9999955474921043 -0.00000262024778894855
outer loop
vertex -59.03475570678711 -47.32203674316406 -1.5949000120162964
vertex -59.68795394897461 -47.32008743286133 -1.6246042251586914
vertex -44.00001907348633 -47.36689758300781 -3.450000047683716
endloop
endfacet
facet normal -0.002983791045029826 -0.9999955484834735 0.000002058369948155682
outer loop
vertex -30.500019073486328 -47.40718078613281 -9.949999809265137
vertex -30.614198684692383 -47.40684127807617 -10.524024963378906
vertex 68.20846557617188 -47.701725006103516 -18.411178588867188
endloop
endfacet
facet normal -0.0029839537265586146 -0.9999955480001559 1.6050323669187483e-7
outer loop
vertex -30.500019073486328 -47.40718078613281 -9.949999809265137
vertex 68.20846557617188 -47.701725006103516 -18.411178588867188
vertex 53.208465576171875 -47.65696334838867 -5
endloop
endfacet
facet normal -0.0029838720739943357 -0.9999955482437931 2.0436215665913793e-7
outer loop
vertex -44.00001907348633 -47.36689758300781 -3.450000047683716
vertex -61.656333923339844 -47.314212799072266 -1.6659828424453735
vertex -44.57404327392578 -47.36518478393555 -3.564180612564087
endloop
endfacet
facet normal -0.0029842813333317507 -0.9999955470164965 -0.000003478683741141867
outer loop
vertex -45.0606803894043 -47.363731384277344 -3.8893399238586426
vertex -44.57404327392578 -47.36518478393555 -3.564180612564087
vertex -61.656333923339844 -47.314212799072266 -1.6659828424453735
endloop
endfacet
facet normal -0.0029834918248502302 -0.9999955493754469 0.000002414443432554503
outer loop
vertex -45.38583755493164 -47.362762451171875 -4.375974655151367
vertex -45.0606803894043 -47.363731384277344 -3.8893399238586426
vertex -61.656333923339844 -47.314212799072266 -1.6659828424453735
endloop
endfacet
facet normal -0.0029835572267132007 -0.9999955491811886 0.000002021774273876812
outer loop
vertex -45.50001907348633 -47.362422943115234 -4.949999809265137
vertex -45.38583755493164 -47.362762451171875 -4.375974655151367
vertex -61.656333923339844 -47.314212799072266 -1.6659828424453735
endloop
endfacet
facet normal -0.002984296091437507 -0.9999955469772034 -0.0000016132365961646146
outer loop
vertex -61.656333923339844 -47.314212799072266 -1.6659828424453735
vertex -56.056331634521484 -47.3309211730957 -4
vertex -45.50001907348633 -47.362422943115234 -4.949999809265137
endloop
endfacet
facet normal -0.0029841509118816102 -0.9999955474117549 0
outer loop
vertex -56.056331634521484 -47.3309211730957 -4
vertex -56.056331634521484 -47.3309211730957 -5
vertex -45.50001907348633 -47.362422943115234 -4.949999809265137
endloop
endfacet
facet normal -0.0029839492812240844 -0.9999955480134335 0
outer loop
vertex -30.500019073486328 -47.40718078613281 -4.949999809265137
vertex -30.500019073486328 -47.40718078613281 -9.949999809265137
vertex 55.46214294433594 -47.66368865966797 -1.5604537725448608
endloop
endfacet
facet normal 0.0009474236791330237 0.9999995511940855 0
outer loop
vertex -63.056331634521484 44.69578552246094 -6.162460803985596
vertex -68.02489471435547 44.70049285888672 -6.135359287261963
vertex -63.056331634521484 44.69578552246094 -3.5
endloop
endfacet
facet normal 0.0009491049447648401 0.9999995020945804 0.00030823756318557185
outer loop
vertex -67.96435546875 44.700443267822266 -6.160881996154785
vertex -68.02489471435547 44.70049285888672 -6.135359287261963
vertex -63.056331634521484 44.69578552246094 -6.162460803985596
endloop
endfacet
facet normal 0.3813388858333755 -0.9244353163695986 0
outer loop
vertex 68.27469635009766 -47.67440414428711 -18.424104690551758
vertex 68.20846557617188 -47.701725006103516 -1
vertex 68.20846557617188 -47.701725006103516 -18.411178588867188
endloop
endfacet
facet normal 0.3813014126896428 -0.924450773530346 -1.6667589613806515e-7
outer loop
vertex 68.27469635009766 -47.67440414428711 -18.424104690551758
vertex 69.31607818603516 -47.244873046875 -18.364501953125
vertex 68.20846557617188 -47.701725006103516 -1
endloop
endfacet
facet normal 0.707122178009248 -0.7070913840285831 0
outer loop
vertex 69.31607818603516 -47.244873046875 -18.364501953125
vertex 69.40367126464844 -47.15727615356445 -18.395275115966797
vertex 69.31607818603516 -47.244873046875 -1
endloop
endfacet
facet normal 0.7071067723395362 -0.7071067900335416 -1.5515409746960525e-7
outer loop
vertex 69.31607818603516 -47.244873046875 -1
vertex 69.40367126464844 -47.15727615356445 -18.395275115966797
vertex 69.42977905273438 -47.131168365478516 -18.398252487182617
endloop
endfacet
facet normal 0.7071073743796346 -0.7071061879929474 -1.4728507067951553e-7
outer loop
vertex 69.31607818603516 -47.244873046875 -1
vertex 69.42977905273438 -47.131168365478516 -18.398252487182617
vertex 71.74325561523438 -44.81768798828125 -18.07723045349121
endloop
endfacet
facet normal 0.9238735898905976 -0.3826977788054952 0
outer loop
vertex 71.8239974975586 -44.62276840209961 -18.12479591369629
vertex 71.74325561523438 -44.81768798828125 -1
vertex 71.74325561523438 -44.81768798828125 -18.07723045349121
endloop
endfacet
facet normal 0.9238796840138608 -0.38268306660526574 1.9619194184053571e-7
outer loop
vertex 71.74325561523438 -44.81768798828125 -1
vertex 71.8239974975586 -44.62276840209961 -18.12479591369629
vertex 72.19998168945312 -43.71506118774414 -18.00263214111328
endloop
endfacet
facet normal 1 0 0
outer loop
vertex 72.19998168945312 -43.71506118774414 -18.00263214111328
vertex 72.19998168945312 -43.440860748291016 -18.06536102294922
vertex 72.19998168945312 40.526676177978516 -6.4139018058776855
endloop
endfacet
facet normal -0.002983944235478743 -0.9999955480284898 0
outer loop
vertex -30.500019073486328 -47.40718078613281 -9.949999809265137
vertex 53.208465576171875 -47.65696334838867 -5
vertex 53.208465576171875 -47.65696334838867 -4
endloop
endfacet
facet normal -0.3597727951810681 0.933039942881936 0.000028887276556254442
outer loop
vertex -68.90910339355469 44.35955047607422 -6.182669162750244
vertex -69.06909942626953 44.297855377197266 -6.121340274810791
vertex -68.02489471435547 44.70049285888672 -6.135359287261963
endloop
endfacet
facet normal -0.0029838700695880038 -0.9999955482492505 -0.0000010434234735642124
outer loop
vertex -30.500019073486328 -47.40718078613281 -9.949999809265137
vertex 53.208465576171875 -47.65696334838867 -4
vertex 58.808467864990234 -47.673675537109375 -1.6662371158599854
endloop
endfacet
facet normal -0.0029858783346092543 -0.9999955420600029 0.000019765923688000942
outer loop
vertex 55.46214294433594 -47.66368865966797 -1.5604537725448608
vertex -30.500019073486328 -47.40718078613281 -9.949999809265137
vertex 56.147972106933594 -47.66573715209961 -1.5949000120162964
endloop
endfacet
facet normal -0.0029824199432860773 -0.9999955524461418 -0.000016100236327238427
outer loop
vertex 56.147972106933594 -47.66573715209961 -1.5949000120162964
vertex -30.500019073486328 -47.40718078613281 -9.949999809265137
vertex 56.8452262878418 -47.667816162109375 -1.6262046098709106
endloop
endfacet
facet normal -0.002982649388990645 -0.9999955517976751 -0.000013692541291997162
outer loop
vertex 56.8452262878418 -47.667816162109375 -1.6262046098709106
vertex -30.500019073486328 -47.40718078613281 -9.949999809265137
vertex 58.06294631958008 -47.67144775390625 -1.6595268249511719
endloop
endfacet
facet normal -0.002987832613411878 -0.9999955355496534 0.000041677763843321115
outer loop
vertex 58.06294631958008 -47.67144775390625 -1.6595268249511719
vertex -30.500019073486328 -47.40718078613281 -9.949999809265137
vertex 58.808467864990234 -47.673675537109375 -1.6662371158599854
endloop
endfacet
facet normal -0.0029839288390139046 -0.999995548074432 0
outer loop
vertex 54.708465576171875 -47.66143798828125 -1
vertex -44.00001907348633 -47.36689758300781 -3.450000047683716
vertex 54.708465576171875 -47.66143798828125 -1.5089677572250366
endloop
endfacet
facet normal -0.0029847875343776116 -0.9999955452857899 0.000021259116199280806
outer loop
vertex 54.708465576171875 -47.66143798828125 -1.5089677572250366
vertex -30.500019073486328 -47.40718078613281 -4.949999809265137
vertex 55.46214294433594 -47.66368865966797 -1.5604537725448608
endloop
endfacet
facet normal -0.0029840336503470185 -0.9999955477616731 7.111008656707937e-8
outer loop
vertex 53.208465576171875 -47.65696334838867 -5
vertex 68.20846557617188 -47.701725006103516 -18.411178588867188
vertex 65.20846557617188 -47.692771911621094 -5
endloop
endfacet
facet normal -0.002984351537539409 -0.9999955468130347 0
outer loop
vertex 65.20846557617188 -47.692771911621094 -5
vertex 68.20846557617188 -47.701725006103516 -18.411178588867188
vertex 65.20846557617188 -47.692771911621094 -4
endloop
endfacet
facet normal -0.002984351537539409 -0.9999955468130347 0
outer loop
vertex 65.20846557617188 -47.692771911621094 -4
vertex 68.20846557617188 -47.701725006103516 -18.411178588867188
vertex 68.20846557617188 -47.701725006103516 -1
endloop
endfacet
facet normal 0.38130364582049225 -0.9244498524441446 0
outer loop
vertex 68.20846557617188 -47.701725006103516 -1
vertex 69.31607818603516 -47.244873046875 -18.364501953125
vertex 69.31607818603516 -47.244873046875 -1
endloop
endfacet
facet normal 0.707107892515251 -0.7071056698560974 0
outer loop
vertex 69.31607818603516 -47.244873046875 -1
vertex 71.74325561523438 -44.81768798828125 -18.07723045349121
vertex 71.74325561523438 -44.81768798828125 -1
endloop
endfacet
facet normal 0.9238777215164165 -0.3826878044641719 -1.6377667417639366e-7
outer loop
vertex 71.74325561523438 -44.81768798828125 -1
vertex 72.19998168945312 -43.71506118774414 -18.00263214111328
vertex 71.88932037353516 -44.46506118774414 -1
endloop
endfacet
facet normal -0.0029838259644400108 -0.9999955483778888 -0.0000026494041484506234
outer loop
vertex -30.93935775756836 -47.4058723449707 -3.8893399238586426
vertex -30.614198684692383 -47.40684127807617 -4.375974655151367
vertex 54.708465576171875 -47.66143798828125 -1.5089677572250366
endloop
endfacet
facet normal -0.0029843049053564414 -0.9999955469522012 0
outer loop
vertex 58.808467864990234 -47.673675537109375 -1.6662371158599854
vertex 53.208465576171875 -47.65696334838867 -4
vertex 58.808467864990234 -47.673675537109375 -4
endloop
endfacet
facet normal -0.002984306938234463 -0.999995546945862 -7.380468739197939e-7
outer loop
vertex 59.60846710205078 -47.67605972290039 -4
vertex 65.20846557617188 -47.692771911621094 -4
vertex 63.708465576171875 -47.688297271728516 -1.5063364505767822
endloop
endfacet
facet normal 0.0007887682038937639 0.9999996889223118 0
outer loop
vertex -68.02489471435547 44.70049285888672 -1
vertex -63.25633239746094 44.69673156738281 -1.100000023841858
vertex -63.25633239746094 44.69673156738281 -2.5
endloop
endfacet
facet normal 0.0007883697770033651 0.9999993784729015 -0.0007883697770033651
outer loop
vertex -63.056331634521484 44.69578552246094 -3.5
vertex -63.25633239746094 44.69673156738281 -2.5
vertex -60.85633087158203 44.69483947753906 -2.5
endloop
endfacet
facet normal -0.7110914193518224 -0.7030995614528246 0.0000030093593322070994
outer loop
vertex -71.15766143798828 -47.18368148803711 -18.406475067138672
vertex -71.09825134277344 -47.24376678466797 -18.385467529296875
vertex -72.81034088134766 -45.512142181396484 -1
endloop
endfacet
facet normal -0.0029842323333998683 -0.9999955471687537 -2.123715119014453e-7
outer loop
vertex 61.576847076416016 -47.68193435668945 -1.6246042251586914
vertex 59.60846710205078 -47.67605972290039 -4
vertex 62.230045318603516 -47.68388366699219 -1.5949000120162964
endloop
endfacet
facet normal -0.002983758466166387 -0.9999955485825345 -7.288951842565188e-7
outer loop
vertex 62.230045318603516 -47.68388366699219 -1.5949000120162964
vertex 59.60846710205078 -47.67605972290039 -4
vertex 62.96772003173828 -47.68608474731445 -1.5573723316192627
endloop
endfacet
facet normal -0.002983954417693259 -0.9999955479980974 1.3345015177183539e-7
outer loop
vertex -44.00001907348633 -47.36689758300781 -11.449999809265137
vertex -71.05633544921875 -47.286163330078125 -18.353515625
vertex 68.20846557617188 -47.701725006103516 -18.411178588867188
endloop
endfacet
facet normal 0.9328999291539773 0.3601356996806954 0
outer loop
vertex 71.91044616699219 41.276676177978516 -1
vertex 71.79737091064453 41.56958770751953 -6.374736785888672
vertex 71.79737091064453 41.56958770751953 -1
endloop
endfacet
facet normal 0.9328972890209524 0.3601425386387649 4.2825229939274696e-7
outer loop
vertex 72.19998168945312 40.526676177978516 -1
vertex 71.79737091064453 41.56958770751953 -6.374736785888672
vertex 71.91044616699219 41.276676177978516 -1
endloop
endfacet
facet normal -0.00298362371879185 -0.9999955489845817 7.278252282470718e-7
outer loop
vertex -71.05633544921875 -47.286163330078125 -1
vertex -68.05633544921875 -47.29511642456055 -4
vertex -62.45633316040039 -47.311824798583984 -4
endloop
endfacet
facet normal -0.7111249465536018 -0.7030656515402166 -0.0000036698289148295668
outer loop
vertex -72.81034088134766 -45.512142181396484 -1
vertex -71.09825134277344 -47.24376678466797 -18.385467529296875
vertex -71.05633544921875 -47.286163330078125 -18.353515625
endloop
endfacet
facet normal 1 0 0
outer loop
vertex 72.19998168945312 -2.21781587600708 -1
vertex 72.19998168945312 -22.717815399169922 -1
vertex 72.19998168945312 40.526676177978516 -6.4139018058776855
endloop
endfacet
facet normal -0.002987146027243671 -0.9999955384616311 0.0000039299302613784906
outer loop
vertex 62.96772003173828 -47.68608474731445 -1.5573723316192627
vertex 59.60846710205078 -47.67605972290039 -4
vertex 63.708465576171875 -47.688297271728516 -1.5063364505767822
endloop
endfacet
facet normal 1 0 0
outer loop
vertex 72.19998168945312 40.526676177978516 -6.4139018058776855
vertex 72.19998168945312 40.526676177978516 -1
vertex 72.19998168945312 20.77667808532715 -1
endloop
endfacet
facet normal 0.0007883712748737001 0.9999996889726089 -0.00002292200423451507
outer loop
vertex 58.00846862792969 44.60114288330078 -1.100000023841858
vertex 68.36136627197266 44.59298324584961 -1
vertex 60.40846633911133 44.59925079345703 -1.100000023841858
endloop
endfacet
facet normal 0.000788083053228907 0.9999996894625024 0
outer loop
vertex 68.36136627197266 44.59298324584961 -1
vertex 60.40846633911133 44.59925079345703 -2.5
vertex 60.40846633911133 44.59925079345703 -1.100000023841858
endloop
endfacet
facet normal -0.0029836237187926408 -0.9999955489848467 0
outer loop
vertex -61.656333923339844 -47.314212799072266 -1.6659828424453735
vertex -61.656333923339844 -47.314212799072266 -4
vertex -56.056331634521484 -47.3309211730957 -4
endloop
endfacet
facet normal 0.0007880582622672896 0.9999996894820395 0
outer loop
vertex 60.20838928222656 44.59940719604492 -6.174901485443115
vertex 60.20838928222656 44.59940719604492 -3.5
vertex 68.292236328125 44.59303665161133 -6.175786018371582
endloop
endfacet
facet normal -0.9999650551818172 0.008359929138450312 1.592840194978555e-7
outer loop
vertex -72.81034088134766 -45.512142181396484 -18.174530029296875
vertex -72.25320434570312 21.12889289855957 -1
vertex -72.08809661865234 40.87820053100586 -6.367452621459961
endloop
endfacet
facet normal 0.0007882727985140318 0.9999996892319631 -0.000012726828782837038
outer loop
vertex 58.00846862792969 44.60114288330078 -1.100000023841858
vertex -68.02489471435547 44.70049285888672 -1
vertex 68.36136627197266 44.59298324584961 -1
endloop
endfacet
facet normal 0.0005241559598736302 0.999999508810602 -0.0008412128653137768
outer loop
vertex -63.25633239746094 44.69673156738281 -2.5
vertex -63.056331634521484 44.69578552246094 -3.5
vertex -68.02489471435547 44.70049285888672 -1
endloop
endfacet
facet normal -0.002986546003424238 -0.999995540251494 -0.0000044824302259531445
outer loop
vertex -66.55633544921875 -47.299591064453125 -1.5089677572250366
vertex -62.45633316040039 -47.311824798583984 -4
vertex -65.80265808105469 -47.301841735839844 -1.5604537725448608
endloop
endfacet
facet normal -0.0029811632800919156 -0.9999955563186673 0.000002901115707639398
outer loop
vertex -65.80265808105469 -47.301841735839844 -1.5604537725448608
vertex -62.45633316040039 -47.311824798583984 -4
vertex -65.11682891845703 -47.30388641357422 -1.5949000120162964
endloop
endfacet
facet normal -0.7111070874150662 -0.7030837149501198 0
outer loop
vertex -71.15766143798828 -47.18368148803711 -18.406475067138672
vertex -72.81034088134766 -45.512142181396484 -1
vertex -72.81034088134766 -45.512142181396484 -18.174530029296875
endloop
endfacet
facet normal -0.0029815707740651095 -0.999995555104979 0.0000024503462480504075
outer loop
vertex -65.11682891845703 -47.30388641357422 -1.5949000120162964
vertex -62.45633316040039 -47.311824798583984 -4
vertex -64.41957092285156 -47.305965423583984 -1.6262046098709106
endloop
endfacet
facet normal -0.0029839517156597215 -0.9999955480061465 -2.1244107925275472e-7
outer loop
vertex -71.05633544921875 -47.286163330078125 -1
vertex -62.45633316040039 -47.311824798583984 -4
vertex -66.55633544921875 -47.299591064453125 -1.5089677572250366
endloop
endfacet
facet normal 0.0007882826747071351 0.9999996893051641 0
outer loop
vertex 58.00846862792969 44.60114288330078 -2.5
vertex -61.05641174316406 44.69499969482422 -3.5
vertex 58.00846862792969 44.60114288330078 -1.100000023841858
endloop
endfacet
facet normal 0.0007948928407194131 0.9999993743343242 -0.0007870681876437187
outer loop
vertex 58.208465576171875 44.600196838378906 -3.5
vertex -61.05641174316406 44.69499969482422 -3.5
vertex 58.00846862792969 44.60114288330078 -2.5
endloop
endfacet
facet normal -0.9999650407548155 0.00836165208697167 -0.000006526611342215131
outer loop
vertex -72.2696304321289 19.164506912231445 -1
vertex -72.25320434570312 21.12889289855957 -1
vertex -72.81034088134766 -45.512142181396484 -18.174530029296875
endloop
endfacet
facet normal 0.0007948930522812448 0.9999996404855442 0.0002952521255513862
outer loop
vertex 58.20854568481445 44.60098648071289 -6.1746826171875
vertex -61.05641174316406 44.69499969482422 -3.5
vertex 58.208465576171875 44.600196838378906 -3.5
endloop
endfacet
facet normal -0.002983904943910437 -0.9999955481456454 -4.1945692744265804e-7
outer loop
vertex -32.00001907348633 -47.402706146240234 -3.450000047683716
vertex -31.425992965698242 -47.4044189453125 -3.564180612564087
vertex 54.708465576171875 -47.66143798828125 -1.5089677572250366
endloop
endfacet
facet normal 0.0007816574025307879 0.9999996943188321 -0.000019337720404347397
outer loop
vertex 68.36136627197266 44.59298324584961 -6.143197536468506
vertex 68.292236328125 44.59303665161133 -6.175786018371582
vertex 60.20838928222656 44.59940719604492 -3.5
endloop
endfacet
facet normal 1 0 0
outer loop
vertex 72.19998168945312 40.526676177978516 -6.4139018058776855
vertex 72.19998168945312 20.77667808532715 -1
vertex 72.19998168945312 19.529430389404297 -1
endloop
endfacet
facet normal 0.9328947838351408 0.3601490278942677 0
outer loop
vertex 72.09542846679688 40.79750061035156 -6.481873035430908
vertex 72.19998168945312 40.526676177978516 -1
vertex 72.19998168945312 40.526676177978516 -6.4139018058776855
endloop
endfacet
facet normal -0.002984033650304638 -0.9999955477474707 0.000005330081336917624
outer loop
vertex -44.00001907348633 -47.36689758300781 -3.450000047683716
vertex -32.00001907348633 -47.402706146240234 -3.450000047683716
vertex 54.708465576171875 -47.66143798828125 -1.5089677572250366
endloop
endfacet
facet normal -0.0029839270372012316 -0.9999955480798061 -7.259419510437692e-8
outer loop
vertex -44.00001907348633 -47.36689758300781 -3.450000047683716
vertex 54.708465576171875 -47.66143798828125 -1
vertex -57.556331634521484 -47.326446533203125 -1
endloop
endfacet
facet normal 0.9328991394998588 0.36013774520315545 -6.40479481466214e-7
outer loop
vertex 71.79737091064453 41.56958770751953 -6.374736785888672
vertex 72.19998168945312 40.526676177978516 -1
vertex 72.09542846679688 40.79750061035156 -6.481873035430908
endloop
endfacet
facet normal -0.0029840081284892715 -0.9999955478302088 0.000003905072708446543
outer loop
vertex -31.425992965698242 -47.4044189453125 -3.564180612564087
vertex -30.93935775756836 -47.4058723449707 -3.8893399238586426
vertex 54.708465576171875 -47.66143798828125 -1.5089677572250366
endloop
endfacet
facet normal 0.7405997157763746 0.6719464718198032 9.335079009000451e-7
outer loop
vertex 71.79737091064453 41.56958770751953 -1
vertex 71.61949920654297 41.76564025878906 -6.448925018310547
vertex 69.52066040039062 44.07891845703125 -6.127931118011475
endloop
endfacet
facet normal 0.001042032809628617 0.9999985506466627 -0.001346429425469264
outer loop
vertex 68.36136627197266 44.59298324584961 -1
vertex 58.208465576171875 44.600196838378906 -3.5
vertex 60.40846633911133 44.59925079345703 -2.5
endloop
endfacet
facet normal 0.00039483587358990187 0.9999991003634332 0.0012819426495948936
outer loop
vertex 60.20838928222656 44.59940719604492 -3.5
vertex 58.208465576171875 44.600196838378906 -3.5
vertex 68.36136627197266 44.59298324584961 -1
endloop
endfacet
facet normal -0.0029830799887644484 -0.9999955506069919 0
outer loop
vertex 63.708465576171875 -47.688297271728516 -1.5063364505767822
vertex 65.20846557617188 -47.692771911621094 -4
vertex 63.708465576171875 -47.688297271728516 -1
endloop
endfacet
facet normal -0.0029839276879490956 -0.9999955480777769 -4.2385336476549655e-7
outer loop
vertex 63.708465576171875 -47.688297271728516 -1
vertex 65.20846557617188 -47.692771911621094 -4
vertex 68.20846557617188 -47.701725006103516 -1
endloop
endfacet
facet normal -0.0029840336503450743 -0.9999955477610216 -0.000001143726524184012
outer loop
vertex -32.00001907348633 -47.402706146240234 -11.449999809265137
vertex -44.00001907348633 -47.36689758300781 -11.449999809265137
vertex 68.20846557617188 -47.701725006103516 -18.411178588867188
endloop
endfacet
facet normal -0.6719460582581813 0.7406000909403008 0.000009513725123633517
outer loop
vertex -71.38494110107422 42.19669723510742 -6.412900447845459
vertex -71.57449340820312 42.024715423583984 -6.326746463775635
vertex -69.06909942626953 44.297855377197266 -6.121340274810791
endloop
endfacet
facet normal -0.9126136728849734 0.4088230472550785 -0.000009821942559022702
outer loop
vertex -71.96873474121094 41.144649505615234 -6.44886589050293
vertex -72.08809661865234 40.87820053100586 -6.367452621459961
vertex -71.57449340820312 42.024715423583984 -6.326746463775635
endloop
endfacet
facet normal 0.7406126273011762 0.6719322408413286 0
outer loop
vertex 71.79737091064453 41.56958770751953 -6.374736785888672
vertex 71.61949920654297 41.76564025878906 -6.448925018310547
vertex 71.79737091064453 41.56958770751953 -1
endloop
endfacet
facet normal 0.405363155175813 0.9141557375118906 2.9257837868476093e-8
outer loop
vertex 69.3456039428711 44.15654373168945 -6.203758239746094
vertex 68.36136627197266 44.59298324584961 -6.143197536468506
vertex 69.52066040039062 44.07891845703125 -1
endloop
endfacet
facet normal 0.40536388198658274 0.9141554152225801 0
outer loop
vertex 69.52066040039062 44.07891845703125 -6.127931118011475
vertex 69.3456039428711 44.15654373168945 -6.203758239746094
vertex 69.52066040039062 44.07891845703125 -1
endloop
endfacet
facet normal 0.0007879266934404351 0.9999996895857147 0
outer loop
vertex 68.36136627197266 44.59298324584961 -6.143197536468506
vertex 60.20838928222656 44.59940719604492 -3.5
vertex 68.36136627197266 44.59298324584961 -1
endloop
endfacet
facet normal -0.002983845460461379 -0.9999955483210846 -0.000002069193843077442
outer loop
vertex -30.614198684692383 -47.40684127807617 -4.375974655151367
vertex -30.500019073486328 -47.40718078613281 -4.949999809265137
vertex 54.708465576171875 -47.66143798828125 -1.5089677572250366
endloop
endfacet
facet normal 1 0 0
outer loop
vertex 72.19998168945312 40.526676177978516 -6.4139018058776855
vertex 72.19998168945312 -43.71506118774414 -1
vertex 72.19998168945312 -43.71506118774414 -18.00263214111328
endloop
endfacet
facet normal 0.0007883710300820816 0.9999993784697404 -0.000788372533780488
outer loop
vertex 58.208465576171875 44.600196838378906 -3.5
vertex 58.00846862792969 44.60114288330078 -2.5
vertex 60.40846633911133 44.59925079345703 -2.5
endloop
endfacet
facet normal -0.002984351537539409 -0.9999955468130347 0
outer loop
vertex -68.05633544921875 -47.29511642456055 -5
vertex -68.05633544921875 -47.29511642456055 -4
vertex -71.05633544921875 -47.286163330078125 -18.353515625
endloop
endfacet
facet normal -0.002983714814664756 -0.9999955487130352 -1.4304739579339205e-7
outer loop
vertex -68.05633544921875 -47.29511642456055 -5
vertex -71.05633544921875 -47.286163330078125 -18.353515625
vertex -56.056331634521484 -47.3309211730957 -5
endloop
endfacet
facet normal -0.002984351537539409 -0.9999955468130347 0
outer loop
vertex -68.05633544921875 -47.29511642456055 -4
vertex -71.05633544921875 -47.286163330078125 -1
vertex -71.05633544921875 -47.286163330078125 -18.353515625
endloop
endfacet
facet normal -0.002984152563397275 -0.9999955474067657 3.4868012434943264e-7
outer loop
vertex -56.056331634521484 -47.3309211730957 -5
vertex -71.05633544921875 -47.286163330078125 -18.353515625
vertex -45.50001907348633 -47.362422943115234 -4.949999809265137
endloop
endfacet
facet normal -0.7111090846687086 -0.7030816948985724 -4.2650401733229386e-7
outer loop
vertex -72.0625991821289 -46.2684211730957 -1
vertex -72.81034088134766 -45.512142181396484 -1
vertex -71.05633544921875 -47.286163330078125 -18.353515625
endloop
endfacet
facet normal -0.7111054487534008 -0.703085372307819 0
outer loop
vertex -72.0625991821289 -46.2684211730957 -1
vertex -71.05633544921875 -47.286163330078125 -18.353515625
vertex -71.05633544921875 -47.286163330078125 -1
endloop
endfacet
facet normal 1 0 0
outer loop
vertex 72.19998168945312 -23.965063095092773 -1
vertex 72.19998168945312 -43.71506118774414 -1
vertex 72.19998168945312 40.526676177978516 -6.4139018058776855
endloop
endfacet
facet normal -0.9999650555504679 0.008359885044055083 0
outer loop
vertex -72.81034088134766 -45.512142181396484 -18.174530029296875
vertex -72.81034088134766 -45.512142181396484 -1
vertex -72.64523315429688 -25.762832641601562 -1
endloop
endfacet
facet normal -0.0029839276879493636 -0.9999955480778667 0
outer loop
vertex -71.05633544921875 -47.286163330078125 -1
vertex -66.55633544921875 -47.299591064453125 -1.5089677572250366
vertex -66.55633544921875 -47.299591064453125 -1
endloop
endfacet
facet normal -0.9999650407740484 0.008361652087132495 -0.000002032097550700725
outer loop
vertex -72.81034088134766 -45.512142181396484 -18.174530029296875
vertex -72.64523315429688 -25.762832641601562 -1
vertex -72.6288070678711 -23.798446655273438 -1
endloop
endfacet
facet normal 1 0 0
outer loop
vertex 72.19998168945312 -22.717815399169922 -1
vertex 72.19998168945312 -23.965063095092773 -1
vertex 72.19998168945312 40.526676177978516 -6.4139018058776855
endloop
endfacet
facet normal 0 0.1374445189342084 -0.990509466999152
outer loop
vertex -71.83552551269531 -44.71500778198242 -19.222999572753906
vertex -57.50001907348633 -26.499948501586914 -16.695451736450195
vertex -38.50001907348633 -26.499948501586914 -16.695451736450195
endloop
endfacet
facet normal -1.952171246825191e-9 0.1374445427936198 -0.9905094636883853
outer loop
vertex 68.01567077636719 -46.33110427856445 -19.44725227355957
vertex -38.308677673339844 -11.538009643554688 -14.619311332702637
vertex -71.11827087402344 41.07959747314453 -7.318015098571777
endloop
endfacet
facet normal -2.7579664619303886e-9 0.13744416773218382 -0.9905095157323868
outer loop
vertex -61.22394561767578 44.141929626464844 -6.893081188201904
vertex 58.50136184692383 43.893089294433594 -6.927610874176025
vertex 58.652896881103516 43.76872634887695 -6.9448676109313965
endloop
endfacet
facet normal 2.713429707490886e-8 0.13745083573212966 -0.9905085904506524
outer loop
vertex -61.22394561767578 44.141929626464844 -6.893081188201904
vertex 58.825782775878906 43.67631530761719 -6.957690238952637
vertex 59.01337814331055 43.61941146850586 -6.9655866622924805
endloop
endfacet
facet normal -1.712777873275837e-8 0.13743963919091629 -0.9905101441071011
outer loop
vertex 58.825782775878906 43.67631530761719 -6.957690238952637
vertex -61.22394561767578 44.141929626464844 -6.893081188201904
vertex 58.652896881103516 43.76872634887695 -6.9448676109313965
endloop
endfacet
facet normal -3.15991979999001e-11 0.13744545469717526 -0.9905093371508856
outer loop
vertex 58.50136184692383 43.893089294433594 -6.927610874176025
vertex -61.22394561767578 44.141929626464844 -6.893081188201904
vertex 58.37538146972656 44.04765319824219 -6.906163215637207
endloop
endfacet
facet normal -0.0000021226760331093073 0.13743818448992448 -0.9905103459528364
outer loop
vertex -38.14646530151367 -11.646395683288574 -14.634350776672363
vertex -38.308677673339844 -11.538009643554688 -14.619311332702637
vertex 68.01567077636719 -46.33110427856445 -19.44725227355957
endloop
endfacet
facet normal 0.000002241919734115943 0.137451291175167 -0.9905085272471172
outer loop
vertex 68.01567077636719 -46.33110427856445 -19.44725227355957
vertex -38.03807830810547 -11.80860710144043 -14.6568603515625
vertex -38.14646530151367 -11.646395683288574 -14.634350776672363
endloop
endfacet
facet normal -0.0000011717859093929032 0.13744100232023135 -0.9905099549625118
outer loop
vertex 68.01567077636719 -46.33110427856445 -19.44725227355957
vertex -38.00001907348633 -11.99994945526123 -14.68341064453125
vertex -38.03807830810547 -11.80860710144043 -14.6568603515625
endloop
endfacet
facet normal 1.8082181861469324e-8 0.13744460725926694 -0.9905094547430354
outer loop
vertex 68.01567077636719 -46.33110427856445 -19.44725227355957
vertex -38.00001907348633 -25.999948501586914 -16.62607192993164
vertex -38.00001907348633 -11.99994945526123 -14.68341064453125
endloop
endfacet
facet normal -4.917392313044237e-7 0.13744199904367568 -0.9905098166593991
outer loop
vertex 68.01567077636719 -46.33110427856445 -19.44725227355957
vertex -38.03807830810547 -26.1912899017334 -16.65262222290039
vertex -38.00001907348633 -25.999948501586914 -16.62607192993164
endloop
endfacet
facet normal -2.1028799883289653e-7 0.1374434531330152 -0.9905096148906524
outer loop
vertex 68.01567077636719 -46.33110427856445 -19.44725227355957
vertex -38.14646530151367 -26.35350227355957 -16.67513084411621
vertex -38.03807830810547 -26.1912899017334 -16.65262222290039
endloop
endfacet
facet normal -6.636729646138299e-7 0.1374410893325828 -0.9905099428893344
outer loop
vertex 68.01567077636719 -46.33110427856445 -19.44725227355957
vertex -38.308677673339844 -26.461889266967773 -16.690170288085938
vertex -38.14646530151367 -26.35350227355957 -16.67513084411621
endloop
endfacet
facet normal -2.648735123880267e-9 0.1374445597903543 -0.9905094613298935
outer loop
vertex -38.308677673339844 -26.461889266967773 -16.690170288085938
vertex 68.01567077636719 -46.33110427856445 -19.44725227355957
vertex -70.6467514038086 -45.91733932495117 -19.38983726501465
endloop
endfacet
facet normal 3.7764914692239836e-7 0.13744516947483848 -0.9905093767289083
outer loop
vertex 70.91751861572266 -43.868247985839844 -19.10550308227539
vertex -71.11827087402344 41.07959747314453 -7.318015098571777
vertex 71.22845458984375 -43.11759567260742 -19.001340866088867
endloop
endfacet
facet normal -3.798598222589507e-8 0.13744448764672773 -0.9905094713406465
outer loop
vertex 68.76285552978516 -46.02291488647461 -19.40448760986328
vertex -71.11827087402344 41.07959747314453 -7.318015098571777
vertex 70.91751861572266 -43.868247985839844 -19.10550308227539
endloop
endfacet
facet normal -1.1872032097050656e-7 0.13744436044178113 -0.9905094889917692
outer loop
vertex 68.01567077636719 -46.33110427856445 -19.44725227355957
vertex -71.11827087402344 41.07959747314453 -7.318015098571777
vertex 68.76285552978516 -46.02291488647461 -19.40448760986328
endloop
endfacet
facet normal 6.56465807853481e-8 0.13744458354906033 -0.9905094580330979
outer loop
vertex -62.25142288208008 43.71500015258789 -6.952322483062744
vertex -68.54707336425781 43.8755989074707 -6.930037975311279
vertex -67.84283447265625 44.14714813232422 -6.892357349395752
endloop
endfacet
facet normal 2.9249247397061407e-8 0.13744420599590693 -0.99050951042287
outer loop
vertex -67.84283447265625 44.14714813232422 -6.892357349395752
vertex -62.7634391784668 43.988677978515625 -6.914346694946289
vertex -62.61190414428711 43.864315032958984 -6.93160343170166
endloop
endfacet
facet normal -2.1584849439425814e-7 0.13744101018561872 -0.9905099538717974
outer loop
vertex -62.25142288208008 43.71500015258789 -6.952322483062744
vertex -67.84283447265625 44.14714813232422 -6.892357349395752
vertex -62.43901443481445 43.771907806396484 -6.9444260597229
endloop
endfacet
facet normal 9.576404417097178e-8 0.1374454129319763 -0.9905093429463193
outer loop
vertex -62.43901443481445 43.771907806396484 -6.9444260597229
vertex -67.84283447265625 44.14714813232422 -6.892357349395752
vertex -62.61190414428711 43.864315032958984 -6.93160343170166
endloop
endfacet
facet normal 7.075722008143668e-8 0.13744551130502233 -0.9905093292958407
outer loop
vertex -62.7634391784668 43.988677978515625 -6.914346694946289
vertex -67.84283447265625 44.14714813232422 -6.892357349395752
vertex -62.88941955566406 44.14324188232422 -6.892899036407471
endloop
endfacet
facet normal -6.13689875785222e-10 0.137444571231579 -0.9905094597422921
outer loop
vertex 59.01337814331055 43.61941146850586 -6.9655866622924805
vertex 71.22845458984375 40.75807571411133 -7.3626298904418945
vertex -61.22394561767578 44.141929626464844 -6.893081188201904
endloop
endfacet
facet normal -1.816145123608191e-8 0.13744453714808103 -0.9905094644717686
outer loop
vertex -58.00001907348633 -11.99994945526123 -14.68341064453125
vertex -71.83552551269531 -44.71500778198242 -19.222999572753906
vertex -71.11827087402344 41.07959747314453 -7.318015098571777
endloop
endfacet
facet normal -1.4479840801172767e-7 0.13744441052104023 -0.9905094820427026
outer loop
vertex 70.95429992675781 41.46824645996094 -7.264085292816162
vertex 68.15345764160156 44.03994369506836 -6.907232761383057
vertex 68.93572235107422 43.69306564331055 -6.955366134643555
endloop
endfacet
facet normal -0.000007564853568914071 0.13744270726375957 -0.9905097183585739
outer loop
vertex -57.96195983886719 -11.80860710144043 -14.6568603515625
vertex -58.00001907348633 -11.99994945526123 -14.68341064453125
vertex -71.11827087402344 41.07959747314453 -7.318015098571777
endloop
endfacet
facet normal -9.673129994956789e-9 0.13744418259350083 -0.9905095136702142
outer loop
vertex 71.22845458984375 40.75807571411133 -7.3626298904418945
vertex -61.500762939453125 43.864315032958984 -6.93160343170166
vertex -61.34922409057617 43.988677978515625 -6.914346694946289
endloop
endfacet
facet normal 1.483217296741015e-8 0.13744520992107268 -0.9905093711165744
outer loop
vertex 71.22845458984375 40.75807571411133 -7.3626298904418945
vertex -61.673648834228516 43.771907806396484 -6.9444260597229
vertex -61.500762939453125 43.864315032958984 -6.93160343170166
endloop
endfacet
facet normal -6.150617966870768e-8 0.13744190719235924 -0.9905098294046975
outer loop
vertex 71.22845458984375 40.75807571411133 -7.3626298904418945
vertex -61.86124038696289 43.71500015258789 -6.952322483062744
vertex -61.673648834228516 43.771907806396484 -6.9444260597229
endloop
endfacet
facet normal -7.151573803347252e-10 0.13744459167736303 -0.9905094569052044
outer loop
vertex -61.86124038696289 43.71500015258789 -6.952322483062744
vertex 71.22845458984375 40.75807571411133 -7.3626298904418945
vertex -70.76871490478516 41.85990524291992 -7.209738254547119
endloop
endfacet
facet normal 0.000002394722400360032 0.13744021912607204 -0.9905100636343088
outer loop
vertex -38.308677673339844 -26.461889266967773 -16.690170288085938
vertex -71.83552551269531 -44.71500778198242 -19.222999572753906
vertex -38.50001907348633 -26.499948501586914 -16.695451736450195
endloop
endfacet
facet normal -1.8713654409870976e-7 0.13744460725926458 -0.9905094547430183
outer loop
vertex -58.00001907348633 -25.999948501586914 -16.62607192993164
vertex -71.83552551269531 -44.71500778198242 -19.222999572753906
vertex -58.00001907348633 -11.99994945526123 -14.68341064453125
endloop
endfacet
facet normal 0.00000279040776787602 0.13744244762843302 -0.9905097544103839
outer loop
vertex -57.96195983886719 -26.1912899017334 -16.65262222290039
vertex -71.83552551269531 -44.71500778198242 -19.222999572753906
vertex -58.00001907348633 -25.999948501586914 -16.62607192993164
endloop
endfacet
facet normal 8.506951268212843e-7 0.13744387295646263 -0.9905095566353735
outer loop
vertex -57.853572845458984 -26.35350227355957 -16.67513084411621
vertex -71.83552551269531 -44.71500778198242 -19.222999572753906
vertex -57.96195983886719 -26.1912899017334 -16.65262222290039
endloop
endfacet
facet normal 0.00000198321281666557 0.13744302685591706 -0.990509674038952
outer loop
vertex -57.69136047363281 -26.461889266967773 -16.690170288085938
vertex -71.83552551269531 -44.71500778198242 -19.222999572753906
vertex -57.853572845458984 -26.35350227355957 -16.67513084411621
endloop
endfacet
facet normal -0.0000013168466683333523 0.1374455357325756 -0.9905093259053402
outer loop
vertex -71.83552551269531 -44.71500778198242 -19.222999572753906
vertex -57.69136047363281 -26.461889266967773 -16.690170288085938
vertex -57.50001907348633 -26.499948501586914 -16.695451736450195
endloop
endfacet
facet normal -1.218416274219304e-7 0.13744475416538374 -0.9905094343580996
outer loop
vertex -70.6467514038086 -45.91733932495117 -19.38983726501465
vertex -71.83552551269531 -44.71500778198242 -19.222999572753906
vertex -38.308677673339844 -26.461889266967773 -16.690170288085938
endloop
endfacet
facet normal 1.1615154709004273e-7 0.13744473572952126 -0.9905094369162915
outer loop
vertex -71.11827087402344 41.07959747314453 -7.318015098571777
vertex -70.76871490478516 41.85990524291992 -7.209738254547119
vertex 71.22845458984375 -43.11759567260742 -19.001340866088867
endloop
endfacet
facet normal -9.507948747867163e-7 0.13744396232159162 -0.9905095442349039
outer loop
vertex -38.308677673339844 -11.538009643554688 -14.619311332702637
vertex -38.50001907348633 -11.49994945526123 -14.614029884338379
vertex -71.11827087402344 41.07959747314453 -7.318015098571777
endloop
endfacet
facet normal 4.943490391149515e-7 0.13744509346821043 -0.9905093872756939
outer loop
vertex 71.22845458984375 40.75807571411133 -7.3626298904418945
vertex 68.15345764160156 44.03994369506836 -6.907232761383057
vertex 70.95429992675781 41.46824645996094 -7.264085292816162
endloop
endfacet
facet normal 4.3366596421763483e-8 0.13744467889576695 -0.9905094448026417
outer loop
vertex 59.91557312011719 43.893089294433594 -6.927610874176025
vertex 68.15345764160156 44.03994369506836 -6.907232761383057
vertex 71.22845458984375 40.75807571411133 -7.3626298904418945
endloop
endfacet
facet normal -7.481887964410629e-8 0.13744426047311886 -0.9905095028635474
outer loop
vertex 59.7640380859375 43.76872634887695 -6.9448676109313965
vertex 59.91557312011719 43.893089294433594 -6.927610874176025
vertex 71.22845458984375 40.75807571411133 -7.3626298904418945
endloop
endfacet
facet normal -8.739758501471227e-7 0.13744127480823395 -0.9905099171529398
outer loop
vertex 59.59115219116211 43.67631530761719 -6.957690238952637
vertex 59.7640380859375 43.76872634887695 -6.9448676109313965
vertex 71.22845458984375 40.75807571411133 -7.3626298904418945
endloop
endfacet
facet normal 8.470521379305912e-7 0.13744800824135484 -0.9905089828112449
outer loop
vertex 59.40355682373047 43.61941146850586 -6.9655866622924805
vertex 59.59115219116211 43.67631530761719 -6.957690238952637
vertex 71.22845458984375 40.75807571411133 -7.3626298904418945
endloop
endfacet
facet normal 8.031590500864771e-7 0.13744783027342597 -0.9905090075069901
outer loop
vertex 59.208465576171875 43.600196838378906 -6.968253135681152
vertex 59.40355682373047 43.61941146850586 -6.9655866622924805
vertex 71.22845458984375 40.75807571411133 -7.3626298904418945
endloop
endfacet
facet normal -0.0000019499953358358204 0.13743640650289538 -0.9905105926560143
outer loop
vertex 71.22845458984375 40.75807571411133 -7.3626298904418945
vertex 59.01337814331055 43.61941146850586 -6.9655866622924805
vertex 59.208465576171875 43.600196838378906 -6.968253135681152
endloop
endfacet
facet normal -7.771729874361647e-7 0.13744808913203121 -0.9905089715865016
outer loop
vertex -70.76871490478516 41.85990524291992 -7.209738254547119
vertex -62.25142288208008 43.71500015258789 -6.952322483062744
vertex -62.056331634521484 43.69578552246094 -6.954988956451416
endloop
endfacet
facet normal 0 0.13744454101428175 -0.9905094639352888
outer loop
vertex -38.50001907348633 -11.49994945526123 -14.614029884338379
vertex -57.50001907348633 -11.49994945526123 -14.614029884338379
vertex -71.11827087402344 41.07959747314453 -7.318015098571777
endloop
endfacet
facet normal 7.926336129222699e-7 0.13744474243037383 -0.9905094359861596
outer loop
vertex -57.50001907348633 -11.49994945526123 -14.614029884338379
vertex -57.69136047363281 -11.538009643554688 -14.619311332702637
vertex -71.11827087402344 41.07959747314453 -7.318015098571777
endloop
endfacet
facet normal -0.00000188669805053128 0.1374440716368352 -0.9905095290648793
outer loop
vertex -57.69136047363281 -11.538009643554688 -14.619311332702637
vertex -57.853572845458984 -11.646395683288574 -14.634350776672363
vertex -71.11827087402344 41.07959747314453 -7.318015098571777
endloop
endfacet
facet normal 3.672036400008852e-8 0.13744504467693722 -0.9905093940461914
outer loop
vertex 59.91557312011719 43.893089294433594 -6.927610874176025
vertex 60.04085159301758 44.04634094238281 -6.906345367431641
vertex 68.15345764160156 44.03994369506836 -6.907232761383057
endloop
endfacet
facet normal 0.000005855747163731737 0.13744598266676675 -0.9905092638711044
outer loop
vertex -57.853572845458984 -11.646395683288574 -14.634350776672363
vertex -57.96195983886719 -11.80860710144043 -14.6568603515625
vertex -71.11827087402344 41.07959747314453 -7.318015098571777
endloop
endfacet
facet normal 5.887481482830166e-8 0.13744432310300136 -0.9905094941729505
outer loop
vertex -70.76871490478516 41.85990524291992 -7.209738254547119
vertex -68.54707336425781 43.8755989074707 -6.930037975311279
vertex -62.25142288208008 43.71500015258789 -6.952322483062744
endloop
endfacet
facet normal 0.0000021412317003039024 0.1374345011301235 -0.9905108570301132
outer loop
vertex -62.056331634521484 43.69578552246094 -6.954988956451416
vertex -61.86124038696289 43.71500015258789 -6.952322483062744
vertex -70.76871490478516 41.85990524291992 -7.209738254547119
endloop
endfacet
facet normal 1.2226191575070652e-8 0.13744506432190248 -0.9905093913202175
outer loop
vertex 71.22845458984375 40.75807571411133 -7.3626298904418945
vertex -61.34922409057617 43.988677978515625 -6.914346694946289
vertex -61.22394561767578 44.141929626464844 -6.893081188201904
endloop
endfacet
facet normal -1.0961082587343173e-9 0.13744454351015117 -0.9905094635889585
outer loop
vertex 71.22845458984375 -43.11759567260742 -19.001340866088867
vertex -70.76871490478516 41.85990524291992 -7.209738254547119
vertex 71.22845458984375 40.75807571411133 -7.3626298904418945
endloop
endfacet
facet normal 0.3826808658763721 -0.923880595581545 0
outer loop
vertex -67.72496032714844 41.593482971191406 -0.5
vertex -67.72496032714844 41.593482971191406 -4.099999904632568
vertex -67.46768188476562 41.700050354003906 -0.5
endloop
endfacet
facet normal -0.9238826016131794 0.38267602281363744 0
outer loop
vertex 69.09341430664062 -38.22489547729492 -4.099999904632568
vertex 69.09341430664062 -38.22489547729492 -0.5
vertex 69.19998168945312 -37.967613220214844 -0.5
endloop
endfacet
facet normal 0.7071057956478324 -0.7071077667238891 0
outer loop
vertex -67.72496032714844 41.593482971191406 -4.099999904632568
vertex -67.72496032714844 41.593482971191406 -0.5
vertex -69.09345245361328 40.22499465942383 -0.5
endloop
endfacet
facet normal -0.38267117986296995 -0.9238846075686523 0
outer loop
vertex 67.72492980957031 41.593482971191406 -4.099999904632568
vertex 67.72492980957031 41.593482971191406 -0.5
vertex 67.46764373779297 41.700050354003906 -0.5
endloop
endfacet
facet normal 0.7071067811865475 0.7071067811865475 0
outer loop
vertex -69.80001831054688 -44.28989791870117 -4.099999904632568
vertex -69.80001831054688 -44.28989791870117 -0.5
vertex -69.38996887207031 -44.699947357177734 -0.5
endloop
endfacet
facet normal 0.923880595581545 -0.3826808658763721 0
outer loop
vertex -69.09345245361328 40.22499465942383 -4.099999904632568
vertex -69.09345245361328 40.22499465942383 -0.5
vertex -69.20001983642578 39.967716217041016 -0.5
endloop
endfacet
facet normal 0.7071067811865475 0.7071067811865475 0
outer loop
vertex -69.38996887207031 -44.699947357177734 -0.5
vertex -69.38996887207031 -44.699947357177734 -4.099999904632568
vertex -69.80001831054688 -44.28989791870117 -4.099999904632568
endloop
endfacet
facet normal 0 1 0
outer loop
vertex -68.50001525878906 -44.699947357177734 -0.5
vertex -68.50001525878906 -44.699947357177734 -4.099999904632568
vertex -69.38996887207031 -44.699947357177734 -4.099999904632568
endloop
endfacet
facet normal 0 0 1
outer loop
vertex -69.20001983642578 39.967716217041016 -4.099999904632568
vertex -36.00001907348633 -11.99994945526123 -4.099999904632568
vertex 30.499980926513672 -11.99994945526123 -4.099999904632568
endloop
endfacet
facet normal -1 0 0
outer loop
vertex 69.19998168945312 39.967716217041016 -0.5
vertex 69.19998168945312 39.967716217041016 -4.099999904632568
vertex 69.19998168945312 -37.967613220214844 -4.099999904632568
endloop
endfacet
facet normal 0 0 1
outer loop
vertex 69.09341430664062 40.22499465942383 -4.099999904632568
vertex 31.961503982543945 -39.699947357177734 -4.099999904632568
vertex 69.19998168945312 39.967716217041016 -4.099999904632568
endloop
endfacet
facet normal 0 0 1
outer loop
vertex 67.46764373779297 41.700050354003906 -4.099999904632568
vertex 31.961503982543945 -39.699947357177734 -4.099999904632568
vertex 67.72492980957031 41.593482971191406 -4.099999904632568
endloop
endfacet
facet normal 0 0 1
outer loop
vertex 31.961503982543945 -39.699947357177734 -4.099999904632568
vertex 69.09341430664062 40.22499465942383 -4.099999904632568
vertex 67.72492980957031 41.593482971191406 -4.099999904632568
endloop
endfacet
facet normal 0.3826808658763721 -0.923880595581545 0
outer loop
vertex -67.46768188476562 41.700050354003906 -0.5
vertex -67.72496032714844 41.593482971191406 -4.099999904632568
vertex -67.46768188476562 41.700050354003906 -4.099999904632568
endloop
endfacet
facet normal 0 0 1
outer loop
vertex -69.09345245361328 40.22499465942383 -4.099999904632568
vertex -69.20001983642578 39.967716217041016 -4.099999904632568
vertex 30.499980926513672 -11.99994945526123 -4.099999904632568
endloop
endfacet
facet normal 1 0 0
outer loop
vertex -69.20001983642578 -2.917224645614624 -0.5
vertex -69.20001983642578 -10.830107688903809 -0.5
vertex -69.20001983642578 -10.830107688903809 -4.099999904632568
endloop
endfacet
facet normal 0.9238790161289304 -0.38268467901999875 0
outer loop
vertex -69.20001983642578 -10.830107688903809 -4.099999904632568
vertex -69.20001983642578 -10.830107688903809 -0.5
vertex -69.39793395996094 -11.307912826538086 -0.5
endloop
endfacet
facet normal 0.7071092968750211 -0.7071042654891238 0
outer loop
vertex -69.39793395996094 -11.307912826538086 -4.099999904632568
vertex -69.39793395996094 -11.307912826538086 -0.5
vertex -69.80001831054688 -11.710000038146973 -0.5
endloop
endfacet
facet normal 0 0 1
outer loop
vertex -69.20001983642578 -10.830107688903809 -4.099999904632568
vertex -69.39793395996094 -11.307912826538086 -4.099999904632568
vertex -36.00001907348633 -11.99994945526123 -4.099999904632568
endloop
endfacet
facet normal 0 0 1
outer loop
vertex -69.39793395996094 -11.307912826538086 -4.099999904632568
vertex -69.80001831054688 -11.710000038146973 -4.099999904632568
vertex -36.00001907348633 -11.99994945526123 -4.099999904632568
endloop
endfacet
facet normal 0 0 1
outer loop
vertex -69.80001831054688 -11.710000038146973 -4.099999904632568
vertex -68.50001525878906 -11.99994945526123 -4.099999904632568
vertex -36.00001907348633 -11.99994945526123 -4.099999904632568
endloop
endfacet
facet normal 0.9238790161289304 -0.38268467901999875 0
outer loop
vertex -69.39793395996094 -11.307912826538086 -0.5
vertex -69.39793395996094 -11.307912826538086 -4.099999904632568
vertex -69.20001983642578 -10.830107688903809 -4.099999904632568
endloop
endfacet
facet normal 0.7071092968750211 -0.7071042654891238 0
outer loop
vertex -69.80001831054688 -11.710000038146973 -0.5
vertex -69.80001831054688 -11.710000038146973 -4.099999904632568
vertex -69.39793395996094 -11.307912826538086 -4.099999904632568
endloop
endfacet
facet normal 0 0 1
outer loop
vertex -67.72496032714844 41.593482971191406 -4.099999904632568
vertex -69.09345245361328 40.22499465942383 -4.099999904632568
vertex 30.499980926513672 -11.99994945526123 -4.099999904632568
endloop
endfacet
facet normal 0 0 1
outer loop
vertex -67.46768188476562 41.700050354003906 -4.099999904632568
vertex -67.72496032714844 41.593482971191406 -4.099999904632568
vertex 30.499980926513672 -11.99994945526123 -4.099999904632568
endloop
endfacet
facet normal 0 -1 0
outer loop
vertex -67.46768188476562 41.700050354003906 -0.5
vertex -67.46768188476562 41.700050354003906 -4.099999904632568
vertex 67.46764373779297 41.700050354003906 -4.099999904632568
endloop
endfacet
facet normal 0 -1 0
outer loop
vertex 67.46764373779297 41.700050354003906 -4.099999904632568
vertex 67.46764373779297 41.700050354003906 -0.5
vertex -67.46768188476562 41.700050354003906 -0.5
endloop
endfacet
facet normal 0.7071057956478324 -0.7071077667238891 0
outer loop
vertex -69.09345245361328 40.22499465942383 -0.5
vertex -69.09345245361328 40.22499465942383 -4.099999904632568
vertex -67.72496032714844 41.593482971191406 -4.099999904632568
endloop
endfacet
facet normal 0.923880595581545 -0.3826808658763721 0
outer loop
vertex -69.20001983642578 39.967716217041016 -0.5
vertex -69.20001983642578 39.967716217041016 -4.099999904632568
vertex -69.09345245361328 40.22499465942383 -4.099999904632568
endloop
endfacet
facet normal 0 1 0
outer loop
vertex -69.38996887207031 -44.699947357177734 -4.099999904632568
vertex -69.38996887207031 -44.699947357177734 -0.5
vertex -68.50001525878906 -44.699947357177734 -0.5
endloop
endfacet
facet normal 1 0 0
outer loop
vertex -69.80001831054688 -11.710000038146973 -4.099999904632568
vertex -69.80001831054688 -11.710000038146973 -0.5
vertex -69.80001831054688 -44.28989791870117 -0.5
endloop
endfacet
facet normal 0 0 1
outer loop
vertex -69.80001831054688 -44.28989791870117 -4.099999904632568
vertex -68.50001525878906 -11.99994945526123 -4.099999904632568
vertex -69.80001831054688 -11.710000038146973 -4.099999904632568
endloop
endfacet
facet normal 0 1 0
outer loop
vertex 67.46764373779297 -39.699947357177734 -4.099999904632568
vertex 31.961503982543945 -39.699947357177734 -0.5
vertex 67.46764373779297 -39.699947357177734 -0.5
endloop
endfacet
facet normal -0.9238826016131794 0.38267602281363744 0
outer loop
vertex 69.19998168945312 -37.967613220214844 -0.5
vertex 69.19998168945312 -37.967613220214844 -4.099999904632568
vertex 69.09341430664062 -38.22489547729492 -4.099999904632568
endloop
endfacet
facet normal -0.7071067811865476 0.7071067811865476 0
outer loop
vertex 69.09341430664062 -38.22489547729492 -0.5
vertex 69.09341430664062 -38.22489547729492 -4.099999904632568
vertex 67.72492980957031 -39.593379974365234 -4.099999904632568
endloop
endfacet
facet normal 1 0 0
outer loop
vertex -69.20001983642578 39.967716217041016 -4.099999904632568
vertex -69.20001983642578 39.967716217041016 -0.5
vertex -69.20001983642578 -2.917224645614624 -0.5
endloop
endfacet
facet normal 1 0 0
outer loop
vertex -69.20001983642578 -2.917224645614624 -0.5
vertex -69.20001983642578 -10.830107688903809 -4.099999904632568
vertex -69.20001983642578 39.967716217041016 -4.099999904632568
endloop
endfacet
facet normal 0 0 1
outer loop
vertex -67.46768188476562 41.700050354003906 -4.099999904632568
vertex 30.499980926513672 -11.99994945526123 -4.099999904632568
vertex 67.46764373779297 41.700050354003906 -4.099999904632568
endloop
endfacet
facet normal 1 0 0
outer loop
vertex -69.80001831054688 -44.28989791870117 -0.5
vertex -69.80001831054688 -44.28989791870117 -4.099999904632568
vertex -69.80001831054688 -11.710000038146973 -4.099999904632568
endloop
endfacet
facet normal 0 0 1
outer loop
vertex -68.50001525878906 -11.99994945526123 -4.099999904632568
vertex -69.38996887207031 -44.699947357177734 -4.099999904632568
vertex -68.50001525878906 -44.699947357177734 -4.099999904632568
endloop
endfacet
facet normal -0.38267117986296995 0.9238846075686523 0
outer loop
vertex 67.72492980957031 -39.593379974365234 -0.5
vertex 67.72492980957031 -39.593379974365234 -4.099999904632568
vertex 67.46764373779297 -39.699947357177734 -4.099999904632568
endloop
endfacet
facet normal 0 1 0
outer loop
vertex 67.46764373779297 -39.699947357177734 -4.099999904632568
vertex 31.961503982543945 -39.699947357177734 -4.099999904632568
vertex 31.961503982543945 -39.699947357177734 -0.5
endloop
endfacet
facet normal 0 0 1
outer loop
vertex 30.499980926513672 -11.99994945526123 -4.099999904632568
vertex 31.199981689453125 -40.46147155761719 -4.099999904632568
vertex 31.961503982543945 -39.699947357177734 -4.099999904632568
endloop
endfacet
facet normal 0 0 1
outer loop
vertex -69.20001983642578 -10.830107688903809 -4.099999904632568
vertex -36.00001907348633 -11.99994945526123 -4.099999904632568
vertex -69.20001983642578 39.967716217041016 -4.099999904632568
endloop
endfacet
facet normal 0 0 1
outer loop
vertex -69.38996887207031 -44.699947357177734 -4.099999904632568
vertex -68.50001525878906 -11.99994945526123 -4.099999904632568
vertex -69.80001831054688 -44.28989791870117 -4.099999904632568
endloop
endfacet
facet normal -0.923880595581545 -0.3826808658763721 0
outer loop
vertex 69.19998168945312 39.967716217041016 -4.099999904632568
vertex 69.19998168945312 39.967716217041016 -0.5
vertex 69.09341430664062 40.22499465942383 -0.5
endloop
endfacet
facet normal -0.38267117986296995 0.9238846075686523 0
outer loop
vertex 67.46764373779297 -39.699947357177734 -4.099999904632568
vertex 67.46764373779297 -39.699947357177734 -0.5
vertex 67.72492980957031 -39.593379974365234 -0.5
endloop
endfacet
facet normal -0.7071067811865476 0.7071067811865476 0
outer loop
vertex 67.72492980957031 -39.593379974365234 -4.099999904632568
vertex 67.72492980957031 -39.593379974365234 -0.5
vertex 69.09341430664062 -38.22489547729492 -0.5
endloop
endfacet
facet normal -0.38267117986296995 -0.9238846075686523 0
outer loop
vertex 67.46764373779297 41.700050354003906 -0.5
vertex 67.46764373779297 41.700050354003906 -4.099999904632568
vertex 67.72492980957031 41.593482971191406 -4.099999904632568
endloop
endfacet
facet normal 0 0 1
outer loop
vertex 30.78993034362793 -44.699947357177734 -4.099999904632568
vertex 31.199981689453125 -44.28989791870117 -4.099999904632568
vertex 30.499980926513672 -44.699947357177734 -4.099999904632568
endloop
endfacet
facet normal 0 1 0
outer loop
vertex 30.78993034362793 -44.699947357177734 -0.5
vertex 30.78993034362793 -44.699947357177734 -4.099999904632568
vertex 30.499980926513672 -44.699947357177734 -4.099999904632568
endloop
endfacet
facet normal -0.923880595581545 -0.3826808658763721 0
outer loop
vertex 69.09341430664062 40.22499465942383 -0.5
vertex 69.09341430664062 40.22499465942383 -4.099999904632568
vertex 69.19998168945312 39.967716217041016 -4.099999904632568
endloop
endfacet
facet normal -0.7071077667266362 -0.7071057956450851 0
outer loop
vertex 67.72492980957031 41.593482971191406 -0.5
vertex 67.72492980957031 41.593482971191406 -4.099999904632568
vertex 69.09341430664062 40.22499465942383 -4.099999904632568
endloop
endfacet
facet normal -0.7071051366316995 0.7071084257375707 0
outer loop
vertex 31.199981689453125 -44.28989791870117 -0.5
vertex 31.199981689453125 -44.28989791870117 -4.099999904632568
vertex 30.78993034362793 -44.699947357177734 -4.099999904632568
endloop
endfacet
facet normal 0 0 1
outer loop
vertex 31.199981689453125 -44.28989791870117 -4.099999904632568
vertex 31.199981689453125 -40.46147155761719 -4.099999904632568
vertex 30.499980926513672 -44.699947357177734 -4.099999904632568
endloop
endfacet
facet normal -1 0 0
outer loop
vertex 31.199981689453125 -40.46147155761719 -0.5
vertex 31.199981689453125 -40.46147155761719 -4.099999904632568
vertex 31.199981689453125 -44.28989791870117 -4.099999904632568
endloop
endfacet
facet normal -0.7071076667132294 0.7071058956587566 0
outer loop
vertex 31.961503982543945 -39.699947357177734 -0.5
vertex 31.961503982543945 -39.699947357177734 -4.099999904632568
vertex 31.199981689453125 -40.46147155761719 -4.099999904632568
endloop
endfacet
facet normal 0 1 0
outer loop
vertex 30.499980926513672 -44.699947357177734 -4.099999904632568
vertex 30.499980926513672 -44.699947357177734 -0.5
vertex 30.78993034362793 -44.699947357177734 -0.5
endloop
endfacet
facet normal -1 0 0
outer loop
vertex 69.19998168945312 -37.967613220214844 -4.099999904632568
vertex 69.19998168945312 -37.967613220214844 -0.5
vertex 69.19998168945312 39.967716217041016 -0.5
endloop
endfacet
facet normal 0 0 1
outer loop
vertex 69.19998168945312 39.967716217041016 -4.099999904632568
vertex 69.09341430664062 -38.22489547729492 -4.099999904632568
vertex 69.19998168945312 -37.967613220214844 -4.099999904632568
endloop
endfacet
facet normal 0 0 1
outer loop
vertex 69.19998168945312 39.967716217041016 -4.099999904632568
vertex 67.72492980957031 -39.593379974365234 -4.099999904632568
vertex 69.09341430664062 -38.22489547729492 -4.099999904632568
endloop
endfacet
facet normal 0 0 1
outer loop
vertex 69.19998168945312 39.967716217041016 -4.099999904632568
vertex 67.46764373779297 -39.699947357177734 -4.099999904632568
vertex 67.72492980957031 -39.593379974365234 -4.099999904632568
endloop
endfacet
facet normal 0 0 1
outer loop
vertex 31.961503982543945 -39.699947357177734 -4.099999904632568
vertex 67.46764373779297 -39.699947357177734 -4.099999904632568
vertex 69.19998168945312 39.967716217041016 -4.099999904632568
endloop
endfacet
facet normal -0.7071051366316995 0.7071084257375707 0
outer loop
vertex 30.78993034362793 -44.699947357177734 -4.099999904632568
vertex 30.78993034362793 -44.699947357177734 -0.5
vertex 31.199981689453125 -44.28989791870117 -0.5
endloop
endfacet
facet normal -1 0 0
outer loop
vertex 31.199981689453125 -44.28989791870117 -4.099999904632568
vertex 31.199981689453125 -44.28989791870117 -0.5
vertex 31.199981689453125 -40.46147155761719 -0.5
endloop
endfacet
facet normal -0.7071076667132294 0.7071058956587566 0
outer loop
vertex 31.199981689453125 -40.46147155761719 -4.099999904632568
vertex 31.199981689453125 -40.46147155761719 -0.5
vertex 31.961503982543945 -39.699947357177734 -0.5
endloop
endfacet
facet normal 0 0 1
outer loop
vertex 30.499980926513672 -11.99994945526123 -4.099999904632568
vertex 30.499980926513672 -44.699947357177734 -4.099999904632568
vertex 31.199981689453125 -40.46147155761719 -4.099999904632568
endloop
endfacet
facet normal 0 0 1
outer loop
vertex 30.499980926513672 -11.99994945526123 -4.099999904632568
vertex 31.961503982543945 -39.699947357177734 -4.099999904632568
vertex 67.46764373779297 41.700050354003906 -4.099999904632568
endloop
endfacet
facet normal -0.7071077667266362 -0.7071057956450851 0
outer loop
vertex 69.09341430664062 40.22499465942383 -4.099999904632568
vertex 69.09341430664062 40.22499465942383 -0.5
vertex 67.72492980957031 41.593482971191406 -0.5
endloop
endfacet
facet normal 0 0 1
outer loop
vertex -36.00001907348633 -11.99994945526123 -11.899999618530273
vertex -30.500019073486328 -26.999948501586914 -11.899999618530273
vertex 30.499980926513672 -11.99994945526123 -11.899999618530273
endloop
endfacet
facet normal 1 0 0
outer loop
vertex -36.00001907348633 -26.999948501586914 -11.899999618530273
vertex -36.00001907348633 -11.99994945526123 -11.899999618530273
vertex -36.00001907348633 -26.999948501586914 -8.199999809265137
endloop
endfacet
facet normal -1 0 0
outer loop
vertex 30.499980926513672 -44.699947357177734 -0.5
vertex 30.499980926513672 -44.99995040893555 -11.899999618530273
vertex 30.499980926513672 -44.99995040893555 -0.5
endloop
endfacet
facet normal -1 0 0
outer loop
vertex 30.499980926513672 -44.99995040893555 -11.899999618530273
vertex 30.499980926513672 -44.699947357177734 -4.099999904632568
vertex 30.499980926513672 -11.99994945526123 -4.099999904632568
endloop
endfacet
facet normal 1 0 0
outer loop
vertex -36.00001907348633 -26.999948501586914 -8.199999809265137
vertex -36.00001907348633 -11.99994945526123 -11.899999618530273
vertex -36.00001907348633 -11.99994945526123 -8.199999809265137
endloop
endfacet
facet normal 0 1 0
outer loop
vertex -30.500019073486328 -44.99995040893555 -8.199999809265137
vertex -30.500019073486328 -44.99995040893555 -0.5
vertex 30.499980926513672 -44.99995040893555 -0.5
endloop
endfacet
facet normal 0 -1 0
outer loop
vertex 30.499980926513672 -11.99994945526123 -4.099999904632568
vertex -36.00001907348633 -11.99994945526123 -11.899999618530273
vertex 30.499980926513672 -11.99994945526123 -11.899999618530273
endloop
endfacet
facet normal 0 0 1
outer loop
vertex -36.00001907348633 -26.999948501586914 -11.899999618530273
vertex -30.500019073486328 -26.999948501586914 -11.899999618530273
vertex -36.00001907348633 -11.99994945526123 -11.899999618530273
endloop
endfacet
facet normal -1 0 0
outer loop
vertex 30.499980926513672 -11.99994945526123 -11.899999618530273
vertex 30.499980926513672 -44.99995040893555 -11.899999618530273
vertex 30.499980926513672 -11.99994945526123 -4.099999904632568
endloop
endfacet
facet normal 0 -1 0
outer loop
vertex -36.00001907348633 -11.99994945526123 -8.199999809265137
vertex -36.00001907348633 -11.99994945526123 -11.899999618530273
vertex 30.499980926513672 -11.99994945526123 -4.099999904632568
endloop
endfacet
facet normal 0 -1 0
outer loop
vertex -36.00001907348633 -11.99994945526123 -4.099999904632568
vertex -36.00001907348633 -11.99994945526123 -8.199999809265137
vertex 30.499980926513672 -11.99994945526123 -4.099999904632568
endloop
endfacet
facet normal 0 1 0
outer loop
vertex -30.500019073486328 -26.999948501586914 -8.199999809265137
vertex -36.00001907348633 -26.999948501586914 -11.899999618530273
vertex -36.00001907348633 -26.999948501586914 -8.199999809265137
endloop
endfacet
facet normal 1 0 0
outer loop
vertex -30.500019073486328 -44.99995040893555 -8.199999809265137
vertex -30.500019073486328 -26.999948501586914 -11.899999618530273
vertex -30.500019073486328 -26.999948501586914 -8.199999809265137
endloop
endfacet
facet normal 0 0 1
outer loop
vertex -30.500019073486328 -26.999948501586914 -11.899999618530273
vertex -30.500019073486328 -44.99995040893555 -11.899999618530273
vertex 30.499980926513672 -44.99995040893555 -11.899999618530273
endloop
endfacet
facet normal 0 1 0
outer loop
vertex -30.500019073486328 -44.99995040893555 -8.199999809265137
vertex 30.499980926513672 -44.99995040893555 -11.899999618530273
vertex -30.500019073486328 -44.99995040893555 -11.899999618530273
endloop
endfacet
facet normal 0 1 0
outer loop
vertex -36.00001907348633 -26.999948501586914 -11.899999618530273
vertex -30.500019073486328 -26.999948501586914 -8.199999809265137
vertex -30.500019073486328 -26.999948501586914 -11.899999618530273
endloop
endfacet
facet normal 1 0 0
outer loop
vertex -30.500019073486328 -44.99995040893555 -11.899999618530273
vertex -30.500019073486328 -26.999948501586914 -11.899999618530273
vertex -30.500019073486328 -44.99995040893555 -8.199999809265137
endloop
endfacet
facet normal 0 0 1
outer loop
vertex 30.499980926513672 -11.99994945526123 -11.899999618530273
vertex -30.500019073486328 -26.999948501586914 -11.899999618530273
vertex 30.499980926513672 -44.99995040893555 -11.899999618530273
endloop
endfacet
facet normal -1 0 0
outer loop
vertex 30.499980926513672 -44.99995040893555 -11.899999618530273
vertex 30.499980926513672 -44.699947357177734 -0.5
vertex 30.499980926513672 -44.699947357177734 -4.099999904632568
endloop
endfacet
facet normal 0 1 0
outer loop
vertex 30.499980926513672 -44.99995040893555 -0.5
vertex 30.499980926513672 -44.99995040893555 -11.899999618530273
vertex -30.500019073486328 -44.99995040893555 -8.199999809265137
endloop
endfacet
facet normal 0 0 1
outer loop
vertex -33.00001907348633 -35.99995040893555 -8.199999809265137
vertex -36.00001907348633 -26.999948501586914 -8.199999809265137
vertex -44.550018310546875 -23.89995002746582 -8.199999809265137
endloop
endfacet
facet normal 0 1 0
outer loop
vertex -68.50001525878906 -44.99995040893555 -8.199999809265137
vertex -68.50001525878906 -44.99995040893555 -0.5
vertex -68.05633544921875 -44.99995040893555 -5
endloop
endfacet
facet normal 0 1 0
outer loop
vertex -33.00001907348633 -44.99995040893555 -8.199999809265137
vertex -30.500019073486328 -44.99995040893555 -0.5
vertex -30.500019073486328 -44.99995040893555 -8.199999809265137
endloop
endfacet
facet normal 0 1 0
outer loop
vertex -33.00001907348633 -44.99995040893555 -8.199999809265137
vertex -33.25001907348633 -44.99995040893555 -8.199999809265137
vertex -33.25001907348633 -44.99995040893555 -6.699999809265137
endloop
endfacet
facet normal 0 1 0
outer loop
vertex -30.500019073486328 -44.99995040893555 -0.5
vertex -56.056331634521484 -44.99995040893555 -5
vertex -56.056331634521484 -44.99995040893555 -0.5
endloop
endfacet
facet normal 1 0 0
outer loop
vertex -68.50001525878906 -11.99994945526123 -4.099999904632568
vertex -68.50001525878906 -44.99995040893555 -8.199999809265137
vertex -68.50001525878906 -11.99994945526123 -8.199999809265137
endloop
endfacet
facet normal 0 1 0
outer loop
vertex -68.50001525878906 -44.99995040893555 -8.199999809265137
vertex -30.500019073486328 -44.99995040893555 -0.5
vertex -41.75001907348633 -44.99995040893555 -5.699999809265137
endloop
endfacet
facet normal 0 1 0
outer loop
vertex -30.500019073486328 -44.99995040893555 -0.5
vertex -68.50001525878906 -44.99995040893555 -8.199999809265137
vertex -56.056331634521484 -44.99995040893555 -5
endloop
endfacet
facet normal 0 0 1
outer loop
vertex -33.00001907348633 -44.99995040893555 -8.199999809265137
vertex -30.500019073486328 -44.99995040893555 -8.199999809265137
vertex -30.500019073486328 -26.999948501586914 -8.199999809265137
endloop
endfacet
facet normal 0 -1 0
outer loop
vertex -68.50001525878906 -11.99994945526123 -4.099999904632568
vertex -68.50001525878906 -11.99994945526123 -8.199999809265137
vertex -36.00001907348633 -11.99994945526123 -4.099999904632568
endloop
endfacet
facet normal 1 0 0
outer loop
vertex -68.50001525878906 -44.99995040893555 -0.5
vertex -68.50001525878906 -44.99995040893555 -8.199999809265137
vertex -68.50001525878906 -44.699947357177734 -4.099999904632568
endloop
endfacet
facet normal 0 0 1
outer loop
vertex -36.00001907348633 -26.999948501586914 -8.199999809265137
vertex -33.00001907348633 -35.99995040893555 -8.199999809265137
vertex -30.500019073486328 -26.999948501586914 -8.199999809265137
endloop
endfacet
facet normal 0 0 1
outer loop
vertex -33.00001907348633 -35.99995040893555 -8.199999809265137
vertex -44.550018310546875 -23.89995002746582 -8.199999809265137
vertex -68.50001525878906 -11.99994945526123 -8.199999809265137
endloop
endfacet
facet normal 0 1 0
outer loop
vertex -42.75001907348633 -44.99995040893555 -8.199999809265137
vertex -43.00001907348633 -44.99995040893555 -8.199999809265137
vertex -42.75001907348633 -44.99995040893555 -6.699999809265137
endloop
endfacet
facet normal 0 0 1
outer loop
vertex -68.50001525878906 -11.99994945526123 -8.199999809265137
vertex -43.00001907348633 -35.99995040893555 -8.199999809265137
vertex -33.00001907348633 -35.99995040893555 -8.199999809265137
endloop
endfacet
facet normal 0 0 1
outer loop
vertex -44.550018310546875 -23.89995002746582 -8.199999809265137
vertex -44.550018310546875 -14.09994888305664 -8.199999809265137
vertex -68.50001525878906 -11.99994945526123 -8.199999809265137
endloop
endfacet
facet normal 0 1 0
outer loop
vertex -30.500019073486328 -44.99995040893555 -0.5
vertex -33.00001907348633 -44.99995040893555 -8.199999809265137
vertex -33.25001907348633 -44.99995040893555 -6.699999809265137
endloop
endfacet
facet normal 0 1 0
outer loop
vertex -30.500019073486328 -44.99995040893555 -0.5
vertex -33.25001907348633 -44.99995040893555 -6.699999809265137
vertex -33.32613754272461 -44.99995040893555 -6.31731653213501
endloop
endfacet
facet normal 0 1 0
outer loop
vertex -68.05633544921875 -44.99995040893555 -0.5
vertex -68.05633544921875 -44.99995040893555 -5
vertex -68.50001525878906 -44.99995040893555 -0.5
endloop
endfacet
facet normal 0 1 0
outer loop
vertex -30.500019073486328 -44.99995040893555 -0.5
vertex -33.32613754272461 -44.99995040893555 -6.31731653213501
vertex -33.542911529541016 -44.99995040893555 -5.992893218994141
endloop
endfacet
facet normal 0 1 0
outer loop
vertex -30.500019073486328 -44.99995040893555 -0.5
vertex -33.542911529541016 -44.99995040893555 -5.992893218994141
vertex -33.86733627319336 -44.99995040893555 -5.776120662689209
endloop
endfacet
facet normal 0 1 0
outer loop
vertex -41.75001907348633 -44.99995040893555 -5.699999809265137
vertex -30.500019073486328 -44.99995040893555 -0.5
vertex -34.25001907348633 -44.99995040893555 -5.699999809265137
endloop
endfacet
facet normal 0 0 1
outer loop
vertex -40.45001983642578 -23.89995002746582 -8.199999809265137
vertex -44.550018310546875 -23.89995002746582 -8.199999809265137
vertex -36.00001907348633 -26.999948501586914 -8.199999809265137
endloop
endfacet
facet normal 0 1 0
outer loop
vertex -42.1327018737793 -44.99995040893555 -5.776120662689209
vertex -68.50001525878906 -44.99995040893555 -8.199999809265137
vertex -41.75001907348633 -44.99995040893555 -5.699999809265137
endloop
endfacet
facet normal 0 1 0
outer loop
vertex -42.45712661743164 -44.99995040893555 -5.992893218994141
vertex -68.50001525878906 -44.99995040893555 -8.199999809265137
vertex -42.1327018737793 -44.99995040893555 -5.776120662689209
endloop
endfacet
facet normal 1 0 0
outer loop
vertex -68.50001525878906 -44.99995040893555 -0.5
vertex -68.50001525878906 -44.699947357177734 -4.099999904632568
vertex -68.50001525878906 -44.699947357177734 -0.5
endloop
endfacet
facet normal 0 1 0
outer loop
vertex -42.67389678955078 -44.99995040893555 -6.31731653213501
vertex -68.50001525878906 -44.99995040893555 -8.199999809265137
vertex -42.45712661743164 -44.99995040893555 -5.992893218994141
endloop
endfacet
facet normal 0 1 0
outer loop
vertex -42.75001907348633 -44.99995040893555 -6.699999809265137
vertex -68.50001525878906 -44.99995040893555 -8.199999809265137
vertex -42.67389678955078 -44.99995040893555 -6.31731653213501
endloop
endfacet
facet normal 0 -1 0
outer loop
vertex -36.00001907348633 -11.99994945526123 -4.099999904632568
vertex -68.50001525878906 -11.99994945526123 -8.199999809265137
vertex -36.00001907348633 -11.99994945526123 -8.199999809265137
endloop
endfacet
facet normal 0 0 1
outer loop
vertex -40.45001983642578 -14.09994888305664 -8.199999809265137
vertex -36.00001907348633 -11.99994945526123 -8.199999809265137
vertex -68.50001525878906 -11.99994945526123 -8.199999809265137
endloop
endfacet
facet normal 0 1 0
outer loop
vertex -68.05633544921875 -44.99995040893555 -5
vertex -56.056331634521484 -44.99995040893555 -5
vertex -68.50001525878906 -44.99995040893555 -8.199999809265137
endloop
endfacet
facet normal 0 0 1
outer loop
vertex -68.50001525878906 -11.99994945526123 -8.199999809265137
vertex -44.550018310546875 -14.09994888305664 -8.199999809265137
vertex -40.45001983642578 -14.09994888305664 -8.199999809265137
endloop
endfacet
facet normal 0 0 1
outer loop
vertex -40.45001983642578 -14.09994888305664 -8.199999809265137
vertex -40.45001983642578 -23.89995002746582 -8.199999809265137
vertex -36.00001907348633 -11.99994945526123 -8.199999809265137
endloop
endfacet
facet normal 0 0 1
outer loop
vertex -68.50001525878906 -44.99995040893555 -8.199999809265137
vertex -43.00001907348633 -35.99995040893555 -8.199999809265137
vertex -68.50001525878906 -11.99994945526123 -8.199999809265137
endloop
endfacet
facet normal 1 0 0
outer loop
vertex -68.50001525878906 -44.99995040893555 -8.199999809265137
vertex -68.50001525878906 -11.99994945526123 -4.099999904632568
vertex -68.50001525878906 -44.699947357177734 -4.099999904632568
endloop
endfacet
facet normal 0 1 0
outer loop
vertex -68.50001525878906 -44.99995040893555 -8.199999809265137
vertex -42.75001907348633 -44.99995040893555 -6.699999809265137
vertex -43.00001907348633 -44.99995040893555 -8.199999809265137
endloop
endfacet
facet normal 0 0 1
outer loop
vertex -43.00001907348633 -35.99995040893555 -8.199999809265137
vertex -68.50001525878906 -44.99995040893555 -8.199999809265137
vertex -43.00001907348633 -44.99995040893555 -8.199999809265137
endloop
endfacet
facet normal 0 0 1
outer loop
vertex -40.45001983642578 -23.89995002746582 -8.199999809265137
vertex -36.00001907348633 -26.999948501586914 -8.199999809265137
vertex -36.00001907348633 -11.99994945526123 -8.199999809265137
endloop
endfacet
facet normal 0 1 0
outer loop
vertex -34.25001907348633 -44.99995040893555 -5.699999809265137
vertex -30.500019073486328 -44.99995040893555 -0.5
vertex -33.86733627319336 -44.99995040893555 -5.776120662689209
endloop
endfacet
facet normal 0 0 1
outer loop
vertex -33.00001907348633 -35.99995040893555 -8.199999809265137
vertex -33.00001907348633 -44.99995040893555 -8.199999809265137
vertex -30.500019073486328 -26.999948501586914 -8.199999809265137
endloop
endfacet
facet normal 0 0 1
outer loop
vertex -43.00001907348633 -35.99995040893555 -9.5
vertex -43.00001907348633 -44.99995040893555 -9.5
vertex -33.00001907348633 -44.99995040893555 -9.5
endloop
endfacet
facet normal 0 1 0
outer loop
vertex -42.67389678955078 -44.99995040893555 -8.582683563232422
vertex -43.00001907348633 -44.99995040893555 -9.5
vertex -43.00001907348633 -44.99995040893555 -8.199999809265137
endloop
endfacet
facet normal 1 0 0
outer loop
vertex -43.00001907348633 -35.99995040893555 -8.199999809265137
vertex -43.00001907348633 -44.99995040893555 -9.5
vertex -43.00001907348633 -35.99995040893555 -9.5
endloop
endfacet
facet normal 0 -1 0
outer loop
vertex -33.00001907348633 -35.99995040893555 -8.199999809265137
vertex -43.00001907348633 -35.99995040893555 -9.5
vertex -33.00001907348633 -35.99995040893555 -9.5
endloop
endfacet
facet normal -1 0 0
outer loop
vertex -33.00001907348633 -44.99995040893555 -9.5
vertex -33.00001907348633 -44.99995040893555 -8.199999809265137
vertex -33.00001907348633 -35.99995040893555 -9.5
endloop
endfacet
facet normal 0 1 0
outer loop
vertex -42.45712661743164 -44.99995040893555 -8.907106399536133
vertex -43.00001907348633 -44.99995040893555 -9.5
vertex -42.67389678955078 -44.99995040893555 -8.582683563232422
endloop
endfacet
facet normal 0 1 0
outer loop
vertex -43.00001907348633 -44.99995040893555 -9.5
vertex -34.25001907348633 -44.99995040893555 -9.199999809265137
vertex -33.00001907348633 -44.99995040893555 -9.5
endloop
endfacet
facet normal 1 0 0
outer loop
vertex -43.00001907348633 -35.99995040893555 -8.199999809265137
vertex -43.00001907348633 -44.99995040893555 -8.199999809265137
vertex -43.00001907348633 -44.99995040893555 -9.5
endloop
endfacet
facet normal 0 1 0
outer loop
vertex -33.25001907348633 -44.99995040893555 -8.199999809265137
vertex -33.00001907348633 -44.99995040893555 -8.199999809265137
vertex -33.00001907348633 -44.99995040893555 -9.5
endloop
endfacet
facet normal 0 1 0
outer loop
vertex -41.75001907348633 -44.99995040893555 -9.199999809265137
vertex -34.25001907348633 -44.99995040893555 -9.199999809265137
vertex -43.00001907348633 -44.99995040893555 -9.5
endloop
endfacet
facet normal 0 1 0
outer loop
vertex -33.32613754272461 -44.99995040893555 -8.582683563232422
vertex -33.25001907348633 -44.99995040893555 -8.199999809265137
vertex -33.00001907348633 -44.99995040893555 -9.5
endloop
endfacet
facet normal 0 1 0
outer loop
vertex -42.1327018737793 -44.99995040893555 -9.123879432678223
vertex -43.00001907348633 -44.99995040893555 -9.5
vertex -42.45712661743164 -44.99995040893555 -8.907106399536133
endloop
endfacet
facet normal 0 0 1
outer loop
vertex -43.00001907348633 -35.99995040893555 -9.5
vertex -33.00001907348633 -44.99995040893555 -9.5
vertex -33.00001907348633 -35.99995040893555 -9.5
endloop
endfacet
facet normal -1 0 0
outer loop
vertex -33.00001907348633 -35.99995040893555 -9.5
vertex -33.00001907348633 -44.99995040893555 -8.199999809265137
vertex -33.00001907348633 -35.99995040893555 -8.199999809265137
endloop
endfacet
facet normal 0 1 0
outer loop
vertex -33.542911529541016 -44.99995040893555 -8.907106399536133
vertex -33.32613754272461 -44.99995040893555 -8.582683563232422
vertex -33.00001907348633 -44.99995040893555 -9.5
endloop
endfacet
facet normal 0 1 0
outer loop
vertex -33.86733627319336 -44.99995040893555 -9.123879432678223
vertex -33.542911529541016 -44.99995040893555 -8.907106399536133
vertex -33.00001907348633 -44.99995040893555 -9.5
endloop
endfacet
facet normal 0 1 0
outer loop
vertex -43.00001907348633 -44.99995040893555 -9.5
vertex -42.1327018737793 -44.99995040893555 -9.123879432678223
vertex -41.75001907348633 -44.99995040893555 -9.199999809265137
endloop
endfacet
facet normal 0 1 0
outer loop
vertex -33.00001907348633 -44.99995040893555 -9.5
vertex -34.25001907348633 -44.99995040893555 -9.199999809265137
vertex -33.86733627319336 -44.99995040893555 -9.123879432678223
endloop
endfacet
facet normal 0 -1 0
outer loop
vertex -43.00001907348633 -35.99995040893555 -8.199999809265137
vertex -43.00001907348633 -35.99995040893555 -9.5
vertex -33.00001907348633 -35.99995040893555 -8.199999809265137
endloop
endfacet
facet normal 0 1 0
outer loop
vertex -42.67389678955078 -44.99995040893555 -8.582683563232422
vertex -43.00001907348633 -44.99995040893555 -8.199999809265137
vertex -42.75001907348633 -44.99995040893555 -8.199999809265137
endloop
endfacet
facet normal 0 -1 0
outer loop
vertex -44.550018310546875 -14.09994888305664 -8.199999809265137
vertex -44.550018310546875 -14.09994888305664 -10
vertex -40.45001983642578 -14.09994888305664 -8.199999809265137
endloop
endfacet
facet normal 0 1 0
outer loop
vertex -40.45001983642578 -23.89995002746582 -10
vertex -44.550018310546875 -23.89995002746582 -8.199999809265137
vertex -40.45001983642578 -23.89995002746582 -8.199999809265137
endloop
endfacet
facet normal 0 0 1
outer loop
vertex -44.550018310546875 -23.89995002746582 -10
vertex -43.75001907348633 -15.74994945526123 -10
vertex -44.550018310546875 -14.09994888305664 -10
endloop
endfacet
facet normal 1 0 0
outer loop
vertex -44.550018310546875 -14.09994888305664 -8.199999809265137
vertex -44.550018310546875 -23.89995002746582 -8.199999809265137
vertex -44.550018310546875 -23.89995002746582 -10
endloop
endfacet
facet normal 0 0 1
outer loop
vertex -43.75001907348633 -15.74994945526123 -10
vertex -41.25001907348633 -15.74994945526123 -10
vertex -40.45001983642578 -14.09994888305664 -10
endloop
endfacet
facet normal 0 0 1
outer loop
vertex -44.550018310546875 -14.09994888305664 -10
vertex -43.75001907348633 -15.74994945526123 -10
vertex -40.45001983642578 -14.09994888305664 -10
endloop
endfacet
facet normal 0 1 0
outer loop
vertex -40.45001983642578 -23.89995002746582 -10
vertex -44.550018310546875 -23.89995002746582 -10
vertex -44.550018310546875 -23.89995002746582 -8.199999809265137
endloop
endfacet
facet normal 0 0 1
outer loop
vertex -41.25001907348633 -15.74994945526123 -10
vertex -41.25001907348633 -22.249948501586914 -10
vertex -40.45001983642578 -14.09994888305664 -10
endloop
endfacet
facet normal -1 0 0
outer loop
vertex -40.45001983642578 -14.09994888305664 -10
vertex -40.45001983642578 -23.89995002746582 -10
vertex -40.45001983642578 -23.89995002746582 -8.199999809265137
endloop
endfacet
facet normal 0 0 1
outer loop
vertex -44.550018310546875 -23.89995002746582 -10
vertex -41.25001907348633 -22.249948501586914 -10
vertex -43.75001907348633 -22.249948501586914 -10
endloop
endfacet
facet normal 0 0 1
outer loop
vertex -41.25001907348633 -22.249948501586914 -10
vertex -44.550018310546875 -23.89995002746582 -10
vertex -40.45001983642578 -23.89995002746582 -10
endloop
endfacet
facet normal 0 0 1
outer loop
vertex -44.550018310546875 -23.89995002746582 -10
vertex -43.75001907348633 -22.249948501586914 -10
vertex -43.75001907348633 -15.74994945526123 -10
endloop
endfacet
facet normal 0 0 1
outer loop
vertex -41.25001907348633 -22.249948501586914 -10
vertex -40.45001983642578 -23.89995002746582 -10
vertex -40.45001983642578 -14.09994888305664 -10
endloop
endfacet
facet normal 1 0 0
outer loop
vertex -44.550018310546875 -14.09994888305664 -8.199999809265137
vertex -44.550018310546875 -23.89995002746582 -10
vertex -44.550018310546875 -14.09994888305664 -10
endloop
endfacet
facet normal -1 0 0
outer loop
vertex -40.45001983642578 -14.09994888305664 -8.199999809265137
vertex -40.45001983642578 -14.09994888305664 -10
vertex -40.45001983642578 -23.89995002746582 -8.199999809265137
endloop
endfacet
facet normal 0 -1 0
outer loop
vertex -44.550018310546875 -14.09994888305664 -10
vertex -40.45001983642578 -14.09994888305664 -10
vertex -40.45001983642578 -14.09994888305664 -8.199999809265137
endloop
endfacet
facet normal 0 -1 0
outer loop
vertex -43.75001907348633 -15.74994945526123 -11.699999809265137
vertex -41.25001907348633 -15.74994945526123 -11.699999809265137
vertex -43.75001907348633 -15.74994945526123 -10
endloop
endfacet
facet normal -1 0 0
outer loop
vertex -41.25001907348633 -22.249948501586914 -11.699999809265137
vertex -41.25001907348633 -15.74994945526123 -10
vertex -41.25001907348633 -15.74994945526123 -11.699999809265137
endloop
endfacet
facet normal 0 -1 0
outer loop
vertex -43.75001907348633 -15.74994945526123 -10
vertex -41.25001907348633 -15.74994945526123 -11.699999809265137
vertex -41.25001907348633 -15.74994945526123 -10
endloop
endfacet
facet normal 1 0 0
outer loop
vertex -43.75001907348633 -15.74994945526123 -10
vertex -43.75001907348633 -22.249948501586914 -10
vertex -43.75001907348633 -15.74994945526123 -11.699999809265137
endloop
endfacet
facet normal 1 0 0
outer loop
vertex -43.75001907348633 -22.249948501586914 -11.699999809265137
vertex -43.75001907348633 -15.74994945526123 -11.699999809265137
vertex -43.75001907348633 -22.249948501586914 -10
endloop
endfacet
facet normal 0 1 0
outer loop
vertex -41.25001907348633 -22.249948501586914 -11.699999809265137
vertex -43.75001907348633 -22.249948501586914 -11.699999809265137
vertex -41.25001907348633 -22.249948501586914 -10
endloop
endfacet
facet normal 0 1 0
outer loop
vertex -41.25001907348633 -22.249948501586914 -10
vertex -43.75001907348633 -22.249948501586914 -11.699999809265137
vertex -43.75001907348633 -22.249948501586914 -10
endloop
endfacet
facet normal -1 0 0
outer loop
vertex -41.25001907348633 -22.249948501586914 -11.699999809265137
vertex -41.25001907348633 -22.249948501586914 -10
vertex -41.25001907348633 -15.74994945526123 -10
endloop
endfacet
facet normal -0.5555673912342671 -0.8314715111157752 0
outer loop
vertex -38.14646530151367 -11.646395683288574 -11.699999809265137
vertex -38.308677673339844 -11.538009643554688 -11.699999809265137
vertex -38.308677673339844 -11.538009643554688 -14.619311332702637
endloop
endfacet
facet normal 0.9807861986664705 0.19508570553829574 0
outer loop
vertex -57.96195983886719 -26.1912899017334 -11.699999809265137
vertex -57.96195983886719 -26.1912899017334 -16.65262222290039
vertex -58.00001907348633 -25.999948501586914 -11.699999809265137
endloop
endfacet
facet normal 0.5555673912342672 -0.8314715111157752 0
outer loop
vertex -57.69136047363281 -11.538009643554688 -11.699999809265137
vertex -57.853572845458984 -11.646395683288574 -11.699999809265137
vertex -57.853572845458984 -11.646395683288574 -14.634350776672363
endloop
endfacet
facet normal -1 0 0
outer loop
vertex -38.00001907348633 -25.999948501586914 -11.699999809265137
vertex -38.00001907348633 -11.99994945526123 -14.68341064453125
vertex -38.00001907348633 -25.999948501586914 -16.62607192993164
endloop
endfacet
facet normal 0.8314677441500905 -0.5555730288971555 0
outer loop
vertex -57.853572845458984 -11.646395683288574 -11.699999809265137
vertex -57.96195983886719 -11.80860710144043 -11.699999809265137
vertex -57.96195983886719 -11.80860710144043 -14.6568603515625
endloop
endfacet
facet normal 0.9807863847094384 -0.19508477021179674 0
outer loop
vertex -58.00001907348633 -11.99994945526123 -11.699999809265137
vertex -58.00001907348633 -11.99994945526123 -14.68341064453125
vertex -57.96195983886719 -11.80860710144043 -11.699999809265137
endloop
endfacet
facet normal 0.19509040787318935 -0.9807852633251952 0
outer loop
vertex -57.69136047363281 -11.538009643554688 -14.619311332702637
vertex -57.50001907348633 -11.49994945526123 -14.614029884338379
vertex -57.50001907348633 -11.49994945526123 -11.699999809265137
endloop
endfacet
facet normal -1 0 0
outer loop
vertex -38.00001907348633 -11.99994945526123 -14.68341064453125
vertex -38.00001907348633 -25.999948501586914 -11.699999809265137
vertex -38.00001907348633 -11.99994945526123 -11.699999809265137
endloop
endfacet
facet normal -0.9807863847094385 -0.19508477021179677 0
outer loop
vertex -38.03807830810547 -11.80860710144043 -11.699999809265137
vertex -38.03807830810547 -11.80860710144043 -14.6568603515625
vertex -38.00001907348633 -11.99994945526123 -11.699999809265137
endloop
endfacet
facet normal 0.8314677441500905 -0.5555730288971555 0
outer loop
vertex -57.96195983886719 -11.80860710144043 -14.6568603515625
vertex -57.853572845458984 -11.646395683288574 -14.634350776672363
vertex -57.853572845458984 -11.646395683288574 -11.699999809265137
endloop
endfacet
facet normal 0.9807863847094385 -0.19508477021179677 0
outer loop
vertex -58.00001907348633 -11.99994945526123 -14.68341064453125
vertex -57.96195983886719 -11.80860710144043 -14.6568603515625
vertex -57.96195983886719 -11.80860710144043 -11.699999809265137
endloop
endfacet
facet normal 0 0 -1
outer loop
vertex -57.50001907348633 -11.49994945526123 -11.699999809265137
vertex -57.69136047363281 -26.461889266967773 -11.699999809265137
vertex -57.69136047363281 -11.538009643554688 -11.699999809265137
endloop
endfacet
facet normal 0 0 -1
outer loop
vertex -57.69136047363281 -11.538009643554688 -11.699999809265137
vertex -57.853572845458984 -26.35350227355957 -11.699999809265137
vertex -57.853572845458984 -11.646395683288574 -11.699999809265137
endloop
endfacet
facet normal 0 0 -1
outer loop
vertex -57.853572845458984 -11.646395683288574 -11.699999809265137
vertex -57.96195983886719 -26.1912899017334 -11.699999809265137
vertex -57.96195983886719 -11.80860710144043 -11.699999809265137
endloop
endfacet
facet normal 0 0 -1
outer loop
vertex -38.50001907348633 -26.499948501586914 -11.699999809265137
vertex -57.50001907348633 -26.499948501586914 -11.699999809265137
vertex -43.75001907348633 -22.249948501586914 -11.699999809265137
endloop
endfacet
facet normal 0 0 -1
outer loop
vertex -57.96195983886719 -11.80860710144043 -11.699999809265137
vertex -58.00001907348633 -25.999948501586914 -11.699999809265137
vertex -58.00001907348633 -11.99994945526123 -11.699999809265137
endloop
endfacet
facet normal 0 0 -1
outer loop
vertex -57.853572845458984 -26.35350227355957 -11.699999809265137
vertex -57.96195983886719 -26.1912899017334 -11.699999809265137
vertex -57.853572845458984 -11.646395683288574 -11.699999809265137
endloop
endfacet
facet normal 0 0 -1
outer loop
vertex -57.96195983886719 -26.1912899017334 -11.699999809265137
vertex -58.00001907348633 -25.999948501586914 -11.699999809265137
vertex -57.96195983886719 -11.80860710144043 -11.699999809265137
endloop
endfacet
facet normal 0 0 -1
outer loop
vertex -57.50001907348633 -26.499948501586914 -11.699999809265137
vertex -57.69136047363281 -26.461889266967773 -11.699999809265137
vertex -57.50001907348633 -11.49994945526123 -11.699999809265137
endloop
endfacet
facet normal 0 0 -1
outer loop
vertex -57.69136047363281 -26.461889266967773 -11.699999809265137
vertex -57.853572845458984 -26.35350227355957 -11.699999809265137
vertex -57.69136047363281 -11.538009643554688 -11.699999809265137
endloop
endfacet
facet normal 0 0 -1
outer loop
vertex -43.75001907348633 -22.249948501586914 -11.699999809265137
vertex -57.50001907348633 -26.499948501586914 -11.699999809265137
vertex -43.75001907348633 -15.74994945526123 -11.699999809265137
endloop
endfacet
facet normal 1 0 0
outer loop
vertex -58.00001907348633 -11.99994945526123 -11.699999809265137
vertex -58.00001907348633 -25.999948501586914 -16.62607192993164
vertex -58.00001907348633 -11.99994945526123 -14.68341064453125
endloop
endfacet
facet normal 1 0 0
outer loop
vertex -58.00001907348633 -25.999948501586914 -11.699999809265137
vertex -58.00001907348633 -25.999948501586914 -16.62607192993164
vertex -58.00001907348633 -11.99994945526123 -11.699999809265137
endloop
endfacet
facet normal 0 0 -1
outer loop
vertex -57.50001907348633 -11.49994945526123 -11.699999809265137
vertex -38.50001907348633 -11.49994945526123 -11.699999809265137
vertex -57.50001907348633 -26.499948501586914 -11.699999809265137
endloop
endfacet
facet normal 0 0 -1
outer loop
vertex -43.75001907348633 -15.74994945526123 -11.699999809265137
vertex -57.50001907348633 -26.499948501586914 -11.699999809265137
vertex -38.50001907348633 -11.49994945526123 -11.699999809265137
endloop
endfacet
facet normal -0.8314677441500905 -0.5555730288971555 0
outer loop
vertex -38.14646530151367 -11.646395683288574 -11.699999809265137
vertex -38.14646530151367 -11.646395683288574 -14.634350776672363
vertex -38.03807830810547 -11.80860710144043 -11.699999809265137
endloop
endfacet
facet normal 0 0 -1
outer loop
vertex -43.75001907348633 -22.249948501586914 -11.699999809265137
vertex -41.25001907348633 -22.249948501586914 -11.699999809265137
vertex -38.50001907348633 -26.499948501586914 -11.699999809265137
endloop
endfacet
facet normal 0 0 -1
outer loop
vertex -38.50001907348633 -26.499948501586914 -11.699999809265137
vertex -41.25001907348633 -22.249948501586914 -11.699999809265137
vertex -38.50001907348633 -11.49994945526123 -11.699999809265137
endloop
endfacet
facet normal 0 0 -1
outer loop
vertex -38.308677673339844 -26.461889266967773 -11.699999809265137
vertex -38.50001907348633 -26.499948501586914 -11.699999809265137
vertex -38.308677673339844 -11.538009643554688 -11.699999809265137
endloop
endfacet
facet normal 0 0 -1
outer loop
vertex -38.14646530151367 -26.35350227355957 -11.699999809265137
vertex -38.308677673339844 -26.461889266967773 -11.699999809265137
vertex -38.14646530151367 -11.646395683288574 -11.699999809265137
endloop
endfacet
facet normal 0 0 -1
outer loop
vertex -38.03807830810547 -26.1912899017334 -11.699999809265137
vertex -38.14646530151367 -26.35350227355957 -11.699999809265137
vertex -38.03807830810547 -11.80860710144043 -11.699999809265137
endloop
endfacet
facet normal 0 0 -1
outer loop
vertex -38.00001907348633 -25.999948501586914 -11.699999809265137
vertex -38.03807830810547 -26.1912899017334 -11.699999809265137
vertex -38.00001907348633 -11.99994945526123 -11.699999809265137
endloop
endfacet
facet normal 0 0 -1
outer loop
vertex -43.75001907348633 -15.74994945526123 -11.699999809265137
vertex -38.50001907348633 -11.49994945526123 -11.699999809265137
vertex -41.25001907348633 -15.74994945526123 -11.699999809265137
endloop
endfacet
facet normal 0 0 -1
outer loop
vertex -38.00001907348633 -11.99994945526123 -11.699999809265137
vertex -38.03807830810547 -26.1912899017334 -11.699999809265137
vertex -38.03807830810547 -11.80860710144043 -11.699999809265137
endloop
endfacet
facet normal 0 0 -1
outer loop
vertex -38.50001907348633 -11.49994945526123 -11.699999809265137
vertex -41.25001907348633 -22.249948501586914 -11.699999809265137
vertex -41.25001907348633 -15.74994945526123 -11.699999809265137
endloop
endfacet
facet normal 0 0 -1
outer loop
vertex -38.308677673339844 -11.538009643554688 -11.699999809265137
vertex -38.50001907348633 -26.499948501586914 -11.699999809265137
vertex -38.50001907348633 -11.49994945526123 -11.699999809265137
endloop
endfacet
facet normal 0 0 -1
outer loop
vertex -38.14646530151367 -11.646395683288574 -11.699999809265137
vertex -38.308677673339844 -26.461889266967773 -11.699999809265137
vertex -38.308677673339844 -11.538009643554688 -11.699999809265137
endloop
endfacet
facet normal 0 0 -1
outer loop
vertex -38.03807830810547 -11.80860710144043 -11.699999809265137
vertex -38.14646530151367 -26.35350227355957 -11.699999809265137
vertex -38.14646530151367 -11.646395683288574 -11.699999809265137
endloop
endfacet
facet normal -0.19509040787318935 -0.9807852633251952 0
outer loop
vertex -38.308677673339844 -11.538009643554688 -11.699999809265137
vertex -38.50001907348633 -11.49994945526123 -11.699999809265137
vertex -38.50001907348633 -11.49994945526123 -14.614029884338379
endloop
endfacet
facet normal -0.5555673912342672 -0.8314715111157752 0
outer loop
vertex -38.14646530151367 -11.646395683288574 -14.634350776672363
vertex -38.14646530151367 -11.646395683288574 -11.699999809265137
vertex -38.308677673339844 -11.538009643554688 -14.619311332702637
endloop
endfacet
facet normal -0.8314677441500905 -0.5555730288971555 0
outer loop
vertex -38.03807830810547 -11.80860710144043 -14.6568603515625
vertex -38.03807830810547 -11.80860710144043 -11.699999809265137
vertex -38.14646530151367 -11.646395683288574 -14.634350776672363
endloop
endfacet
facet normal -0.19509040787318932 -0.9807852633251952 0
outer loop
vertex -38.50001907348633 -11.49994945526123 -14.614029884338379
vertex -38.308677673339844 -11.538009643554688 -14.619311332702637
vertex -38.308677673339844 -11.538009643554688 -11.699999809265137
endloop
endfacet
facet normal -0.9807861986664705 0.19508570553829574 0
outer loop
vertex -38.00001907348633 -25.999948501586914 -16.62607192993164
vertex -38.03807830810547 -26.1912899017334 -11.699999809265137
vertex -38.00001907348633 -25.999948501586914 -11.699999809265137
endloop
endfacet
facet normal -0.831469252991977 0.5555707707654927 0
outer loop
vertex -38.03807830810547 -26.1912899017334 -11.699999809265137
vertex -38.03807830810547 -26.1912899017334 -16.65262222290039
vertex -38.14646530151367 -26.35350227355957 -11.699999809265137
endloop
endfacet
facet normal -0.9807863847094384 -0.19508477021179674 0
outer loop
vertex -38.00001907348633 -11.99994945526123 -14.68341064453125
vertex -38.00001907348633 -11.99994945526123 -11.699999809265137
vertex -38.03807830810547 -11.80860710144043 -14.6568603515625
endloop
endfacet
facet normal 0.831469252991977 0.5555707707654927 0
outer loop
vertex -57.853572845458984 -26.35350227355957 -16.67513084411621
vertex -57.96195983886719 -26.1912899017334 -16.65262222290039
vertex -57.96195983886719 -26.1912899017334 -11.699999809265137
endloop
endfacet
facet normal -0.5555707707654927 0.831469252991977 0
outer loop
vertex -38.14646530151367 -26.35350227355957 -11.699999809265137
vertex -38.14646530151367 -26.35350227355957 -16.67513084411621
vertex -38.308677673339844 -26.461889266967773 -11.699999809265137
endloop
endfacet
facet normal -0.19508570553829574 0.9807861986664705 0
outer loop
vertex -38.308677673339844 -26.461889266967773 -11.699999809265137
vertex -38.308677673339844 -26.461889266967773 -16.690170288085938
vertex -38.50001907348633 -26.499948501586914 -11.699999809265137
endloop
endfacet
facet normal 0 1 0
outer loop
vertex -38.50001907348633 -26.499948501586914 -11.699999809265137
vertex -38.50001907348633 -26.499948501586914 -16.695451736450195
vertex -57.50001907348633 -26.499948501586914 -11.699999809265137
endloop
endfacet
facet normal 0.19509040787318932 -0.9807852633251952 0
outer loop
vertex -57.50001907348633 -11.49994945526123 -11.699999809265137
vertex -57.69136047363281 -11.538009643554688 -11.699999809265137
vertex -57.69136047363281 -11.538009643554688 -14.619311332702637
endloop
endfacet
facet normal 0.19508570553829574 0.9807861986664705 0
outer loop
vertex -57.50001907348633 -26.499948501586914 -16.695451736450195
vertex -57.69136047363281 -26.461889266967773 -16.690170288085938
vertex -57.69136047363281 -26.461889266967773 -11.699999809265137
endloop
endfacet
facet normal 0.5555707707654927 0.831469252991977 0
outer loop
vertex -57.69136047363281 -26.461889266967773 -16.690170288085938
vertex -57.853572845458984 -26.35350227355957 -16.67513084411621
vertex -57.853572845458984 -26.35350227355957 -11.699999809265137
endloop
endfacet
facet normal 0.9807861986664705 0.19508570553829574 0
outer loop
vertex -57.96195983886719 -26.1912899017334 -16.65262222290039
vertex -58.00001907348633 -25.999948501586914 -16.62607192993164
vertex -58.00001907348633 -25.999948501586914 -11.699999809265137
endloop
endfacet
facet normal 0 1 0
outer loop
vertex -38.50001907348633 -26.499948501586914 -16.695451736450195
vertex -57.50001907348633 -26.499948501586914 -16.695451736450195
vertex -57.50001907348633 -26.499948501586914 -11.699999809265137
endloop
endfacet
facet normal 0 -1 0
outer loop
vertex -38.50001907348633 -11.49994945526123 -11.699999809265137
vertex -57.50001907348633 -11.49994945526123 -14.614029884338379
vertex -38.50001907348633 -11.49994945526123 -14.614029884338379
endloop
endfacet
facet normal -0.19508570553829574 0.9807861986664705 0
outer loop
vertex -38.308677673339844 -26.461889266967773 -16.690170288085938
vertex -38.50001907348633 -26.499948501586914 -16.695451736450195
vertex -38.50001907348633 -26.499948501586914 -11.699999809265137
endloop
endfacet
facet normal -0.5555707707654927 0.8314692529919772 0
outer loop
vertex -38.308677673339844 -26.461889266967773 -16.690170288085938
vertex -38.308677673339844 -26.461889266967773 -11.699999809265137
vertex -38.14646530151367 -26.35350227355957 -16.67513084411621
endloop
endfacet
facet normal -0.831469252991977 0.5555707707654927 0
outer loop
vertex -38.14646530151367 -26.35350227355957 -16.67513084411621
vertex -38.14646530151367 -26.35350227355957 -11.699999809265137
vertex -38.03807830810547 -26.1912899017334 -16.65262222290039
endloop
endfacet
facet normal -0.9807861986664705 0.19508570553829574 0
outer loop
vertex -38.03807830810547 -26.1912899017334 -16.65262222290039
vertex -38.03807830810547 -26.1912899017334 -11.699999809265137
vertex -38.00001907348633 -25.999948501586914 -16.62607192993164
endloop
endfacet
facet normal 0.831469252991977 0.5555707707654927 0
outer loop
vertex -57.853572845458984 -26.35350227355957 -11.699999809265137
vertex -57.853572845458984 -26.35350227355957 -16.67513084411621
vertex -57.96195983886719 -26.1912899017334 -11.699999809265137
endloop
endfacet
facet normal 0.5555707707654927 0.8314692529919772 0
outer loop
vertex -57.69136047363281 -26.461889266967773 -11.699999809265137
vertex -57.69136047363281 -26.461889266967773 -16.690170288085938
vertex -57.853572845458984 -26.35350227355957 -11.699999809265137
endloop
endfacet
facet normal 0.19508570553829574 0.9807861986664705 0
outer loop
vertex -57.50001907348633 -26.499948501586914 -11.699999809265137
vertex -57.50001907348633 -26.499948501586914 -16.695451736450195
vertex -57.69136047363281 -26.461889266967773 -11.699999809265137
endloop
endfacet
facet normal 0 -1 0
outer loop
vertex -57.50001907348633 -11.49994945526123 -11.699999809265137
vertex -57.50001907348633 -11.49994945526123 -14.614029884338379
vertex -38.50001907348633 -11.49994945526123 -11.699999809265137
endloop
endfacet
facet normal 0.5555673912342671 -0.8314715111157752 0
outer loop
vertex -57.853572845458984 -11.646395683288574 -14.634350776672363
vertex -57.69136047363281 -11.538009643554688 -14.619311332702637
vertex -57.69136047363281 -11.538009643554688 -11.699999809265137
endloop
endfacet
facet normal 0.2696212022833191 -0.6536818711247471 0.7071099056314705
outer loop
vertex 69.03311920166016 -46.820716857910156 -0.5
vertex 68.20846557617188 -47.701725006103516 -1
vertex 69.31607818603516 -47.244873046875 -1
endloop
endfacet
facet normal 0.26962406758411145 -0.6536832235413633 0.7071075628502149
outer loop
vertex 68.11011505126953 -47.2014274597168 -0.5
vertex 68.20846557617188 -47.701725006103516 -1
vertex 69.03311920166016 -46.820716857910156 -0.5
endloop
endfacet
facet normal 0.5000016764281537 -0.5000033449691744 0.707103230503632
outer loop
vertex 71.74325561523438 -44.81768798828125 -1
vertex 71.31938171386719 -44.534461975097656 -0.5
vertex 69.03311920166016 -46.820716857910156 -0.5
endloop
endfacet
facet normal 0.49999789721623794 -0.49999632556795787 0.7071108662705452
outer loop
vertex 69.31607818603516 -47.244873046875 -1
vertex 71.74325561523438 -44.81768798828125 -1
vertex 69.03311920166016 -46.820716857910156 -0.5
endloop
endfacet
facet normal 0.6532792546203762 -0.2706007492445202 0.7071078064842378
outer loop
vertex 71.74325561523438 -44.81768798828125 -1
vertex 71.88932037353516 -44.46506118774414 -1
vertex 71.3481216430664 -44.46506118774414 -0.5
endloop
endfacet
facet normal 0.6533133298753903 -0.2705470580597587 0.7070968691645715
outer loop
vertex 71.74325561523438 -44.81768798828125 -1
vertex 71.3481216430664 -44.46506118774414 -0.5
vertex 71.31938171386719 -44.534461975097656 -0.5
endloop
endfacet
facet normal 0.7071067811865476 0 0.7071067811865476
outer loop
vertex 72.19998168945312 20.77667808532715 -1
vertex 71.69998168945312 19.529430389404297 -0.5
vertex 72.19998168945312 19.529430389404297 -1
endloop
endfacet
facet normal 0.7071067811865476 0 0.7071067811865476
outer loop
vertex 72.19998168945312 -2.21781587600708 -1
vertex 72.19998168945312 -0.9705688953399658 -1
vertex 71.69998168945312 -2.21781587600708 -0.5
endloop
endfacet
facet normal 0.7071067811865476 0 0.7071067811865476
outer loop
vertex 72.19998168945312 20.77667808532715 -1
vertex 71.69998168945312 20.77667808532715 -0.5
vertex 71.69998168945312 19.529430389404297 -0.5
endloop
endfacet
facet normal 0.7071067811865476 0 0.7071067811865476
outer loop
vertex 72.19998168945312 -0.9705688953399658 -1
vertex 71.69998168945312 -0.9705688953399658 -0.5
vertex 71.69998168945312 -2.21781587600708 -0.5
endloop
endfacet
facet normal 0.7071067811865476 0 0.7071067811865476
outer loop
vertex 72.19998168945312 -22.717815399169922 -1
vertex 71.69998168945312 -22.717815399169922 -0.5
vertex 72.19998168945312 -23.965063095092773 -1
endloop
endfacet
facet normal 0.7071067811865476 0 0.7071067811865476
outer loop
vertex 71.69998168945312 -23.965063095092773 -0.5
vertex 72.19998168945312 -23.965063095092773 -1
vertex 71.69998168945312 -22.717815399169922 -0.5
endloop
endfacet
facet normal 0.6596594459000306 0.25465423318836633 0.7071072315809743
outer loop
vertex 71.91044616699219 41.276676177978516 -1
vertex 71.79737091064453 41.56958770751953 -1
vertex 71.36447143554688 41.302608489990234 -0.5
endloop
endfacet
facet normal 0.5236831601358986 0.4751366623263048 0.7071075589353418
outer loop
vertex 71.36447143554688 41.302608489990234 -0.5
vertex 71.79737091064453 41.56958770751953 -1
vertex 70.84165954589844 42.622947692871094 -1
endloop
endfacet
facet normal 0.52368552453462 0.4751387510339783 0.707104404355376
outer loop
vertex 70.84165954589844 42.622947692871094 -1
vertex 69.52066040039062 44.07891845703125 -1
vertex 69.22137451171875 43.66468048095703 -0.5
endloop
endfacet
facet normal 0.5236848387892563 0.4751368168949508 0.7071062118615593
outer loop
vertex 71.36447143554688 41.302608489990234 -0.5
vertex 70.84165954589844 42.622947692871094 -1
vertex 69.22137451171875 43.66468048095703 -0.5
endloop
endfacet
facet normal 0.28663582709647356 0.6464072984088076 0.707105018500468
outer loop
vertex 69.22137451171875 43.66468048095703 -0.5
vertex 69.52066040039062 44.07891845703125 -1
vertex 68.36136627197266 44.59298324584961 -1
endloop
endfacet
facet normal 0.28663157801269035 0.6464052823280011 0.7071085839278239
outer loop
vertex 68.36136627197266 44.59298324584961 -1
vertex 68.25529479980469 44.09306335449219 -0.5
vertex 69.22137451171875 43.66468048095703 -0.5
endloop
endfacet
facet normal 0.00055739117442871 0.7071041931931221 0.7071091494838563
outer loop
vertex -68.02489471435547 44.70049285888672 -1
vertex 68.25529479980469 44.09306335449219 -0.5
vertex 68.36136627197266 44.59298324584961 -1
endloop
endfacet
facet normal 0.0005573935875352648 0.7071044901498535 0.7071088525271795
outer loop
vertex -68.02489471435547 44.70049285888672 -1
vertex -67.93202209472656 44.200416564941406 -0.5
vertex 68.25529479980469 44.09306335449219 -0.5
endloop
endfacet
facet normal -0.2543981134153218 0.6597590160153376 0.7071065271069125
outer loop
vertex -68.80220031738281 43.86488723754883 -0.5
vertex -68.02489471435547 44.70049285888672 -1
vertex -69.06909942626953 44.297855377197266 -1
endloop
endfacet
facet normal -0.25439364659802577 0.659756966617425 0.707110046294304
outer loop
vertex -68.02489471435547 44.70049285888672 -1
vertex -68.80220031738281 43.86488723754883 -0.5
vertex -67.93202209472656 44.200416564941406 -0.5
endloop
endfacet
facet normal -0.4751379869877736 0.5236839980236814 0.7071060482948363
outer loop
vertex -70.18994140625 43.28091812133789 -1
vertex -71.57449340820312 42.024715423583984 -1
vertex -71.1609878540039 41.724761962890625 -0.5
endloop
endfacet
facet normal -0.4751369251089439 0.5236836479659699 0.7071070210732402
outer loop
vertex -70.18994140625 43.28091812133789 -1
vertex -71.1609878540039 41.724761962890625 -0.5
vertex -69.06909942626953 44.297855377197266 -1
endloop
endfacet
facet normal -0.4751383610598602 0.5236845045987156 0.7071054217671845
outer loop
vertex -71.1609878540039 41.724761962890625 -0.5
vertex -68.80220031738281 43.86488723754883 -0.5
vertex -69.06909942626953 44.297855377197266 -1
endloop
endfacet
facet normal -0.6453105855489372 0.28908582551246453 0.7071093505719356
outer loop
vertex -71.20752716064453 41.62086486816406 -0.5
vertex -71.57449340820312 42.024715423583984 -1
vertex -71.75336456298828 41.625431060791016 -1
endloop
endfacet
facet normal -0.6453259206672873 0.28906506947205557 0.7071038408367143
outer loop
vertex -71.1609878540039 41.724761962890625 -0.5
vertex -71.57449340820312 42.024715423583984 -1
vertex -71.20752716064453 41.62086486816406 -0.5
endloop
endfacet
facet normal -0.7070804905491349 0.005912567758363061 0.7071083519711089
outer loop
vertex -72.25320434570312 21.12889289855957 -1
vertex -72.2696304321289 19.164506912231445 -1
vertex -71.76964569091797 19.16032600402832 -0.5
endloop
endfacet
facet normal -0.7070805247803039 0.0059098218448601575 0.7071083406962274
outer loop
vertex -72.64523315429688 -25.762832641601562 -1
vertex -72.14524841308594 -25.767011642456055 -0.5
vertex -72.12882995605469 -23.80262565612793 -0.5
endloop
endfacet
facet normal -0.707085896254169 0.005912612960568075 0.7071029460597779
outer loop
vertex -72.6288070678711 -23.798446655273438 -1
vertex -72.64523315429688 -25.762832641601562 -1
vertex -72.12882995605469 -23.80262565612793 -0.5
endloop
endfacet
facet normal -0.7070804905491349 0.005912567758363061 0.7071083519711089
outer loop
vertex -71.75321960449219 21.124711990356445 -0.5
vertex -72.25320434570312 21.12889289855957 -1
vertex -71.76964569091797 19.16032600402832 -0.5
endloop
endfacet
facet normal -0.7070805191384602 0.00590982251498361 0.7071083463322486
outer loop
vertex -72.44100952148438 -1.3347771167755127 -1
vertex -72.45742797851562 -3.2991628646850586 -1
vertex -71.94102478027344 -1.3389570713043213 -0.5
endloop
endfacet
facet normal -0.7070805177354934 0.005909821785979205 0.7071083477412529
outer loop
vertex -72.45742797851562 -3.2991628646850586 -1
vertex -71.95744323730469 -3.3033430576324463 -0.5
vertex -71.94102478027344 -1.3389570713043213 -0.5
endloop
endfacet
facet normal -0.5028258715085184 -0.4971550296801113 0.707108916225405
outer loop
vertex -71.05633544921875 -47.286163330078125 -1
vertex -70.8469467163086 -46.78678512573242 -0.5
vertex -71.35360717773438 -46.27434539794922 -0.5
endloop
endfacet
facet normal -0.5028260561142626 -0.49715502178885235 0.7071087905002329
outer loop
vertex -72.0625991821289 -46.2684211730957 -1
vertex -71.05633544921875 -47.286163330078125 -1
vertex -71.35360717773438 -46.27434539794922 -0.5
endloop
endfacet
facet normal -0.0021099516904453724 -0.7071025098146668 0.7071079045786882
outer loop
vertex -57.556331634521484 -47.326446533203125 -1
vertex 54.708465576171875 -47.66143798828125 -1
vertex -57.556331634521484 -46.82644271850586 -0.5
endloop
endfacet
facet normal -0.002109953852754783 -0.7071030802541121 0.7071073341366826
outer loop
vertex -66.55633544921875 -47.299591064453125 -1
vertex -70.8469467163086 -46.78678512573242 -0.5
vertex -71.05633544921875 -47.286163330078125 -1
endloop
endfacet
facet normal -0.0021098191998646667 -0.707102510012331 0.707107904776354
outer loop
vertex -70.8469467163086 -46.78678512573242 -0.5
vertex -66.55633544921875 -47.299591064453125 -1
vertex -66.55633544921875 -46.79958724975586 -0.5
endloop
endfacet
facet normal -0.0021099837661984703 -0.7071052071539661 0.7071052071539661
outer loop
vertex 54.708465576171875 -47.66143798828125 -1
vertex 54.708465576171875 -47.16143798828125 -0.5
vertex -57.556331634521484 -46.82644271850586 -0.5
endloop
endfacet
facet normal -0.0021099521505951015 -0.7071025098139802 0.7071079045780015
outer loop
vertex 68.20846557617188 -47.701725006103516 -1
vertex 63.708465576171875 -47.18829345703125 -0.5
vertex 63.708465576171875 -47.688297271728516 -1
endloop
endfacet
facet normal -0.002109909899028677 -0.7071023222633237 0.7071080922532512
outer loop
vertex 63.708465576171875 -47.18829345703125 -0.5
vertex 68.20846557617188 -47.701725006103516 -1
vertex 68.11011505126953 -47.2014274597168 -0.5
endloop
endfacet
facet normal 0.27182434159782665 -0.549389507187572 -0.7901156223661855
outer loop
vertex 68.27469635009766 -47.67440414428711 -18.424104690551758
vertex 68.20846557617188 -47.427520751953125 -18.618555068969727
vertex 69.31607818603516 -47.244873046875 -18.364501953125
endloop
endfacet
facet normal 0.27182736973973143 -0.5493868168797504 -0.7901164512267258
outer loop
vertex 69.31607818603516 -47.244873046875 -18.364501953125
vertex 68.01567077636719 -46.33110427856445 -19.44725227355957
vertex 69.40367126464844 -47.15727615356445 -18.395275115966797
endloop
endfacet
facet normal 0.27182853226515113 -0.5493855108465727 -0.7901169593917244
outer loop
vertex 68.01567077636719 -46.33110427856445 -19.44725227355957
vertex 69.31607818603516 -46.97066879272461 -18.55516242980957
vertex 69.40367126464844 -47.15727615356445 -18.395275115966797
endloop
endfacet
facet normal 0.27182434334174244 -0.5493898546735118 -0.790115380149411
outer loop
vertex 68.20846557617188 -47.427520751953125 -18.618555068969727
vertex 68.01567077636719 -46.33110427856445 -19.44725227355957
vertex 69.31607818603516 -47.244873046875 -18.364501953125
endloop
endfacet
facet normal 0.2718265072930137 -0.5493880942951042 -0.7901158597191142
outer loop
vertex 68.01567077636719 -46.33110427856445 -19.44725227355957
vertex 68.76285552978516 -46.02291488647461 -19.40448760986328
vertex 69.31607818603516 -46.97066879272461 -18.55516242980957
endloop
endfacet
facet normal 0.39480229176009857 -0.483871511890149 -0.7810246541576745
outer loop
vertex 69.40367126464844 -47.15727615356445 -18.395275115966797
vertex 69.31607818603516 -46.97066879272461 -18.55516242980957
vertex 69.42977905273438 -47.131168365478516 -18.398252487182617
endloop
endfacet
facet normal 0.5023785864119482 -0.39569915340964723 -0.7687899166258758
outer loop
vertex 69.31607818603516 -46.97066879272461 -18.55516242980957
vertex 68.76285552978516 -46.02291488647461 -19.40448760986328
vertex 71.74325561523438 -44.81768798828125 -18.07723045349121
endloop
endfacet
facet normal 0.5023780189297316 -0.39570002357842143 -0.7687898395766396
outer loop
vertex 71.74325561523438 -44.81768798828125 -18.07723045349121
vertex 70.91751861572266 -43.868247985839844 -19.10550308227539
vertex 71.74325561523438 -44.543487548828125 -18.21836280822754
endloop
endfacet
facet normal 0.502378621651055 -0.39569941312002344 -0.768789759924295
outer loop
vertex 68.76285552978516 -46.02291488647461 -19.40448760986328
vertex 70.91751861572266 -43.868247985839844 -19.10550308227539
vertex 71.74325561523438 -44.81768798828125 -18.07723045349121
endloop
endfacet
facet normal 0.5023792188718074 -0.39570006197262236 -0.7687890356922472
outer loop
vertex 69.31607818603516 -46.97066879272461 -18.55516242980957
vertex 71.74325561523438 -44.81768798828125 -18.07723045349121
vertex 69.42977905273438 -47.131168365478516 -18.398252487182617
endloop
endfacet
facet normal 0.5023677913382515 -0.3957027430554081 -0.7687951231403285
outer loop
vertex 71.74325561523438 -44.543487548828125 -18.21836280822754
vertex 71.8239974975586 -44.62276840209961 -18.12479591369629
vertex 71.74325561523438 -44.81768798828125 -18.07723045349121
endloop
endfacet
facet normal 0.6653501761577544 -0.17802337552713118 -0.7249943591868638
outer loop
vertex 71.74325561523438 -44.543487548828125 -18.21836280822754
vertex 72.19998168945312 -43.71506118774414 -18.00263214111328
vertex 71.8239974975586 -44.62276840209961 -18.12479591369629
endloop
endfacet
facet normal 0.6541862557538818 -0.16867022322539837 -0.7372860357960207
outer loop
vertex 70.91751861572266 -43.868247985839844 -19.10550308227539
vertex 71.22845458984375 -43.11759567260742 -19.001340866088867
vertex 72.19998168945312 -43.440860748291016 -18.06536102294922
endloop
endfacet
facet normal 0.6541861618398613 -0.16866912988241553 -0.7372863692500625
outer loop
vertex 72.19998168945312 -43.71506118774414 -18.00263214111328
vertex 70.91751861572266 -43.868247985839844 -19.10550308227539
vertex 72.19998168945312 -43.440860748291016 -18.06536102294922
endloop
endfacet
facet normal 0.654186235469447 -0.16866745024643404 -0.7372866881679608
outer loop
vertex 71.74325561523438 -44.543487548828125 -18.21836280822754
vertex 70.91751861572266 -43.868247985839844 -19.10550308227539
vertex 72.19998168945312 -43.71506118774414 -18.00263214111328
endloop
endfacet
facet normal 0.7071070779225634 0.09718793488065564 -0.7003956636540857
outer loop
vertex 72.19998168945312 -43.440860748291016 -18.06536102294922
vertex 71.22845458984375 -43.11759567260742 -19.001340866088867
vertex 72.19998168945312 40.526676177978516 -6.4139018058776855
endloop
endfacet
facet normal 0.707107381695327 0.0971878862163922 -0.7003953637230679
outer loop
vertex 72.19998168945312 40.526676177978516 -6.4139018058776855
vertex 71.22845458984375 -43.11759567260742 -19.001340866088867
vertex 71.22845458984375 40.75807571411133 -7.3626298904418945
endloop
endfacet
facet normal 0.707107948441931 0.09719884868788697 -0.7003932702874811
outer loop
vertex 72.19998168945312 40.526676177978516 -6.4139018058776855
vertex 71.22845458984375 40.75807571411133 -7.3626298904418945
vertex 72.09542846679688 40.79750061035156 -6.481873035430908
endloop
endfacet
facet normal 0.6604791591631048 0.3473302414575021 -0.6656793399830518
outer loop
vertex 71.79737091064453 41.56958770751953 -6.374736785888672
vertex 71.22845458984375 40.75807571411133 -7.3626298904418945
vertex 71.61949920654297 41.76564025878906 -6.448925018310547
endloop
endfacet
facet normal 0.6604705312374826 0.347340313563777 -0.6656826450646692
outer loop
vertex 72.09542846679688 40.79750061035156 -6.481873035430908
vertex 71.22845458984375 40.75807571411133 -7.3626298904418945
vertex 71.79737091064453 41.56958770751953 -6.374736785888672
endloop
endfacet
facet normal 0.6604687486427053 0.3473393424486767 -0.6656849204042854
outer loop
vertex 70.95429992675781 41.46824645996094 -7.264085292816162
vertex 71.61949920654297 41.76564025878906 -6.448925018310547
vertex 71.22845458984375 40.75807571411133 -7.3626298904418945
endloop
endfacet
facet normal 0.5259350000752933 0.5653512858726273 -0.6354292244286284
outer loop
vertex 69.52066040039062 44.07891845703125 -6.127931118011475
vertex 70.95429992675781 41.46824645996094 -7.264085292816162
vertex 69.3456039428711 44.15654373168945 -6.203758239746094
endloop
endfacet
facet normal 0.5259307246859771 0.5653504252033688 -0.6354335288239464
outer loop
vertex 70.95429992675781 41.46824645996094 -7.264085292816162
vertex 68.93572235107422 43.69306564331055 -6.955366134643555
vertex 69.3456039428711 44.15654373168945 -6.203758239746094
endloop
endfacet
facet normal 0.5259303428812876 0.5653506515392437 -0.6354336434600579
outer loop
vertex 71.61949920654297 41.76564025878906 -6.448925018310547
vertex 70.95429992675781 41.46824645996094 -7.264085292816162
vertex 69.52066040039062 44.07891845703125 -6.127931118011475
endloop
endfacet
facet normal 0.2889246461135253 0.7364480013954872 -0.6116918260928184
outer loop
vertex 69.3456039428711 44.15654373168945 -6.203758239746094
vertex 68.93572235107422 43.69306564331055 -6.955366134643555
vertex 68.36136627197266 44.59298324584961 -6.143197536468506
endloop
endfacet
facet normal 0.2889257083328703 0.7364481092946293 -0.6116911944606647
outer loop
vertex 68.93572235107422 43.69306564331055 -6.955366134643555
vertex 68.292236328125 44.59303665161133 -6.175786018371582
vertex 68.36136627197266 44.59298324584961 -6.143197536468506
endloop
endfacet
facet normal 0.2889236186822676 0.7364477964388773 -0.6116925581432765
outer loop
vertex 68.93572235107422 43.69306564331055 -6.955366134643555
vertex 68.15345764160156 44.03994369506836 -6.907232761383057
vertex 68.292236328125 44.59303665161133 -6.175786018371582
endloop
endfacet
facet normal 0.0005630074406756677 0.7975832848103807 -0.6032085765418999
outer loop
vertex -62.88941955566406 44.14324188232422 -6.892899036407471
vertex -67.84283447265625 44.14714813232422 -6.892357349395752
vertex -62.9802131652832 44.31310272216797 -6.6683878898620605
endloop
endfacet
facet normal 0.0005628875240233112 0.797584560920908 -0.6032068893325386
outer loop
vertex 68.15345764160156 44.03994369506836 -6.907232761383057
vertex 60.18925094604492 44.40510559082031 -6.431832790374756
vertex 60.20838928222656 44.59940719604492 -6.174901485443115
endloop
endfacet
facet normal 0.0005630702754692362 0.7975860254538302 -0.6032049526923889
outer loop
vertex 68.15345764160156 44.03994369506836 -6.907232761383057
vertex 60.132347106933594 44.21751403808594 -6.679928302764893
vertex 60.18925094604492 44.40510559082031 -6.431832790374756
endloop
endfacet
facet normal 0.000562958488074542 0.7975841501265036 -0.6032074324349158
outer loop
vertex 68.15345764160156 44.03994369506836 -6.907232761383057
vertex 60.04085159301758 44.04634094238281 -6.906345367431641
vertex 60.132347106933594 44.21751403808594 -6.679928302764893
endloop
endfacet
facet normal 0.0005627304938802556 0.7975806220543227 -0.6032120975725132
outer loop
vertex 58.22768020629883 44.40510559082031 -6.4336628913879395
vertex -61.05641174316406 44.69499969482422 -6.161637306213379
vertex 58.20854568481445 44.60098648071289 -6.1746826171875
endloop
endfacet
facet normal 0.0005628711642301626 0.7975826427334975 -0.603209425644446
outer loop
vertex -63.03711700439453 44.500694274902344 -6.420398712158203
vertex -67.96435546875 44.700443267822266 -6.160881996154785
vertex -63.056331634521484 44.69578552246094 -6.162460803985596
endloop
endfacet
facet normal 0.0005627591225365888 0.7975858792336115 -0.6032051463219764
outer loop
vertex 58.28458786010742 44.21751403808594 -6.681652069091797
vertex -61.05641174316406 44.69499969482422 -6.161637306213379
vertex 58.22768020629883 44.40510559082031 -6.4336628913879395
endloop
endfacet
facet normal 0.0005627332748081073 0.7975832315981356 -0.6032086471567996
outer loop
vertex 58.37538146972656 44.04765319824219 -6.906163215637207
vertex -61.05641174316406 44.69499969482422 -6.161637306213379
vertex 58.28458786010742 44.21751403808594 -6.681652069091797
endloop
endfacet
facet normal 0.0005627612758346028 0.7975858753058809 -0.6032051515133953
outer loop
vertex -62.9802131652832 44.31310272216797 -6.6683878898620605
vertex -67.84283447265625 44.14714813232422 -6.892357349395752
vertex -63.03711700439453 44.500694274902344 -6.420398712158203
endloop
endfacet
facet normal 0.0005630635857293594 0.7975843890500686 -0.6032071164227317
outer loop
vertex -67.84283447265625 44.14714813232422 -6.892357349395752
vertex -67.96435546875 44.700443267822266 -6.160881996154785
vertex -63.03711700439453 44.500694274902344 -6.420398712158203
endloop
endfacet
facet normal 0.0005625388296938501 0.7975827477248069 -0.6032092871315992
outer loop
vertex 68.15345764160156 44.03994369506836 -6.907232761383057
vertex 60.20838928222656 44.59940719604492 -6.174901485443115
vertex 68.292236328125 44.59303665161133 -6.175786018371582
endloop
endfacet
facet normal 0.0005626737556069892 0.7975788753386253 -0.603214407165328
outer loop
vertex 58.37538146972656 44.04765319824219 -6.906163215637207
vertex -61.07554626464844 44.500694274902344 -6.4185686111450195
vertex -61.05641174316406 44.69499969482422 -6.161637306213379
endloop
endfacet
facet normal 0.0005627397637022873 0.7975860579132671 -0.6032049100814191
outer loop
vertex 58.37538146972656 44.04765319824219 -6.906163215637207
vertex -61.13245391845703 44.31310272216797 -6.666664123535156
vertex -61.07554626464844 44.500694274902344 -6.4185686111450195
endloop
endfacet
facet normal 0.0005627307092681945 0.797584199080884 -0.6032073679180764
outer loop
vertex -61.22394561767578 44.141929626464844 -6.893081188201904
vertex -61.13245391845703 44.31310272216797 -6.666664123535156
vertex 58.37538146972656 44.04765319824219 -6.906163215637207
endloop
endfacet
facet normal -0.25648321450502604 0.7498832986893543 -0.6098289916230135
outer loop
vertex -67.84283447265625 44.14714813232422 -6.892357349395752
vertex -68.02489471435547 44.70049285888672 -6.135359287261963
vertex -67.96435546875 44.700443267822266 -6.160881996154785
endloop
endfacet
facet normal -0.2565146300777827 0.7498727055506161 -0.609828803867329
outer loop
vertex -67.84283447265625 44.14714813232422 -6.892357349395752
vertex -68.90910339355469 44.35955047607422 -6.182669162750244
vertex -68.02489471435547 44.70049285888672 -6.135359287261963
endloop
endfacet
facet normal -0.2565155877280918 0.7498715010240941 -0.6098298821838625
outer loop
vertex -68.54707336425781 43.8755989074707 -6.930037975311279
vertex -68.90910339355469 44.35955047607422 -6.182669162750244
vertex -67.84283447265625 44.14714813232422 -6.892357349395752
endloop
endfacet
facet normal -0.4776285368673183 0.6136519524802032 -0.6287306752395806
outer loop
vertex -68.90910339355469 44.35955047607422 -6.182669162750244
vertex -68.54707336425781 43.8755989074707 -6.930037975311279
vertex -69.06909942626953 44.297855377197266 -6.121340274810791
endloop
endfacet
facet normal -0.47761812623549493 0.6136617169220198 -0.6287290534686732
outer loop
vertex -68.54707336425781 43.8755989074707 -6.930037975311279
vertex -71.38494110107422 42.19669723510742 -6.412900447845459
vertex -69.06909942626953 44.297855377197266 -6.121340274810791
endloop
endfacet
facet normal -0.4776176427213914 0.6136603865259705 -0.6287307192829517
outer loop
vertex -70.76871490478516 41.85990524291992 -7.209738254547119
vertex -71.38494110107422 42.19669723510742 -6.412900447845459
vertex -68.54707336425781 43.8755989074707 -6.930037975311279
endloop
endfacet
facet normal -0.6463373144789233 0.3812538910381828 -0.6609792330175124
outer loop
vertex -70.76871490478516 41.85990524291992 -7.209738254547119
vertex -71.57449340820312 42.024715423583984 -6.326746463775635
vertex -71.38494110107422 42.19669723510742 -6.412900447845459
endloop
endfacet
facet normal -0.6463362743553234 0.3812564665092162 -0.6609787645585802
outer loop
vertex -70.76871490478516 41.85990524291992 -7.209738254547119
vertex -71.96873474121094 41.144649505615234 -6.44886589050293
vertex -71.57449340820312 42.024715423583984 -6.326746463775635
endloop
endfacet
facet normal -0.6463366287235682 0.3812589591290161 -0.6609769802754946
outer loop
vertex -70.76871490478516 41.85990524291992 -7.209738254547119
vertex -71.11827087402344 41.07959747314453 -7.318015098571777
vertex -71.96873474121094 41.144649505615234 -6.44886589050293
endloop
endfacet
facet normal -0.7070834628991756 0.10298748097107964 -0.6995902767032584
outer loop
vertex -71.83552551269531 -44.71500778198242 -19.222999572753906
vertex -72.80803680419922 -45.2367057800293 -18.316871643066406
vertex -71.11827087402344 41.07959747314453 -7.318015098571777
endloop
endfacet
facet normal -0.7070823706860161 0.10298759805880424 -0.699591363376594
outer loop
vertex -71.11827087402344 41.07959747314453 -7.318015098571777
vertex -72.80803680419922 -45.2367057800293 -18.316871643066406
vertex -72.08809661865234 40.87820053100586 -6.367452621459961
endloop
endfacet
facet normal -0.7070825913684814 0.10299453022360841 -0.6995901198041974
outer loop
vertex -71.11827087402344 41.07959747314453 -7.318015098571777
vertex -72.08809661865234 40.87820053100586 -6.367452621459961
vertex -71.96873474121094 41.144649505615234 -6.44886589050293
endloop
endfacet
facet normal -0.5051903629829767 -0.3928694992471278 -0.7683984992895544
outer loop
vertex -70.6467514038086 -45.91733932495117 -19.38983726501465
vertex -71.15766143798828 -47.18368148803711 -18.406475067138672
vertex -71.83552551269531 -44.71500778198242 -19.222999572753906
endloop
endfacet
facet normal -0.5051934286811661 -0.3928696490511642 -0.7683964071179553
outer loop
vertex -71.83552551269531 -44.71500778198242 -19.222999572753906
vertex -71.15766143798828 -47.18368148803711 -18.406475067138672
vertex -72.81034088134766 -45.512142181396484 -18.174530029296875
endloop
endfacet
facet normal -0.5051929043376643 -0.3928703035541146 -0.7683964172171636
outer loop
vertex -71.83552551269531 -44.71500778198242 -19.222999572753906
vertex -72.81034088134766 -45.512142181396484 -18.174530029296875
vertex -72.80803680419922 -45.2367057800293 -18.316871643066406
endloop
endfacet
facet normal -0.5052394684784564 -0.3928373710835268 -0.7683826386454802
outer loop
vertex -71.15766143798828 -47.18368148803711 -18.406475067138672
vertex -70.6467514038086 -45.91733932495117 -19.38983726501465
vertex -71.05633544921875 -47.011962890625 -18.56089210510254
endloop
endfacet
facet normal -0.274987204675611 -0.5480795122105007 -0.7899309372089395
outer loop
vertex -71.15766143798828 -47.18368148803711 -18.406475067138672
vertex -71.05633544921875 -47.011962890625 -18.56089210510254
vertex -71.09825134277344 -47.24376678466797 -18.385467529296875
endloop
endfacet
facet normal -0.002130172134510428 -0.6032038150390368 -0.7975842399953933
outer loop
vertex -71.05633544921875 -47.011962890625 -18.56089210510254
vertex -70.6467514038086 -45.91733932495117 -19.38983726501465
vertex 68.20846557617188 -47.701725006103516 -18.411178588867188
endloop
endfacet
facet normal -0.0021301981433580735 -0.603205245558176 -0.7975831580386904
outer loop
vertex 68.20846557617188 -47.701725006103516 -18.411178588867188
vertex -70.6467514038086 -45.91733932495117 -19.38983726501465
vertex 68.01567077636719 -46.33110427856445 -19.44725227355957
endloop
endfacet
facet normal -0.0020924413089325154 -0.603201914484634 -0.7975857772374335
outer loop
vertex 68.20846557617188 -47.701725006103516 -18.411178588867188
vertex 68.01567077636719 -46.33110427856445 -19.44725227355957
vertex 68.20846557617188 -47.427520751953125 -18.618555068969727
endloop
endfacet
facet normal -0.002130177235255633 -0.603201796614502 -0.7975857664890863
outer loop
vertex -71.05633544921875 -47.286163330078125 -18.353515625
vertex -71.09825134277344 -47.24376678466797 -18.385467529296875
vertex 68.20846557617188 -47.701725006103516 -18.411178588867188
endloop
endfacet
facet normal -0.0021301973608148575 -0.6032081900983869 -0.7975809311019367
outer loop
vertex -71.09825134277344 -47.24376678466797 -18.385467529296875
vertex -71.05633544921875 -47.011962890625 -18.56089210510254
vertex 68.20846557617188 -47.701725006103516 -18.411178588867188
endloop
endfacet
facet normal 0.09276246676430058 -0.6006023836123101 -0.7941485387249752
outer loop
vertex 68.27469635009766 -47.67440414428711 -18.424104690551758
vertex 68.20846557617188 -47.701725006103516 -18.411178588867188
vertex 68.20846557617188 -47.427520751953125 -18.618555068969727
endloop
endfacet
facet normal 0 -1 0
outer loop
vertex -44.00001907348633 -46.199947357177734 -11.449999809265137
vertex -42.75001907348633 -46.199947357177734 -8.199999809265137
vertex -44.00001907348633 -46.199947357177734 -3.450000047683716
endloop
endfacet
facet normal 0.19509040787318935 0 0.9807852633251952
outer loop
vertex -44.57404327392578 -47.36518478393555 -11.335819244384766
vertex -44.00001907348633 -47.36689758300781 -11.449999809265137
vertex -44.00001907348633 -46.199947357177734 -11.449999809265137
endloop
endfacet
facet normal 0.980785013558684 0 0.1950916635294606
outer loop
vertex -45.50001907348633 -47.362422943115234 -9.949999809265137
vertex -45.38583755493164 -46.199947357177734 -10.524024963378906
vertex -45.50001907348633 -46.199947357177734 -9.949999809265137
endloop
endfacet
facet normal 0 -1 0
outer loop
vertex -44.00001907348633 -46.199947357177734 -11.449999809265137
vertex -32.00001907348633 -46.199947357177734 -11.449999809265137
vertex -34.25001907348633 -46.199947357177734 -9.199999809265137
endloop
endfacet
facet normal 0.8314712579435086 0 0.5555677701359567
outer loop
vertex -45.38583755493164 -47.362762451171875 -10.524024963378906
vertex -45.0606803894043 -46.199947357177734 -11.010660171508789
vertex -45.38583755493164 -46.199947357177734 -10.524024963378906
endloop
endfacet
facet normal 0.8314712579435087 0 0.5555677701359567
outer loop
vertex -45.38583755493164 -47.362762451171875 -10.524024963378906
vertex -45.0606803894043 -47.363731384277344 -11.010660171508789
vertex -45.0606803894043 -46.199947357177734 -11.010660171508789
endloop
endfacet
facet normal 0.5555685177477351 0 0.831470758408006
outer loop
vertex -45.0606803894043 -47.363731384277344 -11.010660171508789
vertex -44.57404327392578 -46.199947357177734 -11.335819244384766
vertex -45.0606803894043 -46.199947357177734 -11.010660171508789
endloop
endfacet
facet normal 0 0 1
outer loop
vertex -32.00001907348633 -46.199947357177734 -11.449999809265137
vertex -44.00001907348633 -47.36689758300781 -11.449999809265137
vertex -32.00001907348633 -47.402706146240234 -11.449999809265137
endloop
endfacet
facet normal -0.19508978430737248 0 0.9807853873599988
outer loop
vertex -32.00001907348633 -47.402706146240234 -11.449999809265137
vertex -31.425992965698242 -47.4044189453125 -11.335819244384766
vertex -31.425992965698242 -46.199947357177734 -11.335819244384766
endloop
endfacet
facet normal -0.19508978430737248 0 -0.9807853873599988
outer loop
vertex -32.00001907348633 -46.199947357177734 -3.450000047683716
vertex -31.425992965698242 -46.199947357177734 -3.564180612564087
vertex -31.425992965698242 -47.4044189453125 -3.564180612564087
endloop
endfacet
facet normal -0.1950897843073725 0 -0.9807853873599989
outer loop
vertex -31.425992965698242 -47.4044189453125 -3.564180612564087
vertex -32.00001907348633 -47.402706146240234 -3.450000047683716
vertex -32.00001907348633 -46.199947357177734 -3.450000047683716
endloop
endfacet
facet normal -0.5555703047945764 0 -0.8314695643440363
outer loop
vertex -30.93935775756836 -47.4058723449707 -3.8893399238586426
vertex -31.425992965698242 -47.4044189453125 -3.564180612564087
vertex -31.425992965698242 -46.199947357177734 -3.564180612564087
endloop
endfacet
facet normal -0.8314695010489663 0 -0.5555703995223136
outer loop
vertex -30.614198684692383 -47.40684127807617 -4.375974655151367
vertex -30.93935775756836 -47.4058723449707 -3.8893399238586426
vertex -30.93935775756836 -46.199947357177734 -3.8893399238586426
endloop
endfacet
facet normal -0.5555703047945763 0 -0.8314695643440363
outer loop
vertex -31.425992965698242 -46.199947357177734 -3.564180612564087
vertex -30.93935775756836 -46.199947357177734 -3.8893399238586426
vertex -30.93935775756836 -47.4058723449707 -3.8893399238586426
endloop
endfacet
facet normal 0 0 -1
outer loop
vertex -32.00001907348633 -47.402706146240234 -3.450000047683716
vertex -44.00001907348633 -46.199947357177734 -3.450000047683716
vertex -32.00001907348633 -46.199947357177734 -3.450000047683716
endloop
endfacet
facet normal -0.8314695010489662 0 -0.5555703995223135
outer loop
vertex -30.93935775756836 -46.199947357177734 -3.8893399238586426
vertex -30.614198684692383 -46.199947357177734 -4.375974655151367
vertex -30.614198684692383 -47.40684127807617 -4.375974655151367
endloop
endfacet
facet normal -0.9807856371245008 0 -0.19508852864862958
outer loop
vertex -30.500019073486328 -47.40718078613281 -4.949999809265137
vertex -30.614198684692383 -47.40684127807617 -4.375974655151367
vertex -30.614198684692383 -46.199947357177734 -4.375974655151367
endloop
endfacet
facet normal -0.9807856371245007 0 -0.19508852864862958
outer loop
vertex -30.500019073486328 -46.199947357177734 -4.949999809265137
vertex -30.500019073486328 -47.40718078613281 -4.949999809265137
vertex -30.614198684692383 -46.199947357177734 -4.375974655151367
endloop
endfacet
facet normal 0 -1 0
outer loop
vertex -32.00001907348633 -46.199947357177734 -3.450000047683716
vertex -33.86733627319336 -46.199947357177734 -5.776120662689209
vertex -33.542911529541016 -46.199947357177734 -5.992893218994141
endloop
endfacet
facet normal -0.1950897843073725 0 0.9807853873599989
outer loop
vertex -32.00001907348633 -46.199947357177734 -11.449999809265137
vertex -32.00001907348633 -47.402706146240234 -11.449999809265137
vertex -31.425992965698242 -46.199947357177734 -11.335819244384766
endloop
endfacet
facet normal -0.5555700231666056 0 0.8314697525217963
outer loop
vertex -31.425992965698242 -46.199947357177734 -11.335819244384766
vertex -31.425992965698242 -47.4044189453125 -11.335819244384766
vertex -30.93935775756836 -46.199947357177734 -11.010660171508789
endloop
endfacet
facet normal -0.5555700231666056 0 0.8314697525217963
outer loop
vertex -31.425992965698242 -47.4044189453125 -11.335819244384766
vertex -30.93935775756836 -47.4058723449707 -11.010660171508789
vertex -30.93935775756836 -46.199947357177734 -11.010660171508789
endloop
endfacet
facet normal -0.8314697525217963 0 0.5555700231666058
outer loop
vertex -30.93935775756836 -47.4058723449707 -11.010660171508789
vertex -30.614198684692383 -47.40684127807617 -10.524024963378906
vertex -30.614198684692383 -46.199947357177734 -10.524024963378906
endloop
endfacet
facet normal -0.8314697525217963 0 0.5555700231666056
outer loop
vertex -30.93935775756836 -46.199947357177734 -11.010660171508789
vertex -30.93935775756836 -47.4058723449707 -11.010660171508789
vertex -30.614198684692383 -46.199947357177734 -10.524024963378906
endloop
endfacet
facet normal -0.9807856371245008 0 0.19508852864862958
outer loop
vertex -30.614198684692383 -46.199947357177734 -10.524024963378906
vertex -30.614198684692383 -47.40684127807617 -10.524024963378906
vertex -30.500019073486328 -46.199947357177734 -9.949999809265137
endloop
endfacet
facet normal -0.9807856371245007 0 0.19508852864862958
outer loop
vertex -30.500019073486328 -46.199947357177734 -9.949999809265137
vertex -30.614198684692383 -47.40684127807617 -10.524024963378906
vertex -30.500019073486328 -47.40718078613281 -9.949999809265137
endloop
endfacet
facet normal 0 -1 0
outer loop
vertex -44.00001907348633 -46.199947357177734 -11.449999809265137
vertex -42.1327018737793 -46.199947357177734 -9.123879432678223
vertex -42.45712661743164 -46.199947357177734 -8.907106399536133
endloop
endfacet
facet normal 0 -1 0
outer loop
vertex -41.75001907348633 -46.199947357177734 -9.199999809265137
vertex -42.1327018737793 -46.199947357177734 -9.123879432678223
vertex -44.00001907348633 -46.199947357177734 -11.449999809265137
endloop
endfacet
facet normal 0 -1 0
outer loop
vertex -44.00001907348633 -46.199947357177734 -11.449999809265137
vertex -42.45712661743164 -46.199947357177734 -8.907106399536133
vertex -42.67389678955078 -46.199947357177734 -8.582683563232422
endloop
endfacet
facet normal 0 -1 0
outer loop
vertex -44.00001907348633 -46.199947357177734 -11.449999809265137
vertex -42.67389678955078 -46.199947357177734 -8.582683563232422
vertex -42.75001907348633 -46.199947357177734 -8.199999809265137
endloop
endfacet
facet normal 0 -1 0
outer loop
vertex -33.542911529541016 -46.199947357177734 -8.907106399536133
vertex -32.00001907348633 -46.199947357177734 -11.449999809265137
vertex -33.32613754272461 -46.199947357177734 -8.582683563232422
endloop
endfacet
facet normal 0 -1 0
outer loop
vertex -33.86733627319336 -46.199947357177734 -9.123879432678223
vertex -32.00001907348633 -46.199947357177734 -11.449999809265137
vertex -33.542911529541016 -46.199947357177734 -8.907106399536133
endloop
endfacet
facet normal 0 -1 0
outer loop
vertex -34.25001907348633 -46.199947357177734 -9.199999809265137
vertex -32.00001907348633 -46.199947357177734 -11.449999809265137
vertex -33.86733627319336 -46.199947357177734 -9.123879432678223
endloop
endfacet
facet normal 0.19509040787318935 0 -0.9807852633251952
outer loop
vertex -44.00001907348633 -47.36689758300781 -3.450000047683716
vertex -44.57404327392578 -46.199947357177734 -3.564180612564087
vertex -44.00001907348633 -46.199947357177734 -3.450000047683716
endloop
endfacet
facet normal 0 0 1
outer loop
vertex -44.00001907348633 -46.199947357177734 -11.449999809265137
vertex -44.00001907348633 -47.36689758300781 -11.449999809265137
vertex -32.00001907348633 -46.199947357177734 -11.449999809265137
endloop
endfacet
facet normal 0 -1 0
outer loop
vertex -32.00001907348633 -46.199947357177734 -3.450000047683716
vertex -34.25001907348633 -46.199947357177734 -5.699999809265137
vertex -33.86733627319336 -46.199947357177734 -5.776120662689209
endloop
endfacet
facet normal 0.19509040787318935 0 0.9807852633251952
outer loop
vertex -44.57404327392578 -47.36518478393555 -11.335819244384766
vertex -44.00001907348633 -46.199947357177734 -11.449999809265137
vertex -44.57404327392578 -46.199947357177734 -11.335819244384766
endloop
endfacet
facet normal 0 0 -1
outer loop
vertex -44.00001907348633 -47.36689758300781 -3.450000047683716
vertex -44.00001907348633 -46.199947357177734 -3.450000047683716
vertex -32.00001907348633 -47.402706146240234 -3.450000047683716
endloop
endfacet
facet normal 0 -1 0
outer loop
vertex -32.00001907348633 -46.199947357177734 -3.450000047683716
vertex -41.75001907348633 -46.199947357177734 -5.699999809265137
vertex -34.25001907348633 -46.199947357177734 -5.699999809265137
endloop
endfacet
facet normal 0 -1 0
outer loop
vertex -41.75001907348633 -46.199947357177734 -9.199999809265137
vertex -44.00001907348633 -46.199947357177734 -11.449999809265137
vertex -34.25001907348633 -46.199947357177734 -9.199999809265137
endloop
endfacet
facet normal 0.19509040787318935 0 -0.9807852633251952
outer loop
vertex -44.00001907348633 -47.36689758300781 -3.450000047683716
vertex -44.57404327392578 -47.36518478393555 -3.564180612564087
vertex -44.57404327392578 -46.199947357177734 -3.564180612564087
endloop
endfacet
facet normal 0.8314710064722629 0 -0.5555681464915011
outer loop
vertex -45.0606803894043 -47.363731384277344 -3.8893399238586426
vertex -45.38583755493164 -46.199947357177734 -4.375974655151367
vertex -45.0606803894043 -46.199947357177734 -3.8893399238586426
endloop
endfacet
facet normal 0 -1 0
outer loop
vertex -45.0606803894043 -46.199947357177734 -11.010660171508789
vertex -44.57404327392578 -46.199947357177734 -11.335819244384766
vertex -45.0606803894043 -46.199947357177734 -3.8893399238586426
endloop
endfacet
facet normal 0 -1 0
outer loop
vertex -32.00001907348633 -46.199947357177734 -3.450000047683716
vertex -31.425992965698242 -46.199947357177734 -11.335819244384766
vertex -31.425992965698242 -46.199947357177734 -3.564180612564087
endloop
endfacet
facet normal 0 -1 0
outer loop
vertex -30.93935775756836 -46.199947357177734 -3.8893399238586426
vertex -30.614198684692383 -46.199947357177734 -10.524024963378906
vertex -30.614198684692383 -46.199947357177734 -4.375974655151367
endloop
endfacet
facet normal 0 -1 0
outer loop
vertex -31.425992965698242 -46.199947357177734 -3.564180612564087
vertex -30.93935775756836 -46.199947357177734 -11.010660171508789
vertex -30.93935775756836 -46.199947357177734 -3.8893399238586426
endloop
endfacet
facet normal 0 -1 0
outer loop
vertex -33.25001907348633 -46.199947357177734 -8.199999809265137
vertex -32.00001907348633 -46.199947357177734 -11.449999809265137
vertex -33.25001907348633 -46.199947357177734 -6.699999809265137
endloop
endfacet
facet normal 0.555568799375624 0 -0.8314705702310381
outer loop
vertex -44.57404327392578 -47.36518478393555 -3.564180612564087
vertex -45.0606803894043 -47.363731384277344 -3.8893399238586426
vertex -45.0606803894043 -46.199947357177734 -3.8893399238586426
endloop
endfacet
facet normal 0 -1 0
outer loop
vertex -32.00001907348633 -46.199947357177734 -11.449999809265137
vertex -31.425992965698242 -46.199947357177734 -11.335819244384766
vertex -32.00001907348633 -46.199947357177734 -3.450000047683716
endloop
endfacet
facet normal 0 -1 0
outer loop
vertex -44.00001907348633 -46.199947357177734 -3.450000047683716
vertex -41.75001907348633 -46.199947357177734 -5.699999809265137
vertex -32.00001907348633 -46.199947357177734 -3.450000047683716
endloop
endfacet
facet normal 0 -1 0
outer loop
vertex -45.38583755493164 -46.199947357177734 -10.524024963378906
vertex -45.0606803894043 -46.199947357177734 -11.010660171508789
vertex -45.38583755493164 -46.199947357177734 -4.375974655151367
endloop
endfacet
facet normal 0 -1 0
outer loop
vertex -44.57404327392578 -46.199947357177734 -11.335819244384766
vertex -44.00001907348633 -46.199947357177734 -11.449999809265137
vertex -44.57404327392578 -46.199947357177734 -3.564180612564087
endloop
endfacet
facet normal 1 0 0
outer loop
vertex -45.50001907348633 -47.362422943115234 -4.949999809265137
vertex -45.50001907348633 -47.362422943115234 -9.949999809265137
vertex -45.50001907348633 -46.199947357177734 -9.949999809265137
endloop
endfacet
facet normal 0 -1 0
outer loop
vertex -45.50001907348633 -46.199947357177734 -9.949999809265137
vertex -45.38583755493164 -46.199947357177734 -10.524024963378906
vertex -45.50001907348633 -46.199947357177734 -4.949999809265137
endloop
endfacet
facet normal 0 -1 0
outer loop
vertex -33.32613754272461 -46.199947357177734 -8.582683563232422
vertex -32.00001907348633 -46.199947357177734 -11.449999809265137
vertex -33.25001907348633 -46.199947357177734 -8.199999809265137
endloop
endfacet
facet normal 0 -1 0
outer loop
vertex -31.425992965698242 -46.199947357177734 -11.335819244384766
vertex -30.93935775756836 -46.199947357177734 -11.010660171508789
vertex -31.425992965698242 -46.199947357177734 -3.564180612564087
endloop
endfacet
facet normal 0.831471006472263 0 -0.5555681464915012
outer loop
vertex -45.0606803894043 -47.363731384277344 -3.8893399238586426
vertex -45.38583755493164 -47.362762451171875 -4.375974655151367
vertex -45.38583755493164 -46.199947357177734 -4.375974655151367
endloop
endfacet
facet normal 0 -1 0
outer loop
vertex -30.93935775756836 -46.199947357177734 -11.010660171508789
vertex -30.614198684692383 -46.199947357177734 -10.524024963378906
vertex -30.93935775756836 -46.199947357177734 -3.8893399238586426
endloop
endfacet
facet normal -1 0 0
outer loop
vertex -30.500019073486328 -46.199947357177734 -9.949999809265137
vertex -30.500019073486328 -47.40718078613281 -9.949999809265137
vertex -30.500019073486328 -46.199947357177734 -4.949999809265137
endloop
endfacet
facet normal 1 0 0
outer loop
vertex -45.50001907348633 -47.362422943115234 -4.949999809265137
vertex -45.50001907348633 -46.199947357177734 -9.949999809265137
vertex -45.50001907348633 -46.199947357177734 -4.949999809265137
endloop
endfacet
facet normal 0 -1 0
outer loop
vertex -45.50001907348633 -46.199947357177734 -4.949999809265137
vertex -45.38583755493164 -46.199947357177734 -10.524024963378906
vertex -45.38583755493164 -46.199947357177734 -4.375974655151367
endloop
endfacet
facet normal 0 -1 0
outer loop
vertex -45.38583755493164 -46.199947357177734 -4.375974655151367
vertex -45.0606803894043 -46.199947357177734 -11.010660171508789
vertex -45.0606803894043 -46.199947357177734 -3.8893399238586426
endloop
endfacet
facet normal 0 -1 0
outer loop
vertex -30.614198684692383 -46.199947357177734 -10.524024963378906
vertex -30.500019073486328 -46.199947357177734 -9.949999809265137
vertex -30.614198684692383 -46.199947357177734 -4.375974655151367
endloop
endfacet
facet normal 0 -1 0
outer loop
vertex -33.25001907348633 -46.199947357177734 -6.699999809265137
vertex -32.00001907348633 -46.199947357177734 -11.449999809265137
vertex -32.00001907348633 -46.199947357177734 -3.450000047683716
endloop
endfacet
facet normal -1 0 0
outer loop
vertex -30.500019073486328 -46.199947357177734 -4.949999809265137
vertex -30.500019073486328 -47.40718078613281 -9.949999809265137
vertex -30.500019073486328 -47.40718078613281 -4.949999809265137
endloop
endfacet
facet normal 0 -1 0
outer loop
vertex -45.0606803894043 -46.199947357177734 -3.8893399238586426
vertex -44.57404327392578 -46.199947357177734 -11.335819244384766
vertex -44.57404327392578 -46.199947357177734 -3.564180612564087
endloop
endfacet
facet normal 0 -1 0
outer loop
vertex -44.57404327392578 -46.199947357177734 -3.564180612564087
vertex -44.00001907348633 -46.199947357177734 -11.449999809265137
vertex -44.00001907348633 -46.199947357177734 -3.450000047683716
endloop
endfacet
facet normal 0 -1 0
outer loop
vertex -44.00001907348633 -46.199947357177734 -3.450000047683716
vertex -42.75001907348633 -46.199947357177734 -8.199999809265137
vertex -42.75001907348633 -46.199947357177734 -6.699999809265137
endloop
endfacet
facet normal 0 -1 0
outer loop
vertex -44.00001907348633 -46.199947357177734 -3.450000047683716
vertex -42.75001907348633 -46.199947357177734 -6.699999809265137
vertex -42.67389678955078 -46.199947357177734 -6.31731653213501
endloop
endfacet
facet normal 0 -1 0
outer loop
vertex -44.00001907348633 -46.199947357177734 -3.450000047683716
vertex -42.67389678955078 -46.199947357177734 -6.31731653213501
vertex -42.45712661743164 -46.199947357177734 -5.992893218994141
endloop
endfacet
facet normal 0 -1 0
outer loop
vertex -30.614198684692383 -46.199947357177734 -4.375974655151367
vertex -30.500019073486328 -46.199947357177734 -9.949999809265137
vertex -30.500019073486328 -46.199947357177734 -4.949999809265137
endloop
endfacet
facet normal 0 -1 0
outer loop
vertex -33.25001907348633 -46.199947357177734 -6.699999809265137
vertex -32.00001907348633 -46.199947357177734 -3.450000047683716
vertex -33.32613754272461 -46.199947357177734 -6.31731653213501
endloop
endfacet
facet normal 0 -1 0
outer loop
vertex -33.542911529541016 -46.199947357177734 -5.992893218994141
vertex -33.32613754272461 -46.199947357177734 -6.31731653213501
vertex -32.00001907348633 -46.199947357177734 -3.450000047683716
endloop
endfacet
facet normal 0.555568799375624 0 -0.831470570231038
outer loop
vertex -44.57404327392578 -47.36518478393555 -3.564180612564087
vertex -45.0606803894043 -46.199947357177734 -3.8893399238586426
vertex -44.57404327392578 -46.199947357177734 -3.564180612564087
endloop
endfacet
facet normal 0.9807850135586839 0 -0.1950916635294606
outer loop
vertex -45.38583755493164 -47.362762451171875 -4.375974655151367
vertex -45.50001907348633 -46.199947357177734 -4.949999809265137
vertex -45.38583755493164 -46.199947357177734 -4.375974655151367
endloop
endfacet
facet normal 0 -1 0
outer loop
vertex -44.00001907348633 -46.199947357177734 -3.450000047683716
vertex -42.1327018737793 -46.199947357177734 -5.776120662689209
vertex -41.75001907348633 -46.199947357177734 -5.699999809265137
endloop
endfacet
facet normal 0 -1 0
outer loop
vertex -44.00001907348633 -46.199947357177734 -3.450000047683716
vertex -42.45712661743164 -46.199947357177734 -5.992893218994141
vertex -42.1327018737793 -46.199947357177734 -5.776120662689209
endloop
endfacet
facet normal 0.5555685177477351 0 0.831470758408006
outer loop
vertex -45.0606803894043 -47.363731384277344 -11.010660171508789
vertex -44.57404327392578 -47.36518478393555 -11.335819244384766
vertex -44.57404327392578 -46.199947357177734 -11.335819244384766
endloop
endfacet
facet normal 0.980785013558684 0 -0.1950916635294606
outer loop
vertex -45.38583755493164 -47.362762451171875 -4.375974655151367
vertex -45.50001907348633 -47.362422943115234 -4.949999809265137
vertex -45.50001907348633 -46.199947357177734 -4.949999809265137
endloop
endfacet
facet normal 0.9807850135586839 0 0.1950916635294606
outer loop
vertex -45.50001907348633 -47.362422943115234 -9.949999809265137
vertex -45.38583755493164 -47.362762451171875 -10.524024963378906
vertex -45.38583755493164 -46.199947357177734 -10.524024963378906
endloop
endfacet
facet normal 0 0 -1
outer loop
vertex -34.25001907348633 -46.199947357177734 -5.699999809265137
vertex -41.75001907348633 -44.99995040893555 -5.699999809265137
vertex -34.25001907348633 -44.99995040893555 -5.699999809265137
endloop
endfacet
facet normal 0 0 -1
outer loop
vertex -41.75001907348633 -46.199947357177734 -5.699999809265137
vertex -41.75001907348633 -44.99995040893555 -5.699999809265137
vertex -34.25001907348633 -46.199947357177734 -5.699999809265137
endloop
endfacet
facet normal 0.19509158345481065 0 -0.9807850294866325
outer loop
vertex -41.75001907348633 -46.199947357177734 -5.699999809265137
vertex -42.1327018737793 -44.99995040893555 -5.776120662689209
vertex -41.75001907348633 -44.99995040893555 -5.699999809265137
endloop
endfacet
facet normal -0.8314681213622869 0 -0.5555724643629031
outer loop
vertex -33.542911529541016 -46.199947357177734 -5.992893218994141
vertex -33.542911529541016 -44.99995040893555 -5.992893218994141
vertex -33.32613754272461 -46.199947357177734 -6.31731653213501
endloop
endfacet
facet normal 0.19509158345481065 0 -0.9807850294866325
outer loop
vertex -41.75001907348633 -46.199947357177734 -5.699999809265137
vertex -42.1327018737793 -46.199947357177734 -5.776120662689209
vertex -42.1327018737793 -44.99995040893555 -5.776120662689209
endloop
endfacet
facet normal 0.5555682361196549 0 -0.8314709465849636
outer loop
vertex -42.1327018737793 -46.199947357177734 -5.776120662689209
vertex -42.45712661743164 -44.99995040893555 -5.992893218994141
vertex -42.1327018737793 -44.99995040893555 -5.776120662689209
endloop
endfacet
facet normal -0.8314681213622869 0 -0.5555724643629031
outer loop
vertex -33.32613754272461 -44.99995040893555 -6.31731653213501
vertex -33.32613754272461 -46.199947357177734 -6.31731653213501
vertex -33.542911529541016 -44.99995040893555 -5.992893218994141
endloop
endfacet
facet normal 0.8314726376298004 0 -0.555565705270711
outer loop
vertex -42.45712661743164 -46.199947357177734 -5.992893218994141
vertex -42.67389678955078 -44.99995040893555 -6.31731653213501
vertex -42.45712661743164 -44.99995040893555 -5.992893218994141
endloop
endfacet
facet normal 0.5555682361196549 0 -0.8314709465849636
outer loop
vertex -42.1327018737793 -46.199947357177734 -5.776120662689209
vertex -42.45712661743164 -46.199947357177734 -5.992893218994141
vertex -42.45712661743164 -44.99995040893555 -5.992893218994141
endloop
endfacet
facet normal 0.8314726376298004 0 -0.555565705270711
outer loop
vertex -42.67389678955078 -46.199947357177734 -6.31731653213501
vertex -42.67389678955078 -44.99995040893555 -6.31731653213501
vertex -42.45712661743164 -46.199947357177734 -5.992893218994141
endloop
endfacet
facet normal 0.9807843744785476 0 -0.1950948763518
outer loop
vertex -42.67389678955078 -46.199947357177734 -6.31731653213501
vertex -42.75001907348633 -44.99995040893555 -6.699999809265137
vertex -42.67389678955078 -44.99995040893555 -6.31731653213501
endloop
endfacet
facet normal -0.9807862451774633 0 -0.1950854717058468
outer loop
vertex -33.25001907348633 -44.99995040893555 -6.699999809265137
vertex -33.25001907348633 -46.199947357177734 -6.699999809265137
vertex -33.32613754272461 -44.99995040893555 -6.31731653213501
endloop
endfacet
facet normal -0.9807862451774633 0 -0.1950854717058468
outer loop
vertex -33.32613754272461 -46.199947357177734 -6.31731653213501
vertex -33.32613754272461 -44.99995040893555 -6.31731653213501
vertex -33.25001907348633 -46.199947357177734 -6.699999809265137
endloop
endfacet
facet normal -1 0 0
outer loop
vertex -33.25001907348633 -44.99995040893555 -6.699999809265137
vertex -33.25001907348633 -46.199947357177734 -8.199999809265137
vertex -33.25001907348633 -46.199947357177734 -6.699999809265137
endloop
endfacet
facet normal 0.9807843744785476 0 -0.1950948763518
outer loop
vertex -42.75001907348633 -46.199947357177734 -6.699999809265137
vertex -42.75001907348633 -44.99995040893555 -6.699999809265137
vertex -42.67389678955078 -46.199947357177734 -6.31731653213501
endloop
endfacet
facet normal 1 0 0
outer loop
vertex -42.75001907348633 -46.199947357177734 -6.699999809265137
vertex -42.75001907348633 -44.99995040893555 -8.199999809265137
vertex -42.75001907348633 -44.99995040893555 -6.699999809265137
endloop
endfacet
facet normal 1 0 0
outer loop
vertex -42.75001907348633 -46.199947357177734 -8.199999809265137
vertex -42.75001907348633 -44.99995040893555 -8.199999809265137
vertex -42.75001907348633 -46.199947357177734 -6.699999809265137
endloop
endfacet
facet normal 0.980784420993769 0 0.19509464250952005
outer loop
vertex -42.75001907348633 -46.199947357177734 -8.199999809265137
vertex -42.67389678955078 -44.99995040893555 -8.582683563232422
vertex -42.75001907348633 -44.99995040893555 -8.199999809265137
endloop
endfacet
facet normal 0.980784420993769 0 0.19509464250952005
outer loop
vertex -42.67389678955078 -46.199947357177734 -8.582683563232422
vertex -42.67389678955078 -44.99995040893555 -8.582683563232422
vertex -42.75001907348633 -46.199947357177734 -8.199999809265137
endloop
endfacet
facet normal 0.8314722604247334 0 0.5555662698042281
outer loop
vertex -42.67389678955078 -46.199947357177734 -8.582683563232422
vertex -42.45712661743164 -44.99995040893555 -8.907106399536133
vertex -42.67389678955078 -44.99995040893555 -8.582683563232422
endloop
endfacet
facet normal -0.5555682361196549 0 -0.8314709465849636
outer loop
vertex -33.86733627319336 -46.199947357177734 -5.776120662689209
vertex -33.86733627319336 -44.99995040893555 -5.776120662689209
vertex -33.542911529541016 -46.199947357177734 -5.992893218994141
endloop
endfacet
facet normal -0.5555682361196549 0 -0.8314709465849636
outer loop
vertex -33.542911529541016 -44.99995040893555 -5.992893218994141
vertex -33.542911529541016 -46.199947357177734 -5.992893218994141
vertex -33.86733627319336 -44.99995040893555 -5.776120662689209
endloop
endfacet
facet normal -0.19509158345481065 0 -0.9807850294866325
outer loop
vertex -34.25001907348633 -46.199947357177734 -5.699999809265137
vertex -34.25001907348633 -44.99995040893555 -5.699999809265137
vertex -33.86733627319336 -46.199947357177734 -5.776120662689209
endloop
endfacet
facet normal -1 0 0
outer loop
vertex -33.25001907348633 -44.99995040893555 -8.199999809265137
vertex -33.25001907348633 -46.199947357177734 -8.199999809265137
vertex -33.25001907348633 -44.99995040893555 -6.699999809265137
endloop
endfacet
facet normal -0.980786291688289 0 0.19508523787394735
outer loop
vertex -33.32613754272461 -44.99995040893555 -8.582683563232422
vertex -33.32613754272461 -46.199947357177734 -8.582683563232422
vertex -33.25001907348633 -44.99995040893555 -8.199999809265137
endloop
endfacet
facet normal -0.980786291688289 0 0.19508523787394735
outer loop
vertex -33.25001907348633 -46.199947357177734 -8.199999809265137
vertex -33.25001907348633 -44.99995040893555 -8.199999809265137
vertex -33.32613754272461 -46.199947357177734 -8.582683563232422
endloop
endfacet
facet normal -0.8314677441500905 0 0.5555730288971555
outer loop
vertex -33.32613754272461 -46.199947357177734 -8.582683563232422
vertex -33.32613754272461 -44.99995040893555 -8.582683563232422
vertex -33.542911529541016 -46.199947357177734 -8.907106399536133
endloop
endfacet
facet normal -0.19509158345481065 0 -0.9807850294866325
outer loop
vertex -33.86733627319336 -44.99995040893555 -5.776120662689209
vertex -33.86733627319336 -46.199947357177734 -5.776120662689209
vertex -34.25001907348633 -44.99995040893555 -5.699999809265137
endloop
endfacet
facet normal 0 0 1
outer loop
vertex -34.25001907348633 -44.99995040893555 -9.199999809265137
vertex -41.75001907348633 -46.199947357177734 -9.199999809265137
vertex -34.25001907348633 -46.199947357177734 -9.199999809265137
endloop
endfacet
facet normal 0 0 1
outer loop
vertex -41.75001907348633 -44.99995040893555 -9.199999809265137
vertex -41.75001907348633 -46.199947357177734 -9.199999809265137
vertex -34.25001907348633 -44.99995040893555 -9.199999809265137
endloop
endfacet
facet normal 0.5555690810033217 0 0.8314703820540599
outer loop
vertex -42.45712661743164 -46.199947357177734 -8.907106399536133
vertex -42.1327018737793 -44.99995040893555 -9.123879432678223
vertex -42.45712661743164 -44.99995040893555 -8.907106399536133
endloop
endfacet
facet normal 0.8314722604247334 0 0.5555662698042281
outer loop
vertex -42.67389678955078 -46.199947357177734 -8.582683563232422
vertex -42.45712661743164 -46.199947357177734 -8.907106399536133
vertex -42.45712661743164 -44.99995040893555 -8.907106399536133
endloop
endfacet
facet normal 0.5555690810033217 0 0.8314703820540599
outer loop
vertex -42.45712661743164 -46.199947357177734 -8.907106399536133
vertex -42.1327018737793 -46.199947357177734 -9.123879432678223
vertex -42.1327018737793 -44.99995040893555 -9.123879432678223
endloop
endfacet
facet normal 0.19509040787318935 0 0.9807852633251953
outer loop
vertex -42.1327018737793 -46.199947357177734 -9.123879432678223
vertex -41.75001907348633 -44.99995040893555 -9.199999809265137
vertex -42.1327018737793 -44.99995040893555 -9.123879432678223
endloop
endfacet
facet normal -0.8314677441500905 0 0.5555730288971555
outer loop
vertex -33.542911529541016 -44.99995040893555 -8.907106399536133
vertex -33.542911529541016 -46.199947357177734 -8.907106399536133
vertex -33.32613754272461 -44.99995040893555 -8.582683563232422
endloop
endfacet
facet normal -0.5555690810033217 0 0.8314703820540599
outer loop
vertex -33.86733627319336 -44.99995040893555 -9.123879432678223
vertex -33.86733627319336 -46.199947357177734 -9.123879432678223
vertex -33.542911529541016 -44.99995040893555 -8.907106399536133
endloop
endfacet
facet normal 0.19509040787318935 0 0.9807852633251953
outer loop
vertex -42.1327018737793 -46.199947357177734 -9.123879432678223
vertex -41.75001907348633 -46.199947357177734 -9.199999809265137
vertex -41.75001907348633 -44.99995040893555 -9.199999809265137
endloop
endfacet
facet normal -0.5555690810033217 0 0.8314703820540599
outer loop
vertex -33.542911529541016 -46.199947357177734 -8.907106399536133
vertex -33.542911529541016 -44.99995040893555 -8.907106399536133
vertex -33.86733627319336 -46.199947357177734 -9.123879432678223
endloop
endfacet
facet normal -0.19509040787318935 0 0.9807852633251953
outer loop
vertex -34.25001907348633 -44.99995040893555 -9.199999809265137
vertex -34.25001907348633 -46.199947357177734 -9.199999809265137
vertex -33.86733627319336 -44.99995040893555 -9.123879432678223
endloop
endfacet
facet normal -0.19509040787318935 0 0.9807852633251953
outer loop
vertex -33.86733627319336 -46.199947357177734 -9.123879432678223
vertex -33.86733627319336 -44.99995040893555 -9.123879432678223
vertex -34.25001907348633 -46.199947357177734 -9.199999809265137
endloop
endfacet
facet normal -1 0 0
outer loop
vertex 54.708465576171875 -47.16143798828125 -0.5
vertex 54.708465576171875 -47.66143798828125 -1
vertex 54.708465576171875 -47.752967834472656 -0.5
endloop
endfacet
facet normal 1 0 0
outer loop
vertex 63.708465576171875 -47.752967834472656 -1.5
vertex 63.708465576171875 -47.688297271728516 -1.5063364505767822
vertex 63.708465576171875 -47.688297271728516 -1
endloop
endfacet
facet normal -0.0871572759617764 -0.9961945639517026 0
outer loop
vertex 57.81928253173828 -49.05332946777344 -0.5
vertex 57.81928253173828 -49.05332946777344 -1.5
vertex 58.808467864990234 -49.13987350463867 -0.5
endloop
endfacet
facet normal -0.42261948047228126 -0.9063072187317825 0
outer loop
vertex 55.208465576171875 -48.10306930541992 -0.5
vertex 55.208465576171875 -48.10306930541992 -1.5
vertex 56.47230529785156 -48.69240951538086 -0.5
endloop
endfacet
facet normal -0.5735739099356075 -0.8191538132983204 0
outer loop
vertex 54.708465576171875 -47.752967834472656 -0.5
vertex 54.708465576171875 -47.752967834472656 -1.5
vertex 55.208465576171875 -48.10306930541992 -0.5
endloop
endfacet
facet normal -1 0 0
outer loop
vertex 54.708465576171875 -47.66143798828125 -1
vertex 54.708465576171875 -47.752967834472656 -1.5
vertex 54.708465576171875 -47.752967834472656 -0.5
endloop
endfacet
facet normal -0.0871572759617764 -0.9961945639517026 0
outer loop
vertex 57.81928253173828 -49.05332946777344 -1.5
vertex 58.808467864990234 -49.13987350463867 -1.5
vertex 58.808467864990234 -49.13987350463867 -0.5
endloop
endfacet
facet normal -0.25881803504136525 -0.9659260969335732 0
outer loop
vertex 56.47230529785156 -48.69240951538086 -1.5
vertex 57.81928253173828 -49.05332946777344 -1.5
vertex 57.81928253173828 -49.05332946777344 -0.5
endloop
endfacet
facet normal 0.010351066279839425 -0.11831138805961072 -0.9929225905790836
outer loop
vertex 60.597652435302734 -49.05332946777344 -1.5
vertex 59.60846710205078 -48.34342956542969 -1.5949000120162964
vertex 60.4593505859375 -48.268985748291016 -1.5949000120162964
endloop
endfacet
facet normal -0.00926595938844239 -0.10590875252009373 -0.9943326798090513
outer loop
vertex 58.808467864990234 -48.34342956542969 -1.5949000120162964
vertex 57.957584381103516 -48.268985748291016 -1.5949000120162964
vertex 58.808467864990234 -47.673675537109375 -1.6662371158599854
endloop
endfacet
facet normal 0.01035108629984877 -0.1183113605733453 -0.9929225936454951
outer loop
vertex 59.60846710205078 -48.34342956542969 -1.5949000120162964
vertex 60.597652435302734 -49.05332946777344 -1.5
vertex 59.60846710205078 -49.13987350463867 -1.5
endloop
endfacet
facet normal -0.010351088366339644 -0.11831138419302538 -0.9929225908095567
outer loop
vertex 57.81928253173828 -49.05332946777344 -1.5
vertex 57.957584381103516 -48.268985748291016 -1.5949000120162964
vertex 58.808467864990234 -49.13987350463867 -1.5
endloop
endfacet
facet normal -0.010351063877468076 -0.11831136060080781 -0.9929225938759729
outer loop
vertex 58.808467864990234 -49.13987350463867 -1.5
vertex 57.957584381103516 -48.268985748291016 -1.5949000120162964
vertex 58.808467864990234 -48.34342956542969 -1.5949000120162964
endloop
endfacet
facet normal -0.030738148798137778 -0.11471657243725038 -0.9929225922581844
outer loop
vertex 57.81928253173828 -49.05332946777344 -1.5
vertex 56.74470520019531 -47.94399642944336 -1.5949000120162964
vertex 57.957584381103516 -48.268985748291016 -1.5949000120162964
endloop
endfacet
facet normal -0.027515601213362537 -0.10269120844210732 -0.9943326442386203
outer loop
vertex 56.74470520019531 -47.94399642944336 -1.5949000120162964
vertex 56.8452262878418 -47.667816162109375 -1.6262046098709106
vertex 58.06294631958008 -47.67144775390625 -1.6595268249511719
endloop
endfacet
facet normal -0.04492981663421603 -0.09635297236359966 -0.9943326487116446
outer loop
vertex 56.74470520019531 -47.94399642944336 -1.5949000120162964
vertex 56.147972106933594 -47.66573715209961 -1.5949000120162964
vertex 56.8452262878418 -47.667816162109375 -1.6262046098709106
endloop
endfacet
facet normal -0.05019120315041548 -0.10763613057714815 -0.9929226085253033
outer loop
vertex 56.47230529785156 -48.69240951538086 -1.5
vertex 56.147972106933594 -47.66573715209961 -1.5949000120162964
vertex 56.74470520019531 -47.94399642944336 -1.5949000120162964
endloop
endfacet
facet normal -0.030738062168052558 -0.11471648956975991 -0.9929226045140398
outer loop
vertex 56.74470520019531 -47.94399642944336 -1.5949000120162964
vertex 57.81928253173828 -49.05332946777344 -1.5
vertex 56.47230529785156 -48.69240951538086 -1.5
endloop
endfacet
facet normal -0.42261948047228126 -0.9063072187317825 0
outer loop
vertex 56.47230529785156 -48.69240951538086 -1.5
vertex 56.47230529785156 -48.69240951538086 -0.5
vertex 55.208465576171875 -48.10306930541992 -1.5
endloop
endfacet
facet normal -0.5735739099356075 -0.8191538132983204 0
outer loop
vertex 54.708465576171875 -47.752967834472656 -1.5
vertex 55.208465576171875 -48.10306930541992 -1.5
vertex 55.208465576171875 -48.10306930541992 -0.5
endloop
endfacet
facet normal -1 0 0
outer loop
vertex 54.708465576171875 -47.66143798828125 -1
vertex 54.708465576171875 -47.66143798828125 -1.5089677572250366
vertex 54.708465576171875 -47.752967834472656 -1.5
endloop
endfacet
facet normal -0.050191816300543875 -0.10763631951751929 -0.9929225570492267
outer loop
vertex 55.208465576171875 -48.10306930541992 -1.5
vertex 56.147972106933594 -47.66573715209961 -1.5949000120162964
vertex 56.47230529785156 -48.69240951538086 -1.5
endloop
endfacet
facet normal -0.05019171253073262 -0.10763653843152891 -0.9929225385636637
outer loop
vertex 55.208465576171875 -48.10306930541992 -1.5
vertex 55.46214294433594 -47.66368865966797 -1.5604537725448608
vertex 56.147972106933594 -47.66573715209961 -1.5949000120162964
endloop
endfacet
facet normal -0.0681197621622226 -0.09728574115657344 -0.9929225461084961
outer loop
vertex 54.708465576171875 -47.752967834472656 -1.5
vertex 55.46214294433594 -47.66368865966797 -1.5604537725448608
vertex 55.208465576171875 -48.10306930541992 -1.5
endloop
endfacet
facet normal -0.06812011671787 -0.09728291883952665 -0.9929227983083105
outer loop
vertex 54.708465576171875 -47.66143798828125 -1.5089677572250366
vertex 55.46214294433594 -47.66368865966797 -1.5604537725448608
vertex 54.708465576171875 -47.752967834472656 -1.5
endloop
endfacet
facet normal 0.009265917105051934 -0.10590826922624924 -0.9943327316797443
outer loop
vertex 60.4593505859375 -48.268985748291016 -1.5949000120162964
vertex 59.60846710205078 -48.34342956542969 -1.5949000120162964
vertex 59.60846710205078 -47.67605972290039 -1.6659828424453735
endloop
endfacet
facet normal 0.009265371123552657 -0.10590904346511759 -0.9943326543014901
outer loop
vertex 60.4593505859375 -48.268985748291016 -1.5949000120162964
vertex 59.60846710205078 -47.67605972290039 -1.6659828424453735
vertex 60.355194091796875 -47.67829132080078 -1.6587870121002197
endloop
endfacet
facet normal 0.027515960089817937 -0.10269093818353399 -0.994332662218898
outer loop
vertex 60.4593505859375 -48.268985748291016 -1.5949000120162964
vertex 60.355194091796875 -47.67829132080078 -1.6587870121002197
vertex 61.576847076416016 -47.68193435668945 -1.6246042251586914
endloop
endfacet
facet normal 0.0871572759617764 -0.9961945639517026 0
outer loop
vertex 60.597652435302734 -49.05332946777344 -1.5
vertex 60.597652435302734 -49.05332946777344 -0.5
vertex 59.60846710205078 -49.13987350463867 -1.5
endloop
endfacet
facet normal 0.03073808729870106 -0.11471658335900925 -0.9929225929001984
outer loop
vertex 60.597652435302734 -49.05332946777344 -1.5
vertex 60.4593505859375 -48.268985748291016 -1.5949000120162964
vertex 61.94462966918945 -48.69240951538086 -1.5
endloop
endfacet
facet normal 0.03073812088894997 -0.11471646827852612 -0.9929226051560707
outer loop
vertex 61.94462966918945 -48.69240951538086 -1.5
vertex 60.4593505859375 -48.268985748291016 -1.5949000120162964
vertex 61.6722297668457 -47.94399642944336 -1.5949000120162964
endloop
endfacet
facet normal 0.02751583116735501 -0.10269069422529002 -0.9943326909815937
outer loop
vertex 61.6722297668457 -47.94399642944336 -1.5949000120162964
vertex 60.4593505859375 -48.268985748291016 -1.5949000120162964
vertex 61.576847076416016 -47.68193435668945 -1.6246042251586914
endloop
endfacet
facet normal -0.25881803504136525 -0.9659260969335732 0
outer loop
vertex 56.47230529785156 -48.69240951538086 -0.5
vertex 56.47230529785156 -48.69240951538086 -1.5
vertex 57.81928253173828 -49.05332946777344 -0.5
endloop
endfacet
facet normal 0.044929773716209424 -0.09635254448756907 -0.9943326921129472
outer loop
vertex 61.6722297668457 -47.94399642944336 -1.5949000120162964
vertex 61.576847076416016 -47.68193435668945 -1.6246042251586914
vertex 62.230045318603516 -47.68388366699219 -1.5949000120162964
endloop
endfacet
facet normal 0.05019168553768498 -0.10763678989843517 -0.9929225126681569
outer loop
vertex 63.208465576171875 -48.10306930541992 -1.5
vertex 61.6722297668457 -47.94399642944336 -1.5949000120162964
vertex 62.230045318603516 -47.68388366699219 -1.5949000120162964
endloop
endfacet
facet normal 1 0 0
outer loop
vertex 63.708465576171875 -47.688297271728516 -1
vertex 63.708465576171875 -47.18829345703125 -0.5
vertex 63.708465576171875 -47.752967834472656 -0.5
endloop
endfacet
facet normal 0.05019171899442527 -0.10763671330401435 -0.9929225192800767
outer loop
vertex 63.208465576171875 -48.10306930541992 -1.5
vertex 62.230045318603516 -47.68388366699219 -1.5949000120162964
vertex 62.96772003173828 -47.68608474731445 -1.5573723316192627
endloop
endfacet
facet normal 0.050191781208217705 -0.10763591937932698 -0.9929226021994432
outer loop
vertex 61.94462966918945 -48.69240951538086 -1.5
vertex 61.6722297668457 -47.94399642944336 -1.5949000120162964
vertex 63.208465576171875 -48.10306930541992 -1.5
endloop
endfacet
facet normal 0.5735739099356075 -0.8191538132983204 0
outer loop
vertex 63.208465576171875 -48.10306930541992 -0.5
vertex 63.208465576171875 -48.10306930541992 -1.5
vertex 63.708465576171875 -47.752967834472656 -0.5
endloop
endfacet
facet normal 1 0 0
outer loop
vertex 63.708465576171875 -47.752967834472656 -0.5
vertex 63.708465576171875 -47.752967834472656 -1.5
vertex 63.708465576171875 -47.688297271728516 -1
endloop
endfacet
facet normal 0.25881803504136525 -0.9659260969335732 0
outer loop
vertex 60.597652435302734 -49.05332946777344 -1.5
vertex 61.94462966918945 -48.69240951538086 -1.5
vertex 61.94462966918945 -48.69240951538086 -0.5
endloop
endfacet
facet normal -0.027515763446083162 -0.1026904414855353 -0.9943327189575354
outer loop
vertex 57.957584381103516 -48.268985748291016 -1.5949000120162964
vertex 56.74470520019531 -47.94399642944336 -1.5949000120162964
vertex 58.06294631958008 -47.67144775390625 -1.6595268249511719
endloop
endfacet
facet normal 0.42262052825064694 -0.9063067301422538 0
outer loop
vertex 61.94462966918945 -48.69240951538086 -1.5
vertex 63.208465576171875 -48.10306930541992 -1.5
vertex 63.208465576171875 -48.10306930541992 -0.5
endloop
endfacet
facet normal -0.009266268218301465 -0.10590831632863142 -0.9943327233907879
outer loop
vertex 58.808467864990234 -47.673675537109375 -1.6662371158599854
vertex 57.957584381103516 -48.268985748291016 -1.5949000120162964
vertex 58.06294631958008 -47.67144775390625 -1.6595268249511719
endloop
endfacet
facet normal 0.0871572759617764 -0.9961945639517026 0
outer loop
vertex 59.60846710205078 -49.13987350463867 -0.5
vertex 59.60846710205078 -49.13987350463867 -1.5
vertex 60.597652435302734 -49.05332946777344 -0.5
endloop
endfacet
facet normal 0.25881803504136525 -0.9659260969335732 0
outer loop
vertex 60.597652435302734 -49.05332946777344 -0.5
vertex 60.597652435302734 -49.05332946777344 -1.5
vertex 61.94462966918945 -48.69240951538086 -0.5
endloop
endfacet
facet normal 0.42262052825064694 -0.9063067301422538 0
outer loop
vertex 61.94462966918945 -48.69240951538086 -0.5
vertex 61.94462966918945 -48.69240951538086 -1.5
vertex 63.208465576171875 -48.10306930541992 -0.5
endloop
endfacet
facet normal 0.0681197862734747 -0.09728596517957208 -0.9929225225047196
outer loop
vertex 63.208465576171875 -48.10306930541992 -1.5
vertex 62.96772003173828 -47.68608474731445 -1.5573723316192627
vertex 63.708465576171875 -47.688297271728516 -1.5063364505767822
endloop
endfacet
facet normal 0.06812062692997162 -0.09728697618101746 -0.9929223657729851
outer loop
vertex 63.208465576171875 -48.10306930541992 -1.5
vertex 63.708465576171875 -47.688297271728516 -1.5063364505767822
vertex 63.708465576171875 -47.752967834472656 -1.5
endloop
endfacet
facet normal 0.5735739099356075 -0.8191538132983204 0
outer loop
vertex 63.208465576171875 -48.10306930541992 -1.5
vertex 63.708465576171875 -47.752967834472656 -1.5
vertex 63.708465576171875 -47.752967834472656 -0.5
endloop
endfacet
facet normal 0.08715346341544244 -0.9961948975048472 0
outer loop
vertex -60.66714859008789 -48.69148254394531 -1.5
vertex -60.66714859008789 -48.69148254394531 -0.5
vertex -61.656333923339844 -48.77802276611328 -1.5
endloop
endfacet
facet normal -0.08715346341544244 -0.9961948975048472 0
outer loop
vertex -63.445518493652344 -48.69148254394531 -0.5
vertex -63.445518493652344 -48.69148254394531 -1.5
vertex -62.45633316040039 -48.77802276611328 -0.5
endloop
endfacet
facet normal -0.010350638992505296 -0.11831146286289146 -0.992922586120232
outer loop
vertex -63.445518493652344 -48.69148254394531 -1.5
vertex -63.30721664428711 -47.90713882446289 -1.5949000120162964
vertex -62.45633316040039 -48.77802276611328 -1.5
endloop
endfacet
facet normal -0.42261723351328206 -0.906308266506259 0
outer loop
vertex -66.05633544921875 -47.7412223815918 -0.5
vertex -66.05633544921875 -47.7412223815918 -1.5
vertex -64.79249572753906 -48.33055877685547 -0.5
endloop
endfacet
facet normal -0.06812010189953502 -0.0972869350215082 -0.9929224058260131
outer loop
vertex -66.55633544921875 -47.391117095947266 -1.5
vertex -66.55633544921875 -47.299591064453125 -1.5089677572250366
vertex -65.80265808105469 -47.301841735839844 -1.5604537725448608
endloop
endfacet
facet normal -0.25882058733748775 -0.9659254130471346 0
outer loop
vertex -64.79249572753906 -48.33055877685547 -0.5
vertex -64.79249572753906 -48.33055877685547 -1.5
vertex -63.445518493652344 -48.69148254394531 -0.5
endloop
endfacet
facet normal -0.010351112756509179 -0.1183119192821111 -0.9929225267967715
outer loop
vertex -62.45633316040039 -48.77802276611328 -1.5
vertex -63.30721664428711 -47.90713882446289 -1.5949000120162964
vertex -62.45633316040039 -47.98158264160156 -1.5949000120162964
endloop
endfacet
facet normal -0.06812029028573552 -0.0972854353802864 -0.9929225398359408
outer loop
vertex -66.05633544921875 -47.7412223815918 -1.5
vertex -66.55633544921875 -47.391117095947266 -1.5
vertex -65.80265808105469 -47.301841735839844 -1.5604537725448608
endloop
endfacet
facet normal -1 0 0
outer loop
vertex -66.55633544921875 -47.299591064453125 -1.5089677572250366
vertex -66.55633544921875 -47.391117095947266 -1.5
vertex -66.55633544921875 -47.299591064453125 -1
endloop
endfacet
facet normal -0.5735781035076711 -0.8191508769308272 0
outer loop
vertex -66.55633544921875 -47.391117095947266 -1.5
vertex -66.05633544921875 -47.7412223815918 -1.5
vertex -66.05633544921875 -47.7412223815918 -0.5
endloop
endfacet
facet normal -0.05019143690140243 -0.10763620260681746 -0.9929225889011473
outer loop
vertex -66.05633544921875 -47.7412223815918 -1.5
vertex -65.11682891845703 -47.30388641357422 -1.5949000120162964
vertex -64.79249572753906 -48.33055877685547 -1.5
endloop
endfacet
facet normal -0.00926590720939684 -0.10590815612015388 -0.9943327438190981
outer loop
vertex -62.45633316040039 -47.98158264160156 -1.5949000120162964
vertex -63.30721664428711 -47.90713882446289 -1.5949000120162964
vertex -62.45633316040039 -47.311824798583984 -1.6662371158599854
endloop
endfacet
facet normal -0.050192006691649915 -0.10763637818595924 -0.9929225410651502
outer loop
vertex -64.79249572753906 -48.33055877685547 -1.5
vertex -65.11682891845703 -47.30388641357422 -1.5949000120162964
vertex -64.52009582519531 -47.582149505615234 -1.5949000120162964
endloop
endfacet
facet normal -0.08715346341544244 -0.9961948975048472 0
outer loop
vertex -63.445518493652344 -48.69148254394531 -1.5
vertex -62.45633316040039 -48.77802276611328 -1.5
vertex -62.45633316040039 -48.77802276611328 -0.5
endloop
endfacet
facet normal -0.030738148798137778 -0.11471657243725038 -0.9929225922581844
outer loop
vertex -63.445518493652344 -48.69148254394531 -1.5
vertex -64.52009582519531 -47.582149505615234 -1.5949000120162964
vertex -63.30721664428711 -47.90713882446289 -1.5949000120162964
endloop
endfacet
facet normal -0.03073849902122091 -0.11471690744912112 -0.9929225427107757
outer loop
vertex -64.79249572753906 -48.33055877685547 -1.5
vertex -64.52009582519531 -47.582149505615234 -1.5949000120162964
vertex -63.445518493652344 -48.69148254394531 -1.5
endloop
endfacet
facet normal 1 0 0
outer loop
vertex -57.556331634521484 -47.326446533203125 -1
vertex -57.556331634521484 -46.82644271850586 -0.5
vertex -57.556331634521484 -47.391117095947266 -0.5
endloop
endfacet
facet normal -0.027515763446083162 -0.1026904414855353 -0.9943327189575354
outer loop
vertex -63.30721664428711 -47.90713882446289 -1.5949000120162964
vertex -64.52009582519531 -47.582149505615234 -1.5949000120162964
vertex -63.20185470581055 -47.309600830078125 -1.6595268249511719
endloop
endfacet
facet normal -0.009265726542515383 -0.10590841129254311 -0.9943327183237655
outer loop
vertex -62.45633316040039 -47.311824798583984 -1.6662371158599854
vertex -63.30721664428711 -47.90713882446289 -1.5949000120162964
vertex -63.20185470581055 -47.309600830078125 -1.6595268249511719
endloop
endfacet
facet normal 0.5735781035076711 -0.8191508769308272 0
outer loop
vertex -58.056331634521484 -47.7412223815918 -0.5
vertex -58.056331634521484 -47.7412223815918 -1.5
vertex -57.556331634521484 -47.391117095947266 -0.5
endloop
endfacet
facet normal 1 0 0
outer loop
vertex -57.556331634521484 -47.391117095947266 -0.5
vertex -57.556331634521484 -47.391117095947266 -1.5
vertex -57.556331634521484 -47.326446533203125 -1
endloop
endfacet
facet normal 0.42261723351328206 -0.906308266506259 0
outer loop
vertex -59.32017135620117 -48.33055877685547 -0.5
vertex -59.32017135620117 -48.33055877685547 -1.5
vertex -58.056331634521484 -47.7412223815918 -0.5
endloop
endfacet
facet normal 0.5735781035076711 -0.8191508769308272 0
outer loop
vertex -58.056331634521484 -47.7412223815918 -1.5
vertex -57.556331634521484 -47.391117095947266 -1.5
vertex -57.556331634521484 -47.391117095947266 -0.5
endloop
endfacet
facet normal 1 0 0
outer loop
vertex -57.556331634521484 -47.391117095947266 -1.5
vertex -57.556331634521484 -47.326446533203125 -1.5063364505767822
vertex -57.556331634521484 -47.326446533203125 -1
endloop
endfacet
facet normal 0.06812136572633105 -0.09728697126197634 -0.9929223155686706
outer loop
vertex -58.056331634521484 -47.7412223815918 -1.5
vertex -57.556331634521484 -47.326446533203125 -1.5063364505767822
vertex -57.556331634521484 -47.391117095947266 -1.5
endloop
endfacet
facet normal 0.06811994259915455 -0.09728525977764879 -0.9929225808945445
outer loop
vertex -58.056331634521484 -47.7412223815918 -1.5
vertex -58.297080993652344 -47.32423782348633 -1.5573723316192627
vertex -57.556331634521484 -47.326446533203125 -1.5063364505767822
endloop
endfacet
facet normal 0.05019172284832455 -0.10763625866453802 -0.9929225683698691
outer loop
vertex -58.056331634521484 -47.7412223815918 -1.5
vertex -59.03475570678711 -47.32203674316406 -1.5949000120162964
vertex -58.297080993652344 -47.32423782348633 -1.5573723316192627
endloop
endfacet
facet normal 0.05019158499004874 -0.10763657427258637 -0.992922541125464
outer loop
vertex -58.056331634521484 -47.7412223815918 -1.5
vertex -59.59257125854492 -47.582149505615234 -1.5949000120162964
vertex -59.03475570678711 -47.32203674316406 -1.5949000120162964
endloop
endfacet
facet normal 0.42261723351328206 -0.906308266506259 0
outer loop
vertex -59.32017135620117 -48.33055877685547 -1.5
vertex -58.056331634521484 -47.7412223815918 -1.5
vertex -58.056331634521484 -47.7412223815918 -0.5
endloop
endfacet
facet normal 0.05019158980055118 -0.10763653050107135 -0.9929225456272937
outer loop
vertex -59.32017135620117 -48.33055877685547 -1.5
vertex -59.59257125854492 -47.582149505615234 -1.5949000120162964
vertex -58.056331634521484 -47.7412223815918 -1.5
endloop
endfacet
facet normal 0.010350678969440938 -0.11831191981339857 -0.9929225312555555
outer loop
vertex -61.656333923339844 -47.98158264160156 -1.5949000120162964
vertex -60.66714859008789 -48.69148254394531 -1.5
vertex -61.656333923339844 -48.77802276611328 -1.5
endloop
endfacet
facet normal 0.01035102485037157 -0.11831144493977097 -0.9929225842334389
outer loop
vertex -60.66714859008789 -48.69148254394531 -1.5
vertex -61.656333923339844 -47.98158264160156 -1.5949000120162964
vertex -60.80544662475586 -47.90713882446289 -1.5949000120162964
endloop
endfacet
facet normal 0.009265875567666247 -0.10590826926701484 -0.9943327320624772
outer loop
vertex -60.80544662475586 -47.90713882446289 -1.5949000120162964
vertex -61.656333923339844 -47.98158264160156 -1.5949000120162964
vertex -61.656333923339844 -47.314212799072266 -1.6659828424453735
endloop
endfacet
facet normal -0.42261723351328206 -0.906308266506259 0
outer loop
vertex -66.05633544921875 -47.7412223815918 -1.5
vertex -64.79249572753906 -48.33055877685547 -1.5
vertex -64.79249572753906 -48.33055877685547 -0.5
endloop
endfacet
facet normal -0.25882058733748775 -0.9659254130471346 0
outer loop
vertex -63.445518493652344 -48.69148254394531 -1.5
vertex -63.445518493652344 -48.69148254394531 -0.5
vertex -64.79249572753906 -48.33055877685547 -1.5
endloop
endfacet
facet normal -0.05019111450837181 -0.10763688272508602 -0.9929225314704233
outer loop
vertex -65.11682891845703 -47.30388641357422 -1.5949000120162964
vertex -66.05633544921875 -47.7412223815918 -1.5
vertex -65.80265808105469 -47.301841735839844 -1.5604537725448608
endloop
endfacet
facet normal 0.03073834974401115 -0.11471696157486275 -0.9929225410786314
outer loop
vertex -59.32017135620117 -48.33055877685547 -1.5
vertex -60.80544662475586 -47.90713882446289 -1.5949000120162964
vertex -59.59257125854492 -47.582149505615234 -1.5949000120162964
endloop
endfacet
facet normal -0.04492957383667715 -0.09635113078718771 -0.9943328381336326
outer loop
vertex -64.52009582519531 -47.582149505615234 -1.5949000120162964
vertex -65.11682891845703 -47.30388641357422 -1.5949000120162964
vertex -64.41957092285156 -47.305965423583984 -1.6262046098709106
endloop
endfacet
facet normal -0.027516008492492562 -0.10268928302626881 -0.9943328318164859
outer loop
vertex -64.52009582519531 -47.582149505615234 -1.5949000120162964
vertex -64.41957092285156 -47.305965423583984 -1.6262046098709106
vertex -63.20185470581055 -47.309600830078125 -1.6595268249511719
endloop
endfacet
facet normal 0.030738435134828112 -0.11471666902338 -0.9929225722349362
outer loop
vertex -60.66714859008789 -48.69148254394531 -1.5
vertex -60.80544662475586 -47.90713882446289 -1.5949000120162964
vertex -59.32017135620117 -48.33055877685547 -1.5
endloop
endfacet
facet normal 0.25882058733748775 -0.9659254130471346 0
outer loop
vertex -60.66714859008789 -48.69148254394531 -1.5
vertex -59.32017135620117 -48.33055877685547 -1.5
vertex -59.32017135620117 -48.33055877685547 -0.5
endloop
endfacet
facet normal 0.009265867846581318 -0.10590828021608771 -0.9943327309682208
outer loop
vertex -60.80544662475586 -47.90713882446289 -1.5949000120162964
vertex -61.656333923339844 -47.314212799072266 -1.6659828424453735
vertex -60.909603118896484 -47.31644058227539 -1.6587870121002197
endloop
endfacet
facet normal 0.25882058733748775 -0.9659254130471346 0
outer loop
vertex -60.66714859008789 -48.69148254394531 -0.5
vertex -60.66714859008789 -48.69148254394531 -1.5
vertex -59.32017135620117 -48.33055877685547 -0.5
endloop
endfacet
facet normal 0.08715346341544244 -0.9961948975048472 0
outer loop
vertex -61.656333923339844 -48.77802276611328 -0.5
vertex -61.656333923339844 -48.77802276611328 -1.5
vertex -60.66714859008789 -48.69148254394531 -0.5
endloop
endfacet
facet normal 0.027515729141200918 -0.10269032329309284 -0.994332732113244
outer loop
vertex -60.80544662475586 -47.90713882446289 -1.5949000120162964
vertex -60.909603118896484 -47.31644058227539 -1.6587870121002197
vertex -59.68795394897461 -47.32008743286133 -1.6246042251586914
endloop
endfacet
facet normal 0.027515910040602838 -0.1026906656054369 -0.9943326917547013
outer loop
vertex -59.59257125854492 -47.582149505615234 -1.5949000120162964
vertex -60.80544662475586 -47.90713882446289 -1.5949000120162964
vertex -59.68795394897461 -47.32008743286133 -1.6246042251586914
endloop
endfacet
facet normal -1 0 0
outer loop
vertex -66.55633544921875 -46.79958724975586 -0.5
vertex -66.55633544921875 -47.299591064453125 -1
vertex -66.55633544921875 -47.391117095947266 -0.5
endloop
endfacet
facet normal -1 0 0
outer loop
vertex -66.55633544921875 -47.299591064453125 -1
vertex -66.55633544921875 -47.391117095947266 -1.5
vertex -66.55633544921875 -47.391117095947266 -0.5
endloop
endfacet
facet normal -0.5735781035076711 -0.8191508769308272 0
outer loop
vertex -66.55633544921875 -47.391117095947266 -0.5
vertex -66.55633544921875 -47.391117095947266 -1.5
vertex -66.05633544921875 -47.7412223815918 -0.5
endloop
endfacet
facet normal 0.044929773716209424 -0.09635254448756907 -0.9943326921129472
outer loop
vertex -59.59257125854492 -47.582149505615234 -1.5949000120162964
vertex -59.68795394897461 -47.32008743286133 -1.6246042251586914
vertex -59.03475570678711 -47.32203674316406 -1.5949000120162964
endloop
endfacet
facet normal 0 0 -1
outer loop
vertex 65.20846557617188 -47.692771911621094 -4
vertex 59.60846710205078 -46.47486877441406 -4
vertex 64.89981079101562 -46.436805725097656 -4
endloop
endfacet
facet normal -1 0 0
outer loop
vertex 65.20846557617188 -45.97486877441406 -4
vertex 65.20846557617188 -47.692771911621094 -5
vertex 65.20846557617188 -47.692771911621094 -4
endloop
endfacet
facet normal -1 0 0
outer loop
vertex 59.60846710205078 -47.67605972290039 -4
vertex 59.60846710205078 -46.47486877441406 -0.5
vertex 59.60846710205078 -46.47486877441406 -4
endloop
endfacet
facet normal -1 0 0
outer loop
vertex 59.60846710205078 -46.47486877441406 -0.5
vertex 59.60846710205078 -47.67605972290039 -4
vertex 59.60846710205078 -47.67605972290039 -1.6659828424453735
endloop
endfacet
facet normal 1 0 0
outer loop
vertex 58.808467864990234 -46.47486877441406 -4
vertex 58.808467864990234 -46.47486877441406 -0.5
vertex 58.808467864990234 -47.673675537109375 -1.6662371158599854
endloop
endfacet
facet normal -0.9807899398239573 0.19506689606419184 0
outer loop
vertex 65.17041015625 -46.16621017456055 -4
vertex 65.17041015625 -46.16621017456055 -0.5
vertex 65.20846557617188 -45.97486877441406 -0.5
endloop
endfacet
facet normal -0.0034007542264034075 -0.9999942174186266 0
outer loop
vertex 64.89981079101562 -44.5129280090332 -5
vertex 64.89981079101562 -44.5129280090332 -0.5
vertex 53.708465576171875 -44.47486877441406 -0.5
endloop
endfacet
facet normal -0.007193270138980207 0.999974128097676 0
outer loop
vertex 64.89981079101562 -46.436805725097656 -0.5
vertex 59.60846710205078 -46.47486877441406 -4
vertex 59.60846710205078 -46.47486877441406 -0.5
endloop
endfacet
facet normal -1 0 0
outer loop
vertex 65.20846557617188 -45.97486877441406 -4
vertex 65.20846557617188 -45.97486877441406 -0.5
vertex 65.20846557617188 -44.97486877441406 -0.5
endloop
endfacet
facet normal 1 0 0
outer loop
vertex 58.808467864990234 -49.13987350463867 -0.5
vertex 58.808467864990234 -47.673675537109375 -1.6662371158599854
vertex 58.808467864990234 -46.47486877441406 -0.5
endloop
endfacet
facet normal -1 0 0
outer loop
vertex 59.60846710205078 -46.47486877441406 -0.5
vertex 59.60846710205078 -49.13987350463867 -1.5
vertex 59.60846710205078 -49.13987350463867 -0.5
endloop
endfacet
facet normal -0.5555662850640511 0.8314722502285506 0
outer loop
vertex 64.89981079101562 -46.436805725097656 -0.5
vertex 65.06201934814453 -46.32842254638672 -4
vertex 64.89981079101562 -46.436805725097656 -4
endloop
endfacet
facet normal -0.8314602204820793 0.5555842886150507 0
outer loop
vertex 65.17041015625 -46.16621017456055 -0.5
vertex 65.17041015625 -46.16621017456055 -4
vertex 65.06201934814453 -46.32842254638672 -4
endloop
endfacet
facet normal -0.9807899398239573 0.19506689606419184 0
outer loop
vertex 65.20846557617188 -45.97486877441406 -0.5
vertex 65.20846557617188 -45.97486877441406 -4
vertex 65.17041015625 -46.16621017456055 -4
endloop
endfacet
facet normal 0.17494476124115288 -0.8795283430986256 0.44252030936496295
outer loop
vertex 64.89981079101562 -44.5129280090332 -5
vertex 53.708465576171875 -44.47486877441406 -0.5
vertex 53.51712417602539 -44.5129280090332 -0.5
endloop
endfacet
facet normal -0.9807899398239572 -0.1950668960641918 0
outer loop
vertex 65.17041015625 -44.78352737426758 -0.5
vertex 65.17041015625 -44.78352737426758 -5
vertex 65.20846557617188 -44.97486877441406 -0.5
endloop
endfacet
facet normal -0.8314602204820793 -0.5555842886150507 0
outer loop
vertex 65.06201934814453 -44.621315002441406 -0.5
vertex 65.06201934814453 -44.621315002441406 -5
vertex 65.17041015625 -44.78352737426758 -0.5
endloop
endfacet
facet normal 0.007193270138980207 0.999974128097676 0
outer loop
vertex 53.51712417602539 -46.436805725097656 -4
vertex 58.808467864990234 -46.47486877441406 -0.5
vertex 58.808467864990234 -46.47486877441406 -4
endloop
endfacet
facet normal -1 0 0
outer loop
vertex 65.20846557617188 -44.97486877441406 -0.5
vertex 65.20846557617188 -44.97486877441406 -5
vertex 65.20846557617188 -45.97486877441406 -4
endloop
endfacet
facet normal -0.5555798033776967 -0.8314632175140401 0
outer loop
vertex 64.89981079101562 -44.5129280090332 -0.5
vertex 64.89981079101562 -44.5129280090332 -5
vertex 65.06201934814453 -44.621315002441406 -5
endloop
endfacet
facet normal 0.007193270138980207 0.999974128097676 0
outer loop
vertex 53.51712417602539 -46.436805725097656 -4
vertex 53.51712417602539 -46.436805725097656 -0.5
vertex 58.808467864990234 -46.47486877441406 -0.5
endloop
endfacet
facet normal -0.5555798033776967 -0.8314632175140401 0
outer loop
vertex 65.06201934814453 -44.621315002441406 -5
vertex 65.06201934814453 -44.621315002441406 -0.5
vertex 64.89981079101562 -44.5129280090332 -0.5
endloop
endfacet
facet normal -0.5555662850640511 0.8314722502285506 0
outer loop
vertex 65.06201934814453 -46.32842254638672 -0.5
vertex 65.06201934814453 -46.32842254638672 -4
vertex 64.89981079101562 -46.436805725097656 -0.5
endloop
endfacet
facet normal 1 0 0
outer loop
vertex 53.208465576171875 -47.65696334838867 -5
vertex 53.208465576171875 -44.97486877441406 -5
vertex 53.208465576171875 -45.97486877441406 -4
endloop
endfacet
facet normal 1 0 0
outer loop
vertex 53.208465576171875 -47.65696334838867 -4
vertex 53.208465576171875 -47.65696334838867 -5
vertex 53.208465576171875 -45.97486877441406 -4
endloop
endfacet
facet normal 0 0 1
outer loop
vertex 53.208465576171875 -47.65696334838867 -5
vertex 53.24652862548828 -44.78352737426758 -5
vertex 53.208465576171875 -44.97486877441406 -5
endloop
endfacet
facet normal 0 0 1
outer loop
vertex 53.24652862548828 -44.78352737426758 -5
vertex 53.208465576171875 -47.65696334838867 -5
vertex 53.354915618896484 -44.621315002441406 -5
endloop
endfacet
facet normal 0 0 1
outer loop
vertex 53.354915618896484 -44.621315002441406 -5
vertex 53.208465576171875 -47.65696334838867 -5
vertex 53.51712417602539 -44.5129280090332 -5
endloop
endfacet
facet normal 0 0 -1
outer loop
vertex 53.208465576171875 -47.65696334838867 -4
vertex 53.208465576171875 -45.97486877441406 -4
vertex 53.24652862548828 -46.16621017456055 -4
endloop
endfacet
facet normal 0 0 -1
outer loop
vertex 53.208465576171875 -47.65696334838867 -4
vertex 53.354915618896484 -46.32842254638672 -4
vertex 53.51712417602539 -46.436805725097656 -4
endloop
endfacet
facet normal 0 0 -1
outer loop
vertex 53.354915618896484 -46.32842254638672 -4
vertex 53.208465576171875 -47.65696334838867 -4
vertex 53.24652862548828 -46.16621017456055 -4
endloop
endfacet
facet normal 0.980782457176804 -0.19510451479714808 0
outer loop
vertex 53.24652862548828 -44.78352737426758 -0.5
vertex 53.208465576171875 -44.97486877441406 -5
vertex 53.24652862548828 -44.78352737426758 -5
endloop
endfacet
facet normal -0.8314602204820793 -0.5555842886150507 0
outer loop
vertex 65.17041015625 -44.78352737426758 -0.5
vertex 65.06201934814453 -44.621315002441406 -5
vertex 65.17041015625 -44.78352737426758 -5
endloop
endfacet
facet normal 0.5555798033776967 -0.8314632175140401 0
outer loop
vertex 53.354915618896484 -44.621315002441406 -0.5
vertex 53.354915618896484 -44.621315002441406 -5
vertex 53.51712417602539 -44.5129280090332 -5
endloop
endfacet
facet normal -0.9807899398239572 -0.1950668960641918 0
outer loop
vertex 65.20846557617188 -44.97486877441406 -0.5
vertex 65.17041015625 -44.78352737426758 -5
vertex 65.20846557617188 -44.97486877441406 -5
endloop
endfacet
facet normal 0 0 -1
outer loop
vertex 65.20846557617188 -45.97486877441406 -4
vertex 65.20846557617188 -47.692771911621094 -4
vertex 65.17041015625 -46.16621017456055 -4
endloop
endfacet
facet normal 0 0 -1
outer loop
vertex 65.20846557617188 -47.692771911621094 -4
vertex 65.06201934814453 -46.32842254638672 -4
vertex 65.17041015625 -46.16621017456055 -4
endloop
endfacet
facet normal -0.8314602204820793 0.5555842886150507 0
outer loop
vertex 65.06201934814453 -46.32842254638672 -4
vertex 65.06201934814453 -46.32842254638672 -0.5
vertex 65.17041015625 -46.16621017456055 -0.5
endloop
endfacet
facet normal -1 0 0
outer loop
vertex 59.60846710205078 -46.47486877441406 -0.5
vertex 59.60846710205078 -47.67605972290039 -1.6659828424453735
vertex 59.60846710205078 -48.34342956542969 -1.5949000120162964
endloop
endfacet
facet normal 0.5555662850640511 0.8314722502285506 0
outer loop
vertex 53.51712417602539 -46.436805725097656 -0.5
vertex 53.51712417602539 -46.436805725097656 -4
vertex 53.354915618896484 -46.32842254638672 -4
endloop
endfacet
facet normal 0.831469252991977 0.5555707707654927 0
outer loop
vertex 53.354915618896484 -46.32842254638672 -0.5
vertex 53.354915618896484 -46.32842254638672 -4
vertex 53.24652862548828 -46.16621017456055 -4
endloop
endfacet
facet normal 0.980782457176804 0.19510451479714808 0
outer loop
vertex 53.24652862548828 -46.16621017456055 -0.5
vertex 53.24652862548828 -46.16621017456055 -4
vertex 53.208465576171875 -45.97486877441406 -4
endloop
endfacet
facet normal 0.980782457176804 -0.19510451479714808 0
outer loop
vertex 53.208465576171875 -44.97486877441406 -0.5
vertex 53.208465576171875 -44.97486877441406 -5
vertex 53.24652862548828 -44.78352737426758 -0.5
endloop
endfacet
facet normal 0.831469252991977 -0.5555707707654927 0
outer loop
vertex 53.354915618896484 -44.621315002441406 -5
vertex 53.354915618896484 -44.621315002441406 -0.5
vertex 53.24652862548828 -44.78352737426758 -0.5
endloop
endfacet
facet normal 0.5555798033776967 -0.8314632175140401 0
outer loop
vertex 53.51712417602539 -44.5129280090332 -5
vertex 53.51712417602539 -44.5129280090332 -0.5
vertex 53.354915618896484 -44.621315002441406 -0.5
endloop
endfacet
facet normal 0.831469252991977 0.5555707707654927 0
outer loop
vertex 53.24652862548828 -46.16621017456055 -4
vertex 53.24652862548828 -46.16621017456055 -0.5
vertex 53.354915618896484 -46.32842254638672 -0.5
endloop
endfacet
facet normal 0.5555662850640511 0.8314722502285506 0
outer loop
vertex 53.354915618896484 -46.32842254638672 -4
vertex 53.354915618896484 -46.32842254638672 -0.5
vertex 53.51712417602539 -46.436805725097656 -0.5
endloop
endfacet
facet normal 0.980782457176804 0.19510451479714808 0
outer loop
vertex 53.208465576171875 -45.97486877441406 -4
vertex 53.208465576171875 -45.97486877441406 -0.5
vertex 53.24652862548828 -46.16621017456055 -0.5
endloop
endfacet
facet normal 1 0 0
outer loop
vertex 53.208465576171875 -45.97486877441406 -0.5
vertex 53.208465576171875 -45.97486877441406 -4
vertex 53.208465576171875 -44.97486877441406 -0.5
endloop
endfacet
facet normal 1 0 0
outer loop
vertex 53.208465576171875 -44.97486877441406 -5
vertex 53.208465576171875 -44.97486877441406 -0.5
vertex 53.208465576171875 -45.97486877441406 -4
endloop
endfacet
facet normal -1 0 0
outer loop
vertex 59.60846710205078 -49.13987350463867 -1.5
vertex 59.60846710205078 -46.47486877441406 -0.5
vertex 59.60846710205078 -48.34342956542969 -1.5949000120162964
endloop
endfacet
facet normal 1 0 0
outer loop
vertex 58.808467864990234 -47.673675537109375 -1.6662371158599854
vertex 58.808467864990234 -49.13987350463867 -0.5
vertex 58.808467864990234 -48.34342956542969 -1.5949000120162964
endloop
endfacet
facet normal 1 0 0
outer loop
vertex 58.808467864990234 -49.13987350463867 -0.5
vertex 58.808467864990234 -49.13987350463867 -1.5
vertex 58.808467864990234 -48.34342956542969 -1.5949000120162964
endloop
endfacet
facet normal 0 0 1
outer loop
vertex 53.51712417602539 -44.5129280090332 -5
vertex 53.208465576171875 -47.65696334838867 -5
vertex 64.89981079101562 -44.5129280090332 -5
endloop
endfacet
facet normal 0 0 1
outer loop
vertex 65.20846557617188 -47.692771911621094 -5
vertex 65.20846557617188 -44.97486877441406 -5
vertex 53.208465576171875 -47.65696334838867 -5
endloop
endfacet
facet normal 0 0 1
outer loop
vertex 53.208465576171875 -47.65696334838867 -5
vertex 65.17041015625 -44.78352737426758 -5
vertex 65.06201934814453 -44.621315002441406 -5
endloop
endfacet
facet normal 0 0 1
outer loop
vertex 64.89981079101562 -44.5129280090332 -5
vertex 53.208465576171875 -47.65696334838867 -5
vertex 65.06201934814453 -44.621315002441406 -5
endloop
endfacet
facet normal 0 0 1
outer loop
vertex 65.17041015625 -44.78352737426758 -5
vertex 53.208465576171875 -47.65696334838867 -5
vertex 65.20846557617188 -44.97486877441406 -5
endloop
endfacet
facet normal 0 0 -1
outer loop
vertex 53.208465576171875 -47.65696334838867 -4
vertex 53.51712417602539 -46.436805725097656 -4
vertex 58.808467864990234 -47.673675537109375 -4
endloop
endfacet
facet normal 0 0 -1
outer loop
vertex 58.808467864990234 -47.673675537109375 -4
vertex 53.51712417602539 -46.436805725097656 -4
vertex 58.808467864990234 -46.47486877441406 -4
endloop
endfacet
facet normal 0.831469252991977 -0.5555707707654927 0
outer loop
vertex 53.24652862548828 -44.78352737426758 -0.5
vertex 53.24652862548828 -44.78352737426758 -5
vertex 53.354915618896484 -44.621315002441406 -5
endloop
endfacet
facet normal 0 -1 0
outer loop
vertex 53.51712417602539 -44.5129280090332 -0.5
vertex 53.51712417602539 -44.5129280090332 -5
vertex 64.89981079101562 -44.5129280090332 -5
endloop
endfacet
facet normal 0 0 -1
outer loop
vertex 59.60846710205078 -46.47486877441406 -4
vertex 65.20846557617188 -47.692771911621094 -4
vertex 59.60846710205078 -47.67605972290039 -4
endloop
endfacet
facet normal 1 0 0
outer loop
vertex 58.808467864990234 -47.673675537109375 -1.6662371158599854
vertex 58.808467864990234 -47.673675537109375 -4
vertex 58.808467864990234 -46.47486877441406 -4
endloop
endfacet
facet normal 0 0 -1
outer loop
vertex 65.20846557617188 -47.692771911621094 -4
vertex 64.89981079101562 -46.436805725097656 -4
vertex 65.06201934814453 -46.32842254638672 -4
endloop
endfacet
facet normal -1 0 0
outer loop
vertex 65.20846557617188 -44.97486877441406 -5
vertex 65.20846557617188 -47.692771911621094 -5
vertex 65.20846557617188 -45.97486877441406 -4
endloop
endfacet
facet normal -0.007193270138980207 0.999974128097676 0
outer loop
vertex 64.89981079101562 -46.436805725097656 -0.5
vertex 64.89981079101562 -46.436805725097656 -4
vertex 59.60846710205078 -46.47486877441406 -4
endloop
endfacet
facet normal 0 0 -1
outer loop
vertex -68.05633544921875 -47.29511642456055 -4
vertex -68.05633544921875 -45.61301803588867 -4
vertex -68.01827239990234 -45.804359436035156 -4
endloop
endfacet
facet normal 0 0 -1
outer loop
vertex -56.056331634521484 -47.3309211730957 -4
vertex -56.364990234375 -46.07495880126953 -4
vertex -56.20277786254883 -45.96657180786133 -4
endloop
endfacet
facet normal 0.5555617383814266 0.831475288175546 0
outer loop
vertex -67.9098892211914 -45.96657180786133 -4
vertex -67.9098892211914 -45.96657180786133 -0.5
vertex -67.74767303466797 -46.07495880126953 -0.5
endloop
endfacet
facet normal 0.8314782854783427 0.5555572524753821 0
outer loop
vertex -68.01827239990234 -45.804359436035156 -4
vertex -68.01827239990234 -45.804359436035156 -0.5
vertex -67.9098892211914 -45.96657180786133 -0.5
endloop
endfacet
facet normal 0 0 1
outer loop
vertex -56.056331634521484 -44.99995040893555 -5
vertex -68.05633544921875 -44.99995040893555 -5
vertex -68.05633544921875 -47.29511642456055 -5
endloop
endfacet
facet normal 1 0 0
outer loop
vertex -68.05633544921875 -47.29511642456055 -4
vertex -68.05633544921875 -44.99995040893555 -5
vertex -68.05633544921875 -45.61301803588867 -4
endloop
endfacet
facet normal 1 0 0
outer loop
vertex -62.45633316040039 -48.77802276611328 -0.5
vertex -62.45633316040039 -48.77802276611328 -1.5
vertex -62.45633316040039 -47.98158264160156 -1.5949000120162964
endloop
endfacet
facet normal 1 0 0
outer loop
vertex -62.45633316040039 -47.98158264160156 -1.5949000120162964
vertex -62.45633316040039 -47.311824798583984 -1.6662371158599854
vertex -62.45633316040039 -48.77802276611328 -0.5
endloop
endfacet
facet normal -0.831469252991977 0.5555707707654927 0
outer loop
vertex -56.094390869140625 -45.804359436035156 -0.5
vertex -56.094390869140625 -45.804359436035156 -4
vertex -56.20277786254883 -45.96657180786133 -4
endloop
endfacet
facet normal -0.5555707707654927 0.831469252991977 0
outer loop
vertex -56.20277786254883 -45.96657180786133 -0.5
vertex -56.20277786254883 -45.96657180786133 -4
vertex -56.364990234375 -46.07495880126953 -4
endloop
endfacet
facet normal -0.007192549263254353 0.9999741332830042 0
outer loop
vertex -56.364990234375 -46.07495880126953 -0.5
vertex -56.364990234375 -46.07495880126953 -4
vertex -61.656333923339844 -46.11301803588867 -4
endloop
endfacet
facet normal -1 0 0
outer loop
vertex -61.656333923339844 -48.77802276611328 -1.5
vertex -61.656333923339844 -46.2496223449707 -0.5
vertex -61.656333923339844 -47.98158264160156 -1.5949000120162964
endloop
endfacet
facet normal -1 0 0
outer loop
vertex -61.656333923339844 -46.2496223449707 -0.5
vertex -61.656333923339844 -47.314212799072266 -1.6659828424453735
vertex -61.656333923339844 -47.98158264160156 -1.5949000120162964
endloop
endfacet
facet normal -1 0 0
outer loop
vertex -61.656333923339844 -46.2496223449707 -0.5
vertex -61.656333923339844 -46.11301803588867 -4
vertex -61.656333923339844 -47.314212799072266 -1.6659828424453735
endloop
endfacet
facet normal 1 0 0
outer loop
vertex -62.45633316040039 -47.311824798583984 -1.6662371158599854
vertex -62.45633316040039 -46.11301803588867 -4
vertex -62.45633316040039 -46.11301803588867 -0.5
endloop
endfacet
facet normal 0.980782457176804 0.19510451479714808 0
outer loop
vertex -68.05633544921875 -45.61301803588867 -4
vertex -68.05633544921875 -45.61301803588867 -0.5
vertex -68.01827239990234 -45.804359436035156 -0.5
endloop
endfacet
facet normal 1 0 0
outer loop
vertex -62.45633316040039 -46.11301803588867 -4
vertex -62.45633316040039 -47.311824798583984 -1.6662371158599854
vertex -62.45633316040039 -47.311824798583984 -4
endloop
endfacet
facet normal -1 0 0
outer loop
vertex -61.656333923339844 -48.77802276611328 -1.5
vertex -61.656333923339844 -48.77802276611328 -0.5
vertex -61.656333923339844 -46.2496223449707 -0.5
endloop
endfacet
facet normal 0.007192554448326423 0.9999741332457095 0
outer loop
vertex -67.74767303466797 -46.07495880126953 -4
vertex -67.74767303466797 -46.07495880126953 -0.5
vertex -62.45633316040039 -46.11301803588867 -0.5
endloop
endfacet
facet normal 0 0 -1
outer loop
vertex -61.656333923339844 -46.11301803588867 -4
vertex -56.056331634521484 -47.3309211730957 -4
vertex -61.656333923339844 -47.314212799072266 -4
endloop
endfacet
facet normal 1 0 0
outer loop
vertex -62.45633316040039 -48.77802276611328 -0.5
vertex -62.45633316040039 -47.311824798583984 -1.6662371158599854
vertex -62.45633316040039 -46.47275161743164 -0.5
endloop
endfacet
facet normal 1 0 0
outer loop
vertex -62.45633316040039 -47.311824798583984 -1.6662371158599854
vertex -62.45633316040039 -46.11301803588867 -0.5
vertex -62.45633316040039 -46.47275161743164 -0.5
endloop
endfacet
facet normal -1 0 0
outer loop
vertex -56.056331634521484 -44.99995040893555 -5
vertex -56.056331634521484 -47.3309211730957 -5
vertex -56.056331634521484 -45.61301803588867 -4
endloop
endfacet
facet normal -1 0 0
outer loop
vertex -61.656333923339844 -46.11301803588867 -0.5
vertex -61.656333923339844 -46.11301803588867 -4
vertex -61.656333923339844 -46.2496223449707 -0.5
endloop
endfacet
facet normal -0.007192549263254353 0.9999741332830042 0
outer loop
vertex -56.364990234375 -46.07495880126953 -0.5
vertex -61.656333923339844 -46.11301803588867 -4
vertex -61.656333923339844 -46.11301803588867 -0.5
endloop
endfacet
facet normal -1 0 0
outer loop
vertex -56.056331634521484 -47.3309211730957 -5
vertex -56.056331634521484 -47.3309211730957 -4
vertex -56.056331634521484 -45.61301803588867 -4
endloop
endfacet
facet normal 0 0 1
outer loop
vertex -56.056331634521484 -44.99995040893555 -5
vertex -68.05633544921875 -47.29511642456055 -5
vertex -56.056331634521484 -47.3309211730957 -5
endloop
endfacet
facet normal 1 0 0
outer loop
vertex -68.05633544921875 -44.99995040893555 -5
vertex -68.05633544921875 -45.61301803588867 -0.5
vertex -68.05633544921875 -45.61301803588867 -4
endloop
endfacet
facet normal -0.5555707707654927 0.831469252991977 0
outer loop
vertex -56.364990234375 -46.07495880126953 -4
vertex -56.364990234375 -46.07495880126953 -0.5
vertex -56.20277786254883 -45.96657180786133 -0.5
endloop
endfacet
facet normal -0.831469252991977 0.5555707707654927 0
outer loop
vertex -56.20277786254883 -45.96657180786133 -4
vertex -56.20277786254883 -45.96657180786133 -0.5
vertex -56.094390869140625 -45.804359436035156 -0.5
endloop
endfacet
facet normal -0.9807861986664705 0.19508570553829574 0
outer loop
vertex -56.094390869140625 -45.804359436035156 -4
vertex -56.094390869140625 -45.804359436035156 -0.5
vertex -56.056331634521484 -45.61301803588867 -0.5
endloop
endfacet
facet normal -1 0 0
outer loop
vertex -56.056331634521484 -44.99995040893555 -0.5
vertex -56.056331634521484 -45.61301803588867 -4
vertex -56.056331634521484 -45.61301803588867 -0.5
endloop
endfacet
facet normal 0 0 -1
outer loop
vertex -62.45633316040039 -47.311824798583984 -4
vertex -67.74767303466797 -46.07495880126953 -4
vertex -62.45633316040039 -46.11301803588867 -4
endloop
endfacet
facet normal 0 0 -1
outer loop
vertex -67.74767303466797 -46.07495880126953 -4
vertex -62.45633316040039 -47.311824798583984 -4
vertex -68.05633544921875 -47.29511642456055 -4
endloop
endfacet
facet normal 0 0 -1
outer loop
vertex -67.9098892211914 -45.96657180786133 -4
vertex -68.05633544921875 -47.29511642456055 -4
vertex -68.01827239990234 -45.804359436035156 -4
endloop
endfacet
facet normal 0 0 -1
outer loop
vertex -68.05633544921875 -47.29511642456055 -4
vertex -67.9098892211914 -45.96657180786133 -4
vertex -67.74767303466797 -46.07495880126953 -4
endloop
endfacet
facet normal 1 0 0
outer loop
vertex -68.05633544921875 -47.29511642456055 -4
vertex -68.05633544921875 -47.29511642456055 -5
vertex -68.05633544921875 -44.99995040893555 -5
endloop
endfacet
facet normal 1 0 0
outer loop
vertex -68.05633544921875 -45.61301803588867 -0.5
vertex -68.05633544921875 -44.99995040893555 -5
vertex -68.05633544921875 -44.99995040893555 -0.5
endloop
endfacet
facet normal 0.007192554448326423 0.9999741332457095 0
outer loop
vertex -67.74767303466797 -46.07495880126953 -4
vertex -62.45633316040039 -46.11301803588867 -0.5
vertex -62.45633316040039 -46.11301803588867 -4
endloop
endfacet
facet normal 0.980782457176804 0.19510451479714808 0
outer loop
vertex -68.01827239990234 -45.804359436035156 -0.5
vertex -68.01827239990234 -45.804359436035156 -4
vertex -68.05633544921875 -45.61301803588867 -4
endloop
endfacet
facet normal 0.8314782854783427 0.5555572524753821 0
outer loop
vertex -67.9098892211914 -45.96657180786133 -0.5
vertex -67.9098892211914 -45.96657180786133 -4
vertex -68.01827239990234 -45.804359436035156 -4
endloop
endfacet
facet normal 0.5555617383814266 0.831475288175546 0
outer loop
vertex -67.74767303466797 -46.07495880126953 -0.5
vertex -67.74767303466797 -46.07495880126953 -4
vertex -67.9098892211914 -45.96657180786133 -4
endloop
endfacet
facet normal -1 0 0
outer loop
vertex -56.056331634521484 -44.99995040893555 -0.5
vertex -56.056331634521484 -44.99995040893555 -5
vertex -56.056331634521484 -45.61301803588867 -4
endloop
endfacet
facet normal 0 0 -1
outer loop
vertex -56.056331634521484 -45.61301803588867 -4
vertex -56.056331634521484 -47.3309211730957 -4
vertex -56.094390869140625 -45.804359436035156 -4
endloop
endfacet
facet normal 0 0 -1
outer loop
vertex -56.056331634521484 -47.3309211730957 -4
vertex -56.20277786254883 -45.96657180786133 -4
vertex -56.094390869140625 -45.804359436035156 -4
endloop
endfacet
facet normal -1 0 0
outer loop
vertex -61.656333923339844 -46.11301803588867 -4
vertex -61.656333923339844 -47.314212799072266 -4
vertex -61.656333923339844 -47.314212799072266 -1.6659828424453735
endloop
endfacet
facet normal 0 0 -1
outer loop
vertex -56.056331634521484 -47.3309211730957 -4
vertex -61.656333923339844 -46.11301803588867 -4
vertex -56.364990234375 -46.07495880126953 -4
endloop
endfacet
facet normal -0.9807861986664705 0.19508570553829574 0
outer loop
vertex -56.056331634521484 -45.61301803588867 -0.5
vertex -56.056331634521484 -45.61301803588867 -4
vertex -56.094390869140625 -45.804359436035156 -4
endloop
endfacet
facet normal -0.8819260279965151 0.4713878245588128 -1.0245912804207788e-8
outer loop
vertex -61.13245391845703 44.31310272216797 -6.666664123535156
vertex -61.22394561767578 44.141929626464844 -6.893081188201904
vertex -61.22486114501953 44.14021682739258 -3.5
endloop
endfacet
facet normal 0 0 -1
outer loop
vertex -62.25142288208008 43.71500015258789 -3.5
vertex -62.43901443481445 43.771907806396484 -3.5
vertex -63.056331634521484 44.69578552246094 -3.5
endloop
endfacet
facet normal 0.6343974203505327 0.773007058863365 0
outer loop
vertex -62.61190414428711 43.864315032958984 -6.93160343170166
vertex -62.7634391784668 43.988677978515625 -6.914346694946289
vertex -62.7634391784668 43.988677978515625 -3.5
endloop
endfacet
facet normal 0.2902957875711588 0.9569369653840532 0
outer loop
vertex -62.25142288208008 43.71500015258789 -6.952322483062744
vertex -62.43901443481445 43.771907806396484 -6.9444260597229
vertex -62.43901443481445 43.771907806396484 -3.5
endloop
endfacet
facet normal 0.4713798807438282 0.8819302739048787 0
outer loop
vertex -62.43901443481445 43.771907806396484 -6.9444260597229
vertex -62.61190414428711 43.864315032958984 -6.93160343170166
vertex -62.61190414428711 43.864315032958984 -3.5
endloop
endfacet
facet normal -0.9569369653840533 0.2902957875711588 0
outer loop
vertex -61.13245391845703 44.31310272216797 -6.666664123535156
vertex -61.13245391845703 44.31310272216797 -3.5
vertex -61.07554626464844 44.500694274902344 -6.4185686111450195
endloop
endfacet
facet normal -0.7742277024797583 0.6329071533115384 0
outer loop
vertex -61.34922409057617 43.988677978515625 -6.914346694946289
vertex -61.34922409057617 43.988677978515625 -3.5
vertex -61.22394561767578 44.141929626464844 -6.893081188201904
endloop
endfacet
facet normal 0.09801622777686082 0.9951848165503705 0
outer loop
vertex -62.056331634521484 43.69578552246094 -6.954988956451416
vertex -62.25142288208008 43.71500015258789 -6.952322483062744
vertex -62.25142288208008 43.71500015258789 -3.5
endloop
endfacet
facet normal 0 0 -1
outer loop
vertex -61.05641174316406 44.69499969482422 -3.5
vertex -61.07554626464844 44.500694274902344 -3.5
vertex -63.056331634521484 44.69578552246094 -3.5
endloop
endfacet
facet normal 0 0 -1
outer loop
vertex -61.07554626464844 44.500694274902344 -3.5
vertex -61.13245391845703 44.31310272216797 -3.5
vertex -63.056331634521484 44.69578552246094 -3.5
endloop
endfacet
facet normal 0 0 -1
outer loop
vertex -61.13245391845703 44.31310272216797 -3.5
vertex -61.22486114501953 44.14021682739258 -3.5
vertex -63.056331634521484 44.69578552246094 -3.5
endloop
endfacet
facet normal 0 0 -1
outer loop
vertex -61.22486114501953 44.14021682739258 -3.5
vertex -61.34922409057617 43.988677978515625 -3.5
vertex -63.056331634521484 44.69578552246094 -3.5
endloop
endfacet
facet normal 0 0 -1
outer loop
vertex -61.34922409057617 43.988677978515625 -3.5
vertex -61.500762939453125 43.864315032958984 -3.5
vertex -63.056331634521484 44.69578552246094 -3.5
endloop
endfacet
facet normal 0 0 -1
outer loop
vertex -61.500762939453125 43.864315032958984 -3.5
vertex -61.673648834228516 43.771907806396484 -3.5
vertex -63.056331634521484 44.69578552246094 -3.5
endloop
endfacet
facet normal 0 0 -1
outer loop
vertex -61.673648834228516 43.771907806396484 -3.5
vertex -61.86124038696289 43.71500015258789 -3.5
vertex -63.056331634521484 44.69578552246094 -3.5
endloop
endfacet
facet normal -0.09801622777686082 0.9951848165503705 0
outer loop
vertex -61.86124038696289 43.71500015258789 -6.952322483062744
vertex -62.056331634521484 43.69578552246094 -6.954988956451416
vertex -62.056331634521484 43.69578552246094 -3.5
endloop
endfacet
facet normal -0.2902957875711588 0.9569369653840532 0
outer loop
vertex -61.86124038696289 43.71500015258789 -6.952322483062744
vertex -61.86124038696289 43.71500015258789 -3.5
vertex -61.673648834228516 43.771907806396484 -6.9444260597229
endloop
endfacet
facet normal 0 0 -1
outer loop
vertex -61.86124038696289 43.71500015258789 -3.5
vertex -62.056331634521484 43.69578552246094 -3.5
vertex -63.056331634521484 44.69578552246094 -3.5
endloop
endfacet
facet normal 0 0 -1
outer loop
vertex -62.88780212402344 44.14021682739258 -3.5
vertex -63.03711700439453 44.500694274902344 -3.5
vertex -63.056331634521484 44.69578552246094 -3.5
endloop
endfacet
facet normal -0.47138797052671194 0.8819259499769284 0
outer loop
vertex -61.673648834228516 43.771907806396484 -6.9444260597229
vertex -61.673648834228516 43.771907806396484 -3.5
vertex -61.500762939453125 43.864315032958984 -6.93160343170166
endloop
endfacet
facet normal 0 0 -1
outer loop
vertex -62.056331634521484 43.69578552246094 -3.5
vertex -62.25142288208008 43.71500015258789 -3.5
vertex -63.056331634521484 44.69578552246094 -3.5
endloop
endfacet
facet normal 0.7751513237595857 0.6317755833613485 0.00019375806935662739
outer loop
vertex -62.7634391784668 43.988677978515625 -6.914346694946289
vertex -62.88941955566406 44.14324188232422 -6.892899036407471
vertex -62.88780212402344 44.14021682739258 -3.5
endloop
endfacet
facet normal 0.8819188918003833 0.4714011755241853 0
outer loop
vertex -62.9802131652832 44.31310272216797 -3.5
vertex -62.88941955566406 44.14324188232422 -6.892899036407471
vertex -62.9802131652832 44.31310272216797 -6.6683878898620605
endloop
endfacet
facet normal 0.9569423709767578 0.2902779678676651 0
outer loop
vertex -62.9802131652832 44.31310272216797 -6.6683878898620605
vertex -63.03711700439453 44.500694274902344 -6.420398712158203
vertex -63.03711700439453 44.500694274902344 -3.5
endloop
endfacet
facet normal 0.9951848165503704 0.09801622777686081 0
outer loop
vertex -63.03711700439453 44.500694274902344 -6.420398712158203
vertex -63.056331634521484 44.69578552246094 -6.162460803985596
vertex -63.056331634521484 44.69578552246094 -3.5
endloop
endfacet
facet normal -0.6343878776560029 0.7730148903372509 0
outer loop
vertex -61.500762939453125 43.864315032958984 -6.93160343170166
vertex -61.500762939453125 43.864315032958984 -3.5
vertex -61.34922409057617 43.988677978515625 -6.914346694946289
endloop
endfacet
facet normal -0.9951861714181317 0.09800247046947834 0
outer loop
vertex -61.07554626464844 44.500694274902344 -6.4185686111450195
vertex -61.07554626464844 44.500694274902344 -3.5
vertex -61.05641174316406 44.69499969482422 -6.161637306213379
endloop
endfacet
facet normal 0 0 -1
outer loop
vertex -62.43901443481445 43.771907806396484 -3.5
vertex -62.61190414428711 43.864315032958984 -3.5
vertex -63.056331634521484 44.69578552246094 -3.5
endloop
endfacet
facet normal 0 0 -1
outer loop
vertex -62.61190414428711 43.864315032958984 -3.5
vertex -62.7634391784668 43.988677978515625 -3.5
vertex -63.056331634521484 44.69578552246094 -3.5
endloop
endfacet
facet normal 0 0 -1
outer loop
vertex -62.88780212402344 44.14021682739258 -3.5
vertex -62.9802131652832 44.31310272216797 -3.5
vertex -63.03711700439453 44.500694274902344 -3.5
endloop
endfacet
facet normal 0 0 -1
outer loop
vertex -62.7634391784668 43.988677978515625 -3.5
vertex -62.88780212402344 44.14021682739258 -3.5
vertex -63.056331634521484 44.69578552246094 -3.5
endloop
endfacet
facet normal -0.9951861714181317 0.09800247046947834 0
outer loop
vertex -61.05641174316406 44.69499969482422 -6.161637306213379
vertex -61.07554626464844 44.500694274902344 -3.5
vertex -61.05641174316406 44.69499969482422 -3.5
endloop
endfacet
facet normal -0.9569369653840533 0.2902957875711588 0
outer loop
vertex -61.07554626464844 44.500694274902344 -3.5
vertex -61.07554626464844 44.500694274902344 -6.4185686111450195
vertex -61.13245391845703 44.31310272216797 -3.5
endloop
endfacet
facet normal -0.8819259499769285 0.471387970526712 0
outer loop
vertex -61.13245391845703 44.31310272216797 -3.5
vertex -61.13245391845703 44.31310272216797 -6.666664123535156
vertex -61.22486114501953 44.14021682739258 -3.5
endloop
endfacet
facet normal -0.7730148855185158 0.6343878737014257 0.0001116574215882992
outer loop
vertex -61.22486114501953 44.14021682739258 -3.5
vertex -61.22394561767578 44.141929626464844 -6.893081188201904
vertex -61.34922409057617 43.988677978515625 -3.5
endloop
endfacet
facet normal -0.634387877656003 0.773014890337251 0
outer loop
vertex -61.34922409057617 43.988677978515625 -3.5
vertex -61.34922409057617 43.988677978515625 -6.914346694946289
vertex -61.500762939453125 43.864315032958984 -3.5
endloop
endfacet
facet normal 0.9951848165503704 0.09801622777686082 0
outer loop
vertex -63.03711700439453 44.500694274902344 -3.5
vertex -63.03711700439453 44.500694274902344 -6.420398712158203
vertex -63.056331634521484 44.69578552246094 -3.5
endloop
endfacet
facet normal 0.9569423709767578 0.290277967867665 0
outer loop
vertex -62.9802131652832 44.31310272216797 -3.5
vertex -62.9802131652832 44.31310272216797 -6.6683878898620605
vertex -63.03711700439453 44.500694274902344 -3.5
endloop
endfacet
facet normal 0.773014890337251 0.634387877656003 0
outer loop
vertex -62.7634391784668 43.988677978515625 -3.5
vertex -62.7634391784668 43.988677978515625 -6.914346694946289
vertex -62.88780212402344 44.14021682739258 -3.5
endloop
endfacet
facet normal 0.8819178600193682 0.471403105822228 -1.2424807365443083e-7
outer loop
vertex -62.88780212402344 44.14021682739258 -3.5
vertex -62.88941955566406 44.14324188232422 -6.892899036407471
vertex -62.9802131652832 44.31310272216797 -3.5
endloop
endfacet
facet normal -0.471387970526712 0.8819259499769285 0
outer loop
vertex -61.500762939453125 43.864315032958984 -3.5
vertex -61.500762939453125 43.864315032958984 -6.93160343170166
vertex -61.673648834228516 43.771907806396484 -3.5
endloop
endfacet
facet normal 0.6343974203505326 0.7730070588633648 0
outer loop
vertex -62.61190414428711 43.864315032958984 -3.5
vertex -62.61190414428711 43.864315032958984 -6.93160343170166
vertex -62.7634391784668 43.988677978515625 -3.5
endloop
endfacet
facet normal -0.2902957875711588 0.9569369653840532 0
outer loop
vertex -61.673648834228516 43.771907806396484 -3.5
vertex -61.673648834228516 43.771907806396484 -6.9444260597229
vertex -61.86124038696289 43.71500015258789 -3.5
endloop
endfacet
facet normal -0.09801622777686082 0.9951848165503705 0
outer loop
vertex -61.86124038696289 43.71500015258789 -3.5
vertex -61.86124038696289 43.71500015258789 -6.952322483062744
vertex -62.056331634521484 43.69578552246094 -3.5
endloop
endfacet
facet normal 0.09801622777686082 0.9951848165503705 0
outer loop
vertex -62.056331634521484 43.69578552246094 -3.5
vertex -62.056331634521484 43.69578552246094 -6.954988956451416
vertex -62.25142288208008 43.71500015258789 -3.5
endloop
endfacet
facet normal 0.2902957875711588 0.9569369653840532 0
outer loop
vertex -62.25142288208008 43.71500015258789 -3.5
vertex -62.25142288208008 43.71500015258789 -6.952322483062744
vertex -62.43901443481445 43.771907806396484 -3.5
endloop
endfacet
facet normal 0.4713798807438282 0.8819302739048787 0
outer loop
vertex -62.43901443481445 43.771907806396484 -3.5
vertex -62.43901443481445 43.771907806396484 -6.9444260597229
vertex -62.61190414428711 43.864315032958984 -3.5
endloop
endfacet
facet normal -0.47140310582223166 0.881917860019375 0
outer loop
vertex 59.7640380859375 43.76872634887695 -3.5
vertex 59.7640380859375 43.76872634887695 -6.9448676109313965
vertex 59.59115219116211 43.67631530761719 -3.5
endloop
endfacet
facet normal -0.09801622777686082 0.9951848165503705 0
outer loop
vertex 59.40355682373047 43.61941146850586 -3.5
vertex 59.40355682373047 43.61941146850586 -6.9655866622924805
vertex 59.208465576171875 43.600196838378906 -3.5
endloop
endfacet
facet normal 0.47140310582223166 0.8819178600193751 0
outer loop
vertex 58.825782775878906 43.67631530761719 -3.5
vertex 58.825782775878906 43.67631530761719 -6.957690238952637
vertex 58.652896881103516 43.76872634887695 -3.5
endloop
endfacet
facet normal 0.09801812595133512 0.9951846295964323 0
outer loop
vertex 59.208465576171875 43.600196838378906 -3.5
vertex 59.208465576171875 43.600196838378906 -6.968253135681152
vertex 59.01337814331055 43.61941146850586 -3.5
endloop
endfacet
facet normal 0.2902725625063677 0.9569440106171242 0
outer loop
vertex 59.01337814331055 43.61941146850586 -3.5
vertex 59.01337814331055 43.61941146850586 -6.9655866622924805
vertex 58.825782775878906 43.67631530761719 -3.5
endloop
endfacet
facet normal 0.9951848165503705 0.09801622777686082 0
outer loop
vertex 58.22768020629883 44.40510559082031 -3.5
vertex 58.22768020629883 44.40510559082031 -6.4336628913879395
vertex 58.208465576171875 44.600196838378906 -3.5
endloop
endfacet
facet normal 0.9569369653840532 0.2902957875711588 0
outer loop
vertex 58.28458786010742 44.21751403808594 -3.5
vertex 58.28458786010742 44.21751403808594 -6.681652069091797
vertex 58.22768020629883 44.40510559082031 -3.5
endloop
endfacet
facet normal 0.8819178600193682 0.471403105822228 -1.2376423051082107e-7
outer loop
vertex 58.37699890136719 44.04462814331055 -3.5
vertex 58.37538146972656 44.04765319824219 -6.906163215637207
vertex 58.28458786010742 44.21751403808594 -3.5
endloop
endfacet
facet normal 0.7730148903372509 0.6343878776560029 0
outer loop
vertex 58.50136184692383 43.893089294433594 -3.5
vertex 58.50136184692383 43.893089294433594 -6.927610874176025
vertex 58.37699890136719 44.04462814331055 -3.5
endloop
endfacet
facet normal 0.6343974203505326 0.7730070588633648 0
outer loop
vertex 58.652896881103516 43.76872634887695 -3.5
vertex 58.652896881103516 43.76872634887695 -6.9448676109313965
vertex 58.50136184692383 43.893089294433594 -3.5
endloop
endfacet
facet normal -0.6343974203505326 0.7730070588633648 0
outer loop
vertex 59.91557312011719 43.893089294433594 -3.5
vertex 59.91557312011719 43.893089294433594 -6.927610874176025
vertex 59.7640380859375 43.76872634887695 -3.5
endloop
endfacet
facet normal -0.7730148855559708 0.6343878737321638 0.00011122263184323085
outer loop
vertex 60.03993606567383 44.04462814331055 -3.5
vertex 60.04085159301758 44.04634094238281 -6.906345367431641
vertex 59.91557312011719 43.893089294433594 -3.5
endloop
endfacet
facet normal -0.881917860019375 0.4714031058222316 0
outer loop
vertex 60.132347106933594 44.21751403808594 -3.5
vertex 60.132347106933594 44.21751403808594 -6.679928302764893
vertex 60.03993606567383 44.04462814331055 -3.5
endloop
endfacet
facet normal -0.9569423709767579 0.2902779678676651 0
outer loop
vertex 60.18925094604492 44.40510559082031 -3.5
vertex 60.18925094604492 44.40510559082031 -6.431832790374756
vertex 60.132347106933594 44.21751403808594 -3.5
endloop
endfacet
facet normal -0.9951840779500749 0.09802372669236332 0
outer loop
vertex 60.20838928222656 44.59940719604492 -3.5
vertex 60.20838928222656 44.59940719604492 -6.174901485443115
vertex 60.18925094604492 44.40510559082031 -3.5
endloop
endfacet
facet normal 0 0 -1
outer loop
vertex 58.825782775878906 43.67631530761719 -3.5
vertex 58.652896881103516 43.76872634887695 -3.5
vertex 58.208465576171875 44.600196838378906 -3.5
endloop
endfacet
facet normal 0 0 -1
outer loop
vertex 58.37699890136719 44.04462814331055 -3.5
vertex 58.28458786010742 44.21751403808594 -3.5
vertex 58.22768020629883 44.40510559082031 -3.5
endloop
endfacet
facet normal 0 0 -1
outer loop
vertex 58.37699890136719 44.04462814331055 -3.5
vertex 58.22768020629883 44.40510559082031 -3.5
vertex 58.208465576171875 44.600196838378906 -3.5
endloop
endfacet
facet normal 0 0 -1
outer loop
vertex 58.652896881103516 43.76872634887695 -3.5
vertex 58.50136184692383 43.893089294433594 -3.5
vertex 58.208465576171875 44.600196838378906 -3.5
endloop
endfacet
facet normal 0 0 -1
outer loop
vertex 58.208465576171875 44.600196838378906 -3.5
vertex 58.50136184692383 43.893089294433594 -3.5
vertex 58.37699890136719 44.04462814331055 -3.5
endloop
endfacet
facet normal 0 0 -1
outer loop
vertex 58.825782775878906 43.67631530761719 -3.5
vertex 58.208465576171875 44.600196838378906 -3.5
vertex 59.01337814331055 43.61941146850586 -3.5
endloop
endfacet
facet normal 0 0 -1
outer loop
vertex 59.208465576171875 43.600196838378906 -3.5
vertex 59.01337814331055 43.61941146850586 -3.5
vertex 58.208465576171875 44.600196838378906 -3.5
endloop
endfacet
facet normal 0 0 -1
outer loop
vertex 59.40355682373047 43.61941146850586 -3.5
vertex 59.208465576171875 43.600196838378906 -3.5
vertex 58.208465576171875 44.600196838378906 -3.5
endloop
endfacet
facet normal 0 0 -1
outer loop
vertex 59.59115219116211 43.67631530761719 -3.5
vertex 59.40355682373047 43.61941146850586 -3.5
vertex 58.208465576171875 44.600196838378906 -3.5
endloop
endfacet
facet normal 0 0 -1
outer loop
vertex 59.7640380859375 43.76872634887695 -3.5
vertex 59.59115219116211 43.67631530761719 -3.5
vertex 58.208465576171875 44.600196838378906 -3.5
endloop
endfacet
facet normal 0 0 -1
outer loop
vertex 59.91557312011719 43.893089294433594 -3.5
vertex 59.7640380859375 43.76872634887695 -3.5
vertex 58.208465576171875 44.600196838378906 -3.5
endloop
endfacet
facet normal 0 0 -1
outer loop
vertex 60.03993606567383 44.04462814331055 -3.5
vertex 59.91557312011719 43.893089294433594 -3.5
vertex 58.208465576171875 44.600196838378906 -3.5
endloop
endfacet
facet normal 0 0 -1
outer loop
vertex 60.132347106933594 44.21751403808594 -3.5
vertex 60.03993606567383 44.04462814331055 -3.5
vertex 58.208465576171875 44.600196838378906 -3.5
endloop
endfacet
facet normal 0 0 -1
outer loop
vertex 60.18925094604492 44.40510559082031 -3.5
vertex 60.132347106933594 44.21751403808594 -3.5
vertex 58.208465576171875 44.600196838378906 -3.5
endloop
endfacet
facet normal -0.9951840779500749 0.09802372669236331 0
outer loop
vertex 60.20838928222656 44.59940719604492 -6.174901485443115
vertex 60.18925094604492 44.40510559082031 -6.431832790374756
vertex 60.18925094604492 44.40510559082031 -3.5
endloop
endfacet
facet normal -0.9569423709767579 0.2902779678676651 0
outer loop
vertex 60.18925094604492 44.40510559082031 -6.431832790374756
vertex 60.132347106933594 44.21751403808594 -6.679928302764893
vertex 60.132347106933594 44.21751403808594 -3.5
endloop
endfacet
facet normal -0.8819178625423036 0.4714031011022462 -3.299336519494712e-10
outer loop
vertex 60.132347106933594 44.21751403808594 -6.679928302764893
vertex 60.04085159301758 44.04634094238281 -6.906345367431641
vertex 60.03993606567383 44.04462814331055 -3.5
endloop
endfacet
facet normal -0.7742277024797583 0.6329071533115384 0
outer loop
vertex 60.04085159301758 44.04634094238281 -6.906345367431641
vertex 59.91557312011719 43.893089294433594 -6.927610874176025
vertex 59.91557312011719 43.893089294433594 -3.5
endloop
endfacet
facet normal -0.6343974203505326 0.7730070588633648 0
outer loop
vertex 59.7640380859375 43.76872634887695 -6.9448676109313965
vertex 59.7640380859375 43.76872634887695 -3.5
vertex 59.91557312011719 43.893089294433594 -6.927610874176025
endloop
endfacet
facet normal -0.47140310582223166 0.8819178600193751 0
outer loop
vertex 59.59115219116211 43.67631530761719 -6.957690238952637
vertex 59.59115219116211 43.67631530761719 -3.5
vertex 59.7640380859375 43.76872634887695 -6.9448676109313965
endloop
endfacet
facet normal -0.2902725625063677 0.9569440106171242 0
outer loop
vertex 59.40355682373047 43.61941146850586 -6.9655866622924805
vertex 59.40355682373047 43.61941146850586 -3.5
vertex 59.59115219116211 43.67631530761719 -6.957690238952637
endloop
endfacet
facet normal -0.09801622777686082 0.9951848165503705 0
outer loop
vertex 59.208465576171875 43.600196838378906 -6.968253135681152
vertex 59.208465576171875 43.600196838378906 -3.5
vertex 59.40355682373047 43.61941146850586 -6.9655866622924805
endloop
endfacet
facet normal 0.2902725625063677 0.9569440106171243 0
outer loop
vertex 59.01337814331055 43.61941146850586 -6.9655866622924805
vertex 58.825782775878906 43.67631530761719 -6.957690238952637
vertex 58.825782775878906 43.67631530761719 -3.5
endloop
endfacet
facet normal 0.47140310582223166 0.881917860019375 0
outer loop
vertex 58.825782775878906 43.67631530761719 -6.957690238952637
vertex 58.652896881103516 43.76872634887695 -6.9448676109313965
vertex 58.652896881103516 43.76872634887695 -3.5
endloop
endfacet
facet normal 0.09801812595133513 0.9951846295964324 0
outer loop
vertex 59.208465576171875 43.600196838378906 -6.968253135681152
vertex 59.01337814331055 43.61941146850586 -6.9655866622924805
vertex 59.01337814331055 43.61941146850586 -3.5
endloop
endfacet
facet normal 0.9952702260074431 0.0971451172325411 0.00005848904946900574
outer loop
vertex 58.22768020629883 44.40510559082031 -6.4336628913879395
vertex 58.20854568481445 44.60098648071289 -6.1746826171875
vertex 58.208465576171875 44.600196838378906 -3.5
endloop
endfacet
facet normal 0.9569369653840533 0.2902957875711588 0
outer loop
vertex 58.28458786010742 44.21751403808594 -6.681652069091797
vertex 58.22768020629883 44.40510559082031 -6.4336628913879395
vertex 58.22768020629883 44.40510559082031 -3.5
endloop
endfacet
facet normal 0.8819188918003833 0.4714011755241853 0
outer loop
vertex 58.37538146972656 44.04765319824219 -6.906163215637207
vertex 58.28458786010742 44.21751403808594 -6.681652069091797
vertex 58.28458786010742 44.21751403808594 -3.5
endloop
endfacet
facet normal 0.6343974203505326 0.7730070588633648 0
outer loop
vertex 58.652896881103516 43.76872634887695 -6.9448676109313965
vertex 58.50136184692383 43.893089294433594 -6.927610874176025
vertex 58.50136184692383 43.893089294433594 -3.5
endloop
endfacet
facet normal 0.7751512726051515 0.6317756463557422 0.00019300362269739077
outer loop
vertex 58.50136184692383 43.893089294433594 -6.927610874176025
vertex 58.37538146972656 44.04765319824219 -6.906163215637207
vertex 58.37699890136719 44.04462814331055 -3.5
endloop
endfacet
facet normal 0 0 -1
outer loop
vertex 60.20838928222656 44.59940719604492 -3.5
vertex 60.18925094604492 44.40510559082031 -3.5
vertex 58.208465576171875 44.600196838378906 -3.5
endloop
endfacet
facet normal -0.2902725625063677 0.9569440106171243 0
outer loop
vertex 59.59115219116211 43.67631530761719 -3.5
vertex 59.59115219116211 43.67631530761719 -6.957690238952637
vertex 59.40355682373047 43.61941146850586 -3.5
endloop
endfacet
facet normal 0.00009770623338702598 0.12403439634386701 0.9922779141838763
outer loop
vertex -61.055702209472656 45.494998931884766 -1.2000000476837158
vertex -63.055702209472656 45.49657440185547 -1.2000000476837158
vertex -60.85633087158203 44.69483947753906 -1.100000023841858
endloop
endfacet
facet normal 0.00009770630205188496 0.12403448351132848 -0.9922779032879633
outer loop
vertex -63.25633239746094 44.69673156738281 -2.5
vertex -63.055702209472656 45.49657440185547 -2.4000000953674316
vertex -61.055702209472656 45.494998931884766 -2.4000000953674316
endloop
endfacet
facet normal 0.00009778493062940359 0.12403427009227168 -0.992277929957522
outer loop
vertex -60.85633087158203 44.69483947753906 -2.5
vertex -63.25633239746094 44.69673156738281 -2.5
vertex -61.055702209472656 45.494998931884766 -2.4000000953674316
endloop
endfacet
facet normal -0.9699511727916695 0.24329965556914576 0
outer loop
vertex -63.055702209472656 45.49657440185547 -2.4000000953674316
vertex -63.25633239746094 44.69673156738281 -2.5
vertex -63.25633239746094 44.69673156738281 -1.100000023841858
endloop
endfacet
facet normal 0.0007877347409464961 0.9999996897369409 0
outer loop
vertex -61.055702209472656 45.494998931884766 -2.4000000953674316
vertex -63.055702209472656 45.49657440185547 -2.4000000953674316
vertex -61.055702209472656 45.494998931884766 -1.2000000476837158
endloop
endfacet
facet normal 0.9703329539849785 0.24177253444257363 0
outer loop
vertex -60.85633087158203 44.69483947753906 -2.5
vertex -61.055702209472656 45.494998931884766 -2.4000000953674316
vertex -61.055702209472656 45.494998931884766 -1.2000000476837158
endloop
endfacet
facet normal -0.9699511727916694 0.24329965556914573 0
outer loop
vertex -63.055702209472656 45.49657440185547 -2.4000000953674316
vertex -63.25633239746094 44.69673156738281 -1.100000023841858
vertex -63.055702209472656 45.49657440185547 -1.2000000476837158
endloop
endfacet
facet normal 0.0007877347409464961 0.9999996897369409 0
outer loop
vertex -61.055702209472656 45.494998931884766 -1.2000000476837158
vertex -63.055702209472656 45.49657440185547 -2.4000000953674316
vertex -63.055702209472656 45.49657440185547 -1.2000000476837158
endloop
endfacet
facet normal 0.9703329539849787 0.24177253444257366 0
outer loop
vertex -60.85633087158203 44.69483947753906 -2.5
vertex -61.055702209472656 45.494998931884766 -1.2000000476837158
vertex -60.85633087158203 44.69483947753906 -1.100000023841858
endloop
endfacet
facet normal 0.00009778519831803177 0.12403460963910568 0.9922778875142435
outer loop
vertex -63.055702209472656 45.49657440185547 -1.2000000476837158
vertex -63.25633239746094 44.69673156738281 -1.100000023841858
vertex -60.85633087158203 44.69483947753906 -1.100000023841858
endloop
endfacet
facet normal -0.9699511727916695 0.24329965556914576 0
outer loop
vertex 58.20909881591797 45.40098571777344 -2.4000000953674316
vertex 58.00846862792969 44.60114288330078 -2.5
vertex 58.00846862792969 44.60114288330078 -1.100000023841858
endloop
endfacet
facet normal 0.00009794283292304169 0.1240344250907142 -0.9922779105672046
outer loop
vertex 58.00846862792969 44.60114288330078 -2.5
vertex 58.20909881591797 45.40098571777344 -2.4000000953674316
vertex 60.20909881591797 45.39940643310547 -2.4000000953674316
endloop
endfacet
facet normal 0.00009778554482566978 0.1240348520148105 -0.9922778572172469
outer loop
vertex 60.40846633911133 44.59925079345703 -2.5
vertex 58.00846862792969 44.60114288330078 -2.5
vertex 60.20909881591797 45.39940643310547 -2.4000000953674316
endloop
endfacet
facet normal 0.0007896420877996675 0.999999688232638 0
outer loop
vertex 60.20909881591797 45.39940643310547 -2.4000000953674316
vertex 58.20909881591797 45.40098571777344 -2.4000000953674316
vertex 60.20909881591797 45.39940643310547 -1.2000000476837158
endloop
endfacet
facet normal 0.9703337688325071 0.24176926409968402 0
outer loop
vertex 60.40846633911133 44.59925079345703 -2.5
vertex 60.20909881591797 45.39940643310547 -2.4000000953674316
vertex 60.20909881591797 45.39940643310547 -1.2000000476837158
endloop
endfacet
facet normal -0.9699511727916694 0.24329965556914573 0
outer loop
vertex 58.20909881591797 45.40098571777344 -2.4000000953674316
vertex 58.00846862792969 44.60114288330078 -1.100000023841858
vertex 58.20909881591797 45.40098571777344 -1.2000000476837158
endloop
endfacet
facet normal 0.0007896420877996675 0.999999688232638 0
outer loop
vertex 60.20909881591797 45.39940643310547 -1.2000000476837158
vertex 58.20909881591797 45.40098571777344 -2.4000000953674316
vertex 58.20909881591797 45.40098571777344 -1.2000000476837158
endloop
endfacet
facet normal 0.9703337688325072 0.24176926409968402 0
outer loop
vertex 60.40846633911133 44.59925079345703 -2.5
vertex 60.20909881591797 45.39940643310547 -1.2000000476837158
vertex 60.40846633911133 44.59925079345703 -1.100000023841858
endloop
endfacet
facet normal 0.00009778535371330845 0.12403460960072468 0.9922778875190258
outer loop
vertex 58.20909881591797 45.40098571777344 -1.2000000476837158
vertex 58.00846862792969 44.60114288330078 -1.100000023841858
vertex 60.40846633911133 44.59925079345703 -1.100000023841858
endloop
endfacet
facet normal 0.00009794331554143903 0.1240350362767874 0.9922778341688999
outer loop
vertex 60.20909881591797 45.39940643310547 -1.2000000476837158
vertex 58.20909881591797 45.40098571777344 -1.2000000476837158
vertex 60.40846633911133 44.59925079345703 -1.100000023841858
endloop
endfacet
facet normal 0 0 1
outer loop
vertex -70.2532730102539 21.112173080444336 -0.5
vertex -71.75321960449219 21.124711990356445 -0.5
vertex -70.26969909667969 19.14778709411621 -0.5
endloop
endfacet
facet normal 0 0 1
outer loop
vertex -61.656333923339844 -46.2496223449707 -0.5
vertex -61.656333923339844 -48.77802276611328 -0.5
vertex -60.66714859008789 -48.69148254394531 -0.5
endloop
endfacet
facet normal 0 0 1
outer loop
vertex 65.20846557617188 -44.97486877441406 -0.5
vertex 65.20846557617188 -45.97486877441406 -0.5
vertex 69.03311920166016 -46.820716857910156 -0.5
endloop
endfacet
facet normal 0 0 1
outer loop
vertex -68.50001525878906 -44.99995040893555 -0.5
vertex -68.50001525878906 -44.699947357177734 -0.5
vertex -70.81668090820312 -46.27883529663086 -0.5
endloop
endfacet
facet normal 0 0 1
outer loop
vertex -67.74767303466797 -46.07495880126953 -0.5
vertex -67.9098892211914 -45.96657180786133 -0.5
vertex -70.81668090820312 -46.27883529663086 -0.5
endloop
endfacet
facet normal 0 0 1
outer loop
vertex -68.05633544921875 -45.61301803588867 -0.5
vertex -68.50001525878906 -44.99995040893555 -0.5
vertex -70.81668090820312 -46.27883529663086 -0.5
endloop
endfacet
facet normal 0 0 1
outer loop
vertex -68.01827239990234 -45.804359436035156 -0.5
vertex -68.05633544921875 -45.61301803588867 -0.5
vertex -70.81668090820312 -46.27883529663086 -0.5
endloop
endfacet
facet normal 0 0 1
outer loop
vertex -67.9098892211914 -45.96657180786133 -0.5
vertex -68.01827239990234 -45.804359436035156 -0.5
vertex -70.81668090820312 -46.27883529663086 -0.5
endloop
endfacet
facet normal 0 0 1
outer loop
vertex -68.50001525878906 -44.699947357177734 -0.5
vertex -69.38996887207031 -44.699947357177734 -0.5
vertex -70.81668090820312 -46.27883529663086 -0.5
endloop
endfacet
facet normal 0 0 1
outer loop
vertex -69.38996887207031 -44.699947357177734 -0.5
vertex -69.80001831054688 -44.28989791870117 -0.5
vertex -70.81668090820312 -46.27883529663086 -0.5
endloop
endfacet
facet normal 0 0 1
outer loop
vertex -70.81668090820312 -46.27883529663086 -0.5
vertex -71.35360717773438 -46.27434539794922 -0.5
vertex -70.8469467163086 -46.78678512573242 -0.5
endloop
endfacet
facet normal 0 0 1
outer loop
vertex -71.76964569091797 19.16032600402832 -0.5
vertex -70.26969909667969 19.14778709411621 -0.5
vertex -71.75321960449219 21.124711990356445 -0.5
endloop
endfacet
facet normal 0 0 1
outer loop
vertex -56.364990234375 -46.07495880126953 -0.5
vertex -61.656333923339844 -46.11301803588867 -0.5
vertex -61.656333923339844 -46.2496223449707 -0.5
endloop
endfacet
facet normal 0 0 1
outer loop
vertex 69.19998168945312 39.967716217041016 -0.5
vertex 69.19998168945312 -37.967613220214844 -0.5
vertex 70.19998168945312 -22.717815399169922 -0.5
endloop
endfacet
facet normal 0 0 1
outer loop
vertex -70.26969909667969 19.14778709411621 -0.5
vertex -69.20001983642578 -2.917224645614624 -0.5
vertex -70.2532730102539 21.112173080444336 -0.5
endloop
endfacet
facet normal 0 0 1
outer loop
vertex 59.60846710205078 -46.47486877441406 -0.5
vertex 61.94462966918945 -48.69240951538086 -0.5
vertex 63.208465576171875 -48.10306930541992 -0.5
endloop
endfacet
facet normal 0 0 1
outer loop
vertex -70.44107818603516 -1.3514970541000366 -0.5
vertex -71.94102478027344 -1.3389570713043213 -0.5
vertex -69.20001983642578 -2.917224645614624 -0.5
endloop
endfacet
facet normal 0 0 1
outer loop
vertex -70.4574966430664 -3.315882921218872 -0.5
vertex -69.20001983642578 -2.917224645614624 -0.5
vertex -71.95744323730469 -3.3033430576324463 -0.5
endloop
endfacet
facet normal 0 0 1
outer loop
vertex -69.20001983642578 -2.917224645614624 -0.5
vertex -71.94102478027344 -1.3389570713043213 -0.5
vertex -71.95744323730469 -3.3033430576324463 -0.5
endloop
endfacet
facet normal 0 0 1
outer loop
vertex -71.1609878540039 41.724761962890625 -0.5
vertex 69.22137451171875 43.66468048095703 -0.5
vertex 68.25529479980469 44.09306335449219 -0.5
endloop
endfacet
facet normal 0 0 1
outer loop
vertex 69.22137451171875 43.66468048095703 -0.5
vertex -67.46768188476562 41.700050354003906 -0.5
vertex 67.46764373779297 41.700050354003906 -0.5
endloop
endfacet
facet normal 0 0 1
outer loop
vertex -70.44107818603516 -1.3514970541000366 -0.5
vertex -69.20001983642578 -2.917224645614624 -0.5
vertex -70.26969909667969 19.14778709411621 -0.5
endloop
endfacet
facet normal 0 0 1
outer loop
vertex -68.80220031738281 43.86488723754883 -0.5
vertex -71.1609878540039 41.724761962890625 -0.5
vertex -67.93202209472656 44.200416564941406 -0.5
endloop
endfacet
facet normal 0 0 1
outer loop
vertex -67.72496032714844 41.593482971191406 -0.5
vertex -67.46768188476562 41.700050354003906 -0.5
vertex -70.08189392089844 41.61145782470703 -0.5
endloop
endfacet
facet normal 0 0 1
outer loop
vertex -69.09345245361328 40.22499465942383 -0.5
vertex -67.72496032714844 41.593482971191406 -0.5
vertex -70.08189392089844 41.61145782470703 -0.5
endloop
endfacet
facet normal 0 0 1
outer loop
vertex -67.46768188476562 41.700050354003906 -0.5
vertex -71.1609878540039 41.724761962890625 -0.5
vertex -70.08189392089844 41.61145782470703 -0.5
endloop
endfacet
facet normal 0 0 1
outer loop
vertex 59.60846710205078 -46.47486877441406 -0.5
vertex 63.208465576171875 -48.10306930541992 -0.5
vertex 63.708465576171875 -47.18829345703125 -0.5
endloop
endfacet
facet normal 0 0 1
outer loop
vertex 67.72492980957031 41.593482971191406 -0.5
vertex 71.36447143554688 41.302608489990234 -0.5
vertex 69.22137451171875 43.66468048095703 -0.5
endloop
endfacet
facet normal 0 0 1
outer loop
vertex 70.19998168945312 -2.21781587600708 -0.5
vertex 71.69998168945312 -2.21781587600708 -0.5
vertex 70.19998168945312 -0.9705688953399658 -0.5
endloop
endfacet
facet normal 0 0 1
outer loop
vertex 70.19998168945312 41.276676177978516 -0.5
vertex 71.36447143554688 41.302608489990234 -0.5
vertex 67.72492980957031 41.593482971191406 -0.5
endloop
endfacet
facet normal 0 0 1
outer loop
vertex -69.20001983642578 39.967716217041016 -0.5
vertex -69.09345245361328 40.22499465942383 -0.5
vertex -70.08189392089844 41.61145782470703 -0.5
endloop
endfacet
facet normal 0 0 1
outer loop
vertex 71.69998168945312 -0.9705688953399658 -0.5
vertex 70.19998168945312 -0.9705688953399658 -0.5
vertex 71.69998168945312 -2.21781587600708 -0.5
endloop
endfacet
facet normal 0 0 1
outer loop
vertex -71.20752716064453 41.62086486816406 -0.5
vertex -70.08189392089844 41.61145782470703 -0.5
vertex -71.1609878540039 41.724761962890625 -0.5
endloop
endfacet
facet normal 0 0 1
outer loop
vertex 70.19998168945312 -22.717815399169922 -0.5
vertex 70.19998168945312 -2.21781587600708 -0.5
vertex 69.19998168945312 39.967716217041016 -0.5
endloop
endfacet
facet normal 0 0 1
outer loop
vertex 67.46764373779297 41.700050354003906 -0.5
vertex 67.72492980957031 41.593482971191406 -0.5
vertex 69.22137451171875 43.66468048095703 -0.5
endloop
endfacet
facet normal 0 0 1
outer loop
vertex 69.09341430664062 40.22499465942383 -0.5
vertex 69.19998168945312 39.967716217041016 -0.5
vertex 70.19998168945312 41.276676177978516 -0.5
endloop
endfacet
facet normal 0 0 1
outer loop
vertex 70.19998168945312 41.276676177978516 -0.5
vertex 67.72492980957031 41.593482971191406 -0.5
vertex 69.09341430664062 40.22499465942383 -0.5
endloop
endfacet
facet normal 0 0 1
outer loop
vertex -56.364990234375 -46.07495880126953 -0.5
vertex 30.499980926513672 -44.99995040893555 -0.5
vertex -30.500019073486328 -44.99995040893555 -0.5
endloop
endfacet
facet normal 0 0 1
outer loop
vertex -57.556331634521484 -46.82644271850586 -0.5
vertex 53.24652862548828 -44.78352737426758 -0.5
vertex -61.656333923339844 -46.2496223449707 -0.5
endloop
endfacet
facet normal 0 0 1
outer loop
vertex -70.08189392089844 41.61145782470703 -0.5
vertex -70.2532730102539 21.112173080444336 -0.5
vertex -69.20001983642578 -2.917224645614624 -0.5
endloop
endfacet
facet normal 0 0 1
outer loop
vertex 55.208465576171875 -48.10306930541992 -0.5
vertex 58.808467864990234 -49.13987350463867 -0.5
vertex 54.708465576171875 -47.16143798828125 -0.5
endloop
endfacet
facet normal 0 0 1
outer loop
vertex -61.656333923339844 -46.2496223449707 -0.5
vertex 30.499980926513672 -44.99995040893555 -0.5
vertex -56.364990234375 -46.07495880126953 -0.5
endloop
endfacet
facet normal 0 0 1
outer loop
vertex 54.708465576171875 -47.16143798828125 -0.5
vertex 54.708465576171875 -47.752967834472656 -0.5
vertex 55.208465576171875 -48.10306930541992 -0.5
endloop
endfacet
facet normal 0 0 1
outer loop
vertex -69.20001983642578 -10.830107688903809 -0.5
vertex -69.20001983642578 -2.917224645614624 -0.5
vertex -70.4574966430664 -3.315882921218872 -0.5
endloop
endfacet
facet normal 0 0 1
outer loop
vertex 70.19998168945312 -2.21781587600708 -0.5
vertex 70.19998168945312 -0.9705688953399658 -0.5
vertex 69.19998168945312 39.967716217041016 -0.5
endloop
endfacet
facet normal 0 0 1
outer loop
vertex 55.208465576171875 -48.10306930541992 -0.5
vertex 56.47230529785156 -48.69240951538086 -0.5
vertex 58.808467864990234 -49.13987350463867 -0.5
endloop
endfacet
facet normal 0 0 1
outer loop
vertex 64.89981079101562 -44.5129280090332 -0.5
vertex 70.19998168945312 -44.46506118774414 -0.5
vertex 53.708465576171875 -44.47486877441406 -0.5
endloop
endfacet
facet normal 0 0 1
outer loop
vertex 59.60846710205078 -46.47486877441406 -0.5
vertex 59.60846710205078 -49.13987350463867 -0.5
vertex 60.597652435302734 -49.05332946777344 -0.5
endloop
endfacet
facet normal 0 0 1
outer loop
vertex 67.46764373779297 -39.699947357177734 -0.5
vertex 31.961503982543945 -39.699947357177734 -0.5
vertex 70.19998168945312 -44.46506118774414 -0.5
endloop
endfacet
facet normal 0 0 1
outer loop
vertex 69.19998168945312 39.967716217041016 -0.5
vertex 70.19998168945312 20.77667808532715 -0.5
vertex 70.19998168945312 41.276676177978516 -0.5
endloop
endfacet
facet normal 0 0 1
outer loop
vertex 56.47230529785156 -48.69240951538086 -0.5
vertex 57.81928253173828 -49.05332946777344 -0.5
vertex 58.808467864990234 -49.13987350463867 -0.5
endloop
endfacet
facet normal 0 0 1
outer loop
vertex 70.19998168945312 -0.9705688953399658 -0.5
vertex 70.19998168945312 19.529430389404297 -0.5
vertex 69.19998168945312 39.967716217041016 -0.5
endloop
endfacet
facet normal 0 0 1
outer loop
vertex 58.808467864990234 -49.13987350463867 -0.5
vertex 58.808467864990234 -46.47486877441406 -0.5
vertex 54.708465576171875 -47.16143798828125 -0.5
endloop
endfacet
facet normal 0 0 1
outer loop
vertex 71.69998168945312 -22.717815399169922 -0.5
vertex 70.19998168945312 -22.717815399169922 -0.5
vertex 71.69998168945312 -23.965063095092773 -0.5
endloop
endfacet
facet normal 0 0 1
outer loop
vertex -69.39793395996094 -11.307912826538086 -0.5
vertex -69.20001983642578 -10.830107688903809 -0.5
vertex -70.4574966430664 -3.315882921218872 -0.5
endloop
endfacet
facet normal 0 0 1
outer loop
vertex 70.19998168945312 19.529430389404297 -0.5
vertex 71.69998168945312 19.529430389404297 -0.5
vertex 70.19998168945312 20.77667808532715 -0.5
endloop
endfacet
facet normal 0 0 1
outer loop
vertex -69.80001831054688 -44.28989791870117 -0.5
vertex -70.64530181884766 -25.779552459716797 -0.5
vertex -70.81668090820312 -46.27883529663086 -0.5
endloop
endfacet
facet normal 0 0 1
outer loop
vertex 53.208465576171875 -45.97486877441406 -0.5
vertex -57.556331634521484 -46.82644271850586 -0.5
vertex 53.24652862548828 -46.16621017456055 -0.5
endloop
endfacet
facet normal 0 0 1
outer loop
vertex -57.556331634521484 -46.82644271850586 -0.5
vertex 53.354915618896484 -46.32842254638672 -0.5
vertex 53.24652862548828 -46.16621017456055 -0.5
endloop
endfacet
facet normal 0 0 1
outer loop
vertex -62.45633316040039 -46.11301803588867 -0.5
vertex -67.74767303466797 -46.07495880126953 -0.5
vertex -70.81668090820312 -46.27883529663086 -0.5
endloop
endfacet
facet normal 0 0 1
outer loop
vertex 71.69998168945312 20.77667808532715 -0.5
vertex 70.19998168945312 20.77667808532715 -0.5
vertex 71.69998168945312 19.529430389404297 -0.5
endloop
endfacet
facet normal 0 0 1
outer loop
vertex 70.19998168945312 -44.46506118774414 -0.5
vertex 31.961503982543945 -39.699947357177734 -0.5
vertex 53.708465576171875 -44.47486877441406 -0.5
endloop
endfacet
facet normal 0 0 1
outer loop
vertex 70.19998168945312 -23.965063095092773 -0.5
vertex 71.69998168945312 -23.965063095092773 -0.5
vertex 70.19998168945312 -22.717815399169922 -0.5
endloop
endfacet
facet normal 0 0 1
outer loop
vertex -69.80001831054688 -11.710000038146973 -0.5
vertex -69.39793395996094 -11.307912826538086 -0.5
vertex -70.4574966430664 -3.315882921218872 -0.5
endloop
endfacet
facet normal 0 0 1
outer loop
vertex 31.961503982543945 -39.699947357177734 -0.5
vertex 53.51712417602539 -44.5129280090332 -0.5
vertex 53.708465576171875 -44.47486877441406 -0.5
endloop
endfacet
facet normal 0 0 1
outer loop
vertex 31.961503982543945 -39.699947357177734 -0.5
vertex 53.354915618896484 -44.621315002441406 -0.5
vertex 53.51712417602539 -44.5129280090332 -0.5
endloop
endfacet
facet normal 0 0 1
outer loop
vertex 31.961503982543945 -39.699947357177734 -0.5
vertex 53.24652862548828 -44.78352737426758 -0.5
vertex 53.354915618896484 -44.621315002441406 -0.5
endloop
endfacet
facet normal 0 0 1
outer loop
vertex -68.05633544921875 -45.61301803588867 -0.5
vertex -68.05633544921875 -44.99995040893555 -0.5
vertex -68.50001525878906 -44.99995040893555 -0.5
endloop
endfacet
facet normal 0 0 1
outer loop
vertex 31.961503982543945 -39.699947357177734 -0.5
vertex 31.199981689453125 -40.46147155761719 -0.5
vertex 53.24652862548828 -44.78352737426758 -0.5
endloop
endfacet
facet normal 0 0 1
outer loop
vertex -69.80001831054688 -11.710000038146973 -0.5
vertex -70.4574966430664 -3.315882921218872 -0.5
vertex -70.62887573242188 -23.815166473388672 -0.5
endloop
endfacet
facet normal 0 0 1
outer loop
vertex 70.19998168945312 -23.965063095092773 -0.5
vertex 70.19998168945312 -22.717815399169922 -0.5
vertex 69.19998168945312 -37.967613220214844 -0.5
endloop
endfacet
facet normal 0 0 1
outer loop
vertex -70.08189392089844 41.61145782470703 -0.5
vertex -69.20001983642578 -2.917224645614624 -0.5
vertex -69.20001983642578 39.967716217041016 -0.5
endloop
endfacet
facet normal 0 0 1
outer loop
vertex -57.556331634521484 -46.82644271850586 -0.5
vertex 53.51712417602539 -46.436805725097656 -0.5
vertex 53.354915618896484 -46.32842254638672 -0.5
endloop
endfacet
facet normal 0 0 1
outer loop
vertex -61.656333923339844 -46.2496223449707 -0.5
vertex 53.24652862548828 -44.78352737426758 -0.5
vertex 30.499980926513672 -44.99995040893555 -0.5
endloop
endfacet
facet normal 0 0 1
outer loop
vertex 69.19998168945312 -37.967613220214844 -0.5
vertex 70.19998168945312 -44.46506118774414 -0.5
vertex 70.19998168945312 -23.965063095092773 -0.5
endloop
endfacet
facet normal 0 0 1
outer loop
vertex -58.056331634521484 -47.7412223815918 -0.5
vertex -57.556331634521484 -47.391117095947266 -0.5
vertex -61.656333923339844 -46.2496223449707 -0.5
endloop
endfacet
facet normal 0 0 1
outer loop
vertex -57.556331634521484 -47.391117095947266 -0.5
vertex -57.556331634521484 -46.82644271850586 -0.5
vertex -61.656333923339844 -46.2496223449707 -0.5
endloop
endfacet
facet normal 0 0 1
outer loop
vertex 69.19998168945312 -37.967613220214844 -0.5
vertex 69.09341430664062 -38.22489547729492 -0.5
vertex 70.19998168945312 -44.46506118774414 -0.5
endloop
endfacet
facet normal 0 0 1
outer loop
vertex 69.09341430664062 -38.22489547729492 -0.5
vertex 67.72492980957031 -39.593379974365234 -0.5
vertex 70.19998168945312 -44.46506118774414 -0.5
endloop
endfacet
facet normal 0 0 1
outer loop
vertex 67.72492980957031 -39.593379974365234 -0.5
vertex 67.46764373779297 -39.699947357177734 -0.5
vertex 70.19998168945312 -44.46506118774414 -0.5
endloop
endfacet
facet normal 0 0 1
outer loop
vertex 31.199981689453125 -40.46147155761719 -0.5
vertex 31.199981689453125 -44.28989791870117 -0.5
vertex 53.24652862548828 -44.78352737426758 -0.5
endloop
endfacet
facet normal 0 0 1
outer loop
vertex -70.8469467163086 -46.78678512573242 -0.5
vertex -62.45633316040039 -46.47275161743164 -0.5
vertex -70.81668090820312 -46.27883529663086 -0.5
endloop
endfacet
facet normal 0 0 1
outer loop
vertex 31.199981689453125 -44.28989791870117 -0.5
vertex 30.78993034362793 -44.699947357177734 -0.5
vertex 53.24652862548828 -44.78352737426758 -0.5
endloop
endfacet
facet normal 0 0 1
outer loop
vertex -66.55633544921875 -46.79958724975586 -0.5
vertex -62.45633316040039 -46.47275161743164 -0.5
vertex -70.8469467163086 -46.78678512573242 -0.5
endloop
endfacet
facet normal 0 0 1
outer loop
vertex 70.19998168945312 -44.46506118774414 -0.5
vertex 71.31938171386719 -44.534461975097656 -0.5
vertex 71.3481216430664 -44.46506118774414 -0.5
endloop
endfacet
facet normal 0 0 1
outer loop
vertex 53.208465576171875 -45.97486877441406 -0.5
vertex 53.208465576171875 -44.97486877441406 -0.5
vertex -57.556331634521484 -46.82644271850586 -0.5
endloop
endfacet
facet normal 0 0 1
outer loop
vertex 30.78993034362793 -44.699947357177734 -0.5
vertex 30.499980926513672 -44.99995040893555 -0.5
vertex 53.24652862548828 -44.78352737426758 -0.5
endloop
endfacet
facet normal 0 0 1
outer loop
vertex -57.556331634521484 -46.82644271850586 -0.5
vertex 53.208465576171875 -44.97486877441406 -0.5
vertex 53.24652862548828 -44.78352737426758 -0.5
endloop
endfacet
facet normal 0 0 1
outer loop
vertex -58.056331634521484 -47.7412223815918 -0.5
vertex -61.656333923339844 -46.2496223449707 -0.5
vertex -59.32017135620117 -48.33055877685547 -0.5
endloop
endfacet
facet normal 0 0 1
outer loop
vertex 30.78993034362793 -44.699947357177734 -0.5
vertex 30.499980926513672 -44.699947357177734 -0.5
vertex 30.499980926513672 -44.99995040893555 -0.5
endloop
endfacet
facet normal 0 0 1
outer loop
vertex -66.55633544921875 -47.391117095947266 -0.5
vertex -66.05633544921875 -47.7412223815918 -0.5
vertex -62.45633316040039 -46.47275161743164 -0.5
endloop
endfacet
facet normal 0 0 1
outer loop
vertex 64.89981079101562 -44.5129280090332 -0.5
vertex 71.31938171386719 -44.534461975097656 -0.5
vertex 70.19998168945312 -44.46506118774414 -0.5
endloop
endfacet
facet normal 0 0 1
outer loop
vertex 69.03311920166016 -46.820716857910156 -0.5
vertex 71.31938171386719 -44.534461975097656 -0.5
vertex 65.17041015625 -44.78352737426758 -0.5
endloop
endfacet
facet normal 0 0 1
outer loop
vertex -66.55633544921875 -46.79958724975586 -0.5
vertex -66.55633544921875 -47.391117095947266 -0.5
vertex -62.45633316040039 -46.47275161743164 -0.5
endloop
endfacet
facet normal 0 0 1
outer loop
vertex -62.45633316040039 -46.11301803588867 -0.5
vertex -70.81668090820312 -46.27883529663086 -0.5
vertex -62.45633316040039 -46.47275161743164 -0.5
endloop
endfacet
facet normal 0 0 1
outer loop
vertex -66.05633544921875 -47.7412223815918 -0.5
vertex -64.79249572753906 -48.33055877685547 -0.5
vertex -62.45633316040039 -46.47275161743164 -0.5
endloop
endfacet
facet normal 0 0 1
outer loop
vertex 58.808467864990234 -46.47486877441406 -0.5
vertex -57.556331634521484 -46.82644271850586 -0.5
vertex 54.708465576171875 -47.16143798828125 -0.5
endloop
endfacet
facet normal 0 0 1
outer loop
vertex 69.22137451171875 43.66468048095703 -0.5
vertex -71.1609878540039 41.724761962890625 -0.5
vertex -67.46768188476562 41.700050354003906 -0.5
endloop
endfacet
facet normal 0 0 1
outer loop
vertex 65.17041015625 -44.78352737426758 -0.5
vertex 71.31938171386719 -44.534461975097656 -0.5
vertex 65.06201934814453 -44.621315002441406 -0.5
endloop
endfacet
facet normal 0 0 1
outer loop
vertex 71.31938171386719 -44.534461975097656 -0.5
vertex 64.89981079101562 -44.5129280090332 -0.5
vertex 65.06201934814453 -44.621315002441406 -0.5
endloop
endfacet
facet normal 0 0 1
outer loop
vertex 65.20846557617188 -44.97486877441406 -0.5
vertex 69.03311920166016 -46.820716857910156 -0.5
vertex 65.17041015625 -44.78352737426758 -0.5
endloop
endfacet
facet normal 0 0 1
outer loop
vertex -70.62887573242188 -23.815166473388672 -0.5
vertex -72.12882995605469 -23.80262565612793 -0.5
vertex -70.64530181884766 -25.779552459716797 -0.5
endloop
endfacet
facet normal 0 0 1
outer loop
vertex -71.1609878540039 41.724761962890625 -0.5
vertex 68.25529479980469 44.09306335449219 -0.5
vertex -67.93202209472656 44.200416564941406 -0.5
endloop
endfacet
facet normal 0 0 1
outer loop
vertex -57.556331634521484 -46.82644271850586 -0.5
vertex 58.808467864990234 -46.47486877441406 -0.5
vertex 53.51712417602539 -46.436805725097656 -0.5
endloop
endfacet
facet normal 0 0 1
outer loop
vertex 63.708465576171875 -47.18829345703125 -0.5
vertex 68.11011505126953 -47.2014274597168 -0.5
vertex 69.03311920166016 -46.820716857910156 -0.5
endloop
endfacet
facet normal 0 0 1
outer loop
vertex -63.445518493652344 -48.69148254394531 -0.5
vertex -62.45633316040039 -48.77802276611328 -0.5
vertex -64.79249572753906 -48.33055877685547 -0.5
endloop
endfacet
facet normal 0 0 1
outer loop
vertex -64.79249572753906 -48.33055877685547 -0.5
vertex -62.45633316040039 -48.77802276611328 -0.5
vertex -62.45633316040039 -46.47275161743164 -0.5
endloop
endfacet
facet normal 0 0 1
outer loop
vertex 70.19998168945312 19.529430389404297 -0.5
vertex 70.19998168945312 20.77667808532715 -0.5
vertex 69.19998168945312 39.967716217041016 -0.5
endloop
endfacet
facet normal 0 0 1
outer loop
vertex -70.64530181884766 -25.779552459716797 -0.5
vertex -69.80001831054688 -44.28989791870117 -0.5
vertex -70.62887573242188 -23.815166473388672 -0.5
endloop
endfacet
facet normal 0 0 1
outer loop
vertex -61.656333923339844 -46.2496223449707 -0.5
vertex -60.66714859008789 -48.69148254394531 -0.5
vertex -59.32017135620117 -48.33055877685547 -0.5
endloop
endfacet
facet normal 0 0 1
outer loop
vertex -72.14524841308594 -25.767011642456055 -0.5
vertex -70.64530181884766 -25.779552459716797 -0.5
vertex -72.12882995605469 -23.80262565612793 -0.5
endloop
endfacet
facet normal 0 0 1
outer loop
vertex 65.20846557617188 -45.97486877441406 -0.5
vertex 65.17041015625 -46.16621017456055 -0.5
vertex 69.03311920166016 -46.820716857910156 -0.5
endloop
endfacet
facet normal 0 0 1
outer loop
vertex 65.17041015625 -46.16621017456055 -0.5
vertex 65.06201934814453 -46.32842254638672 -0.5
vertex 69.03311920166016 -46.820716857910156 -0.5
endloop
endfacet
facet normal 0 0 1
outer loop
vertex 65.06201934814453 -46.32842254638672 -0.5
vertex 64.89981079101562 -46.436805725097656 -0.5
vertex 69.03311920166016 -46.820716857910156 -0.5
endloop
endfacet
facet normal 0 0 1
outer loop
vertex 59.60846710205078 -46.47486877441406 -0.5
vertex 69.03311920166016 -46.820716857910156 -0.5
vertex 64.89981079101562 -46.436805725097656 -0.5
endloop
endfacet
facet normal 0 0 1
outer loop
vertex 69.03311920166016 -46.820716857910156 -0.5
vertex 59.60846710205078 -46.47486877441406 -0.5
vertex 63.708465576171875 -47.18829345703125 -0.5
endloop
endfacet
facet normal 0 0 1
outer loop
vertex -30.500019073486328 -44.99995040893555 -0.5
vertex -56.056331634521484 -44.99995040893555 -0.5
vertex -56.056331634521484 -45.61301803588867 -0.5
endloop
endfacet
facet normal 0 0 1
outer loop
vertex -30.500019073486328 -44.99995040893555 -0.5
vertex -56.056331634521484 -45.61301803588867 -0.5
vertex -56.094390869140625 -45.804359436035156 -0.5
endloop
endfacet
facet normal 0 0 1
outer loop
vertex 63.208465576171875 -48.10306930541992 -0.5
vertex 63.708465576171875 -47.752967834472656 -0.5
vertex 63.708465576171875 -47.18829345703125 -0.5
endloop
endfacet
facet normal 0 0 1
outer loop
vertex -56.20277786254883 -45.96657180786133 -0.5
vertex -30.500019073486328 -44.99995040893555 -0.5
vertex -56.094390869140625 -45.804359436035156 -0.5
endloop
endfacet
facet normal 0 0 1
outer loop
vertex -56.20277786254883 -45.96657180786133 -0.5
vertex -56.364990234375 -46.07495880126953 -0.5
vertex -30.500019073486328 -44.99995040893555 -0.5
endloop
endfacet
facet normal 0 0 1
outer loop
vertex -69.80001831054688 -11.710000038146973 -0.5
vertex -70.62887573242188 -23.815166473388672 -0.5
vertex -69.80001831054688 -44.28989791870117 -0.5
endloop
endfacet
facet normal 0 0 1
outer loop
vertex 59.60846710205078 -46.47486877441406 -0.5
vertex 60.597652435302734 -49.05332946777344 -0.5
vertex 61.94462966918945 -48.69240951538086 -0.5
endloop
endfacet
facet normal 0 0 1
outer loop
vertex 70.19998168945312 -44.46506118774414 -1
vertex 71.88932037353516 -44.46506118774414 -1
vertex 72.19998168945312 -43.71506118774414 -1
endloop
endfacet
facet normal 0 1 0
outer loop
vertex 71.88932037353516 -44.46506118774414 -1
vertex 70.19998168945312 -44.46506118774414 -1
vertex 71.3481216430664 -44.46506118774414 -0.5
endloop
endfacet
facet normal 0 1 0
outer loop
vertex 70.19998168945312 -44.46506118774414 -0.5
vertex 71.3481216430664 -44.46506118774414 -0.5
vertex 70.19998168945312 -44.46506118774414 -1
endloop
endfacet
facet normal 1 0 0
outer loop
vertex 70.19998168945312 -44.46506118774414 -0.5
vertex 70.19998168945312 -44.46506118774414 -1
vertex 70.19998168945312 -23.965063095092773 -1
endloop
endfacet
facet normal 0 0 1
outer loop
vertex 72.19998168945312 -43.71506118774414 -1
vertex 72.19998168945312 -23.965063095092773 -1
vertex 70.19998168945312 -44.46506118774414 -1
endloop
endfacet
facet normal 0 0 1
outer loop
vertex 70.19998168945312 -44.46506118774414 -1
vertex 72.19998168945312 -23.965063095092773 -1
vertex 70.19998168945312 -23.965063095092773 -1
endloop
endfacet
facet normal 0 -1 0
outer loop
vertex 70.19998168945312 -23.965063095092773 -1
vertex 72.19998168945312 -23.965063095092773 -1
vertex 70.19998168945312 -23.965063095092773 -0.5
endloop
endfacet
facet normal 0 -1 0
outer loop
vertex 70.19998168945312 -23.965063095092773 -0.5
vertex 72.19998168945312 -23.965063095092773 -1
vertex 71.69998168945312 -23.965063095092773 -0.5
endloop
endfacet
facet normal 1 0 0
outer loop
vertex 70.19998168945312 -44.46506118774414 -0.5
vertex 70.19998168945312 -23.965063095092773 -1
vertex 70.19998168945312 -23.965063095092773 -0.5
endloop
endfacet
facet normal 1 0 0
outer loop
vertex 70.19998168945312 20.77667808532715 -0.5
vertex 70.19998168945312 20.77667808532715 -1
vertex 70.19998168945312 41.276676177978516 -1
endloop
endfacet
facet normal 0 0 1
outer loop
vertex 70.19998168945312 41.276676177978516 -1
vertex 70.19998168945312 20.77667808532715 -1
vertex 72.19998168945312 20.77667808532715 -1
endloop
endfacet
facet normal 0 1 0
outer loop
vertex 70.19998168945312 20.77667808532715 -0.5
vertex 71.69998168945312 20.77667808532715 -0.5
vertex 70.19998168945312 20.77667808532715 -1
endloop
endfacet
facet normal 0 1 0
outer loop
vertex 70.19998168945312 20.77667808532715 -1
vertex 71.69998168945312 20.77667808532715 -0.5
vertex 72.19998168945312 20.77667808532715 -1
endloop
endfacet
facet normal 0 0 1
outer loop
vertex 71.91044616699219 41.276676177978516 -1
vertex 72.19998168945312 20.77667808532715 -1
vertex 72.19998168945312 40.526676177978516 -1
endloop
endfacet
facet normal 0 0 1
outer loop
vertex 71.91044616699219 41.276676177978516 -1
vertex 70.19998168945312 41.276676177978516 -1
vertex 72.19998168945312 20.77667808532715 -1
endloop
endfacet
facet normal 1 0 0
outer loop
vertex 70.19998168945312 20.77667808532715 -0.5
vertex 70.19998168945312 41.276676177978516 -1
vertex 70.19998168945312 41.276676177978516 -0.5
endloop
endfacet
facet normal 0 -1 0
outer loop
vertex 70.19998168945312 41.276676177978516 -1
vertex 71.91044616699219 41.276676177978516 -1
vertex 70.19998168945312 41.276676177978516 -0.5
endloop
endfacet
facet normal 0.02219943553636886 -0.9968650322998093 0.07594269181275451
outer loop
vertex 70.19998168945312 41.276676177978516 -0.5
vertex 71.91044616699219 41.276676177978516 -1
vertex 71.36447143554688 41.302608489990234 -0.5
endloop
endfacet
facet normal 0.008359278829309692 0.9999650606152203 0.000002500525164175926
outer loop
vertex -70.2532730102539 21.112173080444336 -0.5
vertex -72.25320434570312 21.12889289855957 -1
vertex -71.75321960449219 21.124711990356445 -0.5
endloop
endfacet
facet normal 0 0 1
outer loop
vertex -70.08189392089844 41.61145782470703 -1
vertex -72.25320434570312 21.12889289855957 -1
vertex -70.2532730102539 21.112173080444336 -1
endloop
endfacet
facet normal -0.9999650549645964 0.008359955122584821 0
outer loop
vertex -70.2532730102539 21.112173080444336 -1
vertex -70.2532730102539 21.112173080444336 -0.5
vertex -70.08189392089844 41.61145782470703 -0.5
endloop
endfacet
facet normal -0.9999650549645964 0.008359955122584821 0
outer loop
vertex -70.08189392089844 41.61145782470703 -0.5
vertex -70.08189392089844 41.61145782470703 -1
vertex -70.2532730102539 21.112173080444336 -1
endloop
endfacet
facet normal 0 0 1
outer loop
vertex -72.25320434570312 21.12889289855957 -1
vertex -70.08189392089844 41.61145782470703 -1
vertex -72.08809661865234 40.87820053100586 -1
endloop
endfacet
facet normal 0.008359903938400748 0.9999650553925075 0
outer loop
vertex -70.2532730102539 21.112173080444336 -1
vertex -72.25320434570312 21.12889289855957 -1
vertex -70.2532730102539 21.112173080444336 -0.5
endloop
endfacet
facet normal -0.008356820536110358 -0.9999650811656011 0
outer loop
vertex -70.08189392089844 41.61145782470703 -1
vertex -70.08189392089844 41.61145782470703 -0.5
vertex -71.20752716064453 41.62086486816406 -0.5
endloop
endfacet
facet normal -0.008359553248249576 -0.9999650583053573 -0.00000615249333173625
outer loop
vertex -71.75336456298828 41.625431060791016 -1
vertex -70.08189392089844 41.61145782470703 -1
vertex -71.20752716064453 41.62086486816406 -0.5
endloop
endfacet
facet normal 0 0 1
outer loop
vertex -70.08189392089844 41.61145782470703 -1
vertex -71.75336456298828 41.625431060791016 -1
vertex -72.08809661865234 40.87820053100586 -1
endloop
endfacet
facet normal -0.9999650549580938 0.00835995590037957 0
outer loop
vertex -70.81668090820312 -46.27883529663086 -1
vertex -70.81668090820312 -46.27883529663086 -0.5
vertex -70.64530181884766 -25.779552459716797 -0.5
endloop
endfacet
facet normal 0 0 1
outer loop
vertex -72.81034088134766 -45.512142181396484 -1
vertex -72.0625991821289 -46.2684211730957 -1
vertex -72.64523315429688 -25.762832641601562 -1
endloop
endfacet
facet normal 0 0 1
outer loop
vertex -72.64523315429688 -25.762832641601562 -1
vertex -70.81668090820312 -46.27883529663086 -1
vertex -70.64530181884766 -25.779552459716797 -1
endloop
endfacet
facet normal -0.9999650549580938 0.00835995590037957 0
outer loop
vertex -70.64530181884766 -25.779552459716797 -1
vertex -70.81668090820312 -46.27883529663086 -1
vertex -70.64530181884766 -25.779552459716797 -0.5
endloop
endfacet
facet normal -0.008359903938385031 -0.9999650553906275 0.000001939172483954234
outer loop
vertex -72.64523315429688 -25.762832641601562 -1
vertex -70.64530181884766 -25.779552459716797 -1
vertex -72.14524841308594 -25.767011642456055 -0.5
endloop
endfacet
facet normal -0.008360550307061744 -0.9999650499885299 0
outer loop
vertex -70.64530181884766 -25.779552459716797 -0.5
vertex -72.14524841308594 -25.767011642456055 -0.5
vertex -70.64530181884766 -25.779552459716797 -1
endloop
endfacet
facet normal 0.008361933402187773 0.9999650384237329 0
outer loop
vertex -70.81668090820312 -46.27883529663086 -1
vertex -71.35360717773438 -46.27434539794922 -0.5
vertex -70.81668090820312 -46.27883529663086 -0.5
endloop
endfacet
facet normal 0.008358300841325389 0.9999650687858187 -0.000003901107350750467
outer loop
vertex -70.81668090820312 -46.27883529663086 -1
vertex -72.0625991821289 -46.2684211730957 -1
vertex -71.35360717773438 -46.27434539794922 -0.5
endloop
endfacet
facet normal 0 0 1
outer loop
vertex -72.0625991821289 -46.2684211730957 -1
vertex -70.81668090820312 -46.27883529663086 -1
vertex -72.64523315429688 -25.762832641601562 -1
endloop
endfacet
facet normal 0 -1 0
outer loop
vertex 70.19998168945312 -2.21781587600708 -0.5
vertex 72.19998168945312 -2.21781587600708 -1
vertex 71.69998168945312 -2.21781587600708 -0.5
endloop
endfacet
facet normal 0 1 0
outer loop
vertex 71.69998168945312 -22.717815399169922 -0.5
vertex 72.19998168945312 -22.717815399169922 -1
vertex 70.19998168945312 -22.717815399169922 -1
endloop
endfacet
facet normal 0 1 0
outer loop
vertex 70.19998168945312 -22.717815399169922 -0.5
vertex 71.69998168945312 -22.717815399169922 -0.5
vertex 70.19998168945312 -22.717815399169922 -1
endloop
endfacet
facet normal 0 -1 0
outer loop
vertex 70.19998168945312 -2.21781587600708 -1
vertex 72.19998168945312 -2.21781587600708 -1
vertex 70.19998168945312 -2.21781587600708 -0.5
endloop
endfacet
facet normal 0 0 1
outer loop
vertex 70.19998168945312 -22.717815399169922 -1
vertex 72.19998168945312 -22.717815399169922 -1
vertex 70.19998168945312 -2.21781587600708 -1
endloop
endfacet
facet normal 1 0 0
outer loop
vertex 70.19998168945312 -22.717815399169922 -0.5
vertex 70.19998168945312 -22.717815399169922 -1
vertex 70.19998168945312 -2.21781587600708 -1
endloop
endfacet
facet normal 1 0 0
outer loop
vertex 70.19998168945312 -22.717815399169922 -0.5
vertex 70.19998168945312 -2.21781587600708 -1
vertex 70.19998168945312 -2.21781587600708 -0.5
endloop
endfacet
facet normal 0 0 1
outer loop
vertex 72.19998168945312 -22.717815399169922 -1
vertex 72.19998168945312 -2.21781587600708 -1
vertex 70.19998168945312 -2.21781587600708 -1
endloop
endfacet
facet normal 0 -1 0
outer loop
vertex 70.19998168945312 19.529430389404297 -0.5
vertex 72.19998168945312 19.529430389404297 -1
vertex 71.69998168945312 19.529430389404297 -0.5
endloop
endfacet
facet normal 0 -1 0
outer loop
vertex 70.19998168945312 19.529430389404297 -1
vertex 72.19998168945312 19.529430389404297 -1
vertex 70.19998168945312 19.529430389404297 -0.5
endloop
endfacet
facet normal 1 0 0
outer loop
vertex 70.19998168945312 -0.9705688953399658 -0.5
vertex 70.19998168945312 -0.9705688953399658 -1
vertex 70.19998168945312 19.529430389404297 -1
endloop
endfacet
facet normal 0 0 1
outer loop
vertex 70.19998168945312 -0.9705688953399658 -1
vertex 72.19998168945312 -0.9705688953399658 -1
vertex 70.19998168945312 19.529430389404297 -1
endloop
endfacet
facet normal 0 1 0
outer loop
vertex 70.19998168945312 -0.9705688953399658 -0.5
vertex 71.69998168945312 -0.9705688953399658 -0.5
vertex 70.19998168945312 -0.9705688953399658 -1
endloop
endfacet
facet normal 0 1 0
outer loop
vertex 72.19998168945312 -0.9705688953399658 -1
vertex 70.19998168945312 -0.9705688953399658 -1
vertex 71.69998168945312 -0.9705688953399658 -0.5
endloop
endfacet
facet normal 1 0 0
outer loop
vertex 70.19998168945312 -0.9705688953399658 -0.5
vertex 70.19998168945312 19.529430389404297 -1
vertex 70.19998168945312 19.529430389404297 -0.5
endloop
endfacet
facet normal 0 0 1
outer loop
vertex 72.19998168945312 -0.9705688953399658 -1
vertex 72.19998168945312 19.529430389404297 -1
vertex 70.19998168945312 19.529430389404297 -1
endloop
endfacet
facet normal 0.008359963538843334 0.9999650548942345 0
outer loop
vertex -72.44100952148438 -1.3347771167755127 -1
vertex -70.44107818603516 -1.3514970541000366 -0.5
vertex -70.44107818603516 -1.3514970541000366 -1
endloop
endfacet
facet normal 0.008359994035561582 0.9999650546392662 -1.2199121101023414e-7
outer loop
vertex -70.44107818603516 -1.3514970541000366 -0.5
vertex -72.44100952148438 -1.3347771167755127 -1
vertex -71.94102478027344 -1.3389570713043213 -0.5
endloop
endfacet
facet normal 0 0 1
outer loop
vertex -72.44100952148438 -1.3347771167755127 -1
vertex -70.44107818603516 -1.3514970541000366 -1
vertex -72.2696304321289 19.164506912231445 -1
endloop
endfacet
facet normal -0.9999650549625645 0.008359955365645665 0
outer loop
vertex -70.44107818603516 -1.3514970541000366 -1
vertex -70.44107818603516 -1.3514970541000366 -0.5
vertex -70.26969909667969 19.14778709411621 -0.5
endloop
endfacet
facet normal -0.008359278829335825 -0.9999650606183466 0
outer loop
vertex -70.26969909667969 19.14778709411621 -0.5
vertex -71.76964569091797 19.16032600402832 -0.5
vertex -70.26969909667969 19.14778709411621 -1
endloop
endfacet
facet normal -0.008359903938386046 -0.999965055390749 -0.000001875391478565172
outer loop
vertex -71.76964569091797 19.16032600402832 -0.5
vertex -72.2696304321289 19.164506912231445 -1
vertex -70.26969909667969 19.14778709411621 -1
endloop
endfacet
facet normal 0 0 1
outer loop
vertex -72.2696304321289 19.164506912231445 -1
vertex -70.44107818603516 -1.3514970541000366 -1
vertex -70.26969909667969 19.14778709411621 -1
endloop
endfacet
facet normal -0.9999650549625645 0.008359955365645665 0
outer loop
vertex -70.44107818603516 -1.3514970541000366 -1
vertex -70.26969909667969 19.14778709411621 -0.5
vertex -70.26969909667969 19.14778709411621 -1
endloop
endfacet
facet normal -0.9999650549605325 0.008359955608706523 0
outer loop
vertex -70.62887573242188 -23.815166473388672 -1
vertex -70.4574966430664 -3.315882921218872 -0.5
vertex -70.4574966430664 -3.315882921218872 -1
endloop
endfacet
facet normal -0.008359914568203853 -0.9999650553036402 0
outer loop
vertex -70.4574966430664 -3.315882921218872 -0.5
vertex -71.95744323730469 -3.3033430576324463 -0.5
vertex -70.4574966430664 -3.315882921218872 -1
endloop
endfacet
facet normal 0 0 1
outer loop
vertex -72.6288070678711 -23.798446655273438 -1
vertex -70.62887573242188 -23.815166473388672 -1
vertex -72.45742797851562 -3.2991628646850586 -1
endloop
endfacet
facet normal -0.9999650549605325 0.008359955608706523 0
outer loop
vertex -70.62887573242188 -23.815166473388672 -1
vertex -70.62887573242188 -23.815166473388672 -0.5
vertex -70.4574966430664 -3.315882921218872 -0.5
endloop
endfacet
facet normal 0.008360507784754168 0.9999650503411339 -0.000002415471404094973
outer loop
vertex -70.62887573242188 -23.815166473388672 -0.5
vertex -72.6288070678711 -23.798446655273438 -1
vertex -72.12882995605469 -23.80262565612793 -0.5
endloop
endfacet
facet normal 0.008359903938400748 0.9999650553925075 0
outer loop
vertex -72.6288070678711 -23.798446655273438 -1
vertex -70.62887573242188 -23.815166473388672 -0.5
vertex -70.62887573242188 -23.815166473388672 -1
endloop
endfacet
facet normal 0 0 1
outer loop
vertex -72.45742797851562 -3.2991628646850586 -1
vertex -70.62887573242188 -23.815166473388672 -1
vertex -70.4574966430664 -3.315882921218872 -1
endloop
endfacet
facet normal -0.008360023139285386 -0.9999650543959046 -3.2572441372043863e-7
outer loop
vertex -72.45742797851562 -3.2991628646850586 -1
vertex -70.4574966430664 -3.315882921218872 -1
vertex -71.95744323730469 -3.3033430576324463 -0.5
endloop
endfacet
endsolid auto-kdk-case
