solid auto-kdk-case
facet normal -0.7071067811865475 0.7071067811865475 0
outer loop
vertex -69.16661071777344 44.2437629699707 -6.117169380187988
vertex -71.74329376220703 41.66707992553711 -6.368202209472656
vertex -69.16661071777344 44.2437629699707 -1
endloop
endfacet
facet normal 0.0008885929884287178 0.9999996052011725 0
outer loop
vertex -60.21513366699219 44.693546295166016 -6.162771701812744
vertex -68.06266784667969 44.70051956176758 -6.1319708824157715
vertex -60.21513366699219 44.693546295166016 -3.5
endloop
endfacet
facet normal 0 -1 0
outer loop
vertex 45.49998092651367 -47.699947357177734 -9.949999809265137
vertex 45.385799407958984 -47.699947357177734 -10.524024963378906
vertex 55.028316497802734 -47.699947357177734 -5
endloop
endfacet
facet normal 0 -1 0
outer loop
vertex 30.61416244506836 -47.699947357177734 -4.375974655151367
vertex 30.939321517944336 -47.699947357177734 -3.8893399238586426
vertex -54.71513366699219 -47.699947357177734 -1
endloop
endfacet
facet normal 0.0006271691891991907 0.9999994666268296 -0.0008206124934086554
outer loop
vertex -60.415130615234375 44.69449234008789 -2.5
vertex -60.21513366699219 44.693546295166016 -3.5
vertex -68.06266784667969 44.70051956176758 -1
endloop
endfacet
facet normal 0.7405997290669407 0.671946457171979 0
outer loop
vertex 71.7999038696289 41.566802978515625 -1
vertex 69.52066040039062 44.07891845703125 -6.127931118011475
vertex 69.52066040039062 44.07891845703125 -1
endloop
endfacet
facet normal 0.9999882723119415 -0.004843060865994336 -1.6313154419334667e-7
outer loop
vertex 72.20267486572266 40.51590347290039 -6.414050579071045
vertex 71.78389739990234 -45.952850341796875 -1
vertex 71.78521728515625 -45.67973709106445 -18.37445640563965
endloop
endfacet
facet normal 0 -1 0
outer loop
vertex 30.939321517944336 -47.699947357177734 -3.8893399238586426
vertex 31.42595672607422 -47.699947357177734 -3.564180612564087
vertex -54.71513366699219 -47.699947357177734 -1
endloop
endfacet
facet normal 0 -1 0
outer loop
vertex 65.5283203125 -47.699947357177734 -1
vertex 65.5283203125 -47.699947357177734 -1.5076520442962646
vertex 70.0283203125 -47.699947357177734 -1
endloop
endfacet
facet normal 0.9337668448122827 0.3578819351809035 6.971063731321756e-7
outer loop
vertex 71.91468811035156 41.267303466796875 -1
vertex 72.20267486572266 40.51590347290039 -1
vertex 71.7999038696289 41.566802978515625 -6.374424934387207
endloop
endfacet
facet normal 0.0012051143398548396 0.9999978199774348 -0.0017052096076341997
outer loop
vertex 68.36136627197266 44.59298324584961 -1
vertex 60.028316497802734 44.59876251220703 -3.5
vertex 62.22831726074219 44.597816467285156 -2.5
endloop
endfacet
facet normal 0.0003948360023259094 0.9999994264125597 0.0009956299929964817
outer loop
vertex 62.02824020385742 44.59797286987305 -3.5
vertex 60.028316497802734 44.59876251220703 -3.5
vertex 68.36136627197266 44.59298324584961 -1
endloop
endfacet
facet normal 0.999988272494918 -0.004843023087884994 0
outer loop
vertex 72.20267486572266 40.51590347290039 -6.414050579071045
vertex 72.20267486572266 40.51590347290039 -1
vertex 72.10702514648438 20.766132354736328 -1
endloop
endfacet
facet normal 0.0007883710300820816 0.9999993784697404 -0.000788372533780488
outer loop
vertex 60.028316497802734 44.59876251220703 -3.5
vertex 59.82831954956055 44.599708557128906 -2.5
vertex 62.22831726074219 44.597816467285156 -2.5
endloop
endfacet
facet normal -0.9238775228081917 -0.38268828146528566 0.00004559545484667057
outer loop
vertex -72.20001983642578 -43.71506118774414 -18.00263214111328
vertex -71.82403564453125 -44.62276840209961 -18.12479591369629
vertex -71.74329376220703 -44.81768798828125 -18.07723045349121
endloop
endfacet
facet normal -0.38268507876394264 -0.9238788505488342 0
outer loop
vertex -69.31775665283203 -47.24322509765625 -18.36440086364746
vertex -68.28173065185547 -47.67236328125 -18.423948287963867
vertex -69.31775665283203 -47.24322509765625 -1
endloop
endfacet
facet normal -0.38266825308632535 -0.9238858198275837 0.0000011721007650813934
outer loop
vertex -68.28173065185547 -47.67236328125 -18.423948287963867
vertex -68.21513366699219 -47.699947357177734 -18.410932540893555
vertex -69.31775665283203 -47.24322509765625 -1
endloop
endfacet
facet normal -0.7071067811865476 -0.7071067811865476 0
outer loop
vertex -71.74329376220703 -44.81768798828125 -18.07723045349121
vertex -69.31775665283203 -47.24322509765625 -18.36440086364746
vertex -71.74329376220703 -44.81768798828125 -1
endloop
endfacet
facet normal -0.9238786144064628 -0.3826856488586872 0
outer loop
vertex -71.74329376220703 -44.81768798828125 -18.07723045349121
vertex -72.20001983642578 -43.71506118774414 -1
vertex -72.20001983642578 -43.71506118774414 -18.00263214111328
endloop
endfacet
facet normal 0.0007878609112119677 0.9999996896375442 0
outer loop
vertex 68.36136627197266 44.59298324584961 -6.143197536468506
vertex 62.02824020385742 44.59797286987305 -3.5
vertex 68.36136627197266 44.59298324584961 -1
endloop
endfacet
facet normal -1 0 0
outer loop
vertex -72.20001983642578 -43.440860748291016 -18.06536102294922
vertex -72.20001983642578 -43.71506118774414 -18.00263214111328
vertex -72.20001983642578 40.564453125 -6.408659934997559
endloop
endfacet
facet normal 0 -1 0
outer loop
vertex -68.21513366699219 -47.699947357177734 -18.410932540893555
vertex 70.0283203125 -47.699947357177734 -18.410932540893555
vertex -65.21513366699219 -47.699947357177734 -5
endloop
endfacet
facet normal 0 -1 0
outer loop
vertex -65.21513366699219 -47.699947357177734 -5
vertex -65.21513366699219 -47.699947357177734 -4
vertex -68.21513366699219 -47.699947357177734 -18.410932540893555
endloop
endfacet
facet normal 0 -1 0
outer loop
vertex -65.21513366699219 -47.699947357177734 -4
vertex -68.21513366699219 -47.699947357177734 -1
vertex -68.21513366699219 -47.699947357177734 -18.410932540893555
endloop
endfacet
facet normal -0.7071067811865475 -0.7071067811865475 0
outer loop
vertex -71.74329376220703 -44.81768798828125 -1
vertex -69.31775665283203 -47.24322509765625 -18.36440086364746
vertex -69.31775665283203 -47.24322509765625 -1
endloop
endfacet
facet normal -0.3826913633480977 -0.9238762473505203 -5.425615094664311e-7
outer loop
vertex -69.31775665283203 -47.24322509765625 -1
vertex -68.21513366699219 -47.699947357177734 -18.410932540893555
vertex -68.9052734375 -47.414085388183594 -1
endloop
endfacet
facet normal -0.38267968006306957 -0.9238810867567463 0
outer loop
vertex -68.9052734375 -47.414085388183594 -1
vertex -68.21513366699219 -47.699947357177734 -18.410932540893555
vertex -68.21513366699219 -47.699947357177734 -1
endloop
endfacet
facet normal -0.9238777215164288 -0.382687804464177 0
outer loop
vertex -71.74329376220703 -44.81768798828125 -1
vertex -71.88935852050781 -44.46506118774414 -1
vertex -71.74329376220703 -44.81768798828125 -18.07723045349121
endloop
endfacet
facet normal -0.9238790342145928 -0.38268463535750336 -7.666646477158478e-8
outer loop
vertex -71.88935852050781 -44.46506118774414 -1
vertex -72.20001983642578 -43.71506118774414 -1
vertex -71.74329376220703 -44.81768798828125 -18.07723045349121
endloop
endfacet
facet normal -1 0 0
outer loop
vertex -72.20001983642578 -43.71506118774414 -1
vertex -72.20001983642578 -23.965063095092773 -1
vertex -72.20001983642578 -43.71506118774414 -18.00263214111328
endloop
endfacet
facet normal -1 0 0
outer loop
vertex -72.20001983642578 -43.71506118774414 -18.00263214111328
vertex -72.20001983642578 -23.965063095092773 -1
vertex -72.20001983642578 -22.705223083496094 -1
endloop
endfacet
facet normal -0.9238786144064627 0.3826856488586872 0
outer loop
vertex -71.74329376220703 41.66707992553711 -6.368202209472656
vertex -72.20001983642578 40.564453125 -6.408659934997559
vertex -71.74329376220703 41.66707992553711 -1
endloop
endfacet
facet normal 0.40536388198658274 0.9141554152225801 0
outer loop
vertex 69.52066040039062 44.07891845703125 -6.127931118011475
vertex 69.3456039428711 44.15654373168945 -6.203758239746094
vertex 69.52066040039062 44.07891845703125 -1
endloop
endfacet
facet normal 0.405363155175813 0.9141557375118906 2.9257837868476093e-8
outer loop
vertex 69.3456039428711 44.15654373168945 -6.203758239746094
vertex 68.36136627197266 44.59298324584961 -6.143197536468506
vertex 69.52066040039062 44.07891845703125 -1
endloop
endfacet
facet normal 0.7405872369630676 0.6719602253462695 0
outer loop
vertex 71.7999038696289 41.566802978515625 -6.374424934387207
vertex 71.6218490600586 41.76304244995117 -6.449285507202148
vertex 71.7999038696289 41.566802978515625 -1
endloop
endfacet
facet normal 0.7406007202352815 0.6719453647329 -9.757243169286968e-7
outer loop
vertex 71.7999038696289 41.566802978515625 -1
vertex 71.6218490600586 41.76304244995117 -6.449285507202148
vertex 69.52066040039062 44.07891845703125 -6.127931118011475
endloop
endfacet
facet normal 0.9337691666259176 0.3578758771673522 -6.614617947492336e-7
outer loop
vertex 71.7999038696289 41.566802978515625 -6.374424934387207
vertex 72.20267486572266 40.51590347290039 -1
vertex 72.09872436523438 40.7871208190918 -6.482614517211914
endloop
endfacet
facet normal 0.9337646982269251 0.3578875358896693 0
outer loop
vertex 72.09872436523438 40.7871208190918 -6.482614517211914
vertex 72.20267486572266 40.51590347290039 -1
vertex 72.20267486572266 40.51590347290039 -6.414050579071045
endloop
endfacet
facet normal 0.9999882570503037 -0.004846197212298075 -0.000011579076888250772
outer loop
vertex 72.09738159179688 18.776233673095703 -1
vertex 72.20267486572266 40.51590347290039 -6.414050579071045
vertex 72.10702514648438 20.766132354736328 -1
endloop
endfacet
facet normal 0.0008896665124115661 0.9999995668387847 0.00027352466019465234
outer loop
vertex -67.99803924560547 44.700469970703125 -6.1608781814575195
vertex -68.06266784667969 44.70051956176758 -6.1319708824157715
vertex -60.21513366699219 44.693546295166016 -6.162771701812744
endloop
endfacet
facet normal -0.3823177879671725 0.9240309025157495 0.000014135686302136394
outer loop
vertex -68.06266784667969 44.70051956176758 -6.1319708824157715
vertex -68.99884033203125 44.31317901611328 -6.1857194900512695
vertex -69.16661071777344 44.2437629699707 -6.117169380187988
endloop
endfacet
facet normal -0.3823179498316448 0.9240308356524298 0
outer loop
vertex -68.06266784667969 44.70051956176758 -6.1319708824157715
vertex -69.16661071777344 44.2437629699707 -6.117169380187988
vertex -68.06266784667969 44.70051956176758 -1
endloop
endfacet
facet normal 0.0007806669802495744 0.999999695130934 -0.000017236736373844946
outer loop
vertex 68.36136627197266 44.59298324584961 -6.143197536468506
vertex 68.292236328125 44.59303665161133 -6.175786018371582
vertex 62.02824020385742 44.59797286987305 -3.5
endloop
endfacet
facet normal 0 -1 0
outer loop
vertex -68.21513366699219 -47.699947357177734 -1
vertex -65.21513366699219 -47.699947357177734 -4
vertex -59.61513137817383 -47.699947357177734 -4
endloop
endfacet
facet normal 0.0007880299781669352 0.9999996895043286 0
outer loop
vertex 68.292236328125 44.59303665161133 -6.175786018371582
vertex 62.02824020385742 44.59797286987305 -6.175100803375244
vertex 62.02824020385742 44.59797286987305 -3.5
endloop
endfacet
facet normal -0.7071094376117315 0.7071041226468866 0.00005455453709710808
outer loop
vertex -71.55888366699219 41.851497650146484 -6.449123859405518
vertex -71.74329376220703 41.66707992553711 -6.368202209472656
vertex -69.16661071777344 44.2437629699707 -6.117169380187988
endloop
endfacet
facet normal -0.9238780574066751 0.38268699116191707 -0.000042870819343467396
outer loop
vertex -72.08853912353516 40.833580017089844 -6.483860015869141
vertex -72.20001983642578 40.564453125 -6.408659934997559
vertex -71.74329376220703 41.66707992553711 -6.368202209472656
endloop
endfacet
facet normal 0.9999882726496792 -0.004842990959319187 0.000001295668655214864
outer loop
vertex 72.09738159179688 18.776233673095703 -1
vertex 71.99810028076172 -1.7235251665115356 -1
vertex 72.20267486572266 40.51590347290039 -6.414050579071045
endloop
endfacet
facet normal 0.9999882756723902 -0.004842362995599674 0.000006195040521237518
outer loop
vertex 71.99810028076172 -1.7235251665115356 -1
vertex 71.98846435546875 -3.71342396736145 -1
vertex 72.20267486572266 40.51590347290039 -6.414050579071045
endloop
endfacet
facet normal 0.0008885929884287178 0.9999996052011725 0
outer loop
vertex -60.21513366699219 44.693546295166016 -3.5
vertex -68.06266784667969 44.70051956176758 -6.1319708824157715
vertex -68.06266784667969 44.70051956176758 -1
endloop
endfacet
facet normal 0.9999882726517215 -0.0048429905932134 0.000001067850257349212
outer loop
vertex 71.98846435546875 -3.71342396736145 -1
vertex 71.8891830444336 -24.213184356689453 -1
vertex 72.20267486572266 40.51590347290039 -6.414050579071045
endloop
endfacet
facet normal 0 -1 0
outer loop
vertex -58.81513214111328 -47.699947357177734 -1.6661099195480347
vertex -58.81513214111328 -47.699947357177734 -4
vertex -53.21513366699219 -47.699947357177734 -4
endloop
endfacet
facet normal -0.9238790342145956 0.38268463535750447 0
outer loop
vertex -72.20001983642578 40.564453125 -6.408659934997559
vertex -72.20001983642578 40.564453125 -1
vertex -71.88935852050781 41.314453125 -1
endloop
endfacet
facet normal 0.0007882632621257295 0.9999996892726368 -0.000009780554880126748
outer loop
vertex 59.82831954956055 44.599708557128906 -1.100000023841858
vertex -58.015132904052734 44.69260025024414 -1.100000023841858
vertex 68.36136627197266 44.59298324584961 -1
endloop
endfacet
facet normal 0.0007882521573325663 0.99999968932922 0
outer loop
vertex -58.2152099609375 44.69275665283203 -3.5
vertex 59.82831954956055 44.599708557128906 -1.100000023841858
vertex 59.82831954956055 44.599708557128906 -2.5
endloop
endfacet
facet normal 0 -1 0
outer loop
vertex -68.21513366699219 -47.699947357177734 -1
vertex -59.61513137817383 -47.699947357177734 -4
vertex -63.71513366699219 -47.699947357177734 -1.5076520442962646
endloop
endfacet
facet normal -0.9238777215163061 0.3826878044641262 -5.148474072657913e-7
outer loop
vertex -71.88935852050781 41.314453125 -1
vertex -71.74329376220703 41.66707992553711 -1
vertex -72.20001983642578 40.564453125 -6.408659934997559
endloop
endfacet
facet normal 0.0007949194736448832 0.9999993743173458 -0.0007870628611238396
outer loop
vertex 60.028316497802734 44.59876251220703 -3.5
vertex -58.2152099609375 44.69275665283203 -3.5
vertex 59.82831954956055 44.599708557128906 -2.5
endloop
endfacet
facet normal 0.000794919685549513 0.9999996408908846 0.0002938040083711968
outer loop
vertex 60.02839660644531 44.59954833984375 -6.174881935119629
vertex -58.2152099609375 44.69275665283203 -3.5
vertex 60.028316497802734 44.59876251220703 -3.5
endloop
endfacet
facet normal 0.99998827565347 -0.0048423632856005394 0.000008567963157965333
outer loop
vertex 71.8891830444336 -24.213184356689453 -1
vertex 71.87954711914062 -26.203083038330078 -1
vertex 72.20267486572266 40.51590347290039 -6.414050579071045
endloop
endfacet
facet normal 0.9999882724902972 -0.0048430240232998105 4.2530340438724355e-7
outer loop
vertex 71.87954711914062 -26.203083038330078 -1
vertex 71.78389739990234 -45.952850341796875 -1
vertex 72.20267486572266 40.51590347290039 -6.414050579071045
endloop
endfacet
facet normal -0.7071067811865476 0.7071067811865476 0
outer loop
vertex -71.74329376220703 41.66707992553711 -6.368202209472656
vertex -71.74329376220703 41.66707992553711 -1
vertex -69.16661071777344 44.2437629699707 -1
endloop
endfacet
facet normal -0.3823217854736104 0.9240292486454477 0
outer loop
vertex -69.16661071777344 44.2437629699707 -6.117169380187988
vertex -69.16661071777344 44.2437629699707 -1
vertex -68.93143463134766 44.341068267822266 -1
endloop
endfacet
facet normal 0 -1 0
outer loop
vertex -68.21513366699219 -47.699947357177734 -1
vertex -63.71513366699219 -47.699947357177734 -1.5076520442962646
vertex -63.71513366699219 -47.699947357177734 -1
endloop
endfacet
facet normal -0.38231691151590036 0.9240312652550641 -2.6234525365112265e-7
outer loop
vertex -68.06266784667969 44.70051956176758 -1
vertex -69.16661071777344 44.2437629699707 -6.117169380187988
vertex -68.93143463134766 44.341068267822266 -1
endloop
endfacet
facet normal 0.0007880615214197862 0.999999689479471 0
outer loop
vertex 68.36136627197266 44.59298324584961 -1
vertex 62.22831726074219 44.597816467285156 -2.5
vertex 62.22831726074219 44.597816467285156 -1.100000023841858
endloop
endfacet
facet normal 0.40536326364893577 0.9141556894117563 0
outer loop
vertex 69.52066040039062 44.07891845703125 -1
vertex 68.36136627197266 44.59298324584961 -6.143197536468506
vertex 68.36136627197266 44.59298324584961 -1
endloop
endfacet
facet normal 0 -1 0
outer loop
vertex 30.499980926513672 -47.699947357177734 -4.949999809265137
vertex 30.61416244506836 -47.699947357177734 -4.375974655151367
vertex -54.71513366699219 -47.699947357177734 -1
endloop
endfacet
facet normal -0.7071141204824505 -0.7070994298723021 0.00012995613078737876
outer loop
vertex -69.31775665283203 -47.24322509765625 -18.36440086364746
vertex -69.43151092529297 -47.12947463989258 -18.39801597595215
vertex -69.40550994873047 -47.15547561645508 -18.395076751708984
endloop
endfacet
facet normal 0.0007883710300820816 0.9999993784697404 -0.000788372533780488
outer loop
vertex -60.21513366699219 44.693546295166016 -3.5
vertex -60.415130615234375 44.69449234008789 -2.5
vertex -58.015132904052734 44.69260025024414 -2.5
endloop
endfacet
facet normal 0.0007881255919911373 0.9999996894289774 0
outer loop
vertex -60.415130615234375 44.69449234008789 -1.100000023841858
vertex -60.415130615234375 44.69449234008789 -2.5
vertex -68.06266784667969 44.70051956176758 -1
endloop
endfacet
facet normal 0.0007883712749416587 0.9999996890588102 0.000018788712943662467
outer loop
vertex -60.415130615234375 44.69449234008789 -1.100000023841858
vertex -68.06266784667969 44.70051956176758 -1
vertex -58.015132904052734 44.69260025024414 -1.100000023841858
endloop
endfacet
facet normal 0.0007882733513926496 0.9999996893125135 0
outer loop
vertex -58.2152099609375 44.69275665283203 -3.5
vertex 60.02839660644531 44.59954833984375 -6.174881935119629
vertex -58.2152099609375 44.69275665283203 -6.161948204040527
endloop
endfacet
facet normal 0.0003947623002616831 0.9998127615149375 0.01934647447472142
outer loop
vertex -58.2152099609375 44.69275665283203 -3.5
vertex -60.21513366699219 44.693546295166016 -3.5
vertex 59.82831954956055 44.599708557128906 -1.100000023841858
endloop
endfacet
facet normal 0 -1 0
outer loop
vertex 43.99998092651367 -47.699947357177734 -3.450000047683716
vertex 58.66250991821289 -47.699947357177734 -1.6254053115844727
vertex 57.987403869628906 -47.699947357177734 -1.5949000120162964
endloop
endfacet
facet normal 0 -1 0
outer loop
vertex 31.999980926513672 -47.699947357177734 -3.450000047683716
vertex 43.99998092651367 -47.699947357177734 -3.450000047683716
vertex -54.71513366699219 -47.699947357177734 -1
endloop
endfacet
facet normal 0 -1 0
outer loop
vertex -54.71513366699219 -47.699947357177734 -1
vertex 43.99998092651367 -47.699947357177734 -3.450000047683716
vertex 56.528316497802734 -47.699947357177734 -1
endloop
endfacet
facet normal 0 -1 0
outer loop
vertex 30.499980926513672 -47.699947357177734 -4.949999809265137
vertex -54.71513366699219 -47.699947357177734 -1.5076520442962646
vertex 30.499980926513672 -47.699947357177734 -9.949999809265137
endloop
endfacet
facet normal 0 -1 0
outer loop
vertex 30.499980926513672 -47.699947357177734 -9.949999809265137
vertex -58.81513214111328 -47.699947357177734 -1.6661099195480347
vertex 30.61416244506836 -47.699947357177734 -10.524024963378906
endloop
endfacet
facet normal 0 -1 0
outer loop
vertex 30.939321517944336 -47.699947357177734 -11.010660171508789
vertex 30.61416244506836 -47.699947357177734 -10.524024963378906
vertex -58.81513214111328 -47.699947357177734 -1.6661099195480347
endloop
endfacet
facet normal 0 -1 0
outer loop
vertex 31.42595672607422 -47.699947357177734 -11.335819244384766
vertex 30.939321517944336 -47.699947357177734 -11.010660171508789
vertex -58.81513214111328 -47.699947357177734 -1.6661099195480347
endloop
endfacet
facet normal 0 -1 0
outer loop
vertex 31.999980926513672 -47.699947357177734 -11.449999809265137
vertex 31.42595672607422 -47.699947357177734 -11.335819244384766
vertex -58.81513214111328 -47.699947357177734 -1.6661099195480347
endloop
endfacet
facet normal 0 -1 0
outer loop
vertex 45.385799407958984 -47.699947357177734 -10.524024963378906
vertex 70.0283203125 -47.699947357177734 -18.410932540893555
vertex 55.028316497802734 -47.699947357177734 -5
endloop
endfacet
facet normal 0.9999883225179651 -0.004832683282229428 0
outer loop
vertex 71.78521728515625 -45.67973709106445 -18.37445640563965
vertex 71.78389739990234 -45.952850341796875 -1
vertex 71.78389739990234 -45.952850341796875 -18.23434829711914
endloop
endfacet
facet normal 0.7053927885983287 -0.7088166291739165 0
outer loop
vertex 70.0283203125 -47.699947357177734 -18.410932540893555
vertex 71.78389739990234 -45.952850341796875 -18.23434829711914
vertex 70.0283203125 -47.699947357177734 -1
endloop
endfacet
facet normal -1 0 0
outer loop
vertex -72.20001983642578 -22.705223083496094 -1
vertex -72.20001983642578 -2.20522403717041 -1
vertex -72.20001983642578 -43.71506118774414 -18.00263214111328
endloop
endfacet
facet normal -1 0 0
outer loop
vertex -72.20001983642578 -0.9453850388526917 -1
vertex -72.20001983642578 -43.71506118774414 -18.00263214111328
vertex -72.20001983642578 -2.20522403717041 -1
endloop
endfacet
facet normal -1 0 0
outer loop
vertex -72.20001983642578 -0.9453850388526917 -1
vertex -72.20001983642578 19.554615020751953 -1
vertex -72.20001983642578 -43.71506118774414 -18.00263214111328
endloop
endfacet
facet normal 0 -1 0
outer loop
vertex 45.06064224243164 -47.699947357177734 -11.010660171508789
vertex 70.0283203125 -47.699947357177734 -18.410932540893555
vertex 45.385799407958984 -47.699947357177734 -10.524024963378906
endloop
endfacet
facet normal 0 -1 0
outer loop
vertex 44.574005126953125 -47.699947357177734 -11.335819244384766
vertex 70.0283203125 -47.699947357177734 -18.410932540893555
vertex 45.06064224243164 -47.699947357177734 -11.010660171508789
endloop
endfacet
facet normal 0 -1 0
outer loop
vertex 43.99998092651367 -47.699947357177734 -11.449999809265137
vertex 70.0283203125 -47.699947357177734 -18.410932540893555
vertex 44.574005126953125 -47.699947357177734 -11.335819244384766
endloop
endfacet
facet normal 0 -1 0
outer loop
vertex 70.0283203125 -47.699947357177734 -18.410932540893555
vertex 43.99998092651367 -47.699947357177734 -11.449999809265137
vertex 31.999980926513672 -47.699947357177734 -11.449999809265137
endloop
endfacet
facet normal 0.0007883712749385512 0.9999996890548685 -0.000018997351112529812
outer loop
vertex 62.22831726074219 44.597816467285156 -1.100000023841858
vertex 59.82831954956055 44.599708557128906 -1.100000023841858
vertex 68.36136627197266 44.59298324584961 -1
endloop
endfacet
facet normal -0.7071033885727642 -0.7071101714631933 0.000057290555931102695
outer loop
vertex -69.43151092529297 -47.12947463989258 -18.39801597595215
vertex -69.31775665283203 -47.24322509765625 -18.36440086364746
vertex -71.74329376220703 -44.81768798828125 -18.07723045349121
endloop
endfacet
facet normal 0 -1 0
outer loop
vertex 45.49998092651367 -47.699947357177734 -4.949999809265137
vertex 45.49998092651367 -47.699947357177734 -9.949999809265137
vertex 55.028316497802734 -47.699947357177734 -5
endloop
endfacet
facet normal 0.7053897812244359 -0.7088196195123938 0.000059484854953388435
outer loop
vertex 70.06956481933594 -47.658905029296875 -18.441972732543945
vertex 71.78389739990234 -45.952850341796875 -18.23434829711914
vertex 70.0283203125 -47.699947357177734 -18.410932540893555
endloop
endfacet
facet normal 0.7053915516346169 -0.708817859508391 0.000030404776200674487
outer loop
vertex 70.06956481933594 -47.658905029296875 -18.441972732543945
vertex 70.12935638427734 -47.599403381347656 -18.462825775146484
vertex 71.78389739990234 -45.952850341796875 -18.23434829711914
endloop
endfacet
facet normal 0 -1 0
outer loop
vertex -53.21513366699219 -47.699947357177734 -5
vertex -65.21513366699219 -47.699947357177734 -5
vertex 70.0283203125 -47.699947357177734 -18.410932540893555
endloop
endfacet
facet normal 0 -1 0
outer loop
vertex -53.21513366699219 -47.699947357177734 -4
vertex -53.21513366699219 -47.699947357177734 -5
vertex 70.0283203125 -47.699947357177734 -18.410932540893555
endloop
endfacet
facet normal 0 -1 0
outer loop
vertex -53.21513366699219 -47.699947357177734 -4
vertex 70.0283203125 -47.699947357177734 -18.410932540893555
vertex -58.81513214111328 -47.699947357177734 -1.6661099195480347
endloop
endfacet
facet normal 0 -1 0
outer loop
vertex 55.028316497802734 -47.699947357177734 -5
vertex 70.0283203125 -47.699947357177734 -18.410932540893555
vertex 67.0283203125 -47.699947357177734 -5
endloop
endfacet
facet normal 0 -1 0
outer loop
vertex 31.42595672607422 -47.699947357177734 -3.564180612564087
vertex 31.999980926513672 -47.699947357177734 -3.450000047683716
vertex -54.71513366699219 -47.699947357177734 -1
endloop
endfacet
facet normal 0.9337710251225048 0.35787102794395975 0
outer loop
vertex 71.7999038696289 41.566802978515625 -1
vertex 71.91468811035156 41.267303466796875 -1
vertex 71.7999038696289 41.566802978515625 -6.374424934387207
endloop
endfacet
facet normal 0 -1 0
outer loop
vertex 67.0283203125 -47.699947357177734 -5
vertex 70.0283203125 -47.699947357177734 -18.410932540893555
vertex 70.0283203125 -47.699947357177734 -1
endloop
endfacet
facet normal 0 -1 0
outer loop
vertex -58.069007873535156 -47.699947357177734 -1.6591570377349854
vertex -58.81513214111328 -47.699947357177734 -1.6661099195480347
vertex 30.499980926513672 -47.699947357177734 -9.949999809265137
endloop
endfacet
facet normal 0.7053932104806323 -0.7088162093292021 8.553594996039235e-8
outer loop
vertex 71.03389739990234 -46.69922637939453 -1
vertex 70.0283203125 -47.699947357177734 -1
vertex 71.78389739990234 -45.952850341796875 -18.23434829711914
endloop
endfacet
facet normal 0.7053922229502447 -0.7088171920892665 0
outer loop
vertex 71.03389739990234 -46.69922637939453 -1
vertex 71.78389739990234 -45.952850341796875 -18.23434829711914
vertex 71.78389739990234 -45.952850341796875 -1
endloop
endfacet
facet normal 0 -1 0
outer loop
vertex -56.849327087402344 -47.699947357177734 -1.6254053115844727
vertex -58.069007873535156 -47.699947357177734 -1.6591570377349854
vertex 30.499980926513672 -47.699947357177734 -9.949999809265137
endloop
endfacet
facet normal 0 -1 0
outer loop
vertex -56.17422103881836 -47.699947357177734 -1.5949000120162964
vertex -56.849327087402344 -47.699947357177734 -1.6254053115844727
vertex 30.499980926513672 -47.699947357177734 -9.949999809265137
endloop
endfacet
facet normal 0 -1 0
outer loop
vertex -55.46235656738281 -47.699947357177734 -1.5589157342910767
vertex -56.17422103881836 -47.699947357177734 -1.5949000120162964
vertex 30.499980926513672 -47.699947357177734 -9.949999809265137
endloop
endfacet
facet normal 0 -1 0
outer loop
vertex -54.71513366699219 -47.699947357177734 -1.5076520442962646
vertex -55.46235656738281 -47.699947357177734 -1.5589157342910767
vertex 30.499980926513672 -47.699947357177734 -9.949999809265137
endloop
endfacet
facet normal 0 -1 0
outer loop
vertex 45.49998092651367 -47.699947357177734 -4.949999809265137
vertex 55.028316497802734 -47.699947357177734 -5
vertex 55.028316497802734 -47.699947357177734 -4
endloop
endfacet
facet normal 0 -1 0
outer loop
vertex 45.385799407958984 -47.699947357177734 -4.375974655151367
vertex 45.49998092651367 -47.699947357177734 -4.949999809265137
vertex 60.628318786621094 -47.699947357177734 -1.6661099195480347
endloop
endfacet
facet normal 0 -1 0
outer loop
vertex 60.628318786621094 -47.699947357177734 -1.6661099195480347
vertex 45.49998092651367 -47.699947357177734 -4.949999809265137
vertex 55.028316497802734 -47.699947357177734 -4
endloop
endfacet
facet normal 0 -1 0
outer loop
vertex 45.06064224243164 -47.699947357177734 -3.8893399238586426
vertex 45.385799407958984 -47.699947357177734 -4.375974655151367
vertex 60.628318786621094 -47.699947357177734 -1.6661099195480347
endloop
endfacet
facet normal 0.0007978774598345823 0.9999993542230821 -0.0008092867094272478
outer loop
vertex -60.21513366699219 44.693546295166016 -3.5
vertex -58.015132904052734 44.69260025024414 -2.5
vertex 59.82831954956055 44.599708557128906 -1.100000023841858
endloop
endfacet
facet normal 0.000788263262163432 0.9999996893204666 0
outer loop
vertex 59.82831954956055 44.599708557128906 -1.100000023841858
vertex -58.015132904052734 44.69260025024414 -2.5
vertex -58.015132904052734 44.69260025024414 -1.100000023841858
endloop
endfacet
facet normal 0.0007882502757090806 0.9999996893087164 0.000006631255877777654
outer loop
vertex -58.015132904052734 44.69260025024414 -1.100000023841858
vertex -68.06266784667969 44.70051956176758 -1
vertex 68.36136627197266 44.59298324584961 -1
endloop
endfacet
facet normal 0 -1 0
outer loop
vertex 44.574005126953125 -47.699947357177734 -3.564180612564087
vertex 45.06064224243164 -47.699947357177734 -3.8893399238586426
vertex 60.628318786621094 -47.699947357177734 -1.6661099195480347
endloop
endfacet
facet normal 0 -1 0
outer loop
vertex 65.5283203125 -47.699947357177734 -1.5076520442962646
vertex 61.42831802368164 -47.699947357177734 -4
vertex 70.0283203125 -47.699947357177734 -1
endloop
endfacet
facet normal 0 -1 0
outer loop
vertex 64.78109741210938 -47.699947357177734 -1.5589157342910767
vertex 61.42831802368164 -47.699947357177734 -4
vertex 65.5283203125 -47.699947357177734 -1.5076520442962646
endloop
endfacet
facet normal 0 -1 0
outer loop
vertex 64.06922912597656 -47.699947357177734 -1.5949000120162964
vertex 61.42831802368164 -47.699947357177734 -4
vertex 64.78109741210938 -47.699947357177734 -1.5589157342910767
endloop
endfacet
facet normal 0 -1 0
outer loop
vertex 43.99998092651367 -47.699947357177734 -3.450000047683716
vertex 44.574005126953125 -47.699947357177734 -3.564180612564087
vertex 60.628318786621094 -47.699947357177734 -1.6661099195480347
endloop
endfacet
facet normal 0 -1 0
outer loop
vertex -58.81513214111328 -47.699947357177734 -1.6661099195480347
vertex 70.0283203125 -47.699947357177734 -18.410932540893555
vertex 31.999980926513672 -47.699947357177734 -11.449999809265137
endloop
endfacet
facet normal -1 0 0
outer loop
vertex -72.20001983642578 -43.71506118774414 -18.00263214111328
vertex -72.20001983642578 40.564453125 -1
vertex -72.20001983642578 40.564453125 -6.408659934997559
endloop
endfacet
facet normal 0 -1 0
outer loop
vertex 63.39412307739258 -47.699947357177734 -1.6254053115844727
vertex 61.42831802368164 -47.699947357177734 -4
vertex 64.06922912597656 -47.699947357177734 -1.5949000120162964
endloop
endfacet
facet normal 0 -1 0
outer loop
vertex 62.174442291259766 -47.699947357177734 -1.6591570377349854
vertex 61.42831802368164 -47.699947357177734 -4
vertex 63.39412307739258 -47.699947357177734 -1.6254053115844727
endloop
endfacet
facet normal 0 -1 0
outer loop
vertex 61.42831802368164 -47.699947357177734 -4
vertex 62.174442291259766 -47.699947357177734 -1.6591570377349854
vertex 61.42831802368164 -47.699947357177734 -1.6661099195480347
endloop
endfacet
facet normal 0 -1 0
outer loop
vertex 59.8821907043457 -47.699947357177734 -1.6591570377349854
vertex 43.99998092651367 -47.699947357177734 -3.450000047683716
vertex 60.628318786621094 -47.699947357177734 -1.6661099195480347
endloop
endfacet
facet normal 0 -1 0
outer loop
vertex 58.66250991821289 -47.699947357177734 -1.6254053115844727
vertex 43.99998092651367 -47.699947357177734 -3.450000047683716
vertex 59.8821907043457 -47.699947357177734 -1.6591570377349854
endloop
endfacet
facet normal 0 -1 0
outer loop
vertex -63.71513366699219 -47.699947357177734 -1.5076520442962646
vertex -59.61513137817383 -47.699947357177734 -4
vertex -62.96791076660156 -47.699947357177734 -1.5589157342910767
endloop
endfacet
facet normal 0 -1 0
outer loop
vertex -62.96791076660156 -47.699947357177734 -1.5589157342910767
vertex -59.61513137817383 -47.699947357177734 -4
vertex -62.256046295166016 -47.699947357177734 -1.5949000120162964
endloop
endfacet
facet normal 0 -1 0
outer loop
vertex -62.256046295166016 -47.699947357177734 -1.5949000120162964
vertex -59.61513137817383 -47.699947357177734 -4
vertex -61.58094024658203 -47.699947357177734 -1.6254053115844727
endloop
endfacet
facet normal -1 0 0
outer loop
vertex -72.20001983642578 20.814453125 -1
vertex -72.20001983642578 40.564453125 -1
vertex -72.20001983642578 -43.71506118774414 -18.00263214111328
endloop
endfacet
facet normal 0 -1 0
outer loop
vertex -61.58094024658203 -47.699947357177734 -1.6254053115844727
vertex -59.61513137817383 -47.699947357177734 -4
vertex -60.36125946044922 -47.699947357177734 -1.6591570377349854
endloop
endfacet
facet normal 0 -1 0
outer loop
vertex -59.61513137817383 -47.699947357177734 -4
vertex -59.61513137817383 -47.699947357177734 -1.6661099195480347
vertex -60.36125946044922 -47.699947357177734 -1.6591570377349854
endloop
endfacet
facet normal -1 0 0
outer loop
vertex -72.20001983642578 19.554615020751953 -1
vertex -72.20001983642578 20.814453125 -1
vertex -72.20001983642578 -43.71506118774414 -18.00263214111328
endloop
endfacet
facet normal 0 -1 0
outer loop
vertex 67.0283203125 -47.699947357177734 -4
vertex 67.0283203125 -47.699947357177734 -5
vertex 70.0283203125 -47.699947357177734 -1
endloop
endfacet
facet normal 0 -1 0
outer loop
vertex 61.42831802368164 -47.699947357177734 -4
vertex 67.0283203125 -47.699947357177734 -4
vertex 70.0283203125 -47.699947357177734 -1
endloop
endfacet
facet normal 0 -1 0
outer loop
vertex 43.99998092651367 -47.699947357177734 -3.450000047683716
vertex 57.27553939819336 -47.699947357177734 -1.5589157342910767
vertex 56.528316497802734 -47.699947357177734 -1.5076520442962646
endloop
endfacet
facet normal 0 -1 0
outer loop
vertex 56.528316497802734 -47.699947357177734 -1
vertex 43.99998092651367 -47.699947357177734 -3.450000047683716
vertex 56.528316497802734 -47.699947357177734 -1.5076520442962646
endloop
endfacet
facet normal 0 -1 0
outer loop
vertex -54.71513366699219 -47.699947357177734 -1
vertex -54.71513366699219 -47.699947357177734 -1.5076520442962646
vertex 30.499980926513672 -47.699947357177734 -4.949999809265137
endloop
endfacet
facet normal 0 -1 0
outer loop
vertex 60.628318786621094 -47.699947357177734 -1.6661099195480347
vertex 55.028316497802734 -47.699947357177734 -4
vertex 60.628318786621094 -47.699947357177734 -4
endloop
endfacet
facet normal 0 -1 0
outer loop
vertex 57.27553939819336 -47.699947357177734 -1.5589157342910767
vertex 43.99998092651367 -47.699947357177734 -3.450000047683716
vertex 57.987403869628906 -47.699947357177734 -1.5949000120162964
endloop
endfacet
facet normal -0.000005831077572053554 0.1374459988391897 -0.9905092616271167
outer loop
vertex 57.96192169189453 -11.80860710144043 -14.6568603515625
vertex 57.85353469848633 -11.646395683288574 -14.634350776672363
vertex 71.23028564453125 40.750728607177734 -7.363649368286133
endloop
endfacet
facet normal 2.8213811773029038e-8 0.1374446072592669 -0.9905094547430352
outer loop
vertex 37.99998092651367 -25.999948501586914 -16.62607192993164
vertex -71.2284927368164 40.7838249206543 -7.35905647277832
vertex 37.99998092651367 -11.99994945526123 -14.68341064453125
endloop
endfacet
facet normal 0 0.1374451323372383 -0.9905093818822713
outer loop
vertex 69.62456512451172 -46.32990646362305 -19.447086334228516
vertex -68.02017211914062 -46.32990646362305 -19.447086334228516
vertex 70.81429290771484 -45.14592742919922 -19.282794952392578
endloop
endfacet
facet normal 0 0.1374445726773355 -0.9905094595416768
outer loop
vertex -68.02017211914062 -46.32990646362305 -19.447086334228516
vertex 38.49998092651367 -26.499948501586914 -16.695451736450195
vertex 57.49998092651367 -26.499948501586914 -16.695451736450195
endloop
endfacet
facet normal -7.310213013860652e-7 0.13744842530602147 -0.9905089249372571
outer loop
vertex -68.02017211914062 -46.32990646362305 -19.447086334228516
vertex 38.30863952636719 -26.461889266967773 -16.690170288085938
vertex 38.49998092651367 -26.499948501586914 -16.695451736450195
endloop
endfacet
facet normal 6.655946495060379e-7 0.13744109215425587 -0.9905099424978037
outer loop
vertex -68.02017211914062 -46.32990646362305 -19.447086334228516
vertex 38.146427154541016 -26.35350227355957 -16.67513084411621
vertex 38.30863952636719 -26.461889266967773 -16.690170288085938
endloop
endfacet
facet normal -6.491464276698268e-8 0.1374421024748609 -0.9905098023075216
outer loop
vertex 71.23028564453125 40.750728607177734 -7.363649368286133
vertex -58.508026123046875 43.9864387512207 -6.914657115936279
vertex -58.382747650146484 44.13969039916992 -6.893392086029053
endloop
endfacet
facet normal 7.995853391989349e-8 0.13744780154289948 -0.9905090114940991
outer loop
vertex 71.23028564453125 40.750728607177734 -7.363649368286133
vertex -58.65956115722656 43.86207580566406 -6.931914329528809
vertex -58.508026123046875 43.9864387512207 -6.914657115936279
endloop
endfacet
facet normal 1.6604720115357237e-8 0.13744520666676693 -0.9905093715681491
outer loop
vertex 71.23028564453125 40.750728607177734 -7.363649368286133
vertex -58.83245086669922 43.76966857910156 -6.944736957550049
vertex -58.65956115722656 43.86207580566406 -6.931914329528809
endloop
endfacet
facet normal -6.145897889746274e-8 0.13744190703970488 -0.9905098294258797
outer loop
vertex 71.23028564453125 40.750728607177734 -7.363649368286133
vertex -59.020042419433594 43.71276092529297 -6.952633380889893
vertex -58.83245086669922 43.76966857910156 -6.944736957550049
endloop
endfacet
facet normal 2.1226931146951102e-7 0.13745371638379095 -0.9905081907042663
outer loop
vertex 71.23028564453125 40.750728607177734 -7.363649368286133
vertex -59.21513366699219 43.693546295166016 -6.9552998542785645
vertex -59.020042419433594 43.71276092529297 -6.952633380889893
endloop
endfacet
facet normal -1.7946754435749652e-7 0.13743668001115258 -0.9905105547077626
outer loop
vertex 71.23028564453125 40.750728607177734 -7.363649368286133
vertex -68.61299896240234 43.83903884887695 -6.935110569000244
vertex -59.21513366699219 43.693546295166016 -6.9552998542785645
endloop
endfacet
facet normal 8.345083848833653e-10 0.1374446901280161 -0.9905094432440378
outer loop
vertex -70.91755676269531 41.534481048583984 -7.254894733428955
vertex -68.61299896240234 43.83903884887695 -6.935110569000244
vertex 71.23028564453125 40.750728607177734 -7.363649368286133
endloop
endfacet
facet normal -2.1418727277261982e-7 0.13744410740482205 -0.9905095241034514
outer loop
vertex -71.2284927368164 40.7838249206543 -7.35905647277832
vertex -70.91755676269531 41.534481048583984 -7.254894733428955
vertex 38.146427154541016 -11.646395683288574 -14.634350776672363
endloop
endfacet
facet normal 0.000001952325543443959 0.13744854159637257 -0.9905089087985117
outer loop
vertex 38.146427154541016 -11.646395683288574 -14.634350776672363
vertex 38.03804016113281 -11.80860710144043 -14.6568603515625
vertex -71.2284927368164 40.7838249206543 -7.35905647277832
endloop
endfacet
facet normal -0.0000038133216253105066 0.1374469005836269 -0.9905091365077926
outer loop
vertex 38.30863952636719 -11.538009643554688 -14.619311332702637
vertex 38.146427154541016 -11.646395683288574 -14.634350776672363
vertex 71.23028564453125 40.750728607177734 -7.363649368286133
endloop
endfacet
facet normal 9.518655923294761e-7 0.13744395704042356 -0.9905095449677223
outer loop
vertex 38.49998092651367 -11.49994945526123 -14.614029884338379
vertex 38.30863952636719 -11.538009643554688 -14.619311332702637
vertex 71.23028564453125 40.750728607177734 -7.363649368286133
endloop
endfacet
facet normal 0 0.13744454203396186 -0.9905094637937967
outer loop
vertex 57.49998092651367 -11.49994945526123 -14.614029884338379
vertex 38.49998092651367 -11.49994945526123 -14.614029884338379
vertex 71.23028564453125 40.750728607177734 -7.363649368286133
endloop
endfacet
facet normal 0.000001883272589014372 0.13744406660707678 -0.99050952976282
outer loop
vertex 57.85353469848633 -11.646395683288574 -14.634350776672363
vertex 57.691322326660156 -11.538009643554688 -14.619311332702637
vertex 71.23028564453125 40.750728607177734 -7.363649368286133
endloop
endfacet
facet normal -1.8582453525838973e-11 0.13744453832727294 -0.9905094643081422
outer loop
vertex 38.146427154541016 -11.646395683288574 -14.634350776672363
vertex -70.91755676269531 41.534481048583984 -7.254894733428955
vertex 71.23028564453125 40.750728607177734 -7.363649368286133
endloop
endfacet
facet normal 2.950101629100861e-10 0.13744417138193146 -0.9905095152259439
outer loop
vertex -58.382747650146484 44.13969039916992 -6.893392086029053
vertex 60.32121276855469 43.89165496826172 -6.927809715270996
vertex 60.472747802734375 43.76729202270508 -6.945066452026367
endloop
endfacet
facet normal 2.6404281231355988e-8 0.13745083337094838 -0.9905085907783087
outer loop
vertex -58.382747650146484 44.13969039916992 -6.893392086029053
vertex 60.645633697509766 43.67488098144531 -6.957889556884766
vertex 60.833229064941406 43.617977142333984 -6.965785980224609
endloop
endfacet
facet normal 1.9469018515277556e-9 0.1374446886436633 -0.9905094434500089
outer loop
vertex 60.645633697509766 43.67488098144531 -6.957889556884766
vertex -58.382747650146484 44.13969039916992 -6.893392086029053
vertex 60.472747802734375 43.76729202270508 -6.945066452026367
endloop
endfacet
facet normal -0.0000013111287404796935 0.13744245575712616 -0.9905097532855147
outer loop
vertex 38.146427154541016 -26.35350227355957 -16.67513084411621
vertex -71.2284927368164 40.7838249206543 -7.35905647277832
vertex 38.03804016113281 -26.1912899017334 -16.65262222290039
endloop
endfacet
facet normal -0.0000018864076839301882 0.13744153494793285 -0.9905098810550037
outer loop
vertex 38.03804016113281 -26.1912899017334 -16.65262222290039
vertex -71.2284927368164 40.7838249206543 -7.35905647277832
vertex 37.99998092651367 -25.999948501586914 -16.62607192993164
endloop
endfacet
facet normal -3.3626278158416483e-9 0.1374424539894035 -0.9905097535316706
outer loop
vertex 60.32121276855469 43.89165496826172 -6.927809715270996
vertex -58.382747650146484 44.13969039916992 -6.893392086029053
vertex 60.19523239135742 44.04621887207031 -6.906362533569336
endloop
endfacet
facet normal -2.0114352428573206e-9 0.13744446280161327 -0.99050947478819
outer loop
vertex 60.833229064941406 43.617977142333984 -6.965785980224609
vertex 71.23028564453125 40.750728607177734 -7.363649368286133
vertex -58.382747650146484 44.13969039916992 -6.893392086029053
endloop
endfacet
facet normal 0.0000013303475021169578 0.13744546913993314 -0.9905093351458805
outer loop
vertex 70.81429290771484 -45.14592742919922 -19.282794952392578
vertex 57.49998092651367 -26.499948501586914 -16.695451736450195
vertex 57.691322326660156 -26.461889266967773 -16.690170288085938
endloop
endfacet
facet normal -0.000002056878446406182 0.13744313502153746 -0.9905096590297443
outer loop
vertex 70.81429290771484 -45.14592742919922 -19.282794952392578
vertex 57.691322326660156 -26.461889266967773 -16.690170288085938
vertex 57.85353469848633 -26.35350227355957 -16.67513084411621
endloop
endfacet
facet normal -9.094177624530163e-7 0.13744391145249998 -0.9905095512935806
outer loop
vertex 70.81429290771484 -45.14592742919922 -19.282794952392578
vertex 57.85353469848633 -26.35350227355957 -16.67513084411621
vertex 57.96192169189453 -26.1912899017334 -16.65262222290039
endloop
endfacet
facet normal 0.0000019919208550681466 0.1374515564965824 -0.990508490429385
outer loop
vertex 71.23028564453125 40.750728607177734 -7.363649368286133
vertex 60.833229064941406 43.617977142333984 -6.965785980224609
vertex 61.028316497802734 43.59876251220703 -6.968451976776123
endloop
endfacet
facet normal -9.529296950405968e-7 0.1374412069994831 -0.9905099265618781
outer loop
vertex 61.028316497802734 43.59876251220703 -6.968451976776123
vertex 61.22340774536133 43.617977142333984 -6.965785980224609
vertex 71.23028564453125 40.750728607177734 -7.363649368286133
endloop
endfacet
facet normal 9.428485544020556e-7 0.1374476983949215 -0.9905090258069584
outer loop
vertex 61.22340774536133 43.617977142333984 -6.965785980224609
vertex 61.41100311279297 43.67488098144531 -6.957889556884766
vertex 71.23028564453125 40.750728607177734 -7.363649368286133
endloop
endfacet
facet normal 1.8117299511676426e-8 0.13744465181594454 -0.9905094485602818
outer loop
vertex 61.41100311279297 43.67488098144531 -6.957889556884766
vertex 61.58388900756836 43.76729202270508 -6.945066452026367
vertex 71.23028564453125 40.750728607177734 -7.363649368286133
endloop
endfacet
facet normal -0.00000303737918775425 0.13744249582481696 -0.9905097477219594
outer loop
vertex 70.81429290771484 -45.14592742919922 -19.282794952392578
vertex 57.96192169189453 -26.1912899017334 -16.65262222290039
vertex 57.99998092651367 -25.999948501586914 -16.62607192993164
endloop
endfacet
facet normal 1.78075797207243e-7 0.1374446072592648 -0.99050945474302
outer loop
vertex 70.81429290771484 -45.14592742919922 -19.282794952392578
vertex 57.99998092651367 -25.999948501586914 -16.62607192993164
vertex 57.99998092651367 -11.99994945526123 -14.68341064453125
endloop
endfacet
facet normal -9.7843986608894e-8 0.13744428799898548 -0.9905094990440235
outer loop
vertex 61.58388900756836 43.76729202270508 -6.945066452026367
vertex 61.73542404174805 43.89165496826172 -6.927809715270996
vertex 71.23028564453125 40.750728607177734 -7.363649368286133
endloop
endfacet
facet normal 2.7081926722074524e-8 0.137444658509621 -0.9905094476314563
outer loop
vertex 61.73542404174805 43.89165496826172 -6.927809715270996
vertex 68.15345764160156 44.03994369506836 -6.907232761383057
vertex 71.23028564453125 40.750728607177734 -7.363649368286133
endloop
endfacet
facet normal -5.686449706519602e-8 0.13744385407105222 -0.9905095592562911
outer loop
vertex -68.61299896240234 43.83903884887695 -6.935110569000244
vertex -67.8682861328125 44.14716720581055 -6.892354488372803
vertex -59.597816467285156 43.76966857910156 -6.944736957550049
endloop
endfacet
facet normal 9.020613140223226e-8 0.13744197806384842 -0.9905098195706534
outer loop
vertex 61.73542404174805 43.89165496826172 -6.927809715270996
vertex 61.86070251464844 44.04490661621094 -6.9065446853637695
vertex 68.15345764160156 44.03994369506836 -6.907232761383057
endloop
endfacet
facet normal -1.729326923650493e-8 0.13744461778392866 -0.9905094532826174
outer loop
vertex 71.23028564453125 40.750728607177734 -7.363649368286133
vertex 68.15345764160156 44.03994369506836 -6.907232761383057
vertex 70.95601654052734 41.46635437011719 -7.264348030090332
endloop
endfacet
facet normal -8.271193479085325e-8 0.13744454789080723 -0.9905094629810887
outer loop
vertex 70.95601654052734 41.46635437011719 -7.264348030090332
vertex 68.15345764160156 44.03994369506836 -6.907232761383057
vertex 68.93572235107422 43.69306564331055 -6.955366134643555
endloop
endfacet
facet normal -7.561195340143602e-8 0.1374414637267318 -0.9905098909393321
outer loop
vertex -68.61299896240234 43.83903884887695 -6.935110569000244
vertex -59.597816467285156 43.76966857910156 -6.944736957550049
vertex -59.410221099853516 43.71276092529297 -6.952633380889893
endloop
endfacet
facet normal 1.4561268428391744e-7 0.13745728137167187 -0.9905076959811507
outer loop
vertex -68.61299896240234 43.83903884887695 -6.935110569000244
vertex -59.410221099853516 43.71276092529297 -6.952633380889893
vertex -59.21513366699219 43.693546295166016 -6.9552998542785645
endloop
endfacet
facet normal 1.0771429527324148e-7 0.13744802590349087 -0.9905089803607141
outer loop
vertex -67.8682861328125 44.14716720581055 -6.892354488372803
vertex -59.9222412109375 43.9864387512207 -6.914657115936279
vertex -59.77070236206055 43.86207580566406 -6.931914329528809
endloop
endfacet
facet normal -0.000017967534553580842 0.13743772462169693 -0.990510409601019
outer loop
vertex 70.81429290771484 -45.14592742919922 -19.282794952392578
vertex 57.99998092651367 -11.99994945526123 -14.68341064453125
vertex 57.96192169189453 -11.80860710144043 -14.6568603515625
endloop
endfacet
facet normal 5.41544771024127e-8 0.13744454120811933 -0.9905094639083902
outer loop
vertex 70.81429290771484 -45.14592742919922 -19.282794952392578
vertex 57.96192169189453 -11.80860710144043 -14.6568603515625
vertex 71.23028564453125 40.750728607177734 -7.363649368286133
endloop
endfacet
facet normal 8.178802920748982e-9 0.13744525215931508 -0.9905093652555044
outer loop
vertex -59.597816467285156 43.76966857910156 -6.944736957550049
vertex -67.8682861328125 44.14716720581055 -6.892354488372803
vertex -59.77070236206055 43.86207580566406 -6.931914329528809
endloop
endfacet
facet normal -7.225264936848824e-9 0.13744245090055754 -0.9905097539602766
outer loop
vertex -59.9222412109375 43.9864387512207 -6.914657115936279
vertex -67.8682861328125 44.14716720581055 -6.892354488372803
vertex -60.048221588134766 44.1410026550293 -6.893209934234619
endloop
endfacet
facet normal 1.6593400774083256e-9 0.13744455404789965 -0.9905094621267251
outer loop
vertex -68.02017211914062 -46.32990646362305 -19.447086334228516
vertex -71.2284927368164 40.7838249206543 -7.35905647277832
vertex 38.146427154541016 -26.35350227355957 -16.67513084411621
endloop
endfacet
facet normal -1.55324321196278e-7 0.1374445483755501 -0.9905094629138163
outer loop
vertex -68.02017211914062 -46.32990646362305 -19.447086334228516
vertex -71.2284927368164 -43.11759567260742 -19.001340866088867
vertex -71.2284927368164 40.7838249206543 -7.35905647277832
endloop
endfacet
facet normal -0.0000015417075105786587 0.13744273047271488 -0.9905097151657967
outer loop
vertex -70.91755676269531 -43.868247985839844 -19.10550308227539
vertex -68.02017211914062 -46.32990646362305 -19.447086334228516
vertex -68.76400756835938 -46.02180480957031 -19.404333114624023
endloop
endfacet
facet normal 0.0000010852305713436782 0.13744576398306102 -0.9905092942329895
outer loop
vertex -68.02017211914062 -46.32990646362305 -19.447086334228516
vertex -70.91755676269531 -43.868247985839844 -19.10550308227539
vertex -71.2284927368164 -43.11759567260742 -19.001340866088867
endloop
endfacet
facet normal -7.918715738982322e-7 0.13744474618902683 -0.9905094354646032
outer loop
vertex 57.691322326660156 -11.538009643554688 -14.619311332702637
vertex 57.49998092651367 -11.49994945526123 -14.614029884338379
vertex 71.23028564453125 40.750728607177734 -7.363649368286133
endloop
endfacet
facet normal -0.0000014914006785583772 0.13744152203869253 -0.9905098828469423
outer loop
vertex 38.03804016113281 -11.80860710144043 -14.6568603515625
vertex 37.99998092651367 -11.99994945526123 -14.68341064453125
vertex -71.2284927368164 40.7838249206543 -7.35905647277832
endloop
endfacet
facet normal 5.142256169819696e-9 0.13744454074265097 -0.9905094639729808
outer loop
vertex 70.81429290771484 -45.14592742919922 -19.282794952392578
vertex -68.02017211914062 -46.32990646362305 -19.447086334228516
vertex 57.49998092651367 -26.499948501586914 -16.695451736450195
endloop
endfacet
facet normal 1 0 0
outer loop
vertex -69.20001983642578 39.967716217041016 -4.099999904632568
vertex -69.20001983642578 39.967716217041016 -0.5
vertex -69.20001983642578 -1.8449348211288452 -0.5
endloop
endfacet
facet normal 0 0 1
outer loop
vertex -67.72496032714844 -39.593379974365234 -4.099999904632568
vertex -67.46768188476562 -39.699947357177734 -4.099999904632568
vertex -69.20001983642578 39.967716217041016 -4.099999904632568
endloop
endfacet
facet normal 1 0 0
outer loop
vertex -69.20001983642578 -37.967613220214844 -4.099999904632568
vertex -69.20001983642578 -1.8449348211288452 -0.5
vertex -69.20001983642578 -37.967613220214844 -0.5
endloop
endfacet
facet normal 0 1 0
outer loop
vertex -30.500019073486328 -44.699947357177734 -0.5
vertex -30.500019073486328 -44.699947357177734 -4.099999904632568
vertex -31.389968872070312 -44.699947357177734 -4.099999904632568
endloop
endfacet
facet normal -0.923880595581545 -0.3826808658763721 0
outer loop
vertex 69.19998168945312 39.967716217041016 -4.099999904632568
vertex 69.19998168945312 39.967716217041016 -0.5
vertex 69.09341430664062 40.22499465942383 -0.5
endloop
endfacet
facet normal -0.38267117986296995 -0.9238846075686523 0
outer loop
vertex 67.72492980957031 41.593482971191406 -4.099999904632568
vertex 67.72492980957031 41.593482971191406 -0.5
vertex 67.46764373779297 41.700050354003906 -0.5
endloop
endfacet
facet normal -0.923880595581545 -0.3826808658763721 0
outer loop
vertex 69.09341430664062 40.22499465942383 -0.5
vertex 69.09341430664062 40.22499465942383 -4.099999904632568
vertex 69.19998168945312 39.967716217041016 -4.099999904632568
endloop
endfacet
facet normal -0.7071077667266362 -0.7071057956450851 0
outer loop
vertex 69.09341430664062 40.22499465942383 -0.5
vertex 67.72492980957031 41.593482971191406 -4.099999904632568
vertex 69.09341430664062 40.22499465942383 -4.099999904632568
endloop
endfacet
facet normal -0.38267117986296995 -0.9238846075686523 0
outer loop
vertex 67.46764373779297 41.700050354003906 -0.5
vertex 67.46764373779297 41.700050354003906 -4.099999904632568
vertex 67.72492980957031 41.593482971191406 -4.099999904632568
endloop
endfacet
facet normal 0 0 1
outer loop
vertex 67.46764373779297 41.700050354003906 -4.099999904632568
vertex 35.99998092651367 -11.99994945526123 -4.099999904632568
vertex 67.72492980957031 41.593482971191406 -4.099999904632568
endloop
endfacet
facet normal 0 0 1
outer loop
vertex 35.99998092651367 -11.99994945526123 -4.099999904632568
vertex 69.09341430664062 40.22499465942383 -4.099999904632568
vertex 67.72492980957031 41.593482971191406 -4.099999904632568
endloop
endfacet
facet normal 0 0 1
outer loop
vertex 35.99998092651367 -11.99994945526123 -4.099999904632568
vertex 69.19998168945312 39.967716217041016 -4.099999904632568
vertex 69.09341430664062 40.22499465942383 -4.099999904632568
endloop
endfacet
facet normal 0.923880595581545 -0.3826808658763721 0
outer loop
vertex -69.20001983642578 39.967716217041016 -0.5
vertex -69.20001983642578 39.967716217041016 -4.099999904632568
vertex -69.09345245361328 40.22499465942383 -4.099999904632568
endloop
endfacet
facet normal 0.7071057956478324 -0.7071077667238891 0
outer loop
vertex -69.09345245361328 40.22499465942383 -0.5
vertex -69.09345245361328 40.22499465942383 -4.099999904632568
vertex -67.72496032714844 41.593482971191406 -4.099999904632568
endloop
endfacet
facet normal 0.7071048101049965 0.7071087522626042 0
outer loop
vertex -67.72496032714844 -39.593379974365234 -0.5
vertex -67.72496032714844 -39.593379974365234 -4.099999904632568
vertex -69.09345245361328 -38.22489547729492 -4.099999904632568
endloop
endfacet
facet normal 0.9238826016131794 0.38267602281363744 0
outer loop
vertex -69.09345245361328 -38.22489547729492 -0.5
vertex -69.09345245361328 -38.22489547729492 -4.099999904632568
vertex -69.20001983642578 -37.967613220214844 -4.099999904632568
endloop
endfacet
facet normal 0.3826808658763721 -0.923880595581545 0
outer loop
vertex -67.46768188476562 41.700050354003906 -0.5
vertex -67.72496032714844 41.593482971191406 -4.099999904632568
vertex -67.46768188476562 41.700050354003906 -4.099999904632568
endloop
endfacet
facet normal 0 1 0
outer loop
vertex -32.56154251098633 -39.699947357177734 -0.5
vertex -32.56154251098633 -39.699947357177734 -4.099999904632568
vertex -67.46768188476562 -39.699947357177734 -4.099999904632568
endloop
endfacet
facet normal 0.3826808658763721 0.923880595581545 0
outer loop
vertex -67.46768188476562 -39.699947357177734 -0.5
vertex -67.46768188476562 -39.699947357177734 -4.099999904632568
vertex -67.72496032714844 -39.593379974365234 -4.099999904632568
endloop
endfacet
facet normal -1 0 0
outer loop
vertex 69.19998168945312 39.967716217041016 -0.5
vertex 69.19998168945312 39.967716217041016 -4.099999904632568
vertex 69.19998168945312 -44.28989791870117 -4.099999904632568
endloop
endfacet
facet normal 0 0 1
outer loop
vertex 68.49998474121094 -11.99994945526123 -4.099999904632568
vertex 69.19998168945312 39.967716217041016 -4.099999904632568
vertex 35.99998092651367 -11.99994945526123 -4.099999904632568
endloop
endfacet
facet normal 0 -1 0
outer loop
vertex 67.46764373779297 41.700050354003906 -4.099999904632568
vertex 67.46764373779297 41.700050354003906 -0.5
vertex -67.46768188476562 41.700050354003906 -0.5
endloop
endfacet
facet normal 0 0 1
outer loop
vertex 35.99998092651367 -11.99994945526123 -4.099999904632568
vertex 67.46764373779297 41.700050354003906 -4.099999904632568
vertex -67.46768188476562 41.700050354003906 -4.099999904632568
endloop
endfacet
facet normal 0 0 1
outer loop
vertex 68.49998474121094 -11.99994945526123 -4.099999904632568
vertex 68.49998474121094 -44.699947357177734 -4.099999904632568
vertex 69.19998168945312 39.967716217041016 -4.099999904632568
endloop
endfacet
facet normal 0.923880595581545 -0.3826808658763721 0
outer loop
vertex -69.09345245361328 40.22499465942383 -4.099999904632568
vertex -69.09345245361328 40.22499465942383 -0.5
vertex -69.20001983642578 39.967716217041016 -0.5
endloop
endfacet
facet normal 0.7071057956478324 -0.7071077667238891 0
outer loop
vertex -67.72496032714844 41.593482971191406 -4.099999904632568
vertex -67.72496032714844 41.593482971191406 -0.5
vertex -69.09345245361328 40.22499465942383 -0.5
endloop
endfacet
facet normal -1 0 0
outer loop
vertex 69.19998168945312 -44.28989791870117 -4.099999904632568
vertex 69.19998168945312 -44.28989791870117 -0.5
vertex 69.19998168945312 39.967716217041016 -0.5
endloop
endfacet
facet normal 0 0 1
outer loop
vertex 68.49998474121094 -44.699947357177734 -4.099999904632568
vertex 69.19998168945312 -44.28989791870117 -4.099999904632568
vertex 69.19998168945312 39.967716217041016 -4.099999904632568
endloop
endfacet
facet normal 0.3826808658763721 -0.923880595581545 0
outer loop
vertex -67.72496032714844 41.593482971191406 -0.5
vertex -67.72496032714844 41.593482971191406 -4.099999904632568
vertex -67.46768188476562 41.700050354003906 -0.5
endloop
endfacet
facet normal 0 0 1
outer loop
vertex -67.46768188476562 41.700050354003906 -4.099999904632568
vertex -30.500019073486328 -11.99994945526123 -4.099999904632568
vertex 35.99998092651367 -11.99994945526123 -4.099999904632568
endloop
endfacet
facet normal 0 0 1
outer loop
vertex -67.72496032714844 41.593482971191406 -4.099999904632568
vertex -32.56154251098633 -39.699947357177734 -4.099999904632568
vertex -67.46768188476562 41.700050354003906 -4.099999904632568
endloop
endfacet
facet normal 0 0 1
outer loop
vertex -69.09345245361328 40.22499465942383 -4.099999904632568
vertex -32.56154251098633 -39.699947357177734 -4.099999904632568
vertex -67.72496032714844 41.593482971191406 -4.099999904632568
endloop
endfacet
facet normal 0 0 1
outer loop
vertex -69.20001983642578 39.967716217041016 -4.099999904632568
vertex -32.56154251098633 -39.699947357177734 -4.099999904632568
vertex -69.09345245361328 40.22499465942383 -4.099999904632568
endloop
endfacet
facet normal 0 -1 0
outer loop
vertex -67.46768188476562 41.700050354003906 -4.099999904632568
vertex 67.46764373779297 41.700050354003906 -4.099999904632568
vertex -67.46768188476562 41.700050354003906 -0.5
endloop
endfacet
facet normal -0.7071067811865475 0.7071067811865475 0
outer loop
vertex 68.78993225097656 -44.699947357177734 -4.099999904632568
vertex 68.78993225097656 -44.699947357177734 -0.5
vertex 69.19998168945312 -44.28989791870117 -0.5
endloop
endfacet
facet normal 0 1 0
outer loop
vertex 68.49998474121094 -44.699947357177734 -4.099999904632568
vertex 68.49998474121094 -44.699947357177734 -0.5
vertex 68.78993225097656 -44.699947357177734 -0.5
endloop
endfacet
facet normal 0.9238826016131794 0.38267602281363744 0
outer loop
vertex -69.20001983642578 -37.967613220214844 -4.099999904632568
vertex -69.20001983642578 -37.967613220214844 -0.5
vertex -69.09345245361328 -38.22489547729492 -0.5
endloop
endfacet
facet normal 0.7071048101049965 0.7071087522626042 0
outer loop
vertex -69.09345245361328 -38.22489547729492 -4.099999904632568
vertex -69.09345245361328 -38.22489547729492 -0.5
vertex -67.72496032714844 -39.593379974365234 -0.5
endloop
endfacet
facet normal 1 0 0
outer loop
vertex -69.20001983642578 -1.8449348211288452 -0.5
vertex -69.20001983642578 -37.967613220214844 -4.099999904632568
vertex -69.20001983642578 39.967716217041016 -4.099999904632568
endloop
endfacet
facet normal 0.3826808658763721 0.923880595581545 0
outer loop
vertex -67.72496032714844 -39.593379974365234 -4.099999904632568
vertex -67.72496032714844 -39.593379974365234 -0.5
vertex -67.46768188476562 -39.699947357177734 -0.5
endloop
endfacet
facet normal -0.7071067811865475 0.7071067811865475 0
outer loop
vertex 69.19998168945312 -44.28989791870117 -0.5
vertex 69.19998168945312 -44.28989791870117 -4.099999904632568
vertex 68.78993225097656 -44.699947357177734 -4.099999904632568
endloop
endfacet
facet normal 0 1 0
outer loop
vertex 68.78993225097656 -44.699947357177734 -0.5
vertex 68.78993225097656 -44.699947357177734 -4.099999904632568
vertex 68.49998474121094 -44.699947357177734 -4.099999904632568
endloop
endfacet
facet normal 0 0 1
outer loop
vertex 68.49998474121094 -44.699947357177734 -4.099999904632568
vertex 68.78993225097656 -44.699947357177734 -4.099999904632568
vertex 69.19998168945312 -44.28989791870117 -4.099999904632568
endloop
endfacet
facet normal 0 0 1
outer loop
vertex -30.500019073486328 -11.99994945526123 -4.099999904632568
vertex -32.56154251098633 -39.699947357177734 -4.099999904632568
vertex -31.800018310546875 -40.46147155761719 -4.099999904632568
endloop
endfacet
facet normal 0 0 1
outer loop
vertex -31.800018310546875 -40.46147155761719 -4.099999904632568
vertex -31.800018310546875 -44.28989791870117 -4.099999904632568
vertex -30.500019073486328 -11.99994945526123 -4.099999904632568
endloop
endfacet
facet normal 0 0 1
outer loop
vertex -30.500019073486328 -11.99994945526123 -4.099999904632568
vertex -31.389968872070312 -44.699947357177734 -4.099999904632568
vertex -30.500019073486328 -44.699947357177734 -4.099999904632568
endloop
endfacet
facet normal 0 0 1
outer loop
vertex -31.800018310546875 -44.28989791870117 -4.099999904632568
vertex -31.389968872070312 -44.699947357177734 -4.099999904632568
vertex -30.500019073486328 -11.99994945526123 -4.099999904632568
endloop
endfacet
facet normal 0.7071067811865476 0.7071067811865476 0
outer loop
vertex -32.56154251098633 -39.699947357177734 -4.099999904632568
vertex -32.56154251098633 -39.699947357177734 -0.5
vertex -31.800018310546875 -40.46147155761719 -0.5
endloop
endfacet
facet normal 1 0 0
outer loop
vertex -31.800018310546875 -40.46147155761719 -4.099999904632568
vertex -31.800018310546875 -40.46147155761719 -0.5
vertex -31.800018310546875 -44.28989791870117 -0.5
endloop
endfacet
facet normal 0 1 0
outer loop
vertex -31.389968872070312 -44.699947357177734 -4.099999904632568
vertex -31.389968872070312 -44.699947357177734 -0.5
vertex -30.500019073486328 -44.699947357177734 -0.5
endloop
endfacet
facet normal 0.7071067811865475 0.7071067811865475 0
outer loop
vertex -31.800018310546875 -44.28989791870117 -4.099999904632568
vertex -31.800018310546875 -44.28989791870117 -0.5
vertex -31.389968872070312 -44.699947357177734 -0.5
endloop
endfacet
facet normal 0.7071067811865476 0.7071067811865476 0
outer loop
vertex -31.800018310546875 -40.46147155761719 -0.5
vertex -31.800018310546875 -40.46147155761719 -4.099999904632568
vertex -32.56154251098633 -39.699947357177734 -4.099999904632568
endloop
endfacet
facet normal 1 0 0
outer loop
vertex -31.800018310546875 -44.28989791870117 -0.5
vertex -31.800018310546875 -44.28989791870117 -4.099999904632568
vertex -31.800018310546875 -40.46147155761719 -4.099999904632568
endloop
endfacet
facet normal 0 1 0
outer loop
vertex -67.46768188476562 -39.699947357177734 -4.099999904632568
vertex -67.46768188476562 -39.699947357177734 -0.5
vertex -32.56154251098633 -39.699947357177734 -0.5
endloop
endfacet
facet normal -0.7071077667266362 -0.7071057956450851 0
outer loop
vertex 67.72492980957031 41.593482971191406 -0.5
vertex 67.72492980957031 41.593482971191406 -4.099999904632568
vertex 69.09341430664062 40.22499465942383 -0.5
endloop
endfacet
facet normal 0 0 1
outer loop
vertex -32.56154251098633 -39.699947357177734 -4.099999904632568
vertex -30.500019073486328 -11.99994945526123 -4.099999904632568
vertex -67.46768188476562 41.700050354003906 -4.099999904632568
endloop
endfacet
facet normal 0 0 1
outer loop
vertex -69.20001983642578 39.967716217041016 -4.099999904632568
vertex -67.46768188476562 -39.699947357177734 -4.099999904632568
vertex -32.56154251098633 -39.699947357177734 -4.099999904632568
endloop
endfacet
facet normal 0 0 1
outer loop
vertex -69.20001983642578 -37.967613220214844 -4.099999904632568
vertex -69.09345245361328 -38.22489547729492 -4.099999904632568
vertex -69.20001983642578 39.967716217041016 -4.099999904632568
endloop
endfacet
facet normal 0 0 1
outer loop
vertex -69.09345245361328 -38.22489547729492 -4.099999904632568
vertex -67.72496032714844 -39.593379974365234 -4.099999904632568
vertex -69.20001983642578 39.967716217041016 -4.099999904632568
endloop
endfacet
facet normal 0.7071067811865475 0.7071067811865475 0
outer loop
vertex -31.389968872070312 -44.699947357177734 -0.5
vertex -31.389968872070312 -44.699947357177734 -4.099999904632568
vertex -31.800018310546875 -44.28989791870117 -4.099999904632568
endloop
endfacet
facet normal 0 1 0
outer loop
vertex 35.99998092651367 -26.999948501586914 -8.199999809265137
vertex 30.499980926513672 -26.999948501586914 -11.899999618530273
vertex 30.499980926513672 -26.999948501586914 -8.199999809265137
endloop
endfacet
facet normal 0 0 1
outer loop
vertex 35.99998092651367 -11.99994945526123 -11.899999618530273
vertex 30.499980926513672 -26.999948501586914 -11.899999618530273
vertex 35.99998092651367 -26.999948501586914 -11.899999618530273
endloop
endfacet
facet normal 0 -1 0
outer loop
vertex -30.500019073486328 -11.99994945526123 -11.899999618530273
vertex 35.99998092651367 -11.99994945526123 -11.899999618530273
vertex 35.99998092651367 -11.99994945526123 -8.199999809265137
endloop
endfacet
facet normal 0 0 1
outer loop
vertex -30.500019073486328 -44.99995040893555 -11.899999618530273
vertex 30.499980926513672 -26.999948501586914 -11.899999618530273
vertex -30.500019073486328 -11.99994945526123 -11.899999618530273
endloop
endfacet
facet normal -1 0 0
outer loop
vertex 30.499980926513672 -26.999948501586914 -8.199999809265137
vertex 30.499980926513672 -44.99995040893555 -11.899999618530273
vertex 30.499980926513672 -44.99995040893555 -8.199999809265137
endloop
endfacet
facet normal 0 1 0
outer loop
vertex 30.499980926513672 -44.99995040893555 -0.5
vertex 30.499980926513672 -44.99995040893555 -8.199999809265137
vertex -30.500019073486328 -44.99995040893555 -11.899999618530273
endloop
endfacet
facet normal 0 -1 0
outer loop
vertex 35.99998092651367 -11.99994945526123 -4.099999904632568
vertex -30.500019073486328 -11.99994945526123 -11.899999618530273
vertex 35.99998092651367 -11.99994945526123 -8.199999809265137
endloop
endfacet
facet normal -1 0 0
outer loop
vertex 35.99998092651367 -11.99994945526123 -8.199999809265137
vertex 35.99998092651367 -11.99994945526123 -11.899999618530273
vertex 35.99998092651367 -26.999948501586914 -11.899999618530273
endloop
endfacet
facet normal -1 0 0
outer loop
vertex 35.99998092651367 -11.99994945526123 -8.199999809265137
vertex 35.99998092651367 -26.999948501586914 -11.899999618530273
vertex 35.99998092651367 -26.999948501586914 -8.199999809265137
endloop
endfacet
facet normal 0 0 1
outer loop
vertex -30.500019073486328 -11.99994945526123 -11.899999618530273
vertex 30.499980926513672 -26.999948501586914 -11.899999618530273
vertex 35.99998092651367 -11.99994945526123 -11.899999618530273
endloop
endfacet
facet normal 0 1 0
outer loop
vertex 30.499980926513672 -26.999948501586914 -11.899999618530273
vertex 35.99998092651367 -26.999948501586914 -8.199999809265137
vertex 35.99998092651367 -26.999948501586914 -11.899999618530273
endloop
endfacet
facet normal -1 0 0
outer loop
vertex 30.499980926513672 -26.999948501586914 -11.899999618530273
vertex 30.499980926513672 -44.99995040893555 -11.899999618530273
vertex 30.499980926513672 -26.999948501586914 -8.199999809265137
endloop
endfacet
facet normal 0 0 1
outer loop
vertex 30.499980926513672 -26.999948501586914 -11.899999618530273
vertex -30.500019073486328 -44.99995040893555 -11.899999618530273
vertex 30.499980926513672 -44.99995040893555 -11.899999618530273
endloop
endfacet
facet normal 0 -1 0
outer loop
vertex -30.500019073486328 -11.99994945526123 -4.099999904632568
vertex -30.500019073486328 -11.99994945526123 -11.899999618530273
vertex 35.99998092651367 -11.99994945526123 -4.099999904632568
endloop
endfacet
facet normal 1 0 0
outer loop
vertex -30.500019073486328 -44.99995040893555 -0.5
vertex -30.500019073486328 -44.99995040893555 -11.899999618530273
vertex -30.500019073486328 -44.699947357177734 -4.099999904632568
endloop
endfacet
facet normal 1 0 0
outer loop
vertex -30.500019073486328 -44.699947357177734 -4.099999904632568
vertex -30.500019073486328 -44.99995040893555 -11.899999618530273
vertex -30.500019073486328 -11.99994945526123 -4.099999904632568
endloop
endfacet
facet normal 1 0 0
outer loop
vertex -30.500019073486328 -11.99994945526123 -4.099999904632568
vertex -30.500019073486328 -44.99995040893555 -11.899999618530273
vertex -30.500019073486328 -11.99994945526123 -11.899999618530273
endloop
endfacet
facet normal 0 1 0
outer loop
vertex 30.499980926513672 -44.99995040893555 -8.199999809265137
vertex 30.499980926513672 -44.99995040893555 -11.899999618530273
vertex -30.500019073486328 -44.99995040893555 -11.899999618530273
endloop
endfacet
facet normal 0 1 0
outer loop
vertex -30.500019073486328 -44.99995040893555 -11.899999618530273
vertex -30.500019073486328 -44.99995040893555 -0.5
vertex 30.499980926513672 -44.99995040893555 -0.5
endloop
endfacet
facet normal 1 0 0
outer loop
vertex -30.500019073486328 -44.99995040893555 -0.5
vertex -30.500019073486328 -44.699947357177734 -4.099999904632568
vertex -30.500019073486328 -44.699947357177734 -0.5
endloop
endfacet
facet normal -1 0 0
outer loop
vertex 68.49998474121094 -44.699947357177734 -0.5
vertex 68.49998474121094 -44.699947357177734 -4.099999904632568
vertex 68.49998474121094 -44.99995040893555 -0.5
endloop
endfacet
facet normal 0 0 1
outer loop
vertex 40.449981689453125 -23.89995002746582 -8.199999809265137
vertex 40.449981689453125 -14.09994888305664 -8.199999809265137
vertex 35.99998092651367 -26.999948501586914 -8.199999809265137
endloop
endfacet
facet normal 0 0 1
outer loop
vertex 42.99998092651367 -35.99995040893555 -8.199999809265137
vertex 42.99998092651367 -44.99995040893555 -8.199999809265137
vertex 68.49998474121094 -44.99995040893555 -8.199999809265137
endloop
endfacet
facet normal 0 1 0
outer loop
vertex 68.49998474121094 -44.99995040893555 -8.199999809265137
vertex 55.028316497802734 -44.99995040893555 -5
vertex 67.0283203125 -44.99995040893555 -5
endloop
endfacet
facet normal 0 0 1
outer loop
vertex 44.54998016357422 -23.89995002746582 -8.199999809265137
vertex 68.49998474121094 -44.99995040893555 -8.199999809265137
vertex 68.49998474121094 -11.99994945526123 -8.199999809265137
endloop
endfacet
facet normal 0 0 1
outer loop
vertex 30.499980926513672 -26.999948501586914 -8.199999809265137
vertex 32.99998092651367 -35.99995040893555 -8.199999809265137
vertex 42.99998092651367 -35.99995040893555 -8.199999809265137
endloop
endfacet
facet normal -1 0 0
outer loop
vertex 68.49998474121094 -11.99994945526123 -8.199999809265137
vertex 68.49998474121094 -44.99995040893555 -8.199999809265137
vertex 68.49998474121094 -44.699947357177734 -4.099999904632568
endloop
endfacet
facet normal 0 1 0
outer loop
vertex 30.499980926513672 -44.99995040893555 -0.5
vertex 55.028316497802734 -44.99995040893555 -5
vertex 34.24998092651367 -44.99995040893555 -5.699999809265137
endloop
endfacet
facet normal 0 0 1
outer loop
vertex 30.499980926513672 -26.999948501586914 -8.199999809265137
vertex 30.499980926513672 -44.99995040893555 -8.199999809265137
vertex 32.99998092651367 -35.99995040893555 -8.199999809265137
endloop
endfacet
facet normal 0 1 0
outer loop
vertex 68.49998474121094 -44.99995040893555 -8.199999809265137
vertex 42.99998092651367 -44.99995040893555 -8.199999809265137
vertex 55.028316497802734 -44.99995040893555 -5
endloop
endfacet
facet normal 0 1 0
outer loop
vertex 42.99998092651367 -44.99995040893555 -8.199999809265137
vertex 42.74998092651367 -44.99995040893555 -8.199999809265137
vertex 42.74998092651367 -44.99995040893555 -6.699999809265137
endloop
endfacet
facet normal 0 0 1
outer loop
vertex 30.499980926513672 -44.99995040893555 -8.199999809265137
vertex 32.99998092651367 -44.99995040893555 -8.199999809265137
vertex 32.99998092651367 -35.99995040893555 -8.199999809265137
endloop
endfacet
facet normal 0 1 0
outer loop
vertex 55.028316497802734 -44.99995040893555 -5
vertex 42.13266372680664 -44.99995040893555 -5.776120662689209
vertex 41.74998092651367 -44.99995040893555 -5.699999809265137
endloop
endfacet
facet normal 0 1 0
outer loop
vertex 55.028316497802734 -44.99995040893555 -5
vertex 30.499980926513672 -44.99995040893555 -0.5
vertex 55.028316497802734 -44.99995040893555 -0.5
endloop
endfacet
facet normal 0 1 0
outer loop
vertex 68.49998474121094 -44.99995040893555 -0.5
vertex 68.49998474121094 -44.99995040893555 -8.199999809265137
vertex 67.0283203125 -44.99995040893555 -5
endloop
endfacet
facet normal 0 1 0
outer loop
vertex 33.24998092651367 -44.99995040893555 -8.199999809265137
vertex 32.99998092651367 -44.99995040893555 -8.199999809265137
vertex 33.24998092651367 -44.99995040893555 -6.699999809265137
endloop
endfacet
facet normal 0 1 0
outer loop
vertex 30.499980926513672 -44.99995040893555 -8.199999809265137
vertex 33.24998092651367 -44.99995040893555 -6.699999809265137
vertex 32.99998092651367 -44.99995040893555 -8.199999809265137
endloop
endfacet
facet normal 0 1 0
outer loop
vertex 55.028316497802734 -44.99995040893555 -5
vertex 42.457088470458984 -44.99995040893555 -5.992893218994141
vertex 42.13266372680664 -44.99995040893555 -5.776120662689209
endloop
endfacet
facet normal 0 1 0
outer loop
vertex 30.499980926513672 -44.99995040893555 -8.199999809265137
vertex 30.499980926513672 -44.99995040893555 -0.5
vertex 33.24998092651367 -44.99995040893555 -6.699999809265137
endloop
endfacet
facet normal 0 0 1
outer loop
vertex 40.449981689453125 -23.89995002746582 -8.199999809265137
vertex 68.49998474121094 -44.99995040893555 -8.199999809265137
vertex 44.54998016357422 -23.89995002746582 -8.199999809265137
endloop
endfacet
facet normal 0 0 1
outer loop
vertex 35.99998092651367 -26.999948501586914 -8.199999809265137
vertex 68.49998474121094 -44.99995040893555 -8.199999809265137
vertex 40.449981689453125 -23.89995002746582 -8.199999809265137
endloop
endfacet
facet normal -1 0 0
outer loop
vertex 68.49998474121094 -44.99995040893555 -8.199999809265137
vertex 68.49998474121094 -44.99995040893555 -0.5
vertex 68.49998474121094 -44.699947357177734 -4.099999904632568
endloop
endfacet
facet normal 0 0 1
outer loop
vertex 68.49998474121094 -44.99995040893555 -8.199999809265137
vertex 30.499980926513672 -26.999948501586914 -8.199999809265137
vertex 42.99998092651367 -35.99995040893555 -8.199999809265137
endloop
endfacet
facet normal 0 1 0
outer loop
vertex 55.028316497802734 -44.99995040893555 -5
vertex 42.74998092651367 -44.99995040893555 -6.699999809265137
vertex 42.67386245727539 -44.99995040893555 -6.31731653213501
endloop
endfacet
facet normal 0 1 0
outer loop
vertex 33.24998092651367 -44.99995040893555 -6.699999809265137
vertex 30.499980926513672 -44.99995040893555 -0.5
vertex 33.32610321044922 -44.99995040893555 -6.31731653213501
endloop
endfacet
facet normal 0 0 1
outer loop
vertex 35.99998092651367 -26.999948501586914 -8.199999809265137
vertex 30.499980926513672 -26.999948501586914 -8.199999809265137
vertex 68.49998474121094 -44.99995040893555 -8.199999809265137
endloop
endfacet
facet normal 0 1 0
outer loop
vertex 33.32610321044922 -44.99995040893555 -6.31731653213501
vertex 30.499980926513672 -44.99995040893555 -0.5
vertex 33.54287338256836 -44.99995040893555 -5.992893218994141
endloop
endfacet
facet normal 0 1 0
outer loop
vertex 33.54287338256836 -44.99995040893555 -5.992893218994141
vertex 30.499980926513672 -44.99995040893555 -0.5
vertex 33.8672981262207 -44.99995040893555 -5.776120662689209
endloop
endfacet
facet normal 0 1 0
outer loop
vertex 30.499980926513672 -44.99995040893555 -0.5
vertex 34.24998092651367 -44.99995040893555 -5.699999809265137
vertex 33.8672981262207 -44.99995040893555 -5.776120662689209
endloop
endfacet
facet normal 0 1 0
outer loop
vertex 55.028316497802734 -44.99995040893555 -5
vertex 42.67386245727539 -44.99995040893555 -6.31731653213501
vertex 42.457088470458984 -44.99995040893555 -5.992893218994141
endloop
endfacet
facet normal 0 -1 0
outer loop
vertex 68.49998474121094 -11.99994945526123 -4.099999904632568
vertex 35.99998092651367 -11.99994945526123 -8.199999809265137
vertex 68.49998474121094 -11.99994945526123 -8.199999809265137
endloop
endfacet
facet normal 0 1 0
outer loop
vertex 68.49998474121094 -44.99995040893555 -0.5
vertex 67.0283203125 -44.99995040893555 -5
vertex 67.0283203125 -44.99995040893555 -0.5
endloop
endfacet
facet normal -1 0 0
outer loop
vertex 68.49998474121094 -11.99994945526123 -8.199999809265137
vertex 68.49998474121094 -44.699947357177734 -4.099999904632568
vertex 68.49998474121094 -11.99994945526123 -4.099999904632568
endloop
endfacet
facet normal 0 -1 0
outer loop
vertex 35.99998092651367 -11.99994945526123 -4.099999904632568
vertex 35.99998092651367 -11.99994945526123 -8.199999809265137
vertex 68.49998474121094 -11.99994945526123 -4.099999904632568
endloop
endfacet
facet normal 0 0 1
outer loop
vertex 68.49998474121094 -11.99994945526123 -8.199999809265137
vertex 40.449981689453125 -14.09994888305664 -8.199999809265137
vertex 44.54998016357422 -14.09994888305664 -8.199999809265137
endloop
endfacet
facet normal 0 0 1
outer loop
vertex 35.99998092651367 -11.99994945526123 -8.199999809265137
vertex 40.449981689453125 -14.09994888305664 -8.199999809265137
vertex 68.49998474121094 -11.99994945526123 -8.199999809265137
endloop
endfacet
facet normal 0 0 1
outer loop
vertex 44.54998016357422 -14.09994888305664 -8.199999809265137
vertex 44.54998016357422 -23.89995002746582 -8.199999809265137
vertex 68.49998474121094 -11.99994945526123 -8.199999809265137
endloop
endfacet
facet normal 0 0 1
outer loop
vertex 35.99998092651367 -11.99994945526123 -8.199999809265137
vertex 35.99998092651367 -26.999948501586914 -8.199999809265137
vertex 40.449981689453125 -14.09994888305664 -8.199999809265137
endloop
endfacet
facet normal 0 1 0
outer loop
vertex 42.99998092651367 -44.99995040893555 -8.199999809265137
vertex 42.74998092651367 -44.99995040893555 -6.699999809265137
vertex 55.028316497802734 -44.99995040893555 -5
endloop
endfacet
facet normal 0 1 0
outer loop
vertex 41.74998092651367 -44.99995040893555 -5.699999809265137
vertex 34.24998092651367 -44.99995040893555 -5.699999809265137
vertex 55.028316497802734 -44.99995040893555 -5
endloop
endfacet
facet normal 0 1 0
outer loop
vertex 41.74998092651367 -44.99995040893555 -9.199999809265137
vertex 42.99998092651367 -44.99995040893555 -9.5
vertex 32.99998092651367 -44.99995040893555 -9.5
endloop
endfacet
facet normal -1 0 0
outer loop
vertex 42.99998092651367 -35.99995040893555 -9.5
vertex 42.99998092651367 -44.99995040893555 -9.5
vertex 42.99998092651367 -44.99995040893555 -8.199999809265137
endloop
endfacet
facet normal -1 0 0
outer loop
vertex 42.99998092651367 -35.99995040893555 -9.5
vertex 42.99998092651367 -44.99995040893555 -8.199999809265137
vertex 42.99998092651367 -35.99995040893555 -8.199999809265137
endloop
endfacet
facet normal 0 0 1
outer loop
vertex 32.99998092651367 -35.99995040893555 -9.5
vertex 42.99998092651367 -44.99995040893555 -9.5
vertex 42.99998092651367 -35.99995040893555 -9.5
endloop
endfacet
facet normal 0 0 1
outer loop
vertex 32.99998092651367 -35.99995040893555 -9.5
vertex 32.99998092651367 -44.99995040893555 -9.5
vertex 42.99998092651367 -44.99995040893555 -9.5
endloop
endfacet
facet normal 0 1 0
outer loop
vertex 42.74998092651367 -44.99995040893555 -8.199999809265137
vertex 42.99998092651367 -44.99995040893555 -8.199999809265137
vertex 42.99998092651367 -44.99995040893555 -9.5
endloop
endfacet
facet normal 1 0 0
outer loop
vertex 32.99998092651367 -44.99995040893555 -8.199999809265137
vertex 32.99998092651367 -44.99995040893555 -9.5
vertex 32.99998092651367 -35.99995040893555 -8.199999809265137
endloop
endfacet
facet normal 1 0 0
outer loop
vertex 32.99998092651367 -35.99995040893555 -8.199999809265137
vertex 32.99998092651367 -44.99995040893555 -9.5
vertex 32.99998092651367 -35.99995040893555 -9.5
endloop
endfacet
facet normal 0 -1 0
outer loop
vertex 42.99998092651367 -35.99995040893555 -8.199999809265137
vertex 32.99998092651367 -35.99995040893555 -9.5
vertex 42.99998092651367 -35.99995040893555 -9.5
endloop
endfacet
facet normal 0 1 0
outer loop
vertex 42.67386245727539 -44.99995040893555 -8.582683563232422
vertex 42.74998092651367 -44.99995040893555 -8.199999809265137
vertex 42.99998092651367 -44.99995040893555 -9.5
endloop
endfacet
facet normal 0 1 0
outer loop
vertex 42.457088470458984 -44.99995040893555 -8.907106399536133
vertex 42.67386245727539 -44.99995040893555 -8.582683563232422
vertex 42.99998092651367 -44.99995040893555 -9.5
endloop
endfacet
facet normal 0 1 0
outer loop
vertex 42.99998092651367 -44.99995040893555 -9.5
vertex 42.13266372680664 -44.99995040893555 -9.123879432678223
vertex 42.457088470458984 -44.99995040893555 -8.907106399536133
endloop
endfacet
facet normal 0 1 0
outer loop
vertex 33.24998092651367 -44.99995040893555 -8.199999809265137
vertex 33.32610321044922 -44.99995040893555 -8.582683563232422
vertex 32.99998092651367 -44.99995040893555 -8.199999809265137
endloop
endfacet
facet normal 0 1 0
outer loop
vertex 33.32610321044922 -44.99995040893555 -8.582683563232422
vertex 32.99998092651367 -44.99995040893555 -9.5
vertex 32.99998092651367 -44.99995040893555 -8.199999809265137
endloop
endfacet
facet normal 0 -1 0
outer loop
vertex 32.99998092651367 -35.99995040893555 -8.199999809265137
vertex 32.99998092651367 -35.99995040893555 -9.5
vertex 42.99998092651367 -35.99995040893555 -8.199999809265137
endloop
endfacet
facet normal 0 1 0
outer loop
vertex 33.54287338256836 -44.99995040893555 -8.907106399536133
vertex 32.99998092651367 -44.99995040893555 -9.5
vertex 33.32610321044922 -44.99995040893555 -8.582683563232422
endloop
endfacet
facet normal 0 1 0
outer loop
vertex 33.8672981262207 -44.99995040893555 -9.123879432678223
vertex 32.99998092651367 -44.99995040893555 -9.5
vertex 33.54287338256836 -44.99995040893555 -8.907106399536133
endloop
endfacet
facet normal 0 1 0
outer loop
vertex 32.99998092651367 -44.99995040893555 -9.5
vertex 33.8672981262207 -44.99995040893555 -9.123879432678223
vertex 34.24998092651367 -44.99995040893555 -9.199999809265137
endloop
endfacet
facet normal 0 1 0
outer loop
vertex 42.99998092651367 -44.99995040893555 -9.5
vertex 41.74998092651367 -44.99995040893555 -9.199999809265137
vertex 42.13266372680664 -44.99995040893555 -9.123879432678223
endloop
endfacet
facet normal 0 1 0
outer loop
vertex 34.24998092651367 -44.99995040893555 -9.199999809265137
vertex 41.74998092651367 -44.99995040893555 -9.199999809265137
vertex 32.99998092651367 -44.99995040893555 -9.5
endloop
endfacet
facet normal -1 0 0
outer loop
vertex 44.54998016357422 -14.09994888305664 -10
vertex 44.54998016357422 -23.89995002746582 -10
vertex 44.54998016357422 -23.89995002746582 -8.199999809265137
endloop
endfacet
facet normal 0 0 1
outer loop
vertex 43.74998092651367 -22.249948501586914 -10
vertex 40.449981689453125 -23.89995002746582 -10
vertex 44.54998016357422 -23.89995002746582 -10
endloop
endfacet
facet normal 0 0 1
outer loop
vertex 40.449981689453125 -23.89995002746582 -10
vertex 43.74998092651367 -22.249948501586914 -10
vertex 41.24998092651367 -22.249948501586914 -10
endloop
endfacet
facet normal 0 0 1
outer loop
vertex 44.54998016357422 -14.09994888305664 -10
vertex 41.24998092651367 -15.74994945526123 -10
vertex 43.74998092651367 -15.74994945526123 -10
endloop
endfacet
facet normal 0 0 1
outer loop
vertex 40.449981689453125 -14.09994888305664 -10
vertex 41.24998092651367 -15.74994945526123 -10
vertex 44.54998016357422 -14.09994888305664 -10
endloop
endfacet
facet normal 0 0 1
outer loop
vertex 40.449981689453125 -23.89995002746582 -10
vertex 41.24998092651367 -22.249948501586914 -10
vertex 41.24998092651367 -15.74994945526123 -10
endloop
endfacet
facet normal 1 0 0
outer loop
vertex 40.449981689453125 -23.89995002746582 -10
vertex 40.449981689453125 -14.09994888305664 -8.199999809265137
vertex 40.449981689453125 -23.89995002746582 -8.199999809265137
endloop
endfacet
facet normal 0 0 1
outer loop
vertex 43.74998092651367 -15.74994945526123 -10
vertex 43.74998092651367 -22.249948501586914 -10
vertex 44.54998016357422 -14.09994888305664 -10
endloop
endfacet
facet normal 0 0 1
outer loop
vertex 43.74998092651367 -22.249948501586914 -10
vertex 44.54998016357422 -23.89995002746582 -10
vertex 44.54998016357422 -14.09994888305664 -10
endloop
endfacet
facet normal 0 1 0
outer loop
vertex 44.54998016357422 -23.89995002746582 -10
vertex 40.449981689453125 -23.89995002746582 -10
vertex 40.449981689453125 -23.89995002746582 -8.199999809265137
endloop
endfacet
facet normal 0 -1 0
outer loop
vertex 40.449981689453125 -14.09994888305664 -8.199999809265137
vertex 40.449981689453125 -14.09994888305664 -10
vertex 44.54998016357422 -14.09994888305664 -8.199999809265137
endloop
endfacet
facet normal 0 -1 0
outer loop
vertex 40.449981689453125 -14.09994888305664 -10
vertex 44.54998016357422 -14.09994888305664 -10
vertex 44.54998016357422 -14.09994888305664 -8.199999809265137
endloop
endfacet
facet normal -1 0 0
outer loop
vertex 44.54998016357422 -14.09994888305664 -10
vertex 44.54998016357422 -23.89995002746582 -8.199999809265137
vertex 44.54998016357422 -14.09994888305664 -8.199999809265137
endloop
endfacet
facet normal 1 0 0
outer loop
vertex 40.449981689453125 -14.09994888305664 -8.199999809265137
vertex 40.449981689453125 -23.89995002746582 -10
vertex 40.449981689453125 -14.09994888305664 -10
endloop
endfacet
facet normal 0 0 1
outer loop
vertex 40.449981689453125 -23.89995002746582 -10
vertex 41.24998092651367 -15.74994945526123 -10
vertex 40.449981689453125 -14.09994888305664 -10
endloop
endfacet
facet normal 0 1 0
outer loop
vertex 44.54998016357422 -23.89995002746582 -10
vertex 40.449981689453125 -23.89995002746582 -8.199999809265137
vertex 44.54998016357422 -23.89995002746582 -8.199999809265137
endloop
endfacet
facet normal 0 1 0
outer loop
vertex 43.74998092651367 -22.249948501586914 -10
vertex 41.24998092651367 -22.249948501586914 -11.699999809265137
vertex 41.24998092651367 -22.249948501586914 -10
endloop
endfacet
facet normal 1 0 0
outer loop
vertex 41.24998092651367 -22.249948501586914 -11.699999809265137
vertex 41.24998092651367 -15.74994945526123 -11.699999809265137
vertex 41.24998092651367 -22.249948501586914 -10
endloop
endfacet
facet normal 0 -1 0
outer loop
vertex 41.24998092651367 -15.74994945526123 -10
vertex 43.74998092651367 -15.74994945526123 -11.699999809265137
vertex 43.74998092651367 -15.74994945526123 -10
endloop
endfacet
facet normal 0 1 0
outer loop
vertex 43.74998092651367 -22.249948501586914 -11.699999809265137
vertex 41.24998092651367 -22.249948501586914 -11.699999809265137
vertex 43.74998092651367 -22.249948501586914 -10
endloop
endfacet
facet normal 0 -1 0
outer loop
vertex 43.74998092651367 -15.74994945526123 -11.699999809265137
vertex 41.24998092651367 -15.74994945526123 -10
vertex 41.24998092651367 -15.74994945526123 -11.699999809265137
endloop
endfacet
facet normal -1 0 0
outer loop
vertex 43.74998092651367 -22.249948501586914 -11.699999809265137
vertex 43.74998092651367 -22.249948501586914 -10
vertex 43.74998092651367 -15.74994945526123 -10
endloop
endfacet
facet normal 1 0 0
outer loop
vertex 41.24998092651367 -15.74994945526123 -10
vertex 41.24998092651367 -22.249948501586914 -10
vertex 41.24998092651367 -15.74994945526123 -11.699999809265137
endloop
endfacet
facet normal -1 0 0
outer loop
vertex 43.74998092651367 -22.249948501586914 -11.699999809265137
vertex 43.74998092651367 -15.74994945526123 -10
vertex 43.74998092651367 -15.74994945526123 -11.699999809265137
endloop
endfacet
facet normal 0.9807863847094385 -0.19508477021179677 0
outer loop
vertex 37.99998092651367 -11.99994945526123 -14.68341064453125
vertex 38.03804016113281 -11.80860710144043 -14.6568603515625
vertex 38.03804016113281 -11.80860710144043 -11.699999809265137
endloop
endfacet
facet normal 0 0 -1
outer loop
vertex 57.99998092651367 -11.99994945526123 -11.699999809265137
vertex 57.96192169189453 -26.1912899017334 -11.699999809265137
vertex 57.96192169189453 -11.80860710144043 -11.699999809265137
endloop
endfacet
facet normal 0.831469252991977 0.5555707707654927 0
outer loop
vertex 38.146427154541016 -26.35350227355957 -11.699999809265137
vertex 38.146427154541016 -26.35350227355957 -16.67513084411621
vertex 38.03804016113281 -26.1912899017334 -11.699999809265137
endloop
endfacet
facet normal 0.9807861986664705 0.19508570553829574 0
outer loop
vertex 38.03804016113281 -26.1912899017334 -11.699999809265137
vertex 38.03804016113281 -26.1912899017334 -16.65262222290039
vertex 37.99998092651367 -25.999948501586914 -11.699999809265137
endloop
endfacet
facet normal -0.9807861986664705 0.19508570553829574 0
outer loop
vertex 57.99998092651367 -25.999948501586914 -16.62607192993164
vertex 57.96192169189453 -26.1912899017334 -16.65262222290039
vertex 57.96192169189453 -26.1912899017334 -11.699999809265137
endloop
endfacet
facet normal -0.831469252991977 0.5555707707654927 0
outer loop
vertex 57.96192169189453 -26.1912899017334 -16.65262222290039
vertex 57.85353469848633 -26.35350227355957 -16.67513084411621
vertex 57.85353469848633 -26.35350227355957 -11.699999809265137
endloop
endfacet
facet normal -0.8314677441500905 -0.5555730288971555 0
outer loop
vertex 57.96192169189453 -11.80860710144043 -11.699999809265137
vertex 57.85353469848633 -11.646395683288574 -11.699999809265137
vertex 57.85353469848633 -11.646395683288574 -14.634350776672363
endloop
endfacet
facet normal -0.5555673912342671 -0.8314715111157752 0
outer loop
vertex 57.85353469848633 -11.646395683288574 -11.699999809265137
vertex 57.691322326660156 -11.538009643554688 -11.699999809265137
vertex 57.691322326660156 -11.538009643554688 -14.619311332702637
endloop
endfacet
facet normal -0.19509040787318935 -0.9807852633251952 0
outer loop
vertex 57.49998092651367 -11.49994945526123 -11.699999809265137
vertex 57.49998092651367 -11.49994945526123 -14.614029884338379
vertex 57.691322326660156 -11.538009643554688 -11.699999809265137
endloop
endfacet
facet normal -0.9807863847094385 -0.19508477021179677 0
outer loop
vertex 57.96192169189453 -11.80860710144043 -11.699999809265137
vertex 57.96192169189453 -11.80860710144043 -14.6568603515625
vertex 57.99998092651367 -11.99994945526123 -11.699999809265137
endloop
endfacet
facet normal -0.8314677441500905 -0.5555730288971555 0
outer loop
vertex 57.96192169189453 -11.80860710144043 -14.6568603515625
vertex 57.96192169189453 -11.80860710144043 -11.699999809265137
vertex 57.85353469848633 -11.646395683288574 -14.634350776672363
endloop
endfacet
facet normal -0.5555707707654927 0.8314692529919772 0
outer loop
vertex 57.85353469848633 -26.35350227355957 -16.67513084411621
vertex 57.691322326660156 -26.461889266967773 -16.690170288085938
vertex 57.691322326660156 -26.461889266967773 -11.699999809265137
endloop
endfacet
facet normal -0.19508570553829574 0.9807861986664705 0
outer loop
vertex 57.691322326660156 -26.461889266967773 -16.690170288085938
vertex 57.49998092651367 -26.499948501586914 -16.695451736450195
vertex 57.49998092651367 -26.499948501586914 -11.699999809265137
endloop
endfacet
facet normal 0.19508570553829574 0.9807861986664705 0
outer loop
vertex 38.49998092651367 -26.499948501586914 -11.699999809265137
vertex 38.49998092651367 -26.499948501586914 -16.695451736450195
vertex 38.30863952636719 -26.461889266967773 -11.699999809265137
endloop
endfacet
facet normal 0 1 0
outer loop
vertex 57.49998092651367 -26.499948501586914 -11.699999809265137
vertex 57.49998092651367 -26.499948501586914 -16.695451736450195
vertex 38.49998092651367 -26.499948501586914 -11.699999809265137
endloop
endfacet
facet normal -0.19508570553829574 0.9807861986664705 0
outer loop
vertex 57.691322326660156 -26.461889266967773 -11.699999809265137
vertex 57.691322326660156 -26.461889266967773 -16.690170288085938
vertex 57.49998092651367 -26.499948501586914 -11.699999809265137
endloop
endfacet
facet normal -0.5555707707654927 0.831469252991977 0
outer loop
vertex 57.85353469848633 -26.35350227355957 -11.699999809265137
vertex 57.85353469848633 -26.35350227355957 -16.67513084411621
vertex 57.691322326660156 -26.461889266967773 -11.699999809265137
endloop
endfacet
facet normal -0.831469252991977 0.5555707707654927 0
outer loop
vertex 57.96192169189453 -26.1912899017334 -11.699999809265137
vertex 57.96192169189453 -26.1912899017334 -16.65262222290039
vertex 57.85353469848633 -26.35350227355957 -11.699999809265137
endloop
endfacet
facet normal -0.9807861986664705 0.19508570553829574 0
outer loop
vertex 57.99998092651367 -25.999948501586914 -16.62607192993164
vertex 57.96192169189453 -26.1912899017334 -11.699999809265137
vertex 57.99998092651367 -25.999948501586914 -11.699999809265137
endloop
endfacet
facet normal 1 0 0
outer loop
vertex 37.99998092651367 -25.999948501586914 -11.699999809265137
vertex 37.99998092651367 -25.999948501586914 -16.62607192993164
vertex 37.99998092651367 -11.99994945526123 -11.699999809265137
endloop
endfacet
facet normal 1 0 0
outer loop
vertex 37.99998092651367 -11.99994945526123 -11.699999809265137
vertex 37.99998092651367 -25.999948501586914 -16.62607192993164
vertex 37.99998092651367 -11.99994945526123 -14.68341064453125
endloop
endfacet
facet normal 0 0 -1
outer loop
vertex 38.30863952636719 -26.461889266967773 -11.699999809265137
vertex 38.146427154541016 -26.35350227355957 -11.699999809265137
vertex 38.30863952636719 -11.538009643554688 -11.699999809265137
endloop
endfacet
facet normal 0 1 0
outer loop
vertex 57.49998092651367 -26.499948501586914 -16.695451736450195
vertex 38.49998092651367 -26.499948501586914 -16.695451736450195
vertex 38.49998092651367 -26.499948501586914 -11.699999809265137
endloop
endfacet
facet normal 0.19508570553829574 0.9807861986664705 0
outer loop
vertex 38.49998092651367 -26.499948501586914 -16.695451736450195
vertex 38.30863952636719 -26.461889266967773 -16.690170288085938
vertex 38.30863952636719 -26.461889266967773 -11.699999809265137
endloop
endfacet
facet normal 0.9807861986664705 0.19508570553829574 0
outer loop
vertex 38.03804016113281 -26.1912899017334 -16.65262222290039
vertex 37.99998092651367 -25.999948501586914 -16.62607192993164
vertex 37.99998092651367 -25.999948501586914 -11.699999809265137
endloop
endfacet
facet normal 0.5555707707654927 0.831469252991977 0
outer loop
vertex 38.30863952636719 -26.461889266967773 -16.690170288085938
vertex 38.146427154541016 -26.35350227355957 -16.67513084411621
vertex 38.146427154541016 -26.35350227355957 -11.699999809265137
endloop
endfacet
facet normal 0.831469252991977 0.5555707707654927 0
outer loop
vertex 38.146427154541016 -26.35350227355957 -16.67513084411621
vertex 38.03804016113281 -26.1912899017334 -16.65262222290039
vertex 38.03804016113281 -26.1912899017334 -11.699999809265137
endloop
endfacet
facet normal 0 0 -1
outer loop
vertex 38.03804016113281 -26.1912899017334 -11.699999809265137
vertex 37.99998092651367 -25.999948501586914 -11.699999809265137
vertex 38.03804016113281 -11.80860710144043 -11.699999809265137
endloop
endfacet
facet normal 0 0 -1
outer loop
vertex 38.146427154541016 -26.35350227355957 -11.699999809265137
vertex 38.03804016113281 -26.1912899017334 -11.699999809265137
vertex 38.146427154541016 -11.646395683288574 -11.699999809265137
endloop
endfacet
facet normal 0 0 -1
outer loop
vertex 38.49998092651367 -26.499948501586914 -11.699999809265137
vertex 38.30863952636719 -26.461889266967773 -11.699999809265137
vertex 38.49998092651367 -11.49994945526123 -11.699999809265137
endloop
endfacet
facet normal 0 0 -1
outer loop
vertex 38.49998092651367 -26.499948501586914 -11.699999809265137
vertex 41.24998092651367 -15.74994945526123 -11.699999809265137
vertex 41.24998092651367 -22.249948501586914 -11.699999809265137
endloop
endfacet
facet normal 0 0 -1
outer loop
vertex 41.24998092651367 -22.249948501586914 -11.699999809265137
vertex 43.74998092651367 -22.249948501586914 -11.699999809265137
vertex 38.49998092651367 -26.499948501586914 -11.699999809265137
endloop
endfacet
facet normal 0 0 -1
outer loop
vertex 41.24998092651367 -15.74994945526123 -11.699999809265137
vertex 38.49998092651367 -26.499948501586914 -11.699999809265137
vertex 38.49998092651367 -11.49994945526123 -11.699999809265137
endloop
endfacet
facet normal 0 0 -1
outer loop
vertex 38.03804016113281 -11.80860710144043 -11.699999809265137
vertex 37.99998092651367 -25.999948501586914 -11.699999809265137
vertex 37.99998092651367 -11.99994945526123 -11.699999809265137
endloop
endfacet
facet normal 0 0 -1
outer loop
vertex 38.146427154541016 -11.646395683288574 -11.699999809265137
vertex 38.03804016113281 -26.1912899017334 -11.699999809265137
vertex 38.03804016113281 -11.80860710144043 -11.699999809265137
endloop
endfacet
facet normal 0 0 -1
outer loop
vertex 38.30863952636719 -11.538009643554688 -11.699999809265137
vertex 38.146427154541016 -26.35350227355957 -11.699999809265137
vertex 38.146427154541016 -11.646395683288574 -11.699999809265137
endloop
endfacet
facet normal 0 0 -1
outer loop
vertex 38.49998092651367 -11.49994945526123 -11.699999809265137
vertex 38.30863952636719 -26.461889266967773 -11.699999809265137
vertex 38.30863952636719 -11.538009643554688 -11.699999809265137
endloop
endfacet
facet normal -0.5555673912342672 -0.8314715111157752 0
outer loop
vertex 57.85353469848633 -11.646395683288574 -14.634350776672363
vertex 57.85353469848633 -11.646395683288574 -11.699999809265137
vertex 57.691322326660156 -11.538009643554688 -14.619311332702637
endloop
endfacet
facet normal 0 0 -1
outer loop
vertex 38.49998092651367 -26.499948501586914 -11.699999809265137
vertex 43.74998092651367 -22.249948501586914 -11.699999809265137
vertex 57.49998092651367 -11.49994945526123 -11.699999809265137
endloop
endfacet
facet normal 0 0 -1
outer loop
vertex 57.49998092651367 -26.499948501586914 -11.699999809265137
vertex 38.49998092651367 -26.499948501586914 -11.699999809265137
vertex 57.49998092651367 -11.49994945526123 -11.699999809265137
endloop
endfacet
facet normal 0 0 -1
outer loop
vertex 57.49998092651367 -11.49994945526123 -11.699999809265137
vertex 43.74998092651367 -22.249948501586914 -11.699999809265137
vertex 43.74998092651367 -15.74994945526123 -11.699999809265137
endloop
endfacet
facet normal 0 0 -1
outer loop
vertex 43.74998092651367 -15.74994945526123 -11.699999809265137
vertex 41.24998092651367 -15.74994945526123 -11.699999809265137
vertex 57.49998092651367 -11.49994945526123 -11.699999809265137
endloop
endfacet
facet normal -0.19509040787318932 -0.9807852633251952 0
outer loop
vertex 57.49998092651367 -11.49994945526123 -14.614029884338379
vertex 57.691322326660156 -11.538009643554688 -14.619311332702637
vertex 57.691322326660156 -11.538009643554688 -11.699999809265137
endloop
endfacet
facet normal 0.8314677441500905 -0.5555730288971555 0
outer loop
vertex 38.03804016113281 -11.80860710144043 -14.6568603515625
vertex 38.146427154541016 -11.646395683288574 -14.634350776672363
vertex 38.146427154541016 -11.646395683288574 -11.699999809265137
endloop
endfacet
facet normal -0.9807863847094384 -0.19508477021179674 0
outer loop
vertex 57.96192169189453 -11.80860710144043 -14.6568603515625
vertex 57.99998092651367 -11.99994945526123 -14.68341064453125
vertex 57.99998092651367 -11.99994945526123 -11.699999809265137
endloop
endfacet
facet normal 0 0 -1
outer loop
vertex 57.96192169189453 -11.80860710144043 -11.699999809265137
vertex 57.85353469848633 -26.35350227355957 -11.699999809265137
vertex 57.85353469848633 -11.646395683288574 -11.699999809265137
endloop
endfacet
facet normal 0.5555673912342671 -0.8314715111157752 0
outer loop
vertex 38.146427154541016 -11.646395683288574 -14.634350776672363
vertex 38.30863952636719 -11.538009643554688 -14.619311332702637
vertex 38.30863952636719 -11.538009643554688 -11.699999809265137
endloop
endfacet
facet normal 0.19509040787318935 -0.9807852633251952 0
outer loop
vertex 38.30863952636719 -11.538009643554688 -14.619311332702637
vertex 38.49998092651367 -11.49994945526123 -14.614029884338379
vertex 38.49998092651367 -11.49994945526123 -11.699999809265137
endloop
endfacet
facet normal 0 0 -1
outer loop
vertex 57.85353469848633 -11.646395683288574 -11.699999809265137
vertex 57.691322326660156 -26.461889266967773 -11.699999809265137
vertex 57.691322326660156 -11.538009643554688 -11.699999809265137
endloop
endfacet
facet normal 0.9807863847094384 -0.19508477021179674 0
outer loop
vertex 37.99998092651367 -11.99994945526123 -11.699999809265137
vertex 37.99998092651367 -11.99994945526123 -14.68341064453125
vertex 38.03804016113281 -11.80860710144043 -11.699999809265137
endloop
endfacet
facet normal 0.8314677441500905 -0.5555730288971555 0
outer loop
vertex 38.146427154541016 -11.646395683288574 -11.699999809265137
vertex 38.03804016113281 -11.80860710144043 -11.699999809265137
vertex 38.03804016113281 -11.80860710144043 -14.6568603515625
endloop
endfacet
facet normal 0.5555673912342672 -0.8314715111157752 0
outer loop
vertex 38.30863952636719 -11.538009643554688 -11.699999809265137
vertex 38.146427154541016 -11.646395683288574 -11.699999809265137
vertex 38.146427154541016 -11.646395683288574 -14.634350776672363
endloop
endfacet
facet normal 0.19509040787318932 -0.9807852633251952 0
outer loop
vertex 38.49998092651367 -11.49994945526123 -11.699999809265137
vertex 38.30863952636719 -11.538009643554688 -11.699999809265137
vertex 38.30863952636719 -11.538009643554688 -14.619311332702637
endloop
endfacet
facet normal 0 -1 0
outer loop
vertex 38.49998092651367 -11.49994945526123 -11.699999809265137
vertex 38.49998092651367 -11.49994945526123 -14.614029884338379
vertex 57.49998092651367 -11.49994945526123 -11.699999809265137
endloop
endfacet
facet normal 0 -1 0
outer loop
vertex 57.49998092651367 -11.49994945526123 -11.699999809265137
vertex 38.49998092651367 -11.49994945526123 -14.614029884338379
vertex 57.49998092651367 -11.49994945526123 -14.614029884338379
endloop
endfacet
facet normal 0 0 -1
outer loop
vertex 57.49998092651367 -11.49994945526123 -11.699999809265137
vertex 41.24998092651367 -15.74994945526123 -11.699999809265137
vertex 38.49998092651367 -11.49994945526123 -11.699999809265137
endloop
endfacet
facet normal -1 0 0
outer loop
vertex 57.99998092651367 -11.99994945526123 -14.68341064453125
vertex 57.99998092651367 -25.999948501586914 -16.62607192993164
vertex 57.99998092651367 -25.999948501586914 -11.699999809265137
endloop
endfacet
facet normal -1 0 0
outer loop
vertex 57.99998092651367 -11.99994945526123 -14.68341064453125
vertex 57.99998092651367 -25.999948501586914 -11.699999809265137
vertex 57.99998092651367 -11.99994945526123 -11.699999809265137
endloop
endfacet
facet normal 0 0 -1
outer loop
vertex 57.691322326660156 -26.461889266967773 -11.699999809265137
vertex 57.49998092651367 -26.499948501586914 -11.699999809265137
vertex 57.691322326660156 -11.538009643554688 -11.699999809265137
endloop
endfacet
facet normal 0 0 -1
outer loop
vertex 57.85353469848633 -26.35350227355957 -11.699999809265137
vertex 57.691322326660156 -26.461889266967773 -11.699999809265137
vertex 57.85353469848633 -11.646395683288574 -11.699999809265137
endloop
endfacet
facet normal 0 0 -1
outer loop
vertex 57.96192169189453 -26.1912899017334 -11.699999809265137
vertex 57.85353469848633 -26.35350227355957 -11.699999809265137
vertex 57.96192169189453 -11.80860710144043 -11.699999809265137
endloop
endfacet
facet normal 0 0 -1
outer loop
vertex 57.99998092651367 -25.999948501586914 -11.699999809265137
vertex 57.96192169189453 -26.1912899017334 -11.699999809265137
vertex 57.99998092651367 -11.99994945526123 -11.699999809265137
endloop
endfacet
facet normal 0 0 -1
outer loop
vertex 57.691322326660156 -11.538009643554688 -11.699999809265137
vertex 57.49998092651367 -26.499948501586914 -11.699999809265137
vertex 57.49998092651367 -11.49994945526123 -11.699999809265137
endloop
endfacet
facet normal 0.5555707707654927 0.8314692529919772 0
outer loop
vertex 38.30863952636719 -26.461889266967773 -11.699999809265137
vertex 38.30863952636719 -26.461889266967773 -16.690170288085938
vertex 38.146427154541016 -26.35350227355957 -11.699999809265137
endloop
endfacet
facet normal 0 -0.7071067811865476 0.7071067811865476
outer loop
vertex 56.528316497802734 -47.199947357177734 -0.5
vertex -51.04973602294922 -47.199947357177734 -0.5
vertex 56.528316497802734 -47.699947357177734 -1
endloop
endfacet
facet normal 0 -0.7071067811865476 0.7071067811865476
outer loop
vertex -63.71513366699219 -47.699947357177734 -1
vertex -68.11567687988281 -47.199947357177734 -0.5
vertex -68.21513366699219 -47.699947357177734 -1
endloop
endfacet
facet normal 0 -0.7071067811865475 0.7071067811865475
outer loop
vertex 70.0283203125 -47.699947357177734 -1
vertex 69.8219223022461 -47.199947357177734 -0.5
vertex 65.5283203125 -47.199947357177734 -0.5
endloop
endfacet
facet normal 0 -0.7071067811865475 0.7071067811865475
outer loop
vertex -51.04973602294922 -47.199947357177734 -0.5
vertex -54.71513366699219 -47.699947357177734 -1
vertex 56.528316497802734 -47.699947357177734 -1
endloop
endfacet
facet normal 0 -0.7071067811865476 0.7071067811865476
outer loop
vertex -63.71513366699219 -47.699947357177734 -1
vertex -63.71513366699219 -47.199947357177734 -0.5
vertex -68.11567687988281 -47.199947357177734 -0.5
endloop
endfacet
facet normal 0 -0.7071067811865476 0.7071067811865476
outer loop
vertex -51.04973602294922 -47.199947357177734 -0.5
vertex -54.71513366699219 -47.199947357177734 -0.5
vertex -54.71513366699219 -47.699947357177734 -1
endloop
endfacet
facet normal 0 -0.7071067811865476 0.7071067811865476
outer loop
vertex 65.5283203125 -47.699947357177734 -1
vertex 70.0283203125 -47.699947357177734 -1
vertex 65.5283203125 -47.199947357177734 -0.5
endloop
endfacet
facet normal 0.4987868039662085 -0.5012098579943746 0.7071070657534358
outer loop
vertex 70.0283203125 -47.699947357177734 -1
vertex 70.32850646972656 -46.6958122253418 -0.5
vertex 69.8219223022461 -47.199947357177734 -0.5
endloop
endfacet
facet normal 0.498789329780809 -0.5012097603664043 0.7071053532609287
outer loop
vertex 70.32850646972656 -46.6958122253418 -0.5
vertex 70.0283203125 -47.699947357177734 -1
vertex 71.03389739990234 -46.69922637939453 -1
endloop
endfacet
facet normal 0.7070997365050092 -0.003424073948339187 0.7071055355123044
outer loop
vertex 71.8891830444336 -24.213184356689453 -1
vertex 71.38919067382812 -24.21076202392578 -0.5
vertex 71.87954711914062 -26.203083038330078 -1
endloop
endfacet
facet normal 0.7070997365050092 -0.003424073948339187 0.7071055355123044
outer loop
vertex 71.37955474853516 -26.200660705566406 -0.5
vertex 71.87954711914062 -26.203083038330078 -1
vertex 71.38919067382812 -24.21076202392578 -0.5
endloop
endfacet
facet normal 0.7070943418459751 -0.003424047825134064 0.7071109302124375
outer loop
vertex 72.10702514648438 20.766132354736328 -1
vertex 71.60702514648438 20.7685546875 -0.5
vertex 71.5973892211914 18.778656005859375 -0.5
endloop
endfacet
facet normal 0.7070997233714639 -0.003426784948782802 0.7071055355128498
outer loop
vertex 72.09738159179688 18.776233673095703 -1
vertex 72.10702514648438 20.766132354736328 -1
vertex 71.5973892211914 18.778656005859375 -0.5
endloop
endfacet
facet normal 0.7070997393642324 -0.003424073551931321 0.7071055326550243
outer loop
vertex 71.99810028076172 -1.7235251665115356 -1
vertex 71.49810791015625 -1.7211036682128906 -0.5
vertex 71.48847198486328 -3.7110025882720947 -0.5
endloop
endfacet
facet normal 0.7070997397714157 -0.0034240737590297736 0.7071055322468415
outer loop
vertex 71.98846435546875 -3.71342396736145 -1
vertex 71.99810028076172 -1.7235251665115356 -1
vertex 71.48847198486328 -3.7110025882720947 -0.5
endloop
endfacet
facet normal 0.6602721838611474 0.2530516355764969 0.7071106794210444
outer loop
vertex 71.7999038696289 41.566802978515625 -1
vertex 71.3665771484375 41.300289154052734 -0.5
vertex 71.91468811035156 41.267303466796875 -1
endloop
endfacet
facet normal 0.5236816957417729 0.47513427313128914 0.7071102488587071
outer loop
vertex 71.7999038696289 41.566802978515625 -1
vertex 69.22137451171875 43.66468048095703 -0.5
vertex 71.3665771484375 41.300289154052734 -0.5
endloop
endfacet
facet normal 0.5236847723722332 0.47513942236215734 0.7071045103114517
outer loop
vertex 69.22137451171875 43.66468048095703 -0.5
vertex 71.7999038696289 41.566802978515625 -1
vertex 69.52066040039062 44.07891845703125 -1
endloop
endfacet
facet normal 0.28663157801269035 0.6464052823280011 0.7071085839278239
outer loop
vertex 68.36136627197266 44.59298324584961 -1
vertex 68.25529479980469 44.09306335449219 -0.5
vertex 69.22137451171875 43.66468048095703 -0.5
endloop
endfacet
facet normal 0.28663582709647356 0.6464072984088076 0.707105018500468
outer loop
vertex 69.22137451171875 43.66468048095703 -0.5
vertex 69.52066040039062 44.07891845703125 -1
vertex 68.36136627197266 44.59298324584961 -1
endloop
endfacet
facet normal 0.0005573752497476926 0.7071041948886945 0.7071091478008483
outer loop
vertex 68.36136627197266 44.59298324584961 -1
vertex -68.06266784667969 44.70051956176758 -1
vertex 68.25529479980469 44.09306335449219 -0.5
endloop
endfacet
facet normal 0.000557406124162185 0.7071079952450269 0.7071053474263732
outer loop
vertex -68.06266784667969 44.70051956176758 -1
vertex -67.96350860595703 44.200443267822266 -0.5
vertex 68.25529479980469 44.09306335449219 -0.5
endloop
endfacet
facet normal -0.27034184546488604 0.6533873127380155 0.7071069976627543
outer loop
vertex -67.96350860595703 44.200443267822266 -0.5
vertex -68.93143463134766 44.341068267822266 -1
vertex -68.88346099853516 43.81980895996094 -0.5
endloop
endfacet
facet normal -0.27034226991415533 0.6533872095110427 0.7071069307714604
outer loop
vertex -69.16661071777344 44.2437629699707 -1
vertex -68.88346099853516 43.81980895996094 -0.5
vertex -68.93143463134766 44.341068267822266 -1
endloop
endfacet
facet normal -0.27033985789640164 0.6533911355121864 0.7071042251794633
outer loop
vertex -67.96350860595703 44.200443267822266 -0.5
vertex -68.06266784667969 44.70051956176758 -1
vertex -68.93143463134766 44.341068267822266 -1
endloop
endfacet
facet normal -0.5000006485454972 0.5000014315448011 0.7071053103373157
outer loop
vertex -71.31941986083984 41.383853912353516 -0.5
vertex -68.88346099853516 43.81980895996094 -0.5
vertex -69.16661071777344 44.2437629699707 -1
endloop
endfacet
facet normal -0.5000024277282509 0.5000024277282509 0.7071033478436588
outer loop
vertex -71.74329376220703 41.66707992553711 -1
vertex -71.31941986083984 41.383853912353516 -0.5
vertex -69.16661071777344 44.2437629699707 -1
endloop
endfacet
facet normal -0.6533133298753903 0.2705470580597587 0.7070968691645715
outer loop
vertex -71.31941986083984 41.383853912353516 -0.5
vertex -71.74329376220703 41.66707992553711 -1
vertex -71.34815979003906 41.314453125 -0.5
endloop
endfacet
facet normal -0.6532792546203762 0.2706007492445202 0.7071078064842378
outer loop
vertex -71.34815979003906 41.314453125 -0.5
vertex -71.74329376220703 41.66707992553711 -1
vertex -71.88935852050781 41.314453125 -1
endloop
endfacet
facet normal -0.7071067811865475 0 0.7071067811865475
outer loop
vertex -71.70001983642578 20.814453125 -0.5
vertex -72.20001983642578 20.814453125 -1
vertex -71.70001983642578 19.554615020751953 -0.5
endloop
endfacet
facet normal -0.7071067811865476 0 0.7071067811865476
outer loop
vertex -72.20001983642578 -22.705223083496094 -1
vertex -72.20001983642578 -23.965063095092773 -1
vertex -71.70001983642578 -22.705223083496094 -0.5
endloop
endfacet
facet normal -0.7071067811865476 0 0.7071067811865476
outer loop
vertex -72.20001983642578 -23.965063095092773 -1
vertex -71.70001983642578 -23.965063095092773 -0.5
vertex -71.70001983642578 -22.705223083496094 -0.5
endloop
endfacet
facet normal -0.7071067811865476 0 0.7071067811865476
outer loop
vertex -72.20001983642578 -2.20522403717041 -1
vertex -71.70001983642578 -2.20522403717041 -0.5
vertex -71.70001983642578 -0.9453850388526917 -0.5
endloop
endfacet
facet normal -0.7071067811865475 0 0.7071067811865475
outer loop
vertex -72.20001983642578 20.814453125 -1
vertex -72.20001983642578 19.554615020751953 -1
vertex -71.70001983642578 19.554615020751953 -0.5
endloop
endfacet
facet normal -0.7071067811865476 0 0.7071067811865476
outer loop
vertex -71.70001983642578 -0.9453850388526917 -0.5
vertex -72.20001983642578 -0.9453850388526917 -1
vertex -72.20001983642578 -2.20522403717041 -1
endloop
endfacet
facet normal -0.6532912393884408 -0.27053791005070704 0.7071207787667608
outer loop
vertex -71.34815979003906 -44.46506118774414 -0.5
vertex -71.88935852050781 -44.46506118774414 -1
vertex -71.31941986083984 -44.534461975097656 -0.5
endloop
endfacet
facet normal -0.6532836019700194 -0.27060254999980576 0.7071031009200002
outer loop
vertex -71.88935852050781 -44.46506118774414 -1
vertex -71.74329376220703 -44.81768798828125 -1
vertex -71.31941986083984 -44.534461975097656 -0.5
endloop
endfacet
facet normal -0.5000010790243691 -0.5000010790243691 0.7071052552123575
outer loop
vertex -69.31775665283203 -47.24322509765625 -1
vertex -69.03453063964844 -46.8193473815918 -0.5
vertex -71.74329376220703 -44.81768798828125 -1
endloop
endfacet
facet normal -0.5000020518528581 -0.5000028866240263 0.7071032891385622
outer loop
vertex -69.03453063964844 -46.8193473815918 -0.5
vertex -71.31941986083984 -44.534461975097656 -0.5
vertex -71.74329376220703 -44.81768798828125 -1
endloop
endfacet
facet normal -0.2705969048744432 -0.6532816588914413 0.7071070564125479
outer loop
vertex -68.21513366699219 -47.699947357177734 -1
vertex -68.11567687988281 -47.199947357177734 -0.5
vertex -69.03453063964844 -46.8193473815918 -0.5
endloop
endfacet
facet normal -0.2705945603583349 -0.6532805620960076 0.7071089669152865
outer loop
vertex -69.03453063964844 -46.8193473815918 -0.5
vertex -68.9052734375 -47.414085388183594 -1
vertex -68.21513366699219 -47.699947357177734 -1
endloop
endfacet
facet normal -0.27060400915931027 -0.6532800069300339 0.707105863907522
outer loop
vertex -69.03453063964844 -46.8193473815918 -0.5
vertex -69.31775665283203 -47.24322509765625 -1
vertex -68.9052734375 -47.414085388183594 -1
endloop
endfacet
facet normal 0.5011727203328922 -0.3969042489025328 -0.7689557344849215
outer loop
vertex 69.62456512451172 -46.32990646362305 -19.447086334228516
vertex 70.81429290771484 -45.14592742919922 -19.282794952392578
vertex 71.78521728515625 -45.67973709106445 -18.37445640563965
endloop
endfacet
facet normal 0.5011724006766246 -0.3969024700769352 -0.7689568609791166
outer loop
vertex 70.12935638427734 -47.599403381347656 -18.462825775146484
vertex 69.62456512451172 -46.32990646362305 -19.447086334228516
vertex 71.78389739990234 -45.952850341796875 -18.23434829711914
endloop
endfacet
facet normal 0.5011397503010151 -0.39692352498967765 -0.768967272371201
outer loop
vertex 69.62456512451172 -46.32990646362305 -19.447086334228516
vertex 70.12935638427734 -47.599403381347656 -18.462825775146484
vertex 70.0283203125 -47.42574691772461 -18.618309020996094
endloop
endfacet
facet normal 0.5011725861167972 -0.3969002724487777 -0.7689578744346713
outer loop
vertex 71.78389739990234 -45.952850341796875 -18.23434829711914
vertex 69.62456512451172 -46.32990646362305 -19.447086334228516
vertex 71.78521728515625 -45.67973709106445 -18.37445640563965
endloop
endfacet
facet normal 0.7070968275384558 0.09383292384838612 -0.7008633667749473
outer loop
vertex 72.20267486572266 40.51590347290039 -6.414050579071045
vertex 71.23028564453125 40.750728607177734 -7.363649368286133
vertex 72.09872436523438 40.7871208190918 -6.482614517211914
endloop
endfacet
facet normal 0.7070965814370761 0.09382851244415415 -0.7008642056579274
outer loop
vertex 72.20267486572266 40.51590347290039 -6.414050579071045
vertex 70.81429290771484 -45.14592742919922 -19.282794952392578
vertex 71.23028564453125 40.750728607177734 -7.363649368286133
endloop
endfacet
facet normal 0.7071841569709422 0.09381410787606582 -0.7007777688345399
outer loop
vertex 71.78521728515625 -45.67973709106445 -18.37445640563965
vertex 70.81429290771484 -45.14592742919922 -19.282794952392578
vertex 72.20267486572266 40.51590347290039 -6.414050579071045
endloop
endfacet
facet normal 0.6610627261780418 0.3457769915334528 -0.6659086605414661
outer loop
vertex 71.7999038696289 41.566802978515625 -6.374424934387207
vertex 71.23028564453125 40.750728607177734 -7.363649368286133
vertex 71.6218490600586 41.76304244995117 -6.449285507202148
endloop
endfacet
facet normal 0.6610735935239083 0.3457643104568187 -0.6659044567801804
outer loop
vertex 72.09872436523438 40.7871208190918 -6.482614517211914
vertex 71.23028564453125 40.750728607177734 -7.363649368286133
vertex 71.7999038696289 41.566802978515625 -6.374424934387207
endloop
endfacet
facet normal 0.661077171630455 0.3457643704244659 -0.6659008734744615
outer loop
vertex 70.95601654052734 41.46635437011719 -7.264348030090332
vertex 71.6218490600586 41.76304244995117 -6.449285507202148
vertex 71.23028564453125 40.750728607177734 -7.363649368286133
endloop
endfacet
facet normal 0.5259307053523075 0.5653504428255919 -0.635433529147252
outer loop
vertex 70.95601654052734 41.46635437011719 -7.264348030090332
vertex 68.93572235107422 43.69306564331055 -6.955366134643555
vertex 69.3456039428711 44.15654373168945 -6.203758239746094
endloop
endfacet
facet normal 0.5259350010570314 0.5653513088508101 -0.6354292031720106
outer loop
vertex 69.52066040039062 44.07891845703125 -6.127931118011475
vertex 70.95601654052734 41.46635437011719 -7.264348030090332
vertex 69.3456039428711 44.15654373168945 -6.203758239746094
endloop
endfacet
facet normal 0.5259329120488337 0.565351023622565 -0.6354311859774839
outer loop
vertex 71.6218490600586 41.76304244995117 -6.449285507202148
vertex 70.95601654052734 41.46635437011719 -7.264348030090332
vertex 69.52066040039062 44.07891845703125 -6.127931118011475
endloop
endfacet
facet normal 0.2889246461135253 0.7364480013954872 -0.6116918260928184
outer loop
vertex 69.3456039428711 44.15654373168945 -6.203758239746094
vertex 68.93572235107422 43.69306564331055 -6.955366134643555
vertex 68.36136627197266 44.59298324584961 -6.143197536468506
endloop
endfacet
facet normal 0.2889257083328703 0.7364481092946293 -0.6116911944606647
outer loop
vertex 68.93572235107422 43.69306564331055 -6.955366134643555
vertex 68.292236328125 44.59303665161133 -6.175786018371582
vertex 68.36136627197266 44.59298324584961 -6.143197536468506
endloop
endfacet
facet normal 0.2889236186822676 0.7364477964388773 -0.6116925581432765
outer loop
vertex 68.93572235107422 43.69306564331055 -6.955366134643555
vertex 68.15345764160156 44.03994369506836 -6.907232761383057
vertex 68.292236328125 44.59303665161133 -6.175786018371582
endloop
endfacet
facet normal 0.0005632622809324094 0.7975865619954535 -0.6032042430718433
outer loop
vertex 68.15345764160156 44.03994369506836 -6.907232761383057
vertex 61.95219802856445 44.21607971191406 -6.6801276206970215
vertex 62.00910186767578 44.40367126464844 -6.432031631469727
endloop
endfacet
facet normal 0.0005627313183778359 0.7975841944001821 -0.6032073741065139
outer loop
vertex -58.382747650146484 44.13969039916992 -6.893392086029053
vertex -58.29125213623047 44.31086349487305 -6.666975021362305
vertex 60.19523239135742 44.04621887207031 -6.906362533569336
endloop
endfacet
facet normal 0.0005628916167156808 0.7975837992306524 -0.6032078964650797
outer loop
vertex -67.8682861328125 44.14716720581055 -6.892354488372803
vertex -67.99803924560547 44.700469970703125 -6.1608781814575195
vertex -60.195919036865234 44.49845504760742 -6.420709133148193
endloop
endfacet
facet normal 0.0005627081751006402 0.7975832267265858 -0.6032086536215454
outer loop
vertex 60.19523239135742 44.04621887207031 -6.906362533569336
vertex -58.2152099609375 44.69275665283203 -6.161948204040527
vertex 60.10443878173828 44.21607971191406 -6.681851387023926
endloop
endfacet
facet normal 0.0005627485496289547 0.7975832299631871 -0.6032086493043345
outer loop
vertex -60.048221588134766 44.1410026550293 -6.893209934234619
vertex -67.8682861328125 44.14716720581055 -6.892354488372803
vertex -60.13901138305664 44.31086349487305 -6.668698787689209
endloop
endfacet
facet normal 0.0005625592247899346 0.7975864152252203 -0.6032044377947672
outer loop
vertex -60.13901138305664 44.31086349487305 -6.668698787689209
vertex -67.8682861328125 44.14716720581055 -6.892354488372803
vertex -60.195919036865234 44.49845504760742 -6.420709133148193
endloop
endfacet
facet normal 0.0005630752298012278 0.7975841273743948 -0.6032074624096678
outer loop
vertex 68.15345764160156 44.03994369506836 -6.907232761383057
vertex 61.86070251464844 44.04490661621094 -6.9065446853637695
vertex 61.95219802856445 44.21607971191406 -6.6801276206970215
endloop
endfacet
facet normal 0.0005627404789094673 0.7975860619971976 -0.6032049046807856
outer loop
vertex 60.19523239135742 44.04621887207031 -6.906362533569336
vertex -58.29125213623047 44.31086349487305 -6.666975021362305
vertex -58.23434829711914 44.49845504760742 -6.418879508972168
endloop
endfacet
facet normal 0.0005625345877366595 0.7975827481139485 -0.6032092866210196
outer loop
vertex 68.15345764160156 44.03994369506836 -6.907232761383057
vertex 62.02824020385742 44.59797286987305 -6.175100803375244
vertex 68.292236328125 44.59303665161133 -6.175786018371582
endloop
endfacet
facet normal 0.0005627397412632278 0.797586435072164 -0.6032044113837864
outer loop
vertex 60.10443878173828 44.21607971191406 -6.681851387023926
vertex -58.2152099609375 44.69275665283203 -6.161948204040527
vertex 60.04753112792969 44.40367126464844 -6.43386173248291
endloop
endfacet
facet normal 0.0005627266310620272 0.7975845667591819 -0.6032068817630539
outer loop
vertex 60.19523239135742 44.04621887207031 -6.906362533569336
vertex -58.23434829711914 44.49845504760742 -6.418879508972168
vertex -58.2152099609375 44.69275665283203 -6.161948204040527
endloop
endfacet
facet normal 0.0005627359286741456 0.797585739927651 -0.6032053305403858
outer loop
vertex 60.04753112792969 44.40367126464844 -6.43386173248291
vertex -58.2152099609375 44.69275665283203 -6.161948204040527
vertex 60.02839660644531 44.59954833984375 -6.174881935119629
endloop
endfacet
facet normal 0.0005628524031256231 0.7975840235854934 -0.6032075998512846
outer loop
vertex 68.15345764160156 44.03994369506836 -6.907232761383057
vertex 62.00910186767578 44.40367126464844 -6.432031631469727
vertex 62.02824020385742 44.59797286987305 -6.175100803375244
endloop
endfacet
facet normal 0.0005627729864644573 0.797582102775022 -0.6032101396856157
outer loop
vertex -60.195919036865234 44.49845504760742 -6.420709133148193
vertex -67.99803924560547 44.700469970703125 -6.1608781814575195
vertex -60.21513366699219 44.693546295166016 -6.162771701812744
endloop
endfacet
facet normal -0.27254886043479837 0.7434647432141276 -0.6107186703165739
outer loop
vertex -68.61299896240234 43.83903884887695 -6.935110569000244
vertex -68.99884033203125 44.31317901611328 -6.1857194900512695
vertex -67.8682861328125 44.14716720581055 -6.892354488372803
endloop
endfacet
facet normal -0.272546290986003 0.7434683633856154 -0.6107154099206008
outer loop
vertex -68.99884033203125 44.31317901611328 -6.1857194900512695
vertex -68.06266784667969 44.70051956176758 -6.1319708824157715
vertex -67.8682861328125 44.14716720581055 -6.892354488372803
endloop
endfacet
facet normal -0.27259224003417715 0.7434517811808513 -0.6107150888361684
outer loop
vertex -67.8682861328125 44.14716720581055 -6.892354488372803
vertex -68.06266784667969 44.70051956176758 -6.1319708824157715
vertex -67.99803924560547 44.700469970703125 -6.1608781814575195
endloop
endfacet
facet normal -0.5023775060591736 0.5900766760358362 -0.6320018653487217
outer loop
vertex -68.61299896240234 43.83903884887695 -6.935110569000244
vertex -71.55888366699219 41.851497650146484 -6.449123859405518
vertex -69.16661071777344 44.2437629699707 -6.117169380187988
endloop
endfacet
facet normal -0.5023797844071595 0.5900743286789497 -0.632002245924097
outer loop
vertex -68.61299896240234 43.83903884887695 -6.935110569000244
vertex -69.16661071777344 44.2437629699707 -6.117169380187988
vertex -68.99884033203125 44.31317901611328 -6.1857194900512695
endloop
endfacet
facet normal -0.502376502494622 0.5900744957765466 -0.6320046986971896
outer loop
vertex -70.91755676269531 41.534481048583984 -7.254894733428955
vertex -71.55888366699219 41.851497650146484 -6.449123859405518
vertex -68.61299896240234 43.83903884887695 -6.935110569000244
endloop
endfacet
facet normal -0.6541874210164463 0.3630411858808759 -0.6635057765672114
outer loop
vertex -70.91755676269531 41.534481048583984 -7.254894733428955
vertex -72.08853912353516 40.833580017089844 -6.483860015869141
vertex -71.74329376220703 41.66707992553711 -6.368202209472656
endloop
endfacet
facet normal -0.6541880208023193 0.3630453371780683 -0.6635029137780835
outer loop
vertex -70.91755676269531 41.534481048583984 -7.254894733428955
vertex -71.2284927368164 40.7838249206543 -7.35905647277832
vertex -72.08853912353516 40.833580017089844 -6.483860015869141
endloop
endfacet
facet normal -0.654194264115972 0.3630223542578266 -0.6635093330970309
outer loop
vertex -70.91755676269531 41.534481048583984 -7.254894733428955
vertex -71.74329376220703 41.66707992553711 -6.368202209472656
vertex -71.55888366699219 41.851497650146484 -6.449123859405518
endloop
endfacet
facet normal -0.7071077561518908 0.09720042399691346 -0.7003932458017127
outer loop
vertex -72.08853912353516 40.833580017089844 -6.483860015869141
vertex -71.2284927368164 40.7838249206543 -7.35905647277832
vertex -72.20001983642578 40.564453125 -6.408659934997559
endloop
endfacet
facet normal -0.7071071895998523 0.09718791859882261 -0.7003955531659429
outer loop
vertex -71.2284927368164 40.7838249206543 -7.35905647277832
vertex -72.20001983642578 -43.440860748291016 -18.06536102294922
vertex -72.20001983642578 40.564453125 -6.408659934997559
endloop
endfacet
facet normal -0.7071070775770102 0.09718793145620479 -0.7003956644781322
outer loop
vertex -71.2284927368164 -43.11759567260742 -19.001340866088867
vertex -72.20001983642578 -43.440860748291016 -18.06536102294922
vertex -71.2284927368164 40.7838249206543 -7.35905647277832
endloop
endfacet
facet normal -0.6541850806922924 -0.16866957111293418 -0.7372872275987138
outer loop
vertex -71.2284927368164 -43.11759567260742 -19.001340866088867
vertex -70.91755676269531 -43.868247985839844 -19.10550308227539
vertex -71.74329376220703 -44.543487548828125 -18.21836280822754
endloop
endfacet
facet normal -0.6852487921914441 -0.14456651286881209 -0.7138169346247809
outer loop
vertex -71.2284927368164 -43.11759567260742 -19.001340866088867
vertex -71.74329376220703 -44.543487548828125 -18.21836280822754
vertex -71.82403564453125 -44.62276840209961 -18.12479591369629
endloop
endfacet
facet normal -0.6530504446817001 -0.17121792490835205 -0.7377055909311734
outer loop
vertex -71.2284927368164 -43.11759567260742 -19.001340866088867
vertex -71.82403564453125 -44.62276840209961 -18.12479591369629
vertex -72.20001983642578 -43.71506118774414 -18.00263214111328
endloop
endfacet
facet normal -0.6541866074391826 -0.1686690439306137 -0.7372859935376133
outer loop
vertex -71.2284927368164 -43.11759567260742 -19.001340866088867
vertex -72.20001983642578 -43.71506118774414 -18.00263214111328
vertex -72.20001983642578 -43.440860748291016 -18.06536102294922
endloop
endfacet
facet normal -0.5023780189297316 -0.39570002357842143 -0.7687898395766396
outer loop
vertex -70.91755676269531 -43.868247985839844 -19.10550308227539
vertex -71.74329376220703 -44.81768798828125 -18.07723045349121
vertex -71.74329376220703 -44.543487548828125 -18.21836280822754
endloop
endfacet
facet normal -0.502378402497916 -0.3956996350864875 -0.7687897888864437
outer loop
vertex -70.91755676269531 -43.868247985839844 -19.10550308227539
vertex -69.43151092529297 -47.12947463989258 -18.39801597595215
vertex -71.74329376220703 -44.81768798828125 -18.07723045349121
endloop
endfacet
facet normal -0.5023803518201765 -0.39570066311543844 -0.7687879859330777
outer loop
vertex -69.31775665283203 -46.969024658203125 -18.554933547973633
vertex -70.91755676269531 -43.868247985839844 -19.10550308227539
vertex -68.76400756835938 -46.02180480957031 -19.404333114624023
endloop
endfacet
facet normal -0.5023677913382515 -0.3957027430554081 -0.7687951231403285
outer loop
vertex -71.74329376220703 -44.81768798828125 -18.07723045349121
vertex -71.82403564453125 -44.62276840209961 -18.12479591369629
vertex -71.74329376220703 -44.543487548828125 -18.21836280822754
endloop
endfacet
facet normal -0.5023746690870584 -0.39569858084936493 -0.7687927711506314
outer loop
vertex -69.31775665283203 -46.969024658203125 -18.554933547973633
vertex -69.43151092529297 -47.12947463989258 -18.39801597595215
vertex -70.91755676269531 -43.868247985839844 -19.10550308227539
endloop
endfacet
facet normal -0.3952704052322722 -0.4835550418525032 -0.7809838847546978
outer loop
vertex -69.43151092529297 -47.12947463989258 -18.39801597595215
vertex -69.31775665283203 -46.969024658203125 -18.554933547973633
vertex -69.40550994873047 -47.15547561645508 -18.395076751708984
endloop
endfacet
facet normal -0.27280274201567306 -0.5489834663795128 -0.7900606417172448
outer loop
vertex -68.02017211914062 -46.32990646362305 -19.447086334228516
vertex -68.21513366699219 -47.42574691772461 -18.618309020996094
vertex -68.76400756835938 -46.02180480957031 -19.404333114624023
endloop
endfacet
facet normal -0.2728077900024823 -0.5489840431598729 -0.7900584978783536
outer loop
vertex -68.76400756835938 -46.02180480957031 -19.404333114624023
vertex -68.28173065185547 -47.67236328125 -18.423948287963867
vertex -69.31775665283203 -47.24322509765625 -18.36440086364746
endloop
endfacet
facet normal -0.2727826531388724 -0.5489888493859542 -0.7900638375450454
outer loop
vertex -69.31775665283203 -47.24322509765625 -18.36440086364746
vertex -69.40550994873047 -47.15547561645508 -18.395076751708984
vertex -69.31775665283203 -46.969024658203125 -18.554933547973633
endloop
endfacet
facet normal -0.27280538857949455 -0.5489851707676829 -0.7900585435517858
outer loop
vertex -69.31775665283203 -46.969024658203125 -18.554933547973633
vertex -68.76400756835938 -46.02180480957031 -19.404333114624023
vertex -69.31775665283203 -47.24322509765625 -18.36440086364746
endloop
endfacet
facet normal -0.27280603577410883 -0.5489839350150925 -0.790059178758503
outer loop
vertex -68.76400756835938 -46.02180480957031 -19.404333114624023
vertex -68.21513366699219 -47.42574691772461 -18.618309020996094
vertex -68.28173065185547 -47.67236328125 -18.423948287963867
endloop
endfacet
facet normal -0.09355320224833336 -0.6005630706152199 -0.7940855096035319
outer loop
vertex -68.28173065185547 -47.67236328125 -18.423948287963867
vertex -68.21513366699219 -47.42574691772461 -18.618309020996094
vertex -68.21513366699219 -47.699947357177734 -18.410932540893555
endloop
endfacet
facet normal 0 -0.6032079890571733 -0.7975839278330532
outer loop
vertex 70.0283203125 -47.699947357177734 -18.410932540893555
vertex -68.02017211914062 -46.32990646362305 -19.447086334228516
vertex 69.62456512451172 -46.32990646362305 -19.447086334228516
endloop
endfacet
facet normal -0.0000031167714448563903 -0.6032085733627502 -0.7975834859197882
outer loop
vertex 70.0283203125 -47.699947357177734 -18.410932540893555
vertex 69.62456512451172 -46.32990646362305 -19.447086334228516
vertex 70.0283203125 -47.42574691772461 -18.618309020996094
endloop
endfacet
facet normal -0.00000145987046679569 -0.6032085733650374 -0.7975834859228124
outer loop
vertex 70.0283203125 -47.699947357177734 -18.410932540893555
vertex 70.0283203125 -47.42574691772461 -18.618309020996094
vertex 70.06956481933594 -47.658905029296875 -18.441972732543945
endloop
endfacet
facet normal 0 -0.6032079890571733 -0.7975839278330532
outer loop
vertex -68.21513366699219 -47.699947357177734 -18.410932540893555
vertex -68.02017211914062 -46.32990646362305 -19.447086334228516
vertex 70.0283203125 -47.699947357177734 -18.410932540893555
endloop
endfacet
facet normal 0.000006454670956821249 -0.6032085733531145 -0.7975834859070475
outer loop
vertex -68.21513366699219 -47.42574691772461 -18.618309020996094
vertex -68.02017211914062 -46.32990646362305 -19.447086334228516
vertex -68.21513366699219 -47.699947357177734 -18.410932540893555
endloop
endfacet
facet normal 0.2713455422211842 -0.5495832836405159 -0.7901454366504941
outer loop
vertex 70.0283203125 -47.42574691772461 -18.618309020996094
vertex 70.12935638427734 -47.599403381347656 -18.462825775146484
vertex 70.06956481933594 -47.658905029296875 -18.441972732543945
endloop
endfacet
facet normal -1 0 0
outer loop
vertex 45.49998092651367 -46.199947357177734 -9.949999809265137
vertex 45.49998092651367 -47.699947357177734 -9.949999809265137
vertex 45.49998092651367 -46.199947357177734 -4.949999809265137
endloop
endfacet
facet normal 0 -1 0
outer loop
vertex 31.999980926513672 -46.199947357177734 -3.450000047683716
vertex 33.8672981262207 -46.199947357177734 -5.776120662689209
vertex 34.24998092651367 -46.199947357177734 -5.699999809265137
endloop
endfacet
facet normal -0.9807850135586839 0 0.1950916635294606
outer loop
vertex 45.49998092651367 -46.199947357177734 -9.949999809265137
vertex 45.385799407958984 -47.699947357177734 -10.524024963378906
vertex 45.49998092651367 -47.699947357177734 -9.949999809265137
endloop
endfacet
facet normal -0.9807850135586839 0 0.1950916635294606
outer loop
vertex 45.385799407958984 -46.199947357177734 -10.524024963378906
vertex 45.385799407958984 -47.699947357177734 -10.524024963378906
vertex 45.49998092651367 -46.199947357177734 -9.949999809265137
endloop
endfacet
facet normal -0.8314712579435086 0 0.5555677701359567
outer loop
vertex 45.06064224243164 -46.199947357177734 -11.010660171508789
vertex 45.06064224243164 -47.699947357177734 -11.010660171508789
vertex 45.385799407958984 -46.199947357177734 -10.524024963378906
endloop
endfacet
facet normal -0.8314712579435086 0 0.5555677701359567
outer loop
vertex 45.06064224243164 -47.699947357177734 -11.010660171508789
vertex 45.385799407958984 -47.699947357177734 -10.524024963378906
vertex 45.385799407958984 -46.199947357177734 -10.524024963378906
endloop
endfacet
facet normal -0.19509040787318935 0 0.9807852633251952
outer loop
vertex 43.99998092651367 -47.699947357177734 -11.449999809265137
vertex 44.574005126953125 -47.699947357177734 -11.335819244384766
vertex 44.574005126953125 -46.199947357177734 -11.335819244384766
endloop
endfacet
facet normal -0.831471006472263 0 -0.5555681464915011
outer loop
vertex 45.06064224243164 -46.199947357177734 -3.8893399238586426
vertex 45.385799407958984 -47.699947357177734 -4.375974655151367
vertex 45.06064224243164 -47.699947357177734 -3.8893399238586426
endloop
endfacet
facet normal -0.831471006472263 0 -0.5555681464915011
outer loop
vertex 45.385799407958984 -46.199947357177734 -4.375974655151367
vertex 45.385799407958984 -47.699947357177734 -4.375974655151367
vertex 45.06064224243164 -46.199947357177734 -3.8893399238586426
endloop
endfacet
facet normal -0.9807850135586839 0 -0.1950916635294606
outer loop
vertex 45.49998092651367 -47.699947357177734 -4.949999809265137
vertex 45.385799407958984 -47.699947357177734 -4.375974655151367
vertex 45.385799407958984 -46.199947357177734 -4.375974655151367
endloop
endfacet
facet normal -0.5555685177477351 0 0.8314707584080059
outer loop
vertex 44.574005126953125 -47.699947357177734 -11.335819244384766
vertex 45.06064224243164 -47.699947357177734 -11.010660171508789
vertex 45.06064224243164 -46.199947357177734 -11.010660171508789
endloop
endfacet
facet normal 0 -1 0
outer loop
vertex 41.74998092651367 -46.199947357177734 -9.199999809265137
vertex 31.999980926513672 -46.199947357177734 -11.449999809265137
vertex 43.99998092651367 -46.199947357177734 -11.449999809265137
endloop
endfacet
facet normal -0.5555685177477351 0 0.8314707584080059
outer loop
vertex 44.574005126953125 -46.199947357177734 -11.335819244384766
vertex 44.574005126953125 -47.699947357177734 -11.335819244384766
vertex 45.06064224243164 -46.199947357177734 -11.010660171508789
endloop
endfacet
facet normal -0.9807850135586839 0 -0.1950916635294606
outer loop
vertex 45.49998092651367 -46.199947357177734 -4.949999809265137
vertex 45.49998092651367 -47.699947357177734 -4.949999809265137
vertex 45.385799407958984 -46.199947357177734 -4.375974655151367
endloop
endfacet
facet normal -0.19509040787318935 0 -0.9807852633251952
outer loop
vertex 43.99998092651367 -46.199947357177734 -3.450000047683716
vertex 44.574005126953125 -46.199947357177734 -3.564180612564087
vertex 44.574005126953125 -47.699947357177734 -3.564180612564087
endloop
endfacet
facet normal -0.19509040787318935 0 -0.9807852633251952
outer loop
vertex 44.574005126953125 -47.699947357177734 -3.564180612564087
vertex 43.99998092651367 -47.699947357177734 -3.450000047683716
vertex 43.99998092651367 -46.199947357177734 -3.450000047683716
endloop
endfacet
facet normal -0.555568799375624 0 -0.8314705702310381
outer loop
vertex 45.06064224243164 -47.699947357177734 -3.8893399238586426
vertex 44.574005126953125 -47.699947357177734 -3.564180612564087
vertex 44.574005126953125 -46.199947357177734 -3.564180612564087
endloop
endfacet
facet normal -0.555568799375624 0 -0.8314705702310381
outer loop
vertex 44.574005126953125 -46.199947357177734 -3.564180612564087
vertex 45.06064224243164 -46.199947357177734 -3.8893399238586426
vertex 45.06064224243164 -47.699947357177734 -3.8893399238586426
endloop
endfacet
facet normal 0 0 -1
outer loop
vertex 43.99998092651367 -47.699947357177734 -3.450000047683716
vertex 31.999980926513672 -46.199947357177734 -3.450000047683716
vertex 43.99998092651367 -46.199947357177734 -3.450000047683716
endloop
endfacet
facet normal 0 -1 0
outer loop
vertex 43.99998092651367 -46.199947357177734 -3.450000047683716
vertex 41.74998092651367 -46.199947357177734 -5.699999809265137
vertex 42.13266372680664 -46.199947357177734 -5.776120662689209
endloop
endfacet
facet normal 0 -1 0
outer loop
vertex 42.13266372680664 -46.199947357177734 -5.776120662689209
vertex 42.457088470458984 -46.199947357177734 -5.992893218994141
vertex 43.99998092651367 -46.199947357177734 -3.450000047683716
endloop
endfacet
facet normal 0 -1 0
outer loop
vertex 31.999980926513672 -46.199947357177734 -3.450000047683716
vertex 34.24998092651367 -46.199947357177734 -5.699999809265137
vertex 43.99998092651367 -46.199947357177734 -3.450000047683716
endloop
endfacet
facet normal 0 -1 0
outer loop
vertex 34.24998092651367 -46.199947357177734 -5.699999809265137
vertex 41.74998092651367 -46.199947357177734 -5.699999809265137
vertex 43.99998092651367 -46.199947357177734 -3.450000047683716
endloop
endfacet
facet normal 0 -1 0
outer loop
vertex 45.06064224243164 -46.199947357177734 -3.8893399238586426
vertex 45.385799407958984 -46.199947357177734 -10.524024963378906
vertex 45.385799407958984 -46.199947357177734 -4.375974655151367
endloop
endfacet
facet normal 0 -1 0
outer loop
vertex 45.385799407958984 -46.199947357177734 -4.375974655151367
vertex 45.49998092651367 -46.199947357177734 -9.949999809265137
vertex 45.49998092651367 -46.199947357177734 -4.949999809265137
endloop
endfacet
facet normal -1 0 0
outer loop
vertex 45.49998092651367 -46.199947357177734 -4.949999809265137
vertex 45.49998092651367 -47.699947357177734 -9.949999809265137
vertex 45.49998092651367 -47.699947357177734 -4.949999809265137
endloop
endfacet
facet normal 0 -1 0
outer loop
vertex 42.457088470458984 -46.199947357177734 -5.992893218994141
vertex 42.67386245727539 -46.199947357177734 -6.31731653213501
vertex 43.99998092651367 -46.199947357177734 -3.450000047683716
endloop
endfacet
facet normal 0 -1 0
outer loop
vertex 42.74998092651367 -46.199947357177734 -6.699999809265137
vertex 43.99998092651367 -46.199947357177734 -3.450000047683716
vertex 42.67386245727539 -46.199947357177734 -6.31731653213501
endloop
endfacet
facet normal 0 -1 0
outer loop
vertex 31.42595672607422 -46.199947357177734 -3.564180612564087
vertex 31.999980926513672 -46.199947357177734 -11.449999809265137
vertex 31.999980926513672 -46.199947357177734 -3.450000047683716
endloop
endfacet
facet normal 0.9807850135586839 0 0.1950916635294606
outer loop
vertex 30.499980926513672 -47.699947357177734 -9.949999809265137
vertex 30.61416244506836 -46.199947357177734 -10.524024963378906
vertex 30.499980926513672 -46.199947357177734 -9.949999809265137
endloop
endfacet
facet normal 0.9807850135586839 0 0.1950916635294606
outer loop
vertex 30.61416244506836 -47.699947357177734 -10.524024963378906
vertex 30.61416244506836 -46.199947357177734 -10.524024963378906
vertex 30.499980926513672 -47.699947357177734 -9.949999809265137
endloop
endfacet
facet normal 0 -1 0
outer loop
vertex 30.61416244506836 -46.199947357177734 -4.375974655151367
vertex 30.939321517944336 -46.199947357177734 -11.010660171508789
vertex 30.939321517944336 -46.199947357177734 -3.8893399238586426
endloop
endfacet
facet normal 0 -1 0
outer loop
vertex 43.99998092651367 -46.199947357177734 -3.450000047683716
vertex 44.574005126953125 -46.199947357177734 -11.335819244384766
vertex 44.574005126953125 -46.199947357177734 -3.564180612564087
endloop
endfacet
facet normal 0 -1 0
outer loop
vertex 44.574005126953125 -46.199947357177734 -3.564180612564087
vertex 45.06064224243164 -46.199947357177734 -11.010660171508789
vertex 45.06064224243164 -46.199947357177734 -3.8893399238586426
endloop
endfacet
facet normal 0 -1 0
outer loop
vertex 30.499980926513672 -46.199947357177734 -4.949999809265137
vertex 30.61416244506836 -46.199947357177734 -10.524024963378906
vertex 30.61416244506836 -46.199947357177734 -4.375974655151367
endloop
endfacet
facet normal 1 0 0
outer loop
vertex 30.499980926513672 -47.699947357177734 -4.949999809265137
vertex 30.499980926513672 -46.199947357177734 -9.949999809265137
vertex 30.499980926513672 -46.199947357177734 -4.949999809265137
endloop
endfacet
facet normal 0.8314697525217963 0 0.5555700231666056
outer loop
vertex 30.61416244506836 -47.699947357177734 -10.524024963378906
vertex 30.939321517944336 -46.199947357177734 -11.010660171508789
vertex 30.61416244506836 -46.199947357177734 -10.524024963378906
endloop
endfacet
facet normal 0 -1 0
outer loop
vertex 31.999980926513672 -46.199947357177734 -3.450000047683716
vertex 33.24998092651367 -46.199947357177734 -6.699999809265137
vertex 33.32610321044922 -46.199947357177734 -6.31731653213501
endloop
endfacet
facet normal 0 -1 0
outer loop
vertex 31.999980926513672 -46.199947357177734 -3.450000047683716
vertex 33.32610321044922 -46.199947357177734 -6.31731653213501
vertex 33.54287338256836 -46.199947357177734 -5.992893218994141
endloop
endfacet
facet normal 0.8314697525217963 0 0.5555700231666056
outer loop
vertex 30.939321517944336 -47.699947357177734 -11.010660171508789
vertex 30.939321517944336 -46.199947357177734 -11.010660171508789
vertex 30.61416244506836 -47.699947357177734 -10.524024963378906
endloop
endfacet
facet normal 0.5555700231666056 0 0.8314697525217963
outer loop
vertex 30.939321517944336 -47.699947357177734 -11.010660171508789
vertex 31.42595672607422 -46.199947357177734 -11.335819244384766
vertex 30.939321517944336 -46.199947357177734 -11.010660171508789
endloop
endfacet
facet normal 0 0 1
outer loop
vertex 31.999980926513672 -46.199947357177734 -11.449999809265137
vertex 31.999980926513672 -47.699947357177734 -11.449999809265137
vertex 43.99998092651367 -46.199947357177734 -11.449999809265137
endloop
endfacet
facet normal 0.19509040787318935 0 0.9807852633251952
outer loop
vertex 31.42595672607422 -46.199947357177734 -11.335819244384766
vertex 31.42595672607422 -47.699947357177734 -11.335819244384766
vertex 31.999980926513672 -46.199947357177734 -11.449999809265137
endloop
endfacet
facet normal 0.19509040787318935 0 0.9807852633251952
outer loop
vertex 31.42595672607422 -47.699947357177734 -11.335819244384766
vertex 31.999980926513672 -47.699947357177734 -11.449999809265137
vertex 31.999980926513672 -46.199947357177734 -11.449999809265137
endloop
endfacet
facet normal 0.5555700231666056 0 0.8314697525217963
outer loop
vertex 31.42595672607422 -47.699947357177734 -11.335819244384766
vertex 31.42595672607422 -46.199947357177734 -11.335819244384766
vertex 30.939321517944336 -47.699947357177734 -11.010660171508789
endloop
endfacet
facet normal 0 -1 0
outer loop
vertex 31.999980926513672 -46.199947357177734 -11.449999809265137
vertex 33.24998092651367 -46.199947357177734 -8.199999809265137
vertex 31.999980926513672 -46.199947357177734 -3.450000047683716
endloop
endfacet
facet normal 0.9807850135586839 0 -0.1950916635294606
outer loop
vertex 30.61416244506836 -47.699947357177734 -4.375974655151367
vertex 30.499980926513672 -47.699947357177734 -4.949999809265137
vertex 30.499980926513672 -46.199947357177734 -4.949999809265137
endloop
endfacet
facet normal 0 -1 0
outer loop
vertex 31.42595672607422 -46.199947357177734 -11.335819244384766
vertex 31.999980926513672 -46.199947357177734 -11.449999809265137
vertex 31.42595672607422 -46.199947357177734 -3.564180612564087
endloop
endfacet
facet normal -0.19509040787318935 0 0.9807852633251952
outer loop
vertex 43.99998092651367 -46.199947357177734 -11.449999809265137
vertex 43.99998092651367 -47.699947357177734 -11.449999809265137
vertex 44.574005126953125 -46.199947357177734 -11.335819244384766
endloop
endfacet
facet normal 0 -1 0
outer loop
vertex 30.499980926513672 -46.199947357177734 -9.949999809265137
vertex 30.61416244506836 -46.199947357177734 -10.524024963378906
vertex 30.499980926513672 -46.199947357177734 -4.949999809265137
endloop
endfacet
facet normal 0 -1 0
outer loop
vertex 42.74998092651367 -46.199947357177734 -6.699999809265137
vertex 43.99998092651367 -46.199947357177734 -11.449999809265137
vertex 43.99998092651367 -46.199947357177734 -3.450000047683716
endloop
endfacet
facet normal 0 -1 0
outer loop
vertex 30.61416244506836 -46.199947357177734 -10.524024963378906
vertex 30.939321517944336 -46.199947357177734 -11.010660171508789
vertex 30.61416244506836 -46.199947357177734 -4.375974655151367
endloop
endfacet
facet normal 0 -1 0
outer loop
vertex 45.385799407958984 -46.199947357177734 -10.524024963378906
vertex 45.49998092651367 -46.199947357177734 -9.949999809265137
vertex 45.385799407958984 -46.199947357177734 -4.375974655151367
endloop
endfacet
facet normal 0 -1 0
outer loop
vertex 45.06064224243164 -46.199947357177734 -11.010660171508789
vertex 45.385799407958984 -46.199947357177734 -10.524024963378906
vertex 45.06064224243164 -46.199947357177734 -3.8893399238586426
endloop
endfacet
facet normal 0 -1 0
outer loop
vertex 31.999980926513672 -46.199947357177734 -3.450000047683716
vertex 33.24998092651367 -46.199947357177734 -8.199999809265137
vertex 33.24998092651367 -46.199947357177734 -6.699999809265137
endloop
endfacet
facet normal 0 -1 0
outer loop
vertex 30.939321517944336 -46.199947357177734 -3.8893399238586426
vertex 31.42595672607422 -46.199947357177734 -11.335819244384766
vertex 31.42595672607422 -46.199947357177734 -3.564180612564087
endloop
endfacet
facet normal 0 -1 0
outer loop
vertex 44.574005126953125 -46.199947357177734 -11.335819244384766
vertex 45.06064224243164 -46.199947357177734 -11.010660171508789
vertex 44.574005126953125 -46.199947357177734 -3.564180612564087
endloop
endfacet
facet normal 0 -1 0
outer loop
vertex 43.99998092651367 -46.199947357177734 -11.449999809265137
vertex 44.574005126953125 -46.199947357177734 -11.335819244384766
vertex 43.99998092651367 -46.199947357177734 -3.450000047683716
endloop
endfacet
facet normal 0 -1 0
outer loop
vertex 42.74998092651367 -46.199947357177734 -8.199999809265137
vertex 43.99998092651367 -46.199947357177734 -11.449999809265137
vertex 42.74998092651367 -46.199947357177734 -6.699999809265137
endloop
endfacet
facet normal 0 -1 0
outer loop
vertex 30.939321517944336 -46.199947357177734 -11.010660171508789
vertex 31.42595672607422 -46.199947357177734 -11.335819244384766
vertex 30.939321517944336 -46.199947357177734 -3.8893399238586426
endloop
endfacet
facet normal 0 0 1
outer loop
vertex 43.99998092651367 -46.199947357177734 -11.449999809265137
vertex 31.999980926513672 -47.699947357177734 -11.449999809265137
vertex 43.99998092651367 -47.699947357177734 -11.449999809265137
endloop
endfacet
facet normal 1 0 0
outer loop
vertex 30.499980926513672 -47.699947357177734 -4.949999809265137
vertex 30.499980926513672 -47.699947357177734 -9.949999809265137
vertex 30.499980926513672 -46.199947357177734 -9.949999809265137
endloop
endfacet
facet normal 0.9807850135586839 0 -0.1950916635294606
outer loop
vertex 30.61416244506836 -47.699947357177734 -4.375974655151367
vertex 30.499980926513672 -46.199947357177734 -4.949999809265137
vertex 30.61416244506836 -46.199947357177734 -4.375974655151367
endloop
endfacet
facet normal 0.8314695010489662 0 -0.5555703995223135
outer loop
vertex 30.939321517944336 -47.699947357177734 -3.8893399238586426
vertex 30.61416244506836 -47.699947357177734 -4.375974655151367
vertex 30.61416244506836 -46.199947357177734 -4.375974655151367
endloop
endfacet
facet normal 0 -1 0
outer loop
vertex 31.999980926513672 -46.199947357177734 -3.450000047683716
vertex 33.54287338256836 -46.199947357177734 -5.992893218994141
vertex 33.8672981262207 -46.199947357177734 -5.776120662689209
endloop
endfacet
facet normal 0 -1 0
outer loop
vertex 34.24998092651367 -46.199947357177734 -9.199999809265137
vertex 31.999980926513672 -46.199947357177734 -11.449999809265137
vertex 41.74998092651367 -46.199947357177734 -9.199999809265137
endloop
endfacet
facet normal 0 -1 0
outer loop
vertex 31.999980926513672 -46.199947357177734 -11.449999809265137
vertex 33.32610321044922 -46.199947357177734 -8.582683563232422
vertex 33.24998092651367 -46.199947357177734 -8.199999809265137
endloop
endfacet
facet normal 0 -1 0
outer loop
vertex 42.67386245727539 -46.199947357177734 -8.582683563232422
vertex 43.99998092651367 -46.199947357177734 -11.449999809265137
vertex 42.74998092651367 -46.199947357177734 -8.199999809265137
endloop
endfacet
facet normal 0 -1 0
outer loop
vertex 42.457088470458984 -46.199947357177734 -8.907106399536133
vertex 43.99998092651367 -46.199947357177734 -11.449999809265137
vertex 42.67386245727539 -46.199947357177734 -8.582683563232422
endloop
endfacet
facet normal 0 -1 0
outer loop
vertex 42.13266372680664 -46.199947357177734 -9.123879432678223
vertex 43.99998092651367 -46.199947357177734 -11.449999809265137
vertex 42.457088470458984 -46.199947357177734 -8.907106399536133
endloop
endfacet
facet normal 0 -1 0
outer loop
vertex 41.74998092651367 -46.199947357177734 -9.199999809265137
vertex 43.99998092651367 -46.199947357177734 -11.449999809265137
vertex 42.13266372680664 -46.199947357177734 -9.123879432678223
endloop
endfacet
facet normal 0 -1 0
outer loop
vertex 31.999980926513672 -46.199947357177734 -11.449999809265137
vertex 33.54287338256836 -46.199947357177734 -8.907106399536133
vertex 33.32610321044922 -46.199947357177734 -8.582683563232422
endloop
endfacet
facet normal 0 -1 0
outer loop
vertex 34.24998092651367 -46.199947357177734 -9.199999809265137
vertex 33.8672981262207 -46.199947357177734 -9.123879432678223
vertex 31.999980926513672 -46.199947357177734 -11.449999809265137
endloop
endfacet
facet normal 0 0 -1
outer loop
vertex 43.99998092651367 -47.699947357177734 -3.450000047683716
vertex 31.999980926513672 -47.699947357177734 -3.450000047683716
vertex 31.999980926513672 -46.199947357177734 -3.450000047683716
endloop
endfacet
facet normal 0.19509040787318935 0 -0.9807852633251952
outer loop
vertex 31.999980926513672 -47.699947357177734 -3.450000047683716
vertex 31.42595672607422 -46.199947357177734 -3.564180612564087
vertex 31.999980926513672 -46.199947357177734 -3.450000047683716
endloop
endfacet
facet normal 0.19509040787318935 0 -0.9807852633251952
outer loop
vertex 31.999980926513672 -47.699947357177734 -3.450000047683716
vertex 31.42595672607422 -47.699947357177734 -3.564180612564087
vertex 31.42595672607422 -46.199947357177734 -3.564180612564087
endloop
endfacet
facet normal 0.5555703047945764 0 -0.8314695643440364
outer loop
vertex 31.42595672607422 -47.699947357177734 -3.564180612564087
vertex 30.939321517944336 -46.199947357177734 -3.8893399238586426
vertex 31.42595672607422 -46.199947357177734 -3.564180612564087
endloop
endfacet
facet normal 0.8314695010489662 0 -0.5555703995223135
outer loop
vertex 30.939321517944336 -47.699947357177734 -3.8893399238586426
vertex 30.61416244506836 -46.199947357177734 -4.375974655151367
vertex 30.939321517944336 -46.199947357177734 -3.8893399238586426
endloop
endfacet
facet normal 0.5555703047945764 0 -0.8314695643440364
outer loop
vertex 31.42595672607422 -47.699947357177734 -3.564180612564087
vertex 30.939321517944336 -47.699947357177734 -3.8893399238586426
vertex 30.939321517944336 -46.199947357177734 -3.8893399238586426
endloop
endfacet
facet normal 0 -1 0
outer loop
vertex 31.999980926513672 -46.199947357177734 -11.449999809265137
vertex 33.8672981262207 -46.199947357177734 -9.123879432678223
vertex 33.54287338256836 -46.199947357177734 -8.907106399536133
endloop
endfacet
facet normal -0.980786291688289 0 0.19508523787394735
outer loop
vertex 42.74998092651367 -46.199947357177734 -8.199999809265137
vertex 42.74998092651367 -44.99995040893555 -8.199999809265137
vertex 42.67386245727539 -46.199947357177734 -8.582683563232422
endloop
endfacet
facet normal 0.8314726376298004 0 -0.555565705270711
outer loop
vertex 33.32610321044922 -46.199947357177734 -6.31731653213501
vertex 33.32610321044922 -44.99995040893555 -6.31731653213501
vertex 33.54287338256836 -46.199947357177734 -5.992893218994141
endloop
endfacet
facet normal 0 0 1
outer loop
vertex 41.74998092651367 -44.99995040893555 -9.199999809265137
vertex 34.24998092651367 -46.199947357177734 -9.199999809265137
vertex 41.74998092651367 -46.199947357177734 -9.199999809265137
endloop
endfacet
facet normal -0.19509040787318935 0 0.9807852633251953
outer loop
vertex 42.13266372680664 -46.199947357177734 -9.123879432678223
vertex 42.13266372680664 -44.99995040893555 -9.123879432678223
vertex 41.74998092651367 -46.199947357177734 -9.199999809265137
endloop
endfacet
facet normal -0.19509040787318935 0 0.9807852633251953
outer loop
vertex 41.74998092651367 -44.99995040893555 -9.199999809265137
vertex 41.74998092651367 -46.199947357177734 -9.199999809265137
vertex 42.13266372680664 -44.99995040893555 -9.123879432678223
endloop
endfacet
facet normal -0.5555690810033217 0 0.8314703820540599
outer loop
vertex 42.457088470458984 -46.199947357177734 -8.907106399536133
vertex 42.457088470458984 -44.99995040893555 -8.907106399536133
vertex 42.13266372680664 -46.199947357177734 -9.123879432678223
endloop
endfacet
facet normal -0.5555690810033217 0 0.8314703820540599
outer loop
vertex 42.13266372680664 -44.99995040893555 -9.123879432678223
vertex 42.13266372680664 -46.199947357177734 -9.123879432678223
vertex 42.457088470458984 -44.99995040893555 -8.907106399536133
endloop
endfacet
facet normal 0.5555690810033217 0 0.8314703820540599
outer loop
vertex 33.54287338256836 -46.199947357177734 -8.907106399536133
vertex 33.8672981262207 -46.199947357177734 -9.123879432678223
vertex 33.8672981262207 -44.99995040893555 -9.123879432678223
endloop
endfacet
facet normal 0.8314722604247334 0 0.5555662698042281
outer loop
vertex 33.32610321044922 -46.199947357177734 -8.582683563232422
vertex 33.54287338256836 -46.199947357177734 -8.907106399536133
vertex 33.54287338256836 -44.99995040893555 -8.907106399536133
endloop
endfacet
facet normal 0.5555690810033217 0 0.8314703820540599
outer loop
vertex 33.54287338256836 -46.199947357177734 -8.907106399536133
vertex 33.8672981262207 -44.99995040893555 -9.123879432678223
vertex 33.54287338256836 -44.99995040893555 -8.907106399536133
endloop
endfacet
facet normal -0.8314677441500905 0 0.5555730288971555
outer loop
vertex 42.457088470458984 -44.99995040893555 -8.907106399536133
vertex 42.457088470458984 -46.199947357177734 -8.907106399536133
vertex 42.67386245727539 -44.99995040893555 -8.582683563232422
endloop
endfacet
facet normal 0.19509040787318935 0 0.9807852633251953
outer loop
vertex 33.8672981262207 -46.199947357177734 -9.123879432678223
vertex 34.24998092651367 -46.199947357177734 -9.199999809265137
vertex 34.24998092651367 -44.99995040893555 -9.199999809265137
endloop
endfacet
facet normal 0.19509040787318935 0 0.9807852633251953
outer loop
vertex 33.8672981262207 -46.199947357177734 -9.123879432678223
vertex 34.24998092651367 -44.99995040893555 -9.199999809265137
vertex 33.8672981262207 -44.99995040893555 -9.123879432678223
endloop
endfacet
facet normal -0.8314677441500905 0 0.5555730288971555
outer loop
vertex 42.67386245727539 -46.199947357177734 -8.582683563232422
vertex 42.67386245727539 -44.99995040893555 -8.582683563232422
vertex 42.457088470458984 -46.199947357177734 -8.907106399536133
endloop
endfacet
facet normal -0.980786291688289 0 0.19508523787394735
outer loop
vertex 42.67386245727539 -44.99995040893555 -8.582683563232422
vertex 42.67386245727539 -46.199947357177734 -8.582683563232422
vertex 42.74998092651367 -44.99995040893555 -8.199999809265137
endloop
endfacet
facet normal -1 0 0
outer loop
vertex 42.74998092651367 -44.99995040893555 -6.699999809265137
vertex 42.74998092651367 -46.199947357177734 -8.199999809265137
vertex 42.74998092651367 -46.199947357177734 -6.699999809265137
endloop
endfacet
facet normal -0.9807862451774633 0 -0.1950854717058468
outer loop
vertex 42.67386245727539 -46.199947357177734 -6.31731653213501
vertex 42.67386245727539 -44.99995040893555 -6.31731653213501
vertex 42.74998092651367 -46.199947357177734 -6.699999809265137
endloop
endfacet
facet normal -0.9807862451774633 0 -0.1950854717058468
outer loop
vertex 42.74998092651367 -44.99995040893555 -6.699999809265137
vertex 42.74998092651367 -46.199947357177734 -6.699999809265137
vertex 42.67386245727539 -44.99995040893555 -6.31731653213501
endloop
endfacet
facet normal 0 0 -1
outer loop
vertex 34.24998092651367 -46.199947357177734 -5.699999809265137
vertex 34.24998092651367 -44.99995040893555 -5.699999809265137
vertex 41.74998092651367 -46.199947357177734 -5.699999809265137
endloop
endfacet
facet normal 0.8314722604247334 0 0.5555662698042281
outer loop
vertex 33.32610321044922 -46.199947357177734 -8.582683563232422
vertex 33.54287338256836 -44.99995040893555 -8.907106399536133
vertex 33.32610321044922 -44.99995040893555 -8.582683563232422
endloop
endfacet
facet normal 0.980784420993769 0 0.19509464250952005
outer loop
vertex 33.32610321044922 -46.199947357177734 -8.582683563232422
vertex 33.32610321044922 -44.99995040893555 -8.582683563232422
vertex 33.24998092651367 -46.199947357177734 -8.199999809265137
endloop
endfacet
facet normal 0.980784420993769 0 0.19509464250952005
outer loop
vertex 33.24998092651367 -46.199947357177734 -8.199999809265137
vertex 33.32610321044922 -44.99995040893555 -8.582683563232422
vertex 33.24998092651367 -44.99995040893555 -8.199999809265137
endloop
endfacet
facet normal 0.19509158345481065 0 -0.9807850294866325
outer loop
vertex 34.24998092651367 -46.199947357177734 -5.699999809265137
vertex 33.8672981262207 -44.99995040893555 -5.776120662689209
vertex 34.24998092651367 -44.99995040893555 -5.699999809265137
endloop
endfacet
facet normal 0 0 -1
outer loop
vertex 41.74998092651367 -46.199947357177734 -5.699999809265137
vertex 34.24998092651367 -44.99995040893555 -5.699999809265137
vertex 41.74998092651367 -44.99995040893555 -5.699999809265137
endloop
endfacet
facet normal 0.19509158345481065 0 -0.9807850294866325
outer loop
vertex 33.8672981262207 -46.199947357177734 -5.776120662689209
vertex 33.8672981262207 -44.99995040893555 -5.776120662689209
vertex 34.24998092651367 -46.199947357177734 -5.699999809265137
endloop
endfacet
facet normal 1 0 0
outer loop
vertex 33.24998092651367 -46.199947357177734 -8.199999809265137
vertex 33.24998092651367 -44.99995040893555 -8.199999809265137
vertex 33.24998092651367 -46.199947357177734 -6.699999809265137
endloop
endfacet
facet normal -0.8314681213622869 0 -0.5555724643629031
outer loop
vertex 42.67386245727539 -44.99995040893555 -6.31731653213501
vertex 42.67386245727539 -46.199947357177734 -6.31731653213501
vertex 42.457088470458984 -44.99995040893555 -5.992893218994141
endloop
endfacet
facet normal -0.8314681213622869 0 -0.5555724643629031
outer loop
vertex 42.457088470458984 -46.199947357177734 -5.992893218994141
vertex 42.457088470458984 -44.99995040893555 -5.992893218994141
vertex 42.67386245727539 -46.199947357177734 -6.31731653213501
endloop
endfacet
facet normal 0.5555682361196549 0 -0.8314709465849636
outer loop
vertex 33.8672981262207 -46.199947357177734 -5.776120662689209
vertex 33.54287338256836 -44.99995040893555 -5.992893218994141
vertex 33.8672981262207 -44.99995040893555 -5.776120662689209
endloop
endfacet
facet normal 0.8314726376298004 0 -0.555565705270711
outer loop
vertex 33.54287338256836 -46.199947357177734 -5.992893218994141
vertex 33.32610321044922 -44.99995040893555 -6.31731653213501
vertex 33.54287338256836 -44.99995040893555 -5.992893218994141
endloop
endfacet
facet normal 0.5555682361196549 0 -0.8314709465849636
outer loop
vertex 33.54287338256836 -46.199947357177734 -5.992893218994141
vertex 33.54287338256836 -44.99995040893555 -5.992893218994141
vertex 33.8672981262207 -46.199947357177734 -5.776120662689209
endloop
endfacet
facet normal -0.5555682361196549 0 -0.8314709465849636
outer loop
vertex 42.13266372680664 -46.199947357177734 -5.776120662689209
vertex 42.13266372680664 -44.99995040893555 -5.776120662689209
vertex 42.457088470458984 -46.199947357177734 -5.992893218994141
endloop
endfacet
facet normal -0.5555682361196549 0 -0.8314709465849636
outer loop
vertex 42.457088470458984 -44.99995040893555 -5.992893218994141
vertex 42.457088470458984 -46.199947357177734 -5.992893218994141
vertex 42.13266372680664 -44.99995040893555 -5.776120662689209
endloop
endfacet
facet normal -0.19509158345481065 0 -0.9807850294866325
outer loop
vertex 42.13266372680664 -46.199947357177734 -5.776120662689209
vertex 41.74998092651367 -46.199947357177734 -5.699999809265137
vertex 41.74998092651367 -44.99995040893555 -5.699999809265137
endloop
endfacet
facet normal 1 0 0
outer loop
vertex 33.24998092651367 -46.199947357177734 -6.699999809265137
vertex 33.24998092651367 -44.99995040893555 -8.199999809265137
vertex 33.24998092651367 -44.99995040893555 -6.699999809265137
endloop
endfacet
facet normal 0.9807843744785476 0 -0.1950948763518
outer loop
vertex 33.24998092651367 -46.199947357177734 -6.699999809265137
vertex 33.24998092651367 -44.99995040893555 -6.699999809265137
vertex 33.32610321044922 -46.199947357177734 -6.31731653213501
endloop
endfacet
facet normal 0.9807843744785476 0 -0.1950948763518
outer loop
vertex 33.32610321044922 -46.199947357177734 -6.31731653213501
vertex 33.24998092651367 -44.99995040893555 -6.699999809265137
vertex 33.32610321044922 -44.99995040893555 -6.31731653213501
endloop
endfacet
facet normal -1 0 0
outer loop
vertex 42.74998092651367 -44.99995040893555 -8.199999809265137
vertex 42.74998092651367 -46.199947357177734 -8.199999809265137
vertex 42.74998092651367 -44.99995040893555 -6.699999809265137
endloop
endfacet
facet normal -0.19509158345481065 0 -0.9807850294866325
outer loop
vertex 42.13266372680664 -44.99995040893555 -5.776120662689209
vertex 42.13266372680664 -46.199947357177734 -5.776120662689209
vertex 41.74998092651367 -44.99995040893555 -5.699999809265137
endloop
endfacet
facet normal 0 0 1
outer loop
vertex 34.24998092651367 -44.99995040893555 -9.199999809265137
vertex 34.24998092651367 -46.199947357177734 -9.199999809265137
vertex 41.74998092651367 -44.99995040893555 -9.199999809265137
endloop
endfacet
facet normal -0.02751579733167336 -0.1026902449704308 -0.9943327383150549
outer loop
vertex 59.77743148803711 -48.2940673828125 -1.5949000120162964
vertex 58.56455612182617 -47.969078063964844 -1.5949000120162964
vertex 59.8821907043457 -47.699947357177734 -1.6591570377349854
endloop
endfacet
facet normal 0.027515762057422326 -0.10269025122592364 -0.9943327386451459
outer loop
vertex 62.27920150756836 -48.2940673828125 -1.5949000120162964
vertex 62.174442291259766 -47.699947357177734 -1.6591570377349854
vertex 63.39412307739258 -47.699947357177734 -1.6254053115844727
endloop
endfacet
facet normal -0.010351017476558772 -0.11831136065763857 -0.9929225943529225
outer loop
vertex 60.628318786621094 -49.164955139160156 -1.5
vertex 59.77743148803711 -48.2940673828125 -1.5949000120162964
vertex 60.628318786621094 -48.36851119995117 -1.5949000120162964
endloop
endfacet
facet normal -0.027515761586896732 -0.10269041599209901 -0.994332721641837
outer loop
vertex 58.56455612182617 -47.969078063964844 -1.5949000120162964
vertex 58.66250991821289 -47.699947357177734 -1.6254053115844727
vertex 59.8821907043457 -47.699947357177734 -1.6591570377349854
endloop
endfacet
facet normal -0.0501915785178297 -0.10763631257218294 -0.992922569821913
outer loop
vertex 57.028316497802734 -48.128150939941406 -1.5
vertex 57.27553939819336 -47.699947357177734 -1.5589157342910767
vertex 57.987403869628906 -47.699947357177734 -1.5949000120162964
endloop
endfacet
facet normal -0.06812009337612583 -0.09728149645836451 -0.9929229392683246
outer loop
vertex 56.528316497802734 -47.699947357177734 -1.5076520442962646
vertex 57.27553939819336 -47.699947357177734 -1.5589157342910767
vertex 56.528316497802734 -47.77804946899414 -1.5
endloop
endfacet
facet normal -0.06811963910102185 -0.09728556540581122 -0.992922571771041
outer loop
vertex 56.528316497802734 -47.77804946899414 -1.5
vertex 57.27553939819336 -47.699947357177734 -1.5589157342910767
vertex 57.028316497802734 -48.128150939941406 -1.5
endloop
endfacet
facet normal -0.050191531744763214 -0.10763601052270612 -0.9929226049294428
outer loop
vertex 58.29215621948242 -48.717491149902344 -1.5
vertex 57.987403869628906 -47.699947357177734 -1.5949000120162964
vertex 58.56455612182617 -47.969078063964844 -1.5949000120162964
endloop
endfacet
facet normal -0.04492985548786129 -0.09635231741218338 -0.9943327104219903
outer loop
vertex 58.56455612182617 -47.969078063964844 -1.5949000120162964
vertex 57.987403869628906 -47.699947357177734 -1.5949000120162964
vertex 58.66250991821289 -47.699947357177734 -1.6254053115844727
endloop
endfacet
facet normal -0.05019169434009487 -0.10763605797341061 -0.9929225915665406
outer loop
vertex 57.028316497802734 -48.128150939941406 -1.5
vertex 57.987403869628906 -47.699947357177734 -1.5949000120162964
vertex 58.29215621948242 -48.717491149902344 -1.5
endloop
endfacet
facet normal -1 0 0
outer loop
vertex 56.528316497802734 -47.699947357177734 -1
vertex 56.528316497802734 -47.699947357177734 -1.5076520442962646
vertex 56.528316497802734 -47.77804946899414 -1.5
endloop
endfacet
facet normal -0.5735739099356075 -0.8191538132983204 0
outer loop
vertex 57.028316497802734 -48.128150939941406 -1.5
vertex 57.028316497802734 -48.128150939941406 -0.5
vertex 56.528316497802734 -47.77804946899414 -1.5
endloop
endfacet
facet normal 1 0 0
outer loop
vertex 65.5283203125 -47.699947357177734 -1
vertex 65.5283203125 -47.199947357177734 -0.5
vertex 65.5283203125 -47.77804946899414 -0.5
endloop
endfacet
facet normal 1 0 0
outer loop
vertex 65.5283203125 -47.77804946899414 -0.5
vertex 65.5283203125 -47.77804946899414 -1.5
vertex 65.5283203125 -47.699947357177734 -1
endloop
endfacet
facet normal -0.42261948047228126 -0.9063072187317825 0
outer loop
vertex 58.29215621948242 -48.717491149902344 -1.5
vertex 58.29215621948242 -48.717491149902344 -0.5
vertex 57.028316497802734 -48.128150939941406 -1.5
endloop
endfacet
facet normal 0.5735739099356075 -0.8191538132983204 0
outer loop
vertex 65.0283203125 -48.128150939941406 -0.5
vertex 65.0283203125 -48.128150939941406 -1.5
vertex 65.5283203125 -47.77804946899414 -0.5
endloop
endfacet
facet normal 0.42261948047228126 -0.9063072187317825 0
outer loop
vertex 63.76448059082031 -48.717491149902344 -0.5
vertex 63.76448059082031 -48.717491149902344 -1.5
vertex 65.0283203125 -48.128150939941406 -0.5
endloop
endfacet
facet normal -1 0 0
outer loop
vertex 56.528316497802734 -47.699947357177734 -1
vertex 56.528316497802734 -47.77804946899414 -1.5
vertex 56.528316497802734 -47.77804946899414 -0.5
endloop
endfacet
facet normal -0.5735739099356075 -0.8191538132983204 0
outer loop
vertex 56.528316497802734 -47.77804946899414 -0.5
vertex 56.528316497802734 -47.77804946899414 -1.5
vertex 57.028316497802734 -48.128150939941406 -0.5
endloop
endfacet
facet normal 1 0 0
outer loop
vertex 65.5283203125 -47.77804946899414 -1.5
vertex 65.5283203125 -47.699947357177734 -1.5076520442962646
vertex 65.5283203125 -47.699947357177734 -1
endloop
endfacet
facet normal -0.42261948047228126 -0.9063072187317825 0
outer loop
vertex 57.028316497802734 -48.128150939941406 -0.5
vertex 57.028316497802734 -48.128150939941406 -1.5
vertex 58.29215621948242 -48.717491149902344 -0.5
endloop
endfacet
facet normal 0.5735739099356075 -0.8191538132983204 0
outer loop
vertex 65.0283203125 -48.128150939941406 -1.5
vertex 65.5283203125 -47.77804946899414 -1.5
vertex 65.5283203125 -47.77804946899414 -0.5
endloop
endfacet
facet normal 0.42261948047228126 -0.9063072187317825 0
outer loop
vertex 63.76448059082031 -48.717491149902344 -1.5
vertex 65.0283203125 -48.128150939941406 -1.5
vertex 65.0283203125 -48.128150939941406 -0.5
endloop
endfacet
facet normal 0.25881803504136525 -0.9659260969335732 0
outer loop
vertex 63.76448059082031 -48.717491149902344 -0.5
vertex 62.417503356933594 -49.07841110229492 -1.5
vertex 63.76448059082031 -48.717491149902344 -1.5
endloop
endfacet
facet normal -1 0 0
outer loop
vertex 56.528316497802734 -47.699947357177734 -1
vertex 56.528316497802734 -47.77804946899414 -0.5
vertex 56.528316497802734 -47.199947357177734 -0.5
endloop
endfacet
facet normal -0.030738278794330765 -0.11471669678733101 -0.9929225738671498
outer loop
vertex 59.63913345336914 -49.07841110229492 -1.5
vertex 58.56455612182617 -47.969078063964844 -1.5949000120162964
vertex 59.77743148803711 -48.2940673828125 -1.5949000120162964
endloop
endfacet
facet normal -0.030738062168052558 -0.11471648956975991 -0.9929226045140398
outer loop
vertex 58.29215621948242 -48.717491149902344 -1.5
vertex 58.56455612182617 -47.969078063964844 -1.5949000120162964
vertex 59.63913345336914 -49.07841110229492 -1.5
endloop
endfacet
facet normal 0.06811680533969541 -0.09728151834865552 -0.992923162695933
outer loop
vertex 65.0283203125 -48.128150939941406 -1.5
vertex 65.5283203125 -47.699947357177734 -1.5076520442962646
vertex 65.5283203125 -47.77804946899414 -1.5
endloop
endfacet
facet normal 0.06812006781441063 -0.09728531718798292 -0.992922566679091
outer loop
vertex 65.0283203125 -48.128150939941406 -1.5
vertex 64.78109741210938 -47.699947357177734 -1.5589157342910767
vertex 65.5283203125 -47.699947357177734 -1.5076520442962646
endloop
endfacet
facet normal 0.050191616130828544 -0.10763629091773538 -0.9929225702680187
outer loop
vertex 65.0283203125 -48.128150939941406 -1.5
vertex 63.49208068847656 -47.969078063964844 -1.5949000120162964
vertex 64.78109741210938 -47.699947357177734 -1.5589157342910767
endloop
endfacet
facet normal 0.05019165176549849 -0.10763596667221456 -0.9929226036160064
outer loop
vertex 63.76448059082031 -48.717491149902344 -1.5
vertex 63.49208068847656 -47.969078063964844 -1.5949000120162964
vertex 65.0283203125 -48.128150939941406 -1.5
endloop
endfacet
facet normal 0.050191318282454586 -0.10763484133268485 -0.9929227424630563
outer loop
vertex 63.49208068847656 -47.969078063964844 -1.5949000120162964
vertex 64.06922912597656 -47.699947357177734 -1.5949000120162964
vertex 64.78109741210938 -47.699947357177734 -1.5589157342910767
endloop
endfacet
facet normal 0.044929858244803354 -0.09635168648220108 -0.9943327714352663
outer loop
vertex 63.49208068847656 -47.969078063964844 -1.5949000120162964
vertex 63.39412307739258 -47.699947357177734 -1.6254053115844727
vertex 64.06922912597656 -47.699947357177734 -1.5949000120162964
endloop
endfacet
facet normal 0.03073812088894997 -0.11471646827852612 -0.9929226051560707
outer loop
vertex 63.76448059082031 -48.717491149902344 -1.5
vertex 62.27920150756836 -48.2940673828125 -1.5949000120162964
vertex 63.49208068847656 -47.969078063964844 -1.5949000120162964
endloop
endfacet
facet normal -0.01035109264277009 -0.11831143307198261 -0.9929225849408173
outer loop
vertex 59.63913345336914 -49.07841110229492 -1.5
vertex 59.77743148803711 -48.2940673828125 -1.5949000120162964
vertex 60.628318786621094 -49.164955139160156 -1.5
endloop
endfacet
facet normal -0.009265862942902197 -0.10590812496689979 -0.9943327475497922
outer loop
vertex 60.628318786621094 -48.36851119995117 -1.5949000120162964
vertex 59.77743148803711 -48.2940673828125 -1.5949000120162964
vertex 60.628318786621094 -47.699947357177734 -1.6661099195480347
endloop
endfacet
facet normal -0.00926580594504671 -0.10590820563200387 -0.99433273948915
outer loop
vertex 60.628318786621094 -47.699947357177734 -1.6661099195480347
vertex 59.77743148803711 -48.2940673828125 -1.5949000120162964
vertex 59.8821907043457 -47.699947357177734 -1.6591570377349854
endloop
endfacet
facet normal -0.25881803504136525 -0.9659260969335732 0
outer loop
vertex 58.29215621948242 -48.717491149902344 -1.5
vertex 59.63913345336914 -49.07841110229492 -1.5
vertex 59.63913345336914 -49.07841110229492 -0.5
endloop
endfacet
facet normal 0.25881803504136525 -0.9659260969335732 0
outer loop
vertex 62.417503356933594 -49.07841110229492 -0.5
vertex 62.417503356933594 -49.07841110229492 -1.5
vertex 63.76448059082031 -48.717491149902344 -0.5
endloop
endfacet
facet normal -0.0871572759617764 -0.9961945639517026 0
outer loop
vertex 59.63913345336914 -49.07841110229492 -1.5
vertex 60.628318786621094 -49.164955139160156 -1.5
vertex 60.628318786621094 -49.164955139160156 -0.5
endloop
endfacet
facet normal 0.010351066279839425 -0.11831138805961072 -0.9929225905790836
outer loop
vertex 62.417503356933594 -49.07841110229492 -1.5
vertex 61.42831802368164 -48.36851119995117 -1.5949000120162964
vertex 62.27920150756836 -48.2940673828125 -1.5949000120162964
endloop
endfacet
facet normal 0.01035108629984877 -0.1183113605733453 -0.9929225936454951
outer loop
vertex 61.42831802368164 -48.36851119995117 -1.5949000120162964
vertex 62.417503356933594 -49.07841110229492 -1.5
vertex 61.42831802368164 -49.164955139160156 -1.5
endloop
endfacet
facet normal 0.0871572759617764 -0.9961945639517026 0
outer loop
vertex 61.42831802368164 -49.164955139160156 -0.5
vertex 61.42831802368164 -49.164955139160156 -1.5
vertex 62.417503356933594 -49.07841110229492 -0.5
endloop
endfacet
facet normal 0.0092659044802313 -0.10590812492613437 -0.9943327471670605
outer loop
vertex 62.27920150756836 -48.2940673828125 -1.5949000120162964
vertex 61.42831802368164 -48.36851119995117 -1.5949000120162964
vertex 61.42831802368164 -47.699947357177734 -1.6661099195480347
endloop
endfacet
facet normal -0.0871572759617764 -0.9961945639517026 0
outer loop
vertex 59.63913345336914 -49.07841110229492 -0.5
vertex 59.63913345336914 -49.07841110229492 -1.5
vertex 60.628318786621094 -49.164955139160156 -0.5
endloop
endfacet
facet normal -0.25881803504136525 -0.9659260969335732 0
outer loop
vertex 58.29215621948242 -48.717491149902344 -0.5
vertex 58.29215621948242 -48.717491149902344 -1.5
vertex 59.63913345336914 -49.07841110229492 -0.5
endloop
endfacet
facet normal 0.009265853322310233 -0.10590819732606105 -0.9943327399323396
outer loop
vertex 62.27920150756836 -48.2940673828125 -1.5949000120162964
vertex 61.42831802368164 -47.699947357177734 -1.6661099195480347
vertex 62.174442291259766 -47.699947357177734 -1.6591570377349854
endloop
endfacet
facet normal 0.0871572759617764 -0.9961945639517026 0
outer loop
vertex 62.417503356933594 -49.07841110229492 -1.5
vertex 62.417503356933594 -49.07841110229492 -0.5
vertex 61.42831802368164 -49.164955139160156 -1.5
endloop
endfacet
facet normal 0.03073808729870106 -0.11471658335900925 -0.9929225929001984
outer loop
vertex 62.417503356933594 -49.07841110229492 -1.5
vertex 62.27920150756836 -48.2940673828125 -1.5949000120162964
vertex 63.76448059082031 -48.717491149902344 -1.5
endloop
endfacet
facet normal 0.027515662914882624 -0.10269006629720422 -0.9943327604872679
outer loop
vertex 62.27920150756836 -48.2940673828125 -1.5949000120162964
vertex 63.39412307739258 -47.699947357177734 -1.6254053115844727
vertex 63.49208068847656 -47.969078063964844 -1.5949000120162964
endloop
endfacet
facet normal 0.010351066279839425 -0.11831138805961072 -0.9929225905790836
outer loop
vertex -57.82594680786133 -49.07841110229492 -1.5
vertex -58.81513214111328 -48.36851119995117 -1.5949000120162964
vertex -57.96424865722656 -48.2940673828125 -1.5949000120162964
endloop
endfacet
facet normal 0.01035108629984877 -0.1183113605733453 -0.9929225936454951
outer loop
vertex -58.81513214111328 -48.36851119995117 -1.5949000120162964
vertex -57.82594680786133 -49.07841110229492 -1.5
vertex -58.81513214111328 -49.164955139160156 -1.5
endloop
endfacet
facet normal 0.5735739099356075 -0.8191538132983204 0
outer loop
vertex -55.21513366699219 -48.128150939941406 -1.5
vertex -54.71513366699219 -47.77804946899414 -1.5
vertex -54.71513366699219 -47.77804946899414 -0.5
endloop
endfacet
facet normal -0.050191763422062094 -0.10763620611964729 -0.9929225720149344
outer loop
vertex -63.21513366699219 -48.128150939941406 -1.5
vertex -62.96791076660156 -47.699947357177734 -1.5589157342910767
vertex -61.9512939453125 -48.717491149902344 -1.5
endloop
endfacet
facet normal 0.42262052825064694 -0.9063067301422538 0
outer loop
vertex -56.47896957397461 -48.717491149902344 -1.5
vertex -55.21513366699219 -48.128150939941406 -1.5
vertex -55.21513366699219 -48.128150939941406 -0.5
endloop
endfacet
facet normal -0.030738062168052558 -0.11471648956975991 -0.9929226045140398
outer loop
vertex -61.67889404296875 -47.969078063964844 -1.5949000120162964
vertex -60.60431671142578 -49.07841110229492 -1.5
vertex -61.9512939453125 -48.717491149902344 -1.5
endloop
endfacet
facet normal -0.009265862942902197 -0.10590812496689979 -0.9943327475497922
outer loop
vertex -59.61513137817383 -48.36851119995117 -1.5949000120162964
vertex -60.46601867675781 -48.2940673828125 -1.5949000120162964
vertex -59.61513137817383 -47.699947357177734 -1.6661099195480347
endloop
endfacet
facet normal 0.06811680533969541 -0.09728151834865552 -0.992923162695933
outer loop
vertex -55.21513366699219 -48.128150939941406 -1.5
vertex -54.71513366699219 -47.699947357177734 -1.5076520442962646
vertex -54.71513366699219 -47.77804946899414 -1.5
endloop
endfacet
facet normal 0.0871572759617764 -0.9961945639517026 0
outer loop
vertex -58.81513214111328 -49.164955139160156 -0.5
vertex -58.81513214111328 -49.164955139160156 -1.5
vertex -57.82594680786133 -49.07841110229492 -0.5
endloop
endfacet
facet normal 0.25881803504136525 -0.9659260969335732 0
outer loop
vertex -57.82594680786133 -49.07841110229492 -0.5
vertex -57.82594680786133 -49.07841110229492 -1.5
vertex -56.47896957397461 -48.717491149902344 -0.5
endloop
endfacet
facet normal -0.00926580594504671 -0.10590820563200387 -0.99433273948915
outer loop
vertex -59.61513137817383 -47.699947357177734 -1.6661099195480347
vertex -60.46601867675781 -48.2940673828125 -1.5949000120162964
vertex -60.36125946044922 -47.699947357177734 -1.6591570377349854
endloop
endfacet
facet normal 0.06812006781441063 -0.09728531718798292 -0.992922566679091
outer loop
vertex -55.21513366699219 -48.128150939941406 -1.5
vertex -55.46235656738281 -47.699947357177734 -1.5589157342910767
vertex -54.71513366699219 -47.699947357177734 -1.5076520442962646
endloop
endfacet
facet normal -0.05019158009164004 -0.10763602463192677 -0.9929226009560564
outer loop
vertex -61.9512939453125 -48.717491149902344 -1.5
vertex -62.96791076660156 -47.699947357177734 -1.5589157342910767
vertex -62.256046295166016 -47.699947357177734 -1.5949000120162964
endloop
endfacet
facet normal -0.02751579733167336 -0.1026902449704308 -0.9943327383150549
outer loop
vertex -60.46601867675781 -48.2940673828125 -1.5949000120162964
vertex -61.67889404296875 -47.969078063964844 -1.5949000120162964
vertex -60.36125946044922 -47.699947357177734 -1.6591570377349854
endloop
endfacet
facet normal -0.01035109264277009 -0.11831143307198261 -0.9929225849408173
outer loop
vertex -60.60431671142578 -49.07841110229492 -1.5
vertex -60.46601867675781 -48.2940673828125 -1.5949000120162964
vertex -59.61513137817383 -49.164955139160156 -1.5
endloop
endfacet
facet normal 0.050191781208217705 -0.10763591937932698 -0.9929226021994432
outer loop
vertex -56.47896957397461 -48.717491149902344 -1.5
vertex -56.75136947631836 -47.969078063964844 -1.5949000120162964
vertex -55.21513366699219 -48.128150939941406 -1.5
endloop
endfacet
facet normal 0.0501915785178297 -0.10763631257218294 -0.992922569821913
outer loop
vertex -55.21513366699219 -48.128150939941406 -1.5
vertex -56.17422103881836 -47.699947357177734 -1.5949000120162964
vertex -55.46235656738281 -47.699947357177734 -1.5589157342910767
endloop
endfacet
facet normal 0.05019178879530628 -0.10763585034336379 -0.9929226092996313
outer loop
vertex -55.21513366699219 -48.128150939941406 -1.5
vertex -56.75136947631836 -47.969078063964844 -1.5949000120162964
vertex -56.17422103881836 -47.699947357177734 -1.5949000120162964
endloop
endfacet
facet normal -0.010351017476558772 -0.11831136065763857 -0.9929225943529225
outer loop
vertex -59.61513137817383 -49.164955139160156 -1.5
vertex -60.46601867675781 -48.2940673828125 -1.5949000120162964
vertex -59.61513137817383 -48.36851119995117 -1.5949000120162964
endloop
endfacet
facet normal 0.25881803504136525 -0.9659260969335732 0
outer loop
vertex -57.82594680786133 -49.07841110229492 -1.5
vertex -56.47896957397461 -48.717491149902344 -1.5
vertex -56.47896957397461 -48.717491149902344 -0.5
endloop
endfacet
facet normal -0.030738278794330765 -0.11471669678733101 -0.9929225738671498
outer loop
vertex -60.60431671142578 -49.07841110229492 -1.5
vertex -61.67889404296875 -47.969078063964844 -1.5949000120162964
vertex -60.46601867675781 -48.2940673828125 -1.5949000120162964
endloop
endfacet
facet normal 0.0871572759617764 -0.9961945639517026 0
outer loop
vertex -57.82594680786133 -49.07841110229492 -1.5
vertex -57.82594680786133 -49.07841110229492 -0.5
vertex -58.81513214111328 -49.164955139160156 -1.5
endloop
endfacet
facet normal -0.25881803504136525 -0.9659260969335732 0
outer loop
vertex -61.9512939453125 -48.717491149902344 -1.5
vertex -60.60431671142578 -49.07841110229492 -1.5
vertex -60.60431671142578 -49.07841110229492 -0.5
endloop
endfacet
facet normal -0.06812009337612583 -0.09728149645836451 -0.9929229392683246
outer loop
vertex -63.71513366699219 -47.699947357177734 -1.5076520442962646
vertex -62.96791076660156 -47.699947357177734 -1.5589157342910767
vertex -63.71513366699219 -47.77804946899414 -1.5
endloop
endfacet
facet normal 0.044929858244803354 -0.09635168648220108 -0.9943327714352663
outer loop
vertex -56.75136947631836 -47.969078063964844 -1.5949000120162964
vertex -56.849327087402344 -47.699947357177734 -1.6254053115844727
vertex -56.17422103881836 -47.699947357177734 -1.5949000120162964
endloop
endfacet
facet normal -0.0871572759617764 -0.9961945639517026 0
outer loop
vertex -60.60431671142578 -49.07841110229492 -1.5
vertex -59.61513137817383 -49.164955139160156 -1.5
vertex -59.61513137817383 -49.164955139160156 -0.5
endloop
endfacet
facet normal 0.42262052825064694 -0.9063067301422538 0
outer loop
vertex -56.47896957397461 -48.717491149902344 -0.5
vertex -56.47896957397461 -48.717491149902344 -1.5
vertex -55.21513366699219 -48.128150939941406 -0.5
endloop
endfacet
facet normal 1 0 0
outer loop
vertex -54.71513366699219 -47.77804946899414 -0.5
vertex -54.71513366699219 -47.77804946899414 -1.5
vertex -54.71513366699219 -47.699947357177734 -1
endloop
endfacet
facet normal -0.42261948047228126 -0.9063072187317825 0
outer loop
vertex -63.21513366699219 -48.128150939941406 -0.5
vertex -63.21513366699219 -48.128150939941406 -1.5
vertex -61.9512939453125 -48.717491149902344 -0.5
endloop
endfacet
facet normal -0.25881803504136525 -0.9659260969335732 0
outer loop
vertex -61.9512939453125 -48.717491149902344 -0.5
vertex -61.9512939453125 -48.717491149902344 -1.5
vertex -60.60431671142578 -49.07841110229492 -0.5
endloop
endfacet
facet normal 0.5735739099356075 -0.8191538132983204 0
outer loop
vertex -55.21513366699219 -48.128150939941406 -0.5
vertex -55.21513366699219 -48.128150939941406 -1.5
vertex -54.71513366699219 -47.77804946899414 -0.5
endloop
endfacet
facet normal -0.42261948047228126 -0.9063072187317825 0
outer loop
vertex -61.9512939453125 -48.717491149902344 -1.5
vertex -61.9512939453125 -48.717491149902344 -0.5
vertex -63.21513366699219 -48.128150939941406 -1.5
endloop
endfacet
facet normal -0.027515761586896732 -0.10269041599209901 -0.994332721641837
outer loop
vertex -61.67889404296875 -47.969078063964844 -1.5949000120162964
vertex -61.58094024658203 -47.699947357177734 -1.6254053115844727
vertex -60.36125946044922 -47.699947357177734 -1.6591570377349854
endloop
endfacet
facet normal -0.04492985548786129 -0.09635231741218338 -0.9943327104219903
outer loop
vertex -61.67889404296875 -47.969078063964844 -1.5949000120162964
vertex -62.256046295166016 -47.699947357177734 -1.5949000120162964
vertex -61.58094024658203 -47.699947357177734 -1.6254053115844727
endloop
endfacet
facet normal -0.0871572759617764 -0.9961945639517026 0
outer loop
vertex -60.60431671142578 -49.07841110229492 -0.5
vertex -60.60431671142578 -49.07841110229492 -1.5
vertex -59.61513137817383 -49.164955139160156 -0.5
endloop
endfacet
facet normal 1 0 0
outer loop
vertex -54.71513366699219 -47.699947357177734 -1
vertex -54.71513366699219 -47.199947357177734 -0.5
vertex -54.71513366699219 -47.77804946899414 -0.5
endloop
endfacet
facet normal -0.050191531744763214 -0.10763601052270612 -0.9929226049294428
outer loop
vertex -61.9512939453125 -48.717491149902344 -1.5
vertex -62.256046295166016 -47.699947357177734 -1.5949000120162964
vertex -61.67889404296875 -47.969078063964844 -1.5949000120162964
endloop
endfacet
facet normal -1 0 0
outer loop
vertex -63.71513366699219 -47.199947357177734 -0.5
vertex -63.71513366699219 -47.699947357177734 -1
vertex -63.71513366699219 -47.77804946899414 -0.5
endloop
endfacet
facet normal -0.5735739099356075 -0.8191538132983204 0
outer loop
vertex -63.71513366699219 -47.77804946899414 -0.5
vertex -63.71513366699219 -47.77804946899414 -1.5
vertex -63.21513366699219 -48.128150939941406 -0.5
endloop
endfacet
facet normal -1 0 0
outer loop
vertex -63.71513366699219 -47.699947357177734 -1
vertex -63.71513366699219 -47.699947357177734 -1.5076520442962646
vertex -63.71513366699219 -47.77804946899414 -0.5
endloop
endfacet
facet normal 0.027515662914882624 -0.10269006629720422 -0.9943327604872679
outer loop
vertex -56.75136947631836 -47.969078063964844 -1.5949000120162964
vertex -57.96424865722656 -48.2940673828125 -1.5949000120162964
vertex -56.849327087402344 -47.699947357177734 -1.6254053115844727
endloop
endfacet
facet normal -0.5735739099356075 -0.8191538132983204 0
outer loop
vertex -63.71513366699219 -47.77804946899414 -1.5
vertex -63.21513366699219 -48.128150939941406 -1.5
vertex -63.21513366699219 -48.128150939941406 -0.5
endloop
endfacet
facet normal 0.03073812088894997 -0.11471646827852612 -0.9929226051560707
outer loop
vertex -56.47896957397461 -48.717491149902344 -1.5
vertex -57.96424865722656 -48.2940673828125 -1.5949000120162964
vertex -56.75136947631836 -47.969078063964844 -1.5949000120162964
endloop
endfacet
facet normal -1 0 0
outer loop
vertex -63.71513366699219 -47.699947357177734 -1.5076520442962646
vertex -63.71513366699219 -47.77804946899414 -1.5
vertex -63.71513366699219 -47.77804946899414 -0.5
endloop
endfacet
facet normal 0.03073808729870106 -0.11471658335900925 -0.9929225929001984
outer loop
vertex -57.82594680786133 -49.07841110229492 -1.5
vertex -57.96424865722656 -48.2940673828125 -1.5949000120162964
vertex -56.47896957397461 -48.717491149902344 -1.5
endloop
endfacet
facet normal -0.06811963910102185 -0.09728556540581122 -0.992922571771041
outer loop
vertex -63.21513366699219 -48.128150939941406 -1.5
vertex -63.71513366699219 -47.77804946899414 -1.5
vertex -62.96791076660156 -47.699947357177734 -1.5589157342910767
endloop
endfacet
facet normal 0.027515762057422326 -0.10269025122592364 -0.9943327386451459
outer loop
vertex -57.96424865722656 -48.2940673828125 -1.5949000120162964
vertex -58.069007873535156 -47.699947357177734 -1.6591570377349854
vertex -56.849327087402344 -47.699947357177734 -1.6254053115844727
endloop
endfacet
facet normal 0.009265853322310233 -0.10590819732606105 -0.9943327399323396
outer loop
vertex -57.96424865722656 -48.2940673828125 -1.5949000120162964
vertex -58.81513214111328 -47.699947357177734 -1.6661099195480347
vertex -58.069007873535156 -47.699947357177734 -1.6591570377349854
endloop
endfacet
facet normal 0.0092659044802313 -0.10590812492613437 -0.9943327471670605
outer loop
vertex -57.96424865722656 -48.2940673828125 -1.5949000120162964
vertex -58.81513214111328 -48.36851119995117 -1.5949000120162964
vertex -58.81513214111328 -47.699947357177734 -1.6661099195480347
endloop
endfacet
facet normal 1 0 0
outer loop
vertex -54.71513366699219 -47.77804946899414 -1.5
vertex -54.71513366699219 -47.699947357177734 -1.5076520442962646
vertex -54.71513366699219 -47.699947357177734 -1
endloop
endfacet
facet normal -0.980782457176804 0.19510451479714808 0
outer loop
vertex 66.9902572631836 -46.19129180908203 -4
vertex 66.9902572631836 -46.19129180908203 -0.5
vertex 67.0283203125 -45.99995040893555 -0.5
endloop
endfacet
facet normal 1 0 0
outer loop
vertex 55.028316497802734 -47.699947357177734 -4
vertex 55.028316497802734 -47.699947357177734 -5
vertex 55.028316497802734 -45.99995040893555 -4
endloop
endfacet
facet normal 0.8314782854783427 0.5555572524753821 0
outer loop
vertex 55.06637954711914 -46.19129180908203 -4
vertex 55.06637954711914 -46.19129180908203 -0.5
vertex 55.17476272583008 -46.3535041809082 -0.5
endloop
endfacet
facet normal -1 0 0
outer loop
vertex 61.42831802368164 -46.49995040893555 -0.5
vertex 61.42831802368164 -47.699947357177734 -4
vertex 61.42831802368164 -47.699947357177734 -1.6661099195480347
endloop
endfacet
facet normal 1 0 0
outer loop
vertex 60.628318786621094 -46.49995040893555 -4
vertex 60.628318786621094 -46.49995040893555 -0.5
vertex 60.628318786621094 -47.699947357177734 -1.6661099195480347
endloop
endfacet
facet normal 0.007193270138980207 0.999974128097676 0
outer loop
vertex 55.33697509765625 -46.46188735961914 -4
vertex 55.33697509765625 -46.46188735961914 -0.5
vertex 60.628318786621094 -46.49995040893555 -0.5
endloop
endfacet
facet normal -1 0 0
outer loop
vertex 61.42831802368164 -47.699947357177734 -4
vertex 61.42831802368164 -46.49995040893555 -0.5
vertex 61.42831802368164 -46.49995040893555 -4
endloop
endfacet
facet normal 0.007193270138980207 0.999974128097676 0
outer loop
vertex 55.33697509765625 -46.46188735961914 -4
vertex 60.628318786621094 -46.49995040893555 -0.5
vertex 60.628318786621094 -46.49995040893555 -4
endloop
endfacet
facet normal 0.980782457176804 0.19510451479714808 0
outer loop
vertex 55.06637954711914 -46.19129180908203 -0.5
vertex 55.06637954711914 -46.19129180908203 -4
vertex 55.028316497802734 -45.99995040893555 -4
endloop
endfacet
facet normal 0.980782457176804 0.19510451479714808 0
outer loop
vertex 55.028316497802734 -45.99995040893555 -4
vertex 55.028316497802734 -45.99995040893555 -0.5
vertex 55.06637954711914 -46.19129180908203 -0.5
endloop
endfacet
facet normal 1 0 0
outer loop
vertex 55.028316497802734 -45.99995040893555 -0.5
vertex 55.028316497802734 -45.99995040893555 -4
vertex 55.028316497802734 -44.99995040893555 -0.5
endloop
endfacet
facet normal 0.5555572524753821 0.8314782854783427 0
outer loop
vertex 55.33697509765625 -46.46188735961914 -0.5
vertex 55.33697509765625 -46.46188735961914 -4
vertex 55.17476272583008 -46.3535041809082 -4
endloop
endfacet
facet normal 0.8314782854783427 0.5555572524753821 0
outer loop
vertex 55.17476272583008 -46.3535041809082 -0.5
vertex 55.17476272583008 -46.3535041809082 -4
vertex 55.06637954711914 -46.19129180908203 -4
endloop
endfacet
facet normal -1 0 0
outer loop
vertex 67.0283203125 -44.99995040893555 -0.5
vertex 67.0283203125 -44.99995040893555 -5
vertex 67.0283203125 -45.99995040893555 -4
endloop
endfacet
facet normal 0 0 -1
outer loop
vertex 67.0283203125 -45.99995040893555 -4
vertex 67.0283203125 -47.699947357177734 -4
vertex 66.9902572631836 -46.19129180908203 -4
endloop
endfacet
facet normal 0 0 1
outer loop
vertex 67.0283203125 -47.699947357177734 -5
vertex 67.0283203125 -44.99995040893555 -5
vertex 55.028316497802734 -47.699947357177734 -5
endloop
endfacet
facet normal 0 0 -1
outer loop
vertex 67.0283203125 -47.699947357177734 -4
vertex 66.88187408447266 -46.3535041809082 -4
vertex 66.9902572631836 -46.19129180908203 -4
endloop
endfacet
facet normal 0 0 -1
outer loop
vertex 67.0283203125 -47.699947357177734 -4
vertex 66.71965789794922 -46.46188735961914 -4
vertex 66.88187408447266 -46.3535041809082 -4
endloop
endfacet
facet normal 0 0 -1
outer loop
vertex 67.0283203125 -47.699947357177734 -4
vertex 61.42831802368164 -46.49995040893555 -4
vertex 66.71965789794922 -46.46188735961914 -4
endloop
endfacet
facet normal 0 0 -1
outer loop
vertex 61.42831802368164 -47.699947357177734 -4
vertex 61.42831802368164 -46.49995040893555 -4
vertex 67.0283203125 -47.699947357177734 -4
endloop
endfacet
facet normal 1 0 0
outer loop
vertex 60.628318786621094 -49.164955139160156 -0.5
vertex 60.628318786621094 -49.164955139160156 -1.5
vertex 60.628318786621094 -48.36851119995117 -1.5949000120162964
endloop
endfacet
facet normal 1 0 0
outer loop
vertex 60.628318786621094 -49.164955139160156 -0.5
vertex 60.628318786621094 -48.36851119995117 -1.5949000120162964
vertex 60.628318786621094 -47.699947357177734 -1.6661099195480347
endloop
endfacet
facet normal -1 0 0
outer loop
vertex 61.42831802368164 -49.164955139160156 -1.5
vertex 61.42831802368164 -46.49995040893555 -0.5
vertex 61.42831802368164 -48.36851119995117 -1.5949000120162964
endloop
endfacet
facet normal -1 0 0
outer loop
vertex 67.0283203125 -45.99995040893555 -4
vertex 67.0283203125 -47.699947357177734 -5
vertex 67.0283203125 -47.699947357177734 -4
endloop
endfacet
facet normal -1 0 0
outer loop
vertex 67.0283203125 -44.99995040893555 -5
vertex 67.0283203125 -47.699947357177734 -5
vertex 67.0283203125 -45.99995040893555 -4
endloop
endfacet
facet normal 1 0 0
outer loop
vertex 60.628318786621094 -47.699947357177734 -1.6661099195480347
vertex 60.628318786621094 -47.699947357177734 -4
vertex 60.628318786621094 -46.49995040893555 -4
endloop
endfacet
facet normal -1 0 0
outer loop
vertex 61.42831802368164 -46.49995040893555 -0.5
vertex 61.42831802368164 -47.699947357177734 -1.6661099195480347
vertex 61.42831802368164 -48.36851119995117 -1.5949000120162964
endloop
endfacet
facet normal 0 0 -1
outer loop
vertex 60.628318786621094 -47.699947357177734 -4
vertex 55.33697509765625 -46.46188735961914 -4
vertex 60.628318786621094 -46.49995040893555 -4
endloop
endfacet
facet normal 1 0 0
outer loop
vertex 55.028316497802734 -44.99995040893555 -5
vertex 55.028316497802734 -44.99995040893555 -0.5
vertex 55.028316497802734 -45.99995040893555 -4
endloop
endfacet
facet normal 1 0 0
outer loop
vertex 60.628318786621094 -49.164955139160156 -0.5
vertex 60.628318786621094 -47.699947357177734 -1.6661099195480347
vertex 60.628318786621094 -46.49995040893555 -0.5
endloop
endfacet
facet normal 0 0 -1
outer loop
vertex 55.028316497802734 -47.699947357177734 -4
vertex 55.33697509765625 -46.46188735961914 -4
vertex 60.628318786621094 -47.699947357177734 -4
endloop
endfacet
facet normal -1 0 0
outer loop
vertex 61.42831802368164 -46.49995040893555 -0.5
vertex 61.42831802368164 -49.164955139160156 -1.5
vertex 61.42831802368164 -49.164955139160156 -0.5
endloop
endfacet
facet normal -0.0071932753245719 0.9999741280603738 0
outer loop
vertex 66.71965789794922 -46.46188735961914 -0.5
vertex 66.71965789794922 -46.46188735961914 -4
vertex 61.42831802368164 -46.49995040893555 -4
endloop
endfacet
facet normal -0.5555482201148602 0.8314843204337715 0
outer loop
vertex 66.88187408447266 -46.3535041809082 -0.5
vertex 66.88187408447266 -46.3535041809082 -4
vertex 66.71965789794922 -46.46188735961914 -4
endloop
endfacet
facet normal -0.8314782854783427 0.5555572524753821 0
outer loop
vertex 66.9902572631836 -46.19129180908203 -0.5
vertex 66.9902572631836 -46.19129180908203 -4
vertex 66.88187408447266 -46.3535041809082 -4
endloop
endfacet
facet normal 0 0 -1
outer loop
vertex 55.06637954711914 -46.19129180908203 -4
vertex 55.028316497802734 -47.699947357177734 -4
vertex 55.028316497802734 -45.99995040893555 -4
endloop
endfacet
facet normal -0.980782457176804 0.19510451479714808 0
outer loop
vertex 67.0283203125 -45.99995040893555 -0.5
vertex 67.0283203125 -45.99995040893555 -4
vertex 66.9902572631836 -46.19129180908203 -4
endloop
endfacet
facet normal -0.0071932753245719 0.9999741280603738 0
outer loop
vertex 66.71965789794922 -46.46188735961914 -0.5
vertex 61.42831802368164 -46.49995040893555 -4
vertex 61.42831802368164 -46.49995040893555 -0.5
endloop
endfacet
facet normal -0.5555482201148602 0.8314843204337715 0
outer loop
vertex 66.71965789794922 -46.46188735961914 -4
vertex 66.71965789794922 -46.46188735961914 -0.5
vertex 66.88187408447266 -46.3535041809082 -0.5
endloop
endfacet
facet normal -0.8314782854783427 0.5555572524753821 0
outer loop
vertex 66.88187408447266 -46.3535041809082 -4
vertex 66.88187408447266 -46.3535041809082 -0.5
vertex 66.9902572631836 -46.19129180908203 -0.5
endloop
endfacet
facet normal -1 0 0
outer loop
vertex 67.0283203125 -45.99995040893555 -4
vertex 67.0283203125 -45.99995040893555 -0.5
vertex 67.0283203125 -44.99995040893555 -0.5
endloop
endfacet
facet normal 0 0 -1
outer loop
vertex 55.17476272583008 -46.3535041809082 -4
vertex 55.028316497802734 -47.699947357177734 -4
vertex 55.06637954711914 -46.19129180908203 -4
endloop
endfacet
facet normal 0 0 -1
outer loop
vertex 55.028316497802734 -47.699947357177734 -4
vertex 55.17476272583008 -46.3535041809082 -4
vertex 55.33697509765625 -46.46188735961914 -4
endloop
endfacet
facet normal 0 0 1
outer loop
vertex 55.028316497802734 -47.699947357177734 -5
vertex 67.0283203125 -44.99995040893555 -5
vertex 55.028316497802734 -44.99995040893555 -5
endloop
endfacet
facet normal 1 0 0
outer loop
vertex 55.028316497802734 -47.699947357177734 -5
vertex 55.028316497802734 -44.99995040893555 -5
vertex 55.028316497802734 -45.99995040893555 -4
endloop
endfacet
facet normal 0.5555572524753821 0.8314782854783427 0
outer loop
vertex 55.17476272583008 -46.3535041809082 -4
vertex 55.17476272583008 -46.3535041809082 -0.5
vertex 55.33697509765625 -46.46188735961914 -0.5
endloop
endfacet
facet normal -1 0 0
outer loop
vertex -58.81513214111328 -49.164955139160156 -1.5
vertex -58.81513214111328 -46.49995040893555 -0.5
vertex -58.81513214111328 -48.36851119995117 -1.5949000120162964
endloop
endfacet
facet normal 0 0 -1
outer loop
vertex -65.17707061767578 -46.19129180908203 -4
vertex -65.21513366699219 -47.699947357177734 -4
vertex -65.21513366699219 -45.99995040893555 -4
endloop
endfacet
facet normal -1 0 0
outer loop
vertex -58.81513214111328 -46.49995040893555 -0.5
vertex -58.81513214111328 -47.699947357177734 -1.6661099195480347
vertex -58.81513214111328 -48.36851119995117 -1.5949000120162964
endloop
endfacet
facet normal 0.980782457176804 -0.19510451479714808 0
outer loop
vertex -65.21513366699219 -44.99995040893555 -0.5
vertex -65.21513366699219 -44.99995040893555 -5
vertex -65.17707061767578 -44.80860900878906 -5
endloop
endfacet
facet normal 0 1 0
outer loop
vertex -64.71513366699219 -46.49995040893555 -4
vertex -64.71513366699219 -46.49995040893555 -0.5
vertex -59.61513137817383 -46.49995040893555 -0.5
endloop
endfacet
facet normal -1 0 0
outer loop
vertex -53.21513366699219 -45.99995040893555 -4
vertex -53.21513366699219 -47.699947357177734 -5
vertex -53.21513366699219 -47.699947357177734 -4
endloop
endfacet
facet normal 0 0 -1
outer loop
vertex -53.21513366699219 -47.699947357177734 -4
vertex -53.5237922668457 -46.46188735961914 -4
vertex -53.36157989501953 -46.3535041809082 -4
endloop
endfacet
facet normal 0.19508944693220684 -0.9807854544678392 0
outer loop
vertex -64.71513366699219 -44.49995040893555 -5
vertex -64.71513366699219 -44.49995040893555 -0.5
vertex -64.9064712524414 -44.53800964355469 -0.5
endloop
endfacet
facet normal 0 0 -1
outer loop
vertex -53.21513366699219 -47.699947357177734 -4
vertex -53.36157989501953 -46.3535041809082 -4
vertex -53.25319290161133 -46.19129180908203 -4
endloop
endfacet
facet normal 0 0 -1
outer loop
vertex -53.21513366699219 -45.99995040893555 -4
vertex -53.21513366699219 -47.699947357177734 -4
vertex -53.25319290161133 -46.19129180908203 -4
endloop
endfacet
facet normal 0.5555482201148602 0.8314843204337715 0
outer loop
vertex -65.06868743896484 -46.3535041809082 -4
vertex -65.06868743896484 -46.3535041809082 -0.5
vertex -64.9064712524414 -46.46188735961914 -0.5
endloop
endfacet
facet normal 0.8314782854783427 0.5555572524753821 0
outer loop
vertex -65.17707061767578 -46.19129180908203 -4
vertex -65.17707061767578 -46.19129180908203 -0.5
vertex -65.06868743896484 -46.3535041809082 -0.5
endloop
endfacet
facet normal 0.19510825652323827 0.980781712837501 0
outer loop
vertex -64.9064712524414 -46.46188735961914 -4
vertex -64.9064712524414 -46.46188735961914 -0.5
vertex -64.71513366699219 -46.49995040893555 -0.5
endloop
endfacet
facet normal 0.5555617383814266 -0.831475288175546 0
outer loop
vertex -64.9064712524414 -44.53800964355469 -5
vertex -64.9064712524414 -44.53800964355469 -0.5
vertex -65.06868743896484 -44.64639663696289 -0.5
endloop
endfacet
facet normal 0 -1 0
outer loop
vertex -53.71513366699219 -44.49995040893555 -5
vertex -53.71513366699219 -44.49995040893555 -0.5
vertex -64.71513366699219 -44.49995040893555 -0.5
endloop
endfacet
facet normal 0.8314782854783427 -0.5555572524753821 0
outer loop
vertex -65.06868743896484 -44.64639663696289 -5
vertex -65.06868743896484 -44.64639663696289 -0.5
vertex -65.17707061767578 -44.80860900878906 -0.5
endloop
endfacet
facet normal 0.980782457176804 -0.19510451479714808 0
outer loop
vertex -65.17707061767578 -44.80860900878906 -5
vertex -65.17707061767578 -44.80860900878906 -0.5
vertex -65.21513366699219 -44.99995040893555 -0.5
endloop
endfacet
facet normal 0.980782457176804 0.19510451479714808 0
outer loop
vertex -65.17707061767578 -46.19129180908203 -0.5
vertex -65.17707061767578 -46.19129180908203 -4
vertex -65.21513366699219 -45.99995040893555 -4
endloop
endfacet
facet normal 0.19510825652323827 0.980781712837501 0
outer loop
vertex -64.71513366699219 -46.49995040893555 -0.5
vertex -64.71513366699219 -46.49995040893555 -4
vertex -64.9064712524414 -46.46188735961914 -4
endloop
endfacet
facet normal 1 0 0
outer loop
vertex -59.61513137817383 -49.164955139160156 -0.5
vertex -59.61513137817383 -49.164955139160156 -1.5
vertex -59.61513137817383 -48.36851119995117 -1.5949000120162964
endloop
endfacet
facet normal -0.0071932753245719 0.9999741280603738 0
outer loop
vertex -53.5237922668457 -46.46188735961914 -0.5
vertex -53.5237922668457 -46.46188735961914 -4
vertex -58.81513214111328 -46.49995040893555 -4
endloop
endfacet
facet normal 1 0 0
outer loop
vertex -59.61513137817383 -47.699947357177734 -1.6661099195480347
vertex -59.61513137817383 -49.164955139160156 -0.5
vertex -59.61513137817383 -48.36851119995117 -1.5949000120162964
endloop
endfacet
facet normal -1 0 0
outer loop
vertex -58.81513214111328 -46.49995040893555 -0.5
vertex -58.81513214111328 -46.49995040893555 -4
vertex -58.81513214111328 -47.699947357177734 -1.6661099195480347
endloop
endfacet
facet normal 1 0 0
outer loop
vertex -59.61513137817383 -47.699947357177734 -1.6661099195480347
vertex -59.61513137817383 -46.49995040893555 -4
vertex -59.61513137817383 -46.49995040893555 -0.5
endloop
endfacet
facet normal 0 1 0
outer loop
vertex -64.71513366699219 -46.49995040893555 -4
vertex -59.61513137817383 -46.49995040893555 -0.5
vertex -59.61513137817383 -46.49995040893555 -4
endloop
endfacet
facet normal 0.8314782854783427 0.5555572524753821 0
outer loop
vertex -65.06868743896484 -46.3535041809082 -0.5
vertex -65.06868743896484 -46.3535041809082 -4
vertex -65.17707061767578 -46.19129180908203 -4
endloop
endfacet
facet normal -0.9807861986664705 -0.19508570553829577 0
outer loop
vertex -53.21513366699219 -44.99995040893555 -0.5
vertex -53.25319290161133 -44.80860900878906 -5
vertex -53.21513366699219 -44.99995040893555 -5
endloop
endfacet
facet normal 0.5555482201148602 0.8314843204337715 0
outer loop
vertex -64.9064712524414 -46.46188735961914 -0.5
vertex -64.9064712524414 -46.46188735961914 -4
vertex -65.06868743896484 -46.3535041809082 -4
endloop
endfacet
facet normal 0 0 -1
outer loop
vertex -53.21513366699219 -47.699947357177734 -4
vertex -58.81513214111328 -46.49995040893555 -4
vertex -53.5237922668457 -46.46188735961914 -4
endloop
endfacet
facet normal 0 0 -1
outer loop
vertex -58.81513214111328 -46.49995040893555 -4
vertex -53.21513366699219 -47.699947357177734 -4
vertex -58.81513214111328 -47.699947357177734 -4
endloop
endfacet
facet normal 0 -1 0
outer loop
vertex -64.71513366699219 -44.49995040893555 -0.5
vertex -64.71513366699219 -44.49995040893555 -5
vertex -53.71513366699219 -44.49995040893555 -5
endloop
endfacet
facet normal -1 0 0
outer loop
vertex -58.81513214111328 -46.49995040893555 -4
vertex -58.81513214111328 -47.699947357177734 -4
vertex -58.81513214111328 -47.699947357177734 -1.6661099195480347
endloop
endfacet
facet normal 1 0 0
outer loop
vertex -59.61513137817383 -46.49995040893555 -4
vertex -59.61513137817383 -47.699947357177734 -1.6661099195480347
vertex -59.61513137817383 -47.699947357177734 -4
endloop
endfacet
facet normal 0 0 -1
outer loop
vertex -59.61513137817383 -47.699947357177734 -4
vertex -64.71513366699219 -46.49995040893555 -4
vertex -59.61513137817383 -46.49995040893555 -4
endloop
endfacet
facet normal 0 0 1
outer loop
vertex -53.25319290161133 -44.80860900878906 -5
vertex -65.21513366699219 -47.699947357177734 -5
vertex -53.21513366699219 -44.99995040893555 -5
endloop
endfacet
facet normal 1 0 0
outer loop
vertex -59.61513137817383 -49.164955139160156 -0.5
vertex -59.61513137817383 -47.699947357177734 -1.6661099195480347
vertex -59.61513137817383 -46.49995040893555 -0.5
endloop
endfacet
facet normal -1 0 0
outer loop
vertex -58.81513214111328 -49.164955139160156 -1.5
vertex -58.81513214111328 -49.164955139160156 -0.5
vertex -58.81513214111328 -46.49995040893555 -0.5
endloop
endfacet
facet normal 0 0 1
outer loop
vertex -53.5237922668457 -44.53800964355469 -5
vertex -65.21513366699219 -47.699947357177734 -5
vertex -53.36157989501953 -44.64639663696289 -5
endloop
endfacet
facet normal 0 0 1
outer loop
vertex -53.71513366699219 -44.49995040893555 -5
vertex -65.21513366699219 -47.699947357177734 -5
vertex -53.5237922668457 -44.53800964355469 -5
endloop
endfacet
facet normal 0 0 1
outer loop
vertex -65.21513366699219 -47.699947357177734 -5
vertex -53.25319290161133 -44.80860900878906 -5
vertex -53.36157989501953 -44.64639663696289 -5
endloop
endfacet
facet normal 0 0 1
outer loop
vertex -53.21513366699219 -47.699947357177734 -5
vertex -53.21513366699219 -44.99995040893555 -5
vertex -65.21513366699219 -47.699947357177734 -5
endloop
endfacet
facet normal -1 0 0
outer loop
vertex -53.21513366699219 -45.99995040893555 -4
vertex -53.21513366699219 -45.99995040893555 -0.5
vertex -53.21513366699219 -44.99995040893555 -0.5
endloop
endfacet
facet normal 0 0 1
outer loop
vertex -64.71513366699219 -44.49995040893555 -5
vertex -65.21513366699219 -47.699947357177734 -5
vertex -53.71513366699219 -44.49995040893555 -5
endloop
endfacet
facet normal 1 0 0
outer loop
vertex -65.21513366699219 -44.99995040893555 -5
vertex -65.21513366699219 -44.99995040893555 -0.5
vertex -65.21513366699219 -45.99995040893555 -4
endloop
endfacet
facet normal 1 0 0
outer loop
vertex -65.21513366699219 -47.699947357177734 -5
vertex -65.21513366699219 -44.99995040893555 -5
vertex -65.21513366699219 -45.99995040893555 -4
endloop
endfacet
facet normal -0.9807861986664705 0.19508570553829574 0
outer loop
vertex -53.25319290161133 -46.19129180908203 -4
vertex -53.25319290161133 -46.19129180908203 -0.5
vertex -53.21513366699219 -45.99995040893555 -0.5
endloop
endfacet
facet normal 1 0 0
outer loop
vertex -65.21513366699219 -47.699947357177734 -4
vertex -65.21513366699219 -47.699947357177734 -5
vertex -65.21513366699219 -45.99995040893555 -4
endloop
endfacet
facet normal 0 0 1
outer loop
vertex -65.21513366699219 -47.699947357177734 -5
vertex -65.17707061767578 -44.80860900878906 -5
vertex -65.21513366699219 -44.99995040893555 -5
endloop
endfacet
facet normal 0 0 1
outer loop
vertex -65.17707061767578 -44.80860900878906 -5
vertex -65.21513366699219 -47.699947357177734 -5
vertex -65.06868743896484 -44.64639663696289 -5
endloop
endfacet
facet normal 0 0 1
outer loop
vertex -65.06868743896484 -44.64639663696289 -5
vertex -65.21513366699219 -47.699947357177734 -5
vertex -64.9064712524414 -44.53800964355469 -5
endloop
endfacet
facet normal -0.831469252991977 0.5555707707654927 0
outer loop
vertex -53.36157989501953 -46.3535041809082 -4
vertex -53.36157989501953 -46.3535041809082 -0.5
vertex -53.25319290161133 -46.19129180908203 -0.5
endloop
endfacet
facet normal -0.5555572524753821 0.8314782854783427 0
outer loop
vertex -53.5237922668457 -46.46188735961914 -4
vertex -53.5237922668457 -46.46188735961914 -0.5
vertex -53.36157989501953 -46.3535041809082 -0.5
endloop
endfacet
facet normal 0 0 1
outer loop
vertex -64.9064712524414 -44.53800964355469 -5
vertex -65.21513366699219 -47.699947357177734 -5
vertex -64.71513366699219 -44.49995040893555 -5
endloop
endfacet
facet normal 0.19508944693220684 -0.9807854544678392 0
outer loop
vertex -64.9064712524414 -44.53800964355469 -0.5
vertex -64.9064712524414 -44.53800964355469 -5
vertex -64.71513366699219 -44.49995040893555 -5
endloop
endfacet
facet normal -1 0 0
outer loop
vertex -53.21513366699219 -44.99995040893555 -5
vertex -53.21513366699219 -47.699947357177734 -5
vertex -53.21513366699219 -45.99995040893555 -4
endloop
endfacet
facet normal 0.5555617383814266 -0.831475288175546 0
outer loop
vertex -65.06868743896484 -44.64639663696289 -0.5
vertex -65.06868743896484 -44.64639663696289 -5
vertex -64.9064712524414 -44.53800964355469 -5
endloop
endfacet
facet normal 0.8314782854783427 -0.5555572524753821 0
outer loop
vertex -65.17707061767578 -44.80860900878906 -0.5
vertex -65.17707061767578 -44.80860900878906 -5
vertex -65.06868743896484 -44.64639663696289 -5
endloop
endfacet
facet normal -0.19508570553829577 -0.9807861986664705 0
outer loop
vertex -53.71513366699219 -44.49995040893555 -0.5
vertex -53.71513366699219 -44.49995040893555 -5
vertex -53.5237922668457 -44.53800964355469 -5
endloop
endfacet
facet normal 0.980782457176804 0.19510451479714808 0
outer loop
vertex -65.21513366699219 -45.99995040893555 -4
vertex -65.21513366699219 -45.99995040893555 -0.5
vertex -65.17707061767578 -46.19129180908203 -0.5
endloop
endfacet
facet normal -0.831469252991977 -0.5555707707654927 0
outer loop
vertex -53.36157989501953 -44.64639663696289 -0.5
vertex -53.36157989501953 -44.64639663696289 -5
vertex -53.25319290161133 -44.80860900878906 -5
endloop
endfacet
facet normal -0.5555707707654927 -0.831469252991977 0
outer loop
vertex -53.36157989501953 -44.64639663696289 -0.5
vertex -53.5237922668457 -44.53800964355469 -5
vertex -53.36157989501953 -44.64639663696289 -5
endloop
endfacet
facet normal -1 0 0
outer loop
vertex -53.21513366699219 -44.99995040893555 -0.5
vertex -53.21513366699219 -44.99995040893555 -5
vertex -53.21513366699219 -45.99995040893555 -4
endloop
endfacet
facet normal -0.5555572524753821 0.8314782854783427 0
outer loop
vertex -53.36157989501953 -46.3535041809082 -0.5
vertex -53.36157989501953 -46.3535041809082 -4
vertex -53.5237922668457 -46.46188735961914 -4
endloop
endfacet
facet normal -0.831469252991977 0.5555707707654927 0
outer loop
vertex -53.25319290161133 -46.19129180908203 -0.5
vertex -53.25319290161133 -46.19129180908203 -4
vertex -53.36157989501953 -46.3535041809082 -4
endloop
endfacet
facet normal -0.9807861986664705 0.19508570553829574 0
outer loop
vertex -53.21513366699219 -45.99995040893555 -0.5
vertex -53.21513366699219 -45.99995040893555 -4
vertex -53.25319290161133 -46.19129180908203 -4
endloop
endfacet
facet normal -0.0071932753245719 0.9999741280603738 0
outer loop
vertex -58.81513214111328 -46.49995040893555 -0.5
vertex -53.5237922668457 -46.46188735961914 -0.5
vertex -58.81513214111328 -46.49995040893555 -4
endloop
endfacet
facet normal -0.9807861986664705 -0.19508570553829577 0
outer loop
vertex -53.25319290161133 -44.80860900878906 -0.5
vertex -53.25319290161133 -44.80860900878906 -5
vertex -53.21513366699219 -44.99995040893555 -0.5
endloop
endfacet
facet normal -0.831469252991977 -0.5555707707654927 0
outer loop
vertex -53.25319290161133 -44.80860900878906 -5
vertex -53.25319290161133 -44.80860900878906 -0.5
vertex -53.36157989501953 -44.64639663696289 -0.5
endloop
endfacet
facet normal -0.19508570553829577 -0.9807861986664705 0
outer loop
vertex -53.5237922668457 -44.53800964355469 -5
vertex -53.5237922668457 -44.53800964355469 -0.5
vertex -53.71513366699219 -44.49995040893555 -0.5
endloop
endfacet
facet normal -0.5555707707654927 -0.831469252991977 0
outer loop
vertex -53.5237922668457 -44.53800964355469 -0.5
vertex -53.5237922668457 -44.53800964355469 -5
vertex -53.36157989501953 -44.64639663696289 -0.5
endloop
endfacet
facet normal 1 0 0
outer loop
vertex -65.21513366699219 -45.99995040893555 -0.5
vertex -65.21513366699219 -45.99995040893555 -4
vertex -65.21513366699219 -44.99995040893555 -0.5
endloop
endfacet
facet normal 0 0 -1
outer loop
vertex -64.71513366699219 -46.49995040893555 -4
vertex -59.61513137817383 -47.699947357177734 -4
vertex -65.21513366699219 -47.699947357177734 -4
endloop
endfacet
facet normal 0 0 -1
outer loop
vertex -65.21513366699219 -47.699947357177734 -4
vertex -64.9064712524414 -46.46188735961914 -4
vertex -64.71513366699219 -46.49995040893555 -4
endloop
endfacet
facet normal 0 0 -1
outer loop
vertex -65.21513366699219 -47.699947357177734 -4
vertex -65.06868743896484 -46.3535041809082 -4
vertex -64.9064712524414 -46.46188735961914 -4
endloop
endfacet
facet normal 0 0 -1
outer loop
vertex -65.21513366699219 -47.699947357177734 -4
vertex -65.17707061767578 -46.19129180908203 -4
vertex -65.06868743896484 -46.3535041809082 -4
endloop
endfacet
facet normal 0 0 -1
outer loop
vertex -58.383663177490234 44.137977600097656 -3.5
vertex -58.508026123046875 43.9864387512207 -3.5
vertex -60.21513366699219 44.693546295166016 -3.5
endloop
endfacet
facet normal 0.634387877656003 0.773014890337251 0
outer loop
vertex -59.77070236206055 43.86207580566406 -6.931914329528809
vertex -59.9222412109375 43.9864387512207 -6.914657115936279
vertex -59.9222412109375 43.9864387512207 -3.5
endloop
endfacet
facet normal 0 0 -1
outer loop
vertex -58.29125213623047 44.31086349487305 -3.5
vertex -58.383663177490234 44.137977600097656 -3.5
vertex -60.21513366699219 44.693546295166016 -3.5
endloop
endfacet
facet normal 0 0 -1
outer loop
vertex -58.65956115722656 43.86207580566406 -3.5
vertex -58.83245086669922 43.76966857910156 -3.5
vertex -60.21513366699219 44.693546295166016 -3.5
endloop
endfacet
facet normal 0 0 -1
outer loop
vertex -58.83245086669922 43.76966857910156 -3.5
vertex -59.020042419433594 43.71276092529297 -3.5
vertex -60.21513366699219 44.693546295166016 -3.5
endloop
endfacet
facet normal 0 0 -1
outer loop
vertex -59.020042419433594 43.71276092529297 -3.5
vertex -59.21513366699219 43.693546295166016 -3.5
vertex -60.21513366699219 44.693546295166016 -3.5
endloop
endfacet
facet normal 0 0 -1
outer loop
vertex -59.21513366699219 43.693546295166016 -3.5
vertex -59.410221099853516 43.71276092529297 -3.5
vertex -60.21513366699219 44.693546295166016 -3.5
endloop
endfacet
facet normal 0 0 -1
outer loop
vertex -59.410221099853516 43.71276092529297 -3.5
vertex -59.597816467285156 43.76966857910156 -3.5
vertex -60.21513366699219 44.693546295166016 -3.5
endloop
endfacet
facet normal 0 0 -1
outer loop
vertex -60.046600341796875 44.137977600097656 -3.5
vertex -60.195919036865234 44.49845504760742 -3.5
vertex -60.21513366699219 44.693546295166016 -3.5
endloop
endfacet
facet normal 0 0 -1
outer loop
vertex -60.21513366699219 44.693546295166016 -3.5
vertex -59.9222412109375 43.9864387512207 -3.5
vertex -60.046600341796875 44.137977600097656 -3.5
endloop
endfacet
facet normal 0.471387970526712 0.8819259499769285 0
outer loop
vertex -59.597816467285156 43.76966857910156 -6.944736957550049
vertex -59.77070236206055 43.86207580566406 -6.931914329528809
vertex -59.77070236206055 43.86207580566406 -3.5
endloop
endfacet
facet normal 0 0 -1
outer loop
vertex -59.597816467285156 43.76966857910156 -3.5
vertex -59.77070236206055 43.86207580566406 -3.5
vertex -60.21513366699219 44.693546295166016 -3.5
endloop
endfacet
facet normal 0 0 -1
outer loop
vertex -59.77070236206055 43.86207580566406 -3.5
vertex -59.9222412109375 43.9864387512207 -3.5
vertex -60.21513366699219 44.693546295166016 -3.5
endloop
endfacet
facet normal 0 0 -1
outer loop
vertex -60.046600341796875 44.137977600097656 -3.5
vertex -60.13901138305664 44.31086349487305 -3.5
vertex -60.195919036865234 44.49845504760742 -3.5
endloop
endfacet
facet normal -0.9951840779500748 0.09802372669236331 0
outer loop
vertex -58.2152099609375 44.69275665283203 -6.161948204040527
vertex -58.23434829711914 44.49845504760742 -3.5
vertex -58.2152099609375 44.69275665283203 -3.5
endloop
endfacet
facet normal 0.09801812595133512 0.9951846295964323 0
outer loop
vertex -59.21513366699219 43.693546295166016 -6.9552998542785645
vertex -59.410221099853516 43.71276092529297 -6.952633380889893
vertex -59.410221099853516 43.71276092529297 -3.5
endloop
endfacet
facet normal -0.09801622777686081 0.9951848165503704 0
outer loop
vertex -59.21513366699219 43.693546295166016 -6.9552998542785645
vertex -59.21513366699219 43.693546295166016 -3.5
vertex -59.020042419433594 43.71276092529297 -6.952633380889893
endloop
endfacet
facet normal -0.9569423709767578 0.2902779678676651 0
outer loop
vertex -58.23434829711914 44.49845504760742 -3.5
vertex -58.23434829711914 44.49845504760742 -6.418879508972168
vertex -58.29125213623047 44.31086349487305 -3.5
endloop
endfacet
facet normal 0 0 -1
outer loop
vertex -58.23434829711914 44.49845504760742 -3.5
vertex -58.29125213623047 44.31086349487305 -3.5
vertex -60.21513366699219 44.693546295166016 -3.5
endloop
endfacet
facet normal 0 0 -1
outer loop
vertex -58.2152099609375 44.69275665283203 -3.5
vertex -58.23434829711914 44.49845504760742 -3.5
vertex -60.21513366699219 44.693546295166016 -3.5
endloop
endfacet
facet normal -0.881917860019375 0.4714031058222316 0
outer loop
vertex -58.29125213623047 44.31086349487305 -3.5
vertex -58.29125213623047 44.31086349487305 -6.666975021362305
vertex -58.383663177490234 44.137977600097656 -3.5
endloop
endfacet
facet normal -0.2902957875711588 0.9569369653840533 0
outer loop
vertex -59.020042419433594 43.71276092529297 -6.952633380889893
vertex -59.020042419433594 43.71276092529297 -3.5
vertex -58.83245086669922 43.76966857910156 -6.944736957550049
endloop
endfacet
facet normal -0.47137988074382814 0.8819302739048787 0
outer loop
vertex -58.83245086669922 43.76966857910156 -6.944736957550049
vertex -58.83245086669922 43.76966857910156 -3.5
vertex -58.65956115722656 43.86207580566406 -6.931914329528809
endloop
endfacet
facet normal 0.7751512631841008 0.6317756579559324 0.00019286897531413619
outer loop
vertex -59.9222412109375 43.9864387512207 -6.914657115936279
vertex -60.048221588134766 44.1410026550293 -6.893209934234619
vertex -60.046600341796875 44.137977600097656 -3.5
endloop
endfacet
facet normal 0.29029038193910456 0.956938605216473 0
outer loop
vertex -59.410221099853516 43.71276092529297 -6.952633380889893
vertex -59.597816467285156 43.76966857910156 -6.944736957550049
vertex -59.597816467285156 43.76966857910156 -3.5
endloop
endfacet
facet normal 0.8819271258166844 0.4713857706260575 0
outer loop
vertex -60.13901138305664 44.31086349487305 -3.5
vertex -60.048221588134766 44.1410026550293 -6.893209934234619
vertex -60.13901138305664 44.31086349487305 -6.668698787689209
endloop
endfacet
facet normal 0.9569369653840533 0.2902957875711588 0
outer loop
vertex -60.13901138305664 44.31086349487305 -6.668698787689209
vertex -60.195919036865234 44.49845504760742 -6.420709133148193
vertex -60.195919036865234 44.49845504760742 -3.5
endloop
endfacet
facet normal 0.9951848165503705 0.09801622777686082 0
outer loop
vertex -60.195919036865234 44.49845504760742 -6.420709133148193
vertex -60.21513366699219 44.693546295166016 -6.162771701812744
vertex -60.21513366699219 44.693546295166016 -3.5
endloop
endfacet
facet normal -0.6343974203505326 0.7730070588633648 0
outer loop
vertex -58.65956115722656 43.86207580566406 -6.931914329528809
vertex -58.65956115722656 43.86207580566406 -3.5
vertex -58.508026123046875 43.9864387512207 -6.914657115936279
endloop
endfacet
facet normal -0.7742277024797583 0.6329071533115382 0
outer loop
vertex -58.508026123046875 43.9864387512207 -6.914657115936279
vertex -58.508026123046875 43.9864387512207 -3.5
vertex -58.382747650146484 44.13969039916992 -6.893392086029053
endloop
endfacet
facet normal -0.7730148855193988 0.6343878737021503 0.00011164719169194653
outer loop
vertex -58.383663177490234 44.137977600097656 -3.5
vertex -58.382747650146484 44.13969039916992 -6.893392086029053
vertex -58.508026123046875 43.9864387512207 -3.5
endloop
endfacet
facet normal -0.8819178625416114 0.471403101103541 -3.3119223684021987e-10
outer loop
vertex -58.29125213623047 44.31086349487305 -6.666975021362305
vertex -58.382747650146484 44.13969039916992 -6.893392086029053
vertex -58.383663177490234 44.137977600097656 -3.5
endloop
endfacet
facet normal 0.47138797052671194 0.8819259499769284 0
outer loop
vertex -59.597816467285156 43.76966857910156 -3.5
vertex -59.597816467285156 43.76966857910156 -6.944736957550049
vertex -59.77070236206055 43.86207580566406 -3.5
endloop
endfacet
facet normal -0.6343974203505326 0.7730070588633648 0
outer loop
vertex -58.508026123046875 43.9864387512207 -3.5
vertex -58.508026123046875 43.9864387512207 -6.914657115936279
vertex -58.65956115722656 43.86207580566406 -3.5
endloop
endfacet
facet normal 0 0 -1
outer loop
vertex -58.508026123046875 43.9864387512207 -3.5
vertex -58.65956115722656 43.86207580566406 -3.5
vertex -60.21513366699219 44.693546295166016 -3.5
endloop
endfacet
facet normal -0.9569423709767578 0.290277967867665 0
outer loop
vertex -58.29125213623047 44.31086349487305 -6.666975021362305
vertex -58.29125213623047 44.31086349487305 -3.5
vertex -58.23434829711914 44.49845504760742 -6.418879508972168
endloop
endfacet
facet normal 0.29029038193910456 0.956938605216473 0
outer loop
vertex -59.410221099853516 43.71276092529297 -3.5
vertex -59.410221099853516 43.71276092529297 -6.952633380889893
vertex -59.597816467285156 43.76966857910156 -3.5
endloop
endfacet
facet normal 0.09801812595133513 0.9951846295964324 0
outer loop
vertex -59.21513366699219 43.693546295166016 -3.5
vertex -59.21513366699219 43.693546295166016 -6.9552998542785645
vertex -59.410221099853516 43.71276092529297 -3.5
endloop
endfacet
facet normal -0.9951840779500749 0.09802372669236332 0
outer loop
vertex -58.23434829711914 44.49845504760742 -6.418879508972168
vertex -58.23434829711914 44.49845504760742 -3.5
vertex -58.2152099609375 44.69275665283203 -6.161948204040527
endloop
endfacet
facet normal -0.09801622777686084 0.9951848165503706 0
outer loop
vertex -59.020042419433594 43.71276092529297 -3.5
vertex -59.020042419433594 43.71276092529297 -6.952633380889893
vertex -59.21513366699219 43.693546295166016 -3.5
endloop
endfacet
facet normal -0.29029578757115876 0.956936965384053 0
outer loop
vertex -58.83245086669922 43.76966857910156 -3.5
vertex -58.83245086669922 43.76966857910156 -6.944736957550049
vertex -59.020042419433594 43.71276092529297 -3.5
endloop
endfacet
facet normal 0.634387877656003 0.773014890337251 0
outer loop
vertex -59.77070236206055 43.86207580566406 -3.5
vertex -59.77070236206055 43.86207580566406 -6.931914329528809
vertex -59.9222412109375 43.9864387512207 -3.5
endloop
endfacet
facet normal -0.4713798807438282 0.8819302739048787 0
outer loop
vertex -58.65956115722656 43.86207580566406 -3.5
vertex -58.65956115722656 43.86207580566406 -6.931914329528809
vertex -58.83245086669922 43.76966857910156 -3.5
endloop
endfacet
facet normal 0.8819178600188261 0.47140310582193823 -0.0000011157019140788729
outer loop
vertex -60.046600341796875 44.137977600097656 -3.5
vertex -60.048221588134766 44.1410026550293 -6.893209934234619
vertex -60.13901138305664 44.31086349487305 -3.5
endloop
endfacet
facet normal 0.77302443296692 0.6343762495839294 0
outer loop
vertex -59.9222412109375 43.9864387512207 -3.5
vertex -59.9222412109375 43.9864387512207 -6.914657115936279
vertex -60.046600341796875 44.137977600097656 -3.5
endloop
endfacet
facet normal 0.9569369653840533 0.2902957875711588 0
outer loop
vertex -60.13901138305664 44.31086349487305 -3.5
vertex -60.13901138305664 44.31086349487305 -6.668698787689209
vertex -60.195919036865234 44.49845504760742 -3.5
endloop
endfacet
facet normal 0.9951848165503704 0.09801622777686081 0
outer loop
vertex -60.195919036865234 44.49845504760742 -3.5
vertex -60.195919036865234 44.49845504760742 -6.420709133148193
vertex -60.21513366699219 44.693546295166016 -3.5
endloop
endfacet
facet normal -0.995184077950075 0.09802372669236332 0
outer loop
vertex 62.00910186767578 44.40367126464844 -6.432031631469727
vertex 62.00910186767578 44.40367126464844 -3.5
vertex 62.02824020385742 44.59797286987305 -6.175100803375244
endloop
endfacet
facet normal -0.6343974203505326 0.7730070588633648 0
outer loop
vertex 61.73542404174805 43.89165496826172 -3.5
vertex 61.73542404174805 43.89165496826172 -6.927809715270996
vertex 61.58388900756836 43.76729202270508 -3.5
endloop
endfacet
facet normal 0 0 -1
outer loop
vertex 62.02824020385742 44.59797286987305 -3.5
vertex 62.00910186767578 44.40367126464844 -3.5
vertex 60.028316497802734 44.59876251220703 -3.5
endloop
endfacet
facet normal 0 0 -1
outer loop
vertex 61.95219802856445 44.21607971191406 -3.5
vertex 61.85978698730469 44.043190002441406 -3.5
vertex 60.028316497802734 44.59876251220703 -3.5
endloop
endfacet
facet normal 0 0 -1
outer loop
vertex 61.85978698730469 44.043190002441406 -3.5
vertex 61.73542404174805 43.89165496826172 -3.5
vertex 60.028316497802734 44.59876251220703 -3.5
endloop
endfacet
facet normal 0 0 -1
outer loop
vertex 61.73542404174805 43.89165496826172 -3.5
vertex 61.58388900756836 43.76729202270508 -3.5
vertex 60.028316497802734 44.59876251220703 -3.5
endloop
endfacet
facet normal 0.9951848165503704 0.09801622777686081 0
outer loop
vertex 60.04753112792969 44.40367126464844 -3.5
vertex 60.04753112792969 44.40367126464844 -6.43386173248291
vertex 60.028316497802734 44.59876251220703 -3.5
endloop
endfacet
facet normal 0.9569369653840532 0.2902957875711588 0
outer loop
vertex 60.10443878173828 44.21607971191406 -3.5
vertex 60.10443878173828 44.21607971191406 -6.681851387023926
vertex 60.04753112792969 44.40367126464844 -3.5
endloop
endfacet
facet normal 0.8819221841852616 0.47139501592798116 3.94908550816948e-7
outer loop
vertex 60.19684982299805 44.043190002441406 -3.5
vertex 60.19523239135742 44.04621887207031 -6.906362533569336
vertex 60.10443878173828 44.21607971191406 -3.5
endloop
endfacet
facet normal 0.7730070588633648 0.6343974203505326 0
outer loop
vertex 60.32121276855469 43.89165496826172 -3.5
vertex 60.32121276855469 43.89165496826172 -6.927809715270996
vertex 60.19684982299805 44.043190002441406 -3.5
endloop
endfacet
facet normal 0 0 -1
outer loop
vertex 61.58388900756836 43.76729202270508 -3.5
vertex 61.41100311279297 43.67488098144531 -3.5
vertex 60.028316497802734 44.59876251220703 -3.5
endloop
endfacet
facet normal -0.9569423709767579 0.2902779678676651 0
outer loop
vertex 61.95219802856445 44.21607971191406 -6.6801276206970215
vertex 61.95219802856445 44.21607971191406 -3.5
vertex 62.00910186767578 44.40367126464844 -6.432031631469727
endloop
endfacet
facet normal -0.8819181526391388 0.4714025583779649 5.272025407363493e-7
outer loop
vertex 61.95219802856445 44.21607971191406 -6.6801276206970215
vertex 61.86070251464844 44.04490661621094 -6.9065446853637695
vertex 61.85978698730469 44.043190002441406 -3.5
endloop
endfacet
facet normal -0.7742277024797581 0.6329071533115382 0
outer loop
vertex 61.73542404174805 43.89165496826172 -6.927809715270996
vertex 61.73542404174805 43.89165496826172 -3.5
vertex 61.86070251464844 44.04490661621094 -6.9065446853637695
endloop
endfacet
facet normal -0.6343974203505326 0.7730070588633648 0
outer loop
vertex 61.58388900756836 43.76729202270508 -6.945066452026367
vertex 61.58388900756836 43.76729202270508 -3.5
vertex 61.73542404174805 43.89165496826172 -6.927809715270996
endloop
endfacet
facet normal -0.47140310582223155 0.8819178600193749 0
outer loop
vertex 61.41100311279297 43.67488098144531 -6.957889556884766
vertex 61.41100311279297 43.67488098144531 -3.5
vertex 61.58388900756836 43.76729202270508 -6.945066452026367
endloop
endfacet
facet normal -0.2902725625063677 0.9569440106171242 0
outer loop
vertex 61.22340774536133 43.617977142333984 -6.965785980224609
vertex 61.22340774536133 43.617977142333984 -3.5
vertex 61.41100311279297 43.67488098144531 -6.957889556884766
endloop
endfacet
facet normal -0.09801622777686082 0.9951848165503705 0
outer loop
vertex 61.028316497802734 43.59876251220703 -6.968451976776123
vertex 61.028316497802734 43.59876251220703 -3.5
vertex 61.22340774536133 43.617977142333984 -6.965785980224609
endloop
endfacet
facet normal 0.9952700248914963 0.09714717776722671 0.00005834675009851997
outer loop
vertex 60.04753112792969 44.40367126464844 -6.43386173248291
vertex 60.02839660644531 44.59954833984375 -6.174881935119629
vertex 60.028316497802734 44.59876251220703 -3.5
endloop
endfacet
facet normal 0.9569369653840533 0.29029578757115887 0
outer loop
vertex 60.10443878173828 44.21607971191406 -6.681851387023926
vertex 60.04753112792969 44.40367126464844 -6.43386173248291
vertex 60.04753112792969 44.40367126464844 -3.5
endloop
endfacet
facet normal 0.8819188918003833 0.4714011755241853 0
outer loop
vertex 60.19523239135742 44.04621887207031 -6.906362533569336
vertex 60.10443878173828 44.21607971191406 -6.681851387023926
vertex 60.10443878173828 44.21607971191406 -3.5
endloop
endfacet
facet normal 0.2902725625063677 0.9569440106171243 0
outer loop
vertex 60.833229064941406 43.617977142333984 -6.965785980224609
vertex 60.645633697509766 43.67488098144531 -6.957889556884766
vertex 60.645633697509766 43.67488098144531 -3.5
endloop
endfacet
facet normal 0.6343974203505326 0.7730070588633648 0
outer loop
vertex 60.472747802734375 43.76729202270508 -6.945066452026367
vertex 60.32121276855469 43.89165496826172 -6.927809715270996
vertex 60.32121276855469 43.89165496826172 -3.5
endloop
endfacet
facet normal 0.47140310582223166 0.8819178600193751 0
outer loop
vertex 60.645633697509766 43.67488098144531 -6.957889556884766
vertex 60.472747802734375 43.76729202270508 -6.945066452026367
vertex 60.472747802734375 43.76729202270508 -3.5
endloop
endfacet
facet normal 0.09801812595133512 0.9951846295964324 0
outer loop
vertex 61.028316497802734 43.59876251220703 -6.968451976776123
vertex 60.833229064941406 43.617977142333984 -6.965785980224609
vertex 60.833229064941406 43.617977142333984 -3.5
endloop
endfacet
facet normal 0.7751513195136958 0.6317755885886835 0.0001936997649558996
outer loop
vertex 60.32121276855469 43.89165496826172 -6.927809715270996
vertex 60.19523239135742 44.04621887207031 -6.906362533569336
vertex 60.19684982299805 44.043190002441406 -3.5
endloop
endfacet
facet normal -0.47140310582223166 0.8819178600193751 0
outer loop
vertex 61.58388900756836 43.76729202270508 -3.5
vertex 61.58388900756836 43.76729202270508 -6.945066452026367
vertex 61.41100311279297 43.67488098144531 -3.5
endloop
endfacet
facet normal 0 0 -1
outer loop
vertex 60.028316497802734 44.59876251220703 -3.5
vertex 60.19684982299805 44.043190002441406 -3.5
vertex 60.04753112792969 44.40367126464844 -3.5
endloop
endfacet
facet normal -0.2902725625063677 0.9569440106171243 0
outer loop
vertex 61.41100311279297 43.67488098144531 -3.5
vertex 61.41100311279297 43.67488098144531 -6.957889556884766
vertex 61.22340774536133 43.617977142333984 -3.5
endloop
endfacet
facet normal -0.09801622777686081 0.9951848165503704 0
outer loop
vertex 61.22340774536133 43.617977142333984 -3.5
vertex 61.22340774536133 43.617977142333984 -6.965785980224609
vertex 61.028316497802734 43.59876251220703 -3.5
endloop
endfacet
facet normal 0.09801812595133512 0.9951846295964323 0
outer loop
vertex 61.028316497802734 43.59876251220703 -3.5
vertex 61.028316497802734 43.59876251220703 -6.968451976776123
vertex 60.833229064941406 43.617977142333984 -3.5
endloop
endfacet
facet normal 0.47140310582223155 0.8819178600193749 0
outer loop
vertex 60.645633697509766 43.67488098144531 -3.5
vertex 60.645633697509766 43.67488098144531 -6.957889556884766
vertex 60.472747802734375 43.76729202270508 -3.5
endloop
endfacet
facet normal 0 0 -1
outer loop
vertex 62.00910186767578 44.40367126464844 -3.5
vertex 61.95219802856445 44.21607971191406 -3.5
vertex 60.028316497802734 44.59876251220703 -3.5
endloop
endfacet
facet normal 0 0 -1
outer loop
vertex 60.19684982299805 44.043190002441406 -3.5
vertex 60.10443878173828 44.21607971191406 -3.5
vertex 60.04753112792969 44.40367126464844 -3.5
endloop
endfacet
facet normal 0 0 -1
outer loop
vertex 60.472747802734375 43.76729202270508 -3.5
vertex 60.32121276855469 43.89165496826172 -3.5
vertex 60.028316497802734 44.59876251220703 -3.5
endloop
endfacet
facet normal 0.6343974203505326 0.7730070588633648 0
outer loop
vertex 60.472747802734375 43.76729202270508 -3.5
vertex 60.472747802734375 43.76729202270508 -6.945066452026367
vertex 60.32121276855469 43.89165496826172 -3.5
endloop
endfacet
facet normal 0.2902725625063677 0.9569440106171242 0
outer loop
vertex 60.833229064941406 43.617977142333984 -3.5
vertex 60.833229064941406 43.617977142333984 -6.965785980224609
vertex 60.645633697509766 43.67488098144531 -3.5
endloop
endfacet
facet normal 0 0 -1
outer loop
vertex 60.32121276855469 43.89165496826172 -3.5
vertex 60.19684982299805 44.043190002441406 -3.5
vertex 60.028316497802734 44.59876251220703 -3.5
endloop
endfacet
facet normal 0 0 -1
outer loop
vertex 61.41100311279297 43.67488098144531 -3.5
vertex 61.22340774536133 43.617977142333984 -3.5
vertex 60.028316497802734 44.59876251220703 -3.5
endloop
endfacet
facet normal 0 0 -1
outer loop
vertex 61.22340774536133 43.617977142333984 -3.5
vertex 61.028316497802734 43.59876251220703 -3.5
vertex 60.028316497802734 44.59876251220703 -3.5
endloop
endfacet
facet normal 0 0 -1
outer loop
vertex 60.028316497802734 44.59876251220703 -3.5
vertex 60.833229064941406 43.617977142333984 -3.5
vertex 60.645633697509766 43.67488098144531 -3.5
endloop
endfacet
facet normal 0 0 -1
outer loop
vertex 61.028316497802734 43.59876251220703 -3.5
vertex 60.833229064941406 43.617977142333984 -3.5
vertex 60.028316497802734 44.59876251220703 -3.5
endloop
endfacet
facet normal 0 0 -1
outer loop
vertex 60.645633697509766 43.67488098144531 -3.5
vertex 60.472747802734375 43.76729202270508 -3.5
vertex 60.028316497802734 44.59876251220703 -3.5
endloop
endfacet
facet normal -0.995184077950075 0.09802372669236332 0
outer loop
vertex 62.02824020385742 44.59797286987305 -3.5
vertex 62.02824020385742 44.59797286987305 -6.175100803375244
vertex 62.00910186767578 44.40367126464844 -3.5
endloop
endfacet
facet normal -0.9569423709767578 0.290277967867665 0
outer loop
vertex 62.00910186767578 44.40367126464844 -3.5
vertex 62.00910186767578 44.40367126464844 -6.432031631469727
vertex 61.95219802856445 44.21607971191406 -3.5
endloop
endfacet
facet normal -0.8819221841853303 0.4713950159280179 0
outer loop
vertex 61.95219802856445 44.21607971191406 -3.5
vertex 61.95219802856445 44.21607971191406 -6.6801276206970215
vertex 61.85978698730469 44.043190002441406 -3.5
endloop
endfacet
facet normal -0.7730070540208259 0.6343974163763203 0.00011193343421479985
outer loop
vertex 61.85978698730469 44.043190002441406 -3.5
vertex 61.86070251464844 44.04490661621094 -6.9065446853637695
vertex 61.73542404174805 43.89165496826172 -3.5
endloop
endfacet
facet normal 0.970334039232083 0.24176817885642124 0
outer loop
vertex -58.015132904052734 44.69260025024414 -1.100000023841858
vertex -58.214500427246094 45.492759704589844 -2.4000000953674316
vertex -58.214500427246094 45.492759704589844 -1.2000000476837158
endloop
endfacet
facet normal -0.9699511727916695 0.24329965556914576 0
outer loop
vertex -60.214500427246094 45.49433517456055 -2.4000000953674316
vertex -60.415130615234375 44.69449234008789 -2.5
vertex -60.415130615234375 44.69449234008789 -1.100000023841858
endloop
endfacet
facet normal 0.00009770630205188496 0.12403448351132848 -0.9922779032879633
outer loop
vertex -60.415130615234375 44.69449234008789 -2.5
vertex -60.214500427246094 45.49433517456055 -2.4000000953674316
vertex -58.214500427246094 45.492759704589844 -2.4000000953674316
endloop
endfacet
facet normal 0.00009778508572263673 0.12403426967130701 -0.992277930010127
outer loop
vertex -58.015132904052734 44.69260025024414 -2.5
vertex -60.415130615234375 44.69449234008789 -2.5
vertex -58.214500427246094 45.492759704589844 -2.4000000953674316
endloop
endfacet
facet normal 0.0007877347409464961 0.9999996897369409 0
outer loop
vertex -58.214500427246094 45.492759704589844 -2.4000000953674316
vertex -60.214500427246094 45.49433517456055 -2.4000000953674316
vertex -58.214500427246094 45.492759704589844 -1.2000000476837158
endloop
endfacet
facet normal 0.9703340392320831 0.24176817885642127 0
outer loop
vertex -58.015132904052734 44.69260025024414 -2.5
vertex -58.214500427246094 45.492759704589844 -2.4000000953674316
vertex -58.015132904052734 44.69260025024414 -1.100000023841858
endloop
endfacet
facet normal -0.9699511727916694 0.24329965556914573 0
outer loop
vertex -60.214500427246094 45.49433517456055 -2.4000000953674316
vertex -60.415130615234375 44.69449234008789 -1.100000023841858
vertex -60.214500427246094 45.49433517456055 -1.2000000476837158
endloop
endfacet
facet normal 0.0007877347409464961 0.9999996897369409 0
outer loop
vertex -58.214500427246094 45.492759704589844 -1.2000000476837158
vertex -60.214500427246094 45.49433517456055 -2.4000000953674316
vertex -60.214500427246094 45.49433517456055 -1.2000000476837158
endloop
endfacet
facet normal 0.00009778535371330845 0.12403460960072468 0.9922778875190258
outer loop
vertex -60.214500427246094 45.49433517456055 -1.2000000476837158
vertex -60.415130615234375 44.69449234008789 -1.100000023841858
vertex -58.015132904052734 44.69260025024414 -1.100000023841858
endloop
endfacet
facet normal 0.00009770623302566784 0.12403439588513641 0.9922779142412176
outer loop
vertex -58.214500427246094 45.492759704589844 -1.2000000476837158
vertex -60.214500427246094 45.49433517456055 -1.2000000476837158
vertex -58.015132904052734 44.69260025024414 -1.100000023841858
endloop
endfacet
facet normal 0.9703337688325072 0.24176926409968402 0
outer loop
vertex 62.02894973754883 45.397972106933594 -1.2000000476837158
vertex 62.22831726074219 44.597816467285156 -1.100000023841858
vertex 62.22831726074219 44.597816467285156 -2.5
endloop
endfacet
facet normal 0.00009778535371330845 0.12403460960072468 0.9922778875190258
outer loop
vertex 60.02894973754883 45.39955139160156 -1.2000000476837158
vertex 59.82831954956055 44.599708557128906 -1.100000023841858
vertex 62.22831726074219 44.597816467285156 -1.100000023841858
endloop
endfacet
facet normal 0.0007896420877996675 0.999999688232638 0
outer loop
vertex 62.02894973754883 45.397972106933594 -1.2000000476837158
vertex 60.02894973754883 45.39955139160156 -2.4000000953674316
vertex 60.02894973754883 45.39955139160156 -1.2000000476837158
endloop
endfacet
facet normal -0.9699511727916695 0.24329965556914576 0
outer loop
vertex 60.02894973754883 45.39955139160156 -1.2000000476837158
vertex 59.82831954956055 44.599708557128906 -2.5
vertex 59.82831954956055 44.599708557128906 -1.100000023841858
endloop
endfacet
facet normal 0.9703337688325071 0.24176926409968402 0
outer loop
vertex 62.22831726074219 44.597816467285156 -2.5
vertex 62.02894973754883 45.397972106933594 -2.4000000953674316
vertex 62.02894973754883 45.397972106933594 -1.2000000476837158
endloop
endfacet
facet normal 0.0007896420877996675 0.999999688232638 0
outer loop
vertex 62.02894973754883 45.397972106933594 -2.4000000953674316
vertex 60.02894973754883 45.39955139160156 -2.4000000953674316
vertex 62.02894973754883 45.397972106933594 -1.2000000476837158
endloop
endfacet
facet normal -0.9699511727916694 0.24329965556914573 0
outer loop
vertex 60.02894973754883 45.39955139160156 -2.4000000953674316
vertex 59.82831954956055 44.599708557128906 -2.5
vertex 60.02894973754883 45.39955139160156 -1.2000000476837158
endloop
endfacet
facet normal 0.00009778554482566978 0.1240348520148105 -0.9922778572172469
outer loop
vertex 62.22831726074219 44.597816467285156 -2.5
vertex 59.82831954956055 44.599708557128906 -2.5
vertex 62.02894973754883 45.397972106933594 -2.4000000953674316
endloop
endfacet
facet normal 0.00009794283292304169 0.1240344250907142 -0.9922779105672046
outer loop
vertex 59.82831954956055 44.599708557128906 -2.5
vertex 60.02894973754883 45.39955139160156 -2.4000000953674316
vertex 62.02894973754883 45.397972106933594 -2.4000000953674316
endloop
endfacet
facet normal 0.00009794331554143903 0.1240350362767874 0.9922778341688999
outer loop
vertex 62.02894973754883 45.397972106933594 -1.2000000476837158
vertex 60.02894973754883 45.39955139160156 -1.2000000476837158
vertex 62.22831726074219 44.597816467285156 -1.100000023841858
endloop
endfacet
facet normal 0 0 1
outer loop
vertex -70.20001983642578 -44.46506118774414 -0.5
vertex -71.34815979003906 -44.46506118774414 -0.5
vertex -71.31941986083984 -44.534461975097656 -0.5
endloop
endfacet
facet normal 0 0 1
outer loop
vertex -70.20001983642578 19.554615020751953 -0.5
vertex -69.20001983642578 -1.8449348211288452 -0.5
vertex -70.20001983642578 20.814453125 -0.5
endloop
endfacet
facet normal 0 0 1
outer loop
vertex 55.028316497802734 -45.99995040893555 -0.5
vertex 55.028316497802734 -44.99995040893555 -0.5
vertex 30.499980926513672 -44.99995040893555 -0.5
endloop
endfacet
facet normal 0 0 1
outer loop
vertex 68.49998474121094 -44.99995040893555 -0.5
vertex 67.0283203125 -44.99995040893555 -0.5
vertex 67.0283203125 -45.99995040893555 -0.5
endloop
endfacet
facet normal 0 0 1
outer loop
vertex 69.98848724365234 -3.70373797416687 -0.5
vertex 71.48847198486328 -3.7110025882720947 -0.5
vertex 69.99812316894531 -1.7138391733169556 -0.5
endloop
endfacet
facet normal 0 0 1
outer loop
vertex -70.20001983642578 -23.965063095092773 -0.5
vertex -69.20001983642578 -37.967613220214844 -0.5
vertex -70.20001983642578 -22.705223083496094 -0.5
endloop
endfacet
facet normal 0 0 1
outer loop
vertex 55.06637954711914 -46.19129180908203 -0.5
vertex 55.028316497802734 -45.99995040893555 -0.5
vertex 30.499980926513672 -44.99995040893555 -0.5
endloop
endfacet
facet normal 0 0 1
outer loop
vertex 55.17476272583008 -46.3535041809082 -0.5
vertex 55.06637954711914 -46.19129180908203 -0.5
vertex 30.499980926513672 -44.99995040893555 -0.5
endloop
endfacet
facet normal 0 0 1
outer loop
vertex -70.20001983642578 -22.705223083496094 -0.5
vertex -71.70001983642578 -22.705223083496094 -0.5
vertex -70.20001983642578 -23.965063095092773 -0.5
endloop
endfacet
facet normal 0 0 1
outer loop
vertex -71.31941986083984 -44.534461975097656 -0.5
vertex -69.03453063964844 -46.8193473815918 -0.5
vertex -70.20001983642578 -44.46506118774414 -0.5
endloop
endfacet
facet normal 0 0 1
outer loop
vertex 69.87957000732422 -26.193395614624023 -0.5
vertex 69.88920593261719 -24.2034969329834 -0.5
vertex 69.19998168945312 39.967716217041016 -0.5
endloop
endfacet
facet normal 0 0 1
outer loop
vertex -69.03453063964844 -46.8193473815918 -0.5
vertex -68.11567687988281 -47.199947357177734 -0.5
vertex -70.20001983642578 -44.46506118774414 -0.5
endloop
endfacet
facet normal 0 0 1
outer loop
vertex 69.22137451171875 43.66468048095703 -0.5
vertex 68.25529479980469 44.09306335449219 -0.5
vertex 67.72492980957031 41.593482971191406 -0.5
endloop
endfacet
facet normal 0 0 1
outer loop
vertex -70.20001983642578 -22.705223083496094 -0.5
vertex -69.20001983642578 -37.967613220214844 -0.5
vertex -70.20001983642578 -2.20522403717041 -0.5
endloop
endfacet
facet normal 0 0 1
outer loop
vertex 69.78028869628906 -46.69315719604492 -0.5
vertex 69.87957000732422 -26.193395614624023 -0.5
vertex 69.19998168945312 39.967716217041016 -0.5
endloop
endfacet
facet normal 0 0 1
outer loop
vertex -68.11567687988281 -47.199947357177734 -0.5
vertex -65.17707061767578 -46.19129180908203 -0.5
vertex -70.20001983642578 -44.46506118774414 -0.5
endloop
endfacet
facet normal 0 0 1
outer loop
vertex -32.56154251098633 -39.699947357177734 -0.5
vertex -51.04973602294922 -47.199947357177734 -0.5
vertex -31.800018310546875 -44.28989791870117 -0.5
endloop
endfacet
facet normal 0 0 1
outer loop
vertex 70.20632934570312 41.275577545166016 -0.5
vertex 71.3665771484375 41.300289154052734 -0.5
vertex 69.22137451171875 43.66468048095703 -0.5
endloop
endfacet
facet normal 0 0 1
outer loop
vertex 69.78028869628906 -46.69315719604492 -0.5
vertex 69.19998168945312 39.967716217041016 -0.5
vertex 69.19998168945312 -44.28989791870117 -0.5
endloop
endfacet
facet normal 0 0 1
outer loop
vertex -69.20001983642578 -37.967613220214844 -0.5
vertex -69.20001983642578 -1.8449348211288452 -0.5
vertex -70.20001983642578 -2.20522403717041 -0.5
endloop
endfacet
facet normal 0 0 1
outer loop
vertex 71.38919067382812 -24.21076202392578 -0.5
vertex 69.88920593261719 -24.2034969329834 -0.5
vertex 71.37955474853516 -26.200660705566406 -0.5
endloop
endfacet
facet normal 0 0 1
outer loop
vertex 67.72492980957031 41.593482971191406 -0.5
vertex 70.20632934570312 41.275577545166016 -0.5
vertex 69.22137451171875 43.66468048095703 -0.5
endloop
endfacet
facet normal 0 0 1
outer loop
vertex 68.25529479980469 44.09306335449219 -0.5
vertex 67.46764373779297 41.700050354003906 -0.5
vertex 67.72492980957031 41.593482971191406 -0.5
endloop
endfacet
facet normal 0 0 1
outer loop
vertex 69.09341430664062 40.22499465942383 -0.5
vertex 69.19998168945312 39.967716217041016 -0.5
vertex 70.20632934570312 41.275577545166016 -0.5
endloop
endfacet
facet normal 0 0 1
outer loop
vertex -68.11567687988281 -47.199947357177734 -0.5
vertex -64.9064712524414 -46.46188735961914 -0.5
vertex -65.06868743896484 -46.3535041809082 -0.5
endloop
endfacet
facet normal 0 0 1
outer loop
vertex -68.11567687988281 -47.199947357177734 -0.5
vertex -65.06868743896484 -46.3535041809082 -0.5
vertex -65.17707061767578 -46.19129180908203 -0.5
endloop
endfacet
facet normal 0 0 1
outer loop
vertex -68.11567687988281 -47.199947357177734 -0.5
vertex -64.71513366699219 -46.49995040893555 -0.5
vertex -64.9064712524414 -46.46188735961914 -0.5
endloop
endfacet
facet normal 0 0 1
outer loop
vertex 68.25529479980469 44.09306335449219 -0.5
vertex -67.46768188476562 41.700050354003906 -0.5
vertex 67.46764373779297 41.700050354003906 -0.5
endloop
endfacet
facet normal 0 0 1
outer loop
vertex -70.20001983642578 41.314453125 -0.5
vertex -70.20001983642578 20.814453125 -0.5
vertex -69.20001983642578 -1.8449348211288452 -0.5
endloop
endfacet
facet normal 0 0 1
outer loop
vertex 67.72492980957031 41.593482971191406 -0.5
vertex 69.09341430664062 40.22499465942383 -0.5
vertex 70.20632934570312 41.275577545166016 -0.5
endloop
endfacet
facet normal 0 0 1
outer loop
vertex -71.70001983642578 -23.965063095092773 -0.5
vertex -70.20001983642578 -23.965063095092773 -0.5
vertex -71.70001983642578 -22.705223083496094 -0.5
endloop
endfacet
facet normal 0 0 1
outer loop
vertex -31.389968872070312 -44.699947357177734 -0.5
vertex -31.800018310546875 -44.28989791870117 -0.5
vertex -51.04973602294922 -47.199947357177734 -0.5
endloop
endfacet
facet normal 0 0 1
outer loop
vertex -51.04973602294922 -47.199947357177734 -0.5
vertex -30.500019073486328 -44.99995040893555 -0.5
vertex -30.500019073486328 -44.699947357177734 -0.5
endloop
endfacet
facet normal 0 0 1
outer loop
vertex 69.88920593261719 -24.2034969329834 -0.5
vertex 69.98848724365234 -3.70373797416687 -0.5
vertex 69.19998168945312 39.967716217041016 -0.5
endloop
endfacet
facet normal 0 0 1
outer loop
vertex -70.20001983642578 20.814453125 -0.5
vertex -71.70001983642578 20.814453125 -0.5
vertex -70.20001983642578 19.554615020751953 -0.5
endloop
endfacet
facet normal 0 0 1
outer loop
vertex -31.389968872070312 -44.699947357177734 -0.5
vertex -51.04973602294922 -47.199947357177734 -0.5
vertex -30.500019073486328 -44.699947357177734 -0.5
endloop
endfacet
facet normal 0 0 1
outer loop
vertex -53.25319290161133 -44.80860900878906 -0.5
vertex -32.56154251098633 -39.699947357177734 -0.5
vertex -53.36157989501953 -44.64639663696289 -0.5
endloop
endfacet
facet normal 0 0 1
outer loop
vertex -53.5237922668457 -44.53800964355469 -0.5
vertex -53.36157989501953 -44.64639663696289 -0.5
vertex -32.56154251098633 -39.699947357177734 -0.5
endloop
endfacet
facet normal 0 0 1
outer loop
vertex -59.61513137817383 -46.49995040893555 -0.5
vertex -68.11567687988281 -47.199947357177734 -0.5
vertex -63.71513366699219 -47.199947357177734 -0.5
endloop
endfacet
facet normal 0 0 1
outer loop
vertex 69.98848724365234 -3.70373797416687 -0.5
vertex 69.99812316894531 -1.7138391733169556 -0.5
vertex 69.19998168945312 39.967716217041016 -0.5
endloop
endfacet
facet normal 0 0 1
outer loop
vertex -53.25319290161133 -44.80860900878906 -0.5
vertex -53.21513366699219 -44.99995040893555 -0.5
vertex -32.56154251098633 -39.699947357177734 -0.5
endloop
endfacet
facet normal 0 0 1
outer loop
vertex -53.5237922668457 -44.53800964355469 -0.5
vertex -32.56154251098633 -39.699947357177734 -0.5
vertex -53.71513366699219 -44.49995040893555 -0.5
endloop
endfacet
facet normal 0 0 1
outer loop
vertex -68.11567687988281 -47.199947357177734 -0.5
vertex -59.61513137817383 -46.49995040893555 -0.5
vertex -64.71513366699219 -46.49995040893555 -0.5
endloop
endfacet
facet normal 0 0 1
outer loop
vertex -32.56154251098633 -39.699947357177734 -0.5
vertex -64.71513366699219 -44.49995040893555 -0.5
vertex -53.71513366699219 -44.49995040893555 -0.5
endloop
endfacet
facet normal 0 0 1
outer loop
vertex 69.19998168945312 39.967716217041016 -0.5
vertex 70.10704803466797 20.775819778442383 -0.5
vertex 70.20632934570312 41.275577545166016 -0.5
endloop
endfacet
facet normal 0 0 1
outer loop
vertex -69.09345245361328 -38.22489547729492 -0.5
vertex -69.20001983642578 -37.967613220214844 -0.5
vertex -70.20001983642578 -44.46506118774414 -0.5
endloop
endfacet
facet normal 0 0 1
outer loop
vertex 69.99812316894531 -1.7138391733169556 -0.5
vertex 70.09740447998047 18.785921096801758 -0.5
vertex 69.19998168945312 39.967716217041016 -0.5
endloop
endfacet
facet normal 0 0 1
outer loop
vertex -59.61513137817383 -46.49995040893555 -0.5
vertex -63.21513366699219 -48.128150939941406 -0.5
vertex -61.9512939453125 -48.717491149902344 -0.5
endloop
endfacet
facet normal 0 0 1
outer loop
vertex 69.87957000732422 -26.193395614624023 -0.5
vertex 71.37955474853516 -26.200660705566406 -0.5
vertex 69.88920593261719 -24.2034969329834 -0.5
endloop
endfacet
facet normal 0 0 1
outer loop
vertex -59.61513137817383 -46.49995040893555 -0.5
vertex -63.71513366699219 -47.77804946899414 -0.5
vertex -63.21513366699219 -48.128150939941406 -0.5
endloop
endfacet
facet normal 0 0 1
outer loop
vertex 70.10704803466797 20.775819778442383 -0.5
vertex 70.09740447998047 18.785921096801758 -0.5
vertex 71.5973892211914 18.778656005859375 -0.5
endloop
endfacet
facet normal 0 0 1
outer loop
vertex -67.46768188476562 -39.699947357177734 -0.5
vertex -67.72496032714844 -39.593379974365234 -0.5
vertex -70.20001983642578 -44.46506118774414 -0.5
endloop
endfacet
facet normal 0 0 1
outer loop
vertex 71.5973892211914 18.778656005859375 -0.5
vertex 71.60702514648438 20.7685546875 -0.5
vertex 70.10704803466797 20.775819778442383 -0.5
endloop
endfacet
facet normal 0 0 1
outer loop
vertex -67.72496032714844 -39.593379974365234 -0.5
vertex -69.09345245361328 -38.22489547729492 -0.5
vertex -70.20001983642578 -44.46506118774414 -0.5
endloop
endfacet
facet normal 0 0 1
outer loop
vertex -63.71513366699219 -47.199947357177734 -0.5
vertex -63.71513366699219 -47.77804946899414 -0.5
vertex -59.61513137817383 -46.49995040893555 -0.5
endloop
endfacet
facet normal 0 0 1
outer loop
vertex -60.60431671142578 -49.07841110229492 -0.5
vertex -59.61513137817383 -49.164955139160156 -0.5
vertex -61.9512939453125 -48.717491149902344 -0.5
endloop
endfacet
facet normal 0 0 1
outer loop
vertex -59.61513137817383 -49.164955139160156 -0.5
vertex -59.61513137817383 -46.49995040893555 -0.5
vertex -61.9512939453125 -48.717491149902344 -0.5
endloop
endfacet
facet normal 0 0 1
outer loop
vertex -32.56154251098633 -39.699947357177734 -0.5
vertex -53.21513366699219 -45.99995040893555 -0.5
vertex -51.04973602294922 -47.199947357177734 -0.5
endloop
endfacet
facet normal 0 0 1
outer loop
vertex -32.56154251098633 -39.699947357177734 -0.5
vertex -53.21513366699219 -44.99995040893555 -0.5
vertex -53.21513366699219 -45.99995040893555 -0.5
endloop
endfacet
facet normal 0 0 1
outer loop
vertex -53.21513366699219 -45.99995040893555 -0.5
vertex -53.25319290161133 -46.19129180908203 -0.5
vertex -51.04973602294922 -47.199947357177734 -0.5
endloop
endfacet
facet normal 0 0 1
outer loop
vertex -53.25319290161133 -46.19129180908203 -0.5
vertex -53.36157989501953 -46.3535041809082 -0.5
vertex -51.04973602294922 -47.199947357177734 -0.5
endloop
endfacet
facet normal 0 0 1
outer loop
vertex -53.36157989501953 -46.3535041809082 -0.5
vertex -53.5237922668457 -46.46188735961914 -0.5
vertex -51.04973602294922 -47.199947357177734 -0.5
endloop
endfacet
facet normal 0 0 1
outer loop
vertex 69.78028869628906 -46.69315719604492 -0.5
vertex 69.19998168945312 -44.28989791870117 -0.5
vertex 68.78993225097656 -44.699947357177734 -0.5
endloop
endfacet
facet normal 0 0 1
outer loop
vertex 69.78028869628906 -46.69315719604492 -0.5
vertex 68.78993225097656 -44.699947357177734 -0.5
vertex 68.49998474121094 -44.699947357177734 -0.5
endloop
endfacet
facet normal 0 0 1
outer loop
vertex 69.78028869628906 -46.69315719604492 -0.5
vertex 68.49998474121094 -44.699947357177734 -0.5
vertex 68.49998474121094 -44.99995040893555 -0.5
endloop
endfacet
facet normal 0 0 1
outer loop
vertex 69.78028869628906 -46.69315719604492 -0.5
vertex 68.49998474121094 -44.99995040893555 -0.5
vertex 67.0283203125 -45.99995040893555 -0.5
endloop
endfacet
facet normal 0 0 1
outer loop
vertex 69.78028869628906 -46.69315719604492 -0.5
vertex 69.8219223022461 -47.199947357177734 -0.5
vertex 70.32850646972656 -46.6958122253418 -0.5
endloop
endfacet
facet normal 0 0 1
outer loop
vertex -53.5237922668457 -46.46188735961914 -0.5
vertex -54.71513366699219 -47.199947357177734 -0.5
vertex -51.04973602294922 -47.199947357177734 -0.5
endloop
endfacet
facet normal 0 0 1
outer loop
vertex 56.528316497802734 -47.199947357177734 -0.5
vertex 56.528316497802734 -47.77804946899414 -0.5
vertex 57.028316497802734 -48.128150939941406 -0.5
endloop
endfacet
facet normal 0 0 1
outer loop
vertex 57.028316497802734 -48.128150939941406 -0.5
vertex 58.29215621948242 -48.717491149902344 -0.5
vertex 60.628318786621094 -49.164955139160156 -0.5
endloop
endfacet
facet normal 0 0 1
outer loop
vertex 57.028316497802734 -48.128150939941406 -0.5
vertex 60.628318786621094 -49.164955139160156 -0.5
vertex 56.528316497802734 -47.199947357177734 -0.5
endloop
endfacet
facet normal 0 0 1
outer loop
vertex -70.20001983642578 -2.20522403717041 -0.5
vertex -69.20001983642578 -1.8449348211288452 -0.5
vertex -71.70001983642578 -2.20522403717041 -0.5
endloop
endfacet
facet normal 0 0 1
outer loop
vertex -32.56154251098633 -39.699947357177734 -0.5
vertex -31.800018310546875 -44.28989791870117 -0.5
vertex -31.800018310546875 -40.46147155761719 -0.5
endloop
endfacet
facet normal 0 0 1
outer loop
vertex -71.31941986083984 41.383853912353516 -0.5
vertex -71.34815979003906 41.314453125 -0.5
vertex -70.20001983642578 41.314453125 -0.5
endloop
endfacet
facet normal 0 0 1
outer loop
vertex -68.88346099853516 43.81980895996094 -0.5
vertex -71.31941986083984 41.383853912353516 -0.5
vertex -70.20001983642578 41.314453125 -0.5
endloop
endfacet
facet normal 0 0 1
outer loop
vertex -69.20001983642578 39.967716217041016 -0.5
vertex -69.09345245361328 40.22499465942383 -0.5
vertex -70.20001983642578 41.314453125 -0.5
endloop
endfacet
facet normal 0 0 1
outer loop
vertex -67.72496032714844 41.593482971191406 -0.5
vertex -70.20001983642578 41.314453125 -0.5
vertex -69.09345245361328 40.22499465942383 -0.5
endloop
endfacet
facet normal 0 0 1
outer loop
vertex 69.78028869628906 -46.69315719604492 -0.5
vertex 67.0283203125 -45.99995040893555 -0.5
vertex 66.9902572631836 -46.19129180908203 -0.5
endloop
endfacet
facet normal 0 0 1
outer loop
vertex 69.78028869628906 -46.69315719604492 -0.5
vertex 66.9902572631836 -46.19129180908203 -0.5
vertex 66.88187408447266 -46.3535041809082 -0.5
endloop
endfacet
facet normal 0 0 1
outer loop
vertex 66.71965789794922 -46.46188735961914 -0.5
vertex 69.78028869628906 -46.69315719604492 -0.5
vertex 66.88187408447266 -46.3535041809082 -0.5
endloop
endfacet
facet normal 0 0 1
outer loop
vertex 65.5283203125 -47.199947357177734 -0.5
vertex 69.8219223022461 -47.199947357177734 -0.5
vertex 69.78028869628906 -46.69315719604492 -0.5
endloop
endfacet
facet normal 0 0 1
outer loop
vertex -67.46768188476562 41.700050354003906 -0.5
vertex -68.88346099853516 43.81980895996094 -0.5
vertex -70.20001983642578 41.314453125 -0.5
endloop
endfacet
facet normal 0 0 1
outer loop
vertex -67.72496032714844 41.593482971191406 -0.5
vertex -67.46768188476562 41.700050354003906 -0.5
vertex -70.20001983642578 41.314453125 -0.5
endloop
endfacet
facet normal 0 0 1
outer loop
vertex -69.20001983642578 -37.967613220214844 -0.5
vertex -70.20001983642578 -23.965063095092773 -0.5
vertex -70.20001983642578 -44.46506118774414 -0.5
endloop
endfacet
facet normal 0 0 1
outer loop
vertex 66.71965789794922 -46.46188735961914 -0.5
vertex 61.42831802368164 -46.49995040893555 -0.5
vertex 69.78028869628906 -46.69315719604492 -0.5
endloop
endfacet
facet normal 0 0 1
outer loop
vertex 65.5283203125 -47.199947357177734 -0.5
vertex 69.78028869628906 -46.69315719604492 -0.5
vertex 61.42831802368164 -46.49995040893555 -0.5
endloop
endfacet
facet normal 0 0 1
outer loop
vertex -64.71513366699219 -44.49995040893555 -0.5
vertex -32.56154251098633 -39.699947357177734 -0.5
vertex -70.20001983642578 -44.46506118774414 -0.5
endloop
endfacet
facet normal 0 0 1
outer loop
vertex -51.04973602294922 -47.199947357177734 -0.5
vertex 30.499980926513672 -44.99995040893555 -0.5
vertex -30.500019073486328 -44.99995040893555 -0.5
endloop
endfacet
facet normal 0 0 1
outer loop
vertex -32.56154251098633 -39.699947357177734 -0.5
vertex -67.46768188476562 -39.699947357177734 -0.5
vertex -70.20001983642578 -44.46506118774414 -0.5
endloop
endfacet
facet normal 0 0 1
outer loop
vertex 61.42831802368164 -46.49995040893555 -0.5
vertex 65.5283203125 -47.77804946899414 -0.5
vertex 65.5283203125 -47.199947357177734 -0.5
endloop
endfacet
facet normal 0 0 1
outer loop
vertex 65.5283203125 -47.77804946899414 -0.5
vertex 61.42831802368164 -46.49995040893555 -0.5
vertex 65.0283203125 -48.128150939941406 -0.5
endloop
endfacet
facet normal 0 0 1
outer loop
vertex 61.42831802368164 -46.49995040893555 -0.5
vertex 63.76448059082031 -48.717491149902344 -0.5
vertex 65.0283203125 -48.128150939941406 -0.5
endloop
endfacet
facet normal 0 0 1
outer loop
vertex -53.5237922668457 -46.46188735961914 -0.5
vertex -58.81513214111328 -46.49995040893555 -0.5
vertex -54.71513366699219 -47.199947357177734 -0.5
endloop
endfacet
facet normal 0 0 1
outer loop
vertex -58.81513214111328 -46.49995040893555 -0.5
vertex -54.71513366699219 -47.77804946899414 -0.5
vertex -54.71513366699219 -47.199947357177734 -0.5
endloop
endfacet
facet normal 0 0 1
outer loop
vertex -51.04973602294922 -47.199947357177734 -0.5
vertex 55.17476272583008 -46.3535041809082 -0.5
vertex 30.499980926513672 -44.99995040893555 -0.5
endloop
endfacet
facet normal 0 0 1
outer loop
vertex -58.81513214111328 -46.49995040893555 -0.5
vertex -55.21513366699219 -48.128150939941406 -0.5
vertex -54.71513366699219 -47.77804946899414 -0.5
endloop
endfacet
facet normal 0 0 1
outer loop
vertex -70.20001983642578 41.314453125 -0.5
vertex -69.20001983642578 -1.8449348211288452 -0.5
vertex -69.20001983642578 39.967716217041016 -0.5
endloop
endfacet
facet normal 0 0 1
outer loop
vertex -67.96350860595703 44.200443267822266 -0.5
vertex -68.88346099853516 43.81980895996094 -0.5
vertex 68.25529479980469 44.09306335449219 -0.5
endloop
endfacet
facet normal 0 0 1
outer loop
vertex 68.25529479980469 44.09306335449219 -0.5
vertex -68.88346099853516 43.81980895996094 -0.5
vertex -67.46768188476562 41.700050354003906 -0.5
endloop
endfacet
facet normal 0 0 1
outer loop
vertex -55.21513366699219 -48.128150939941406 -0.5
vertex -58.81513214111328 -46.49995040893555 -0.5
vertex -56.47896957397461 -48.717491149902344 -0.5
endloop
endfacet
facet normal 0 0 1
outer loop
vertex 71.49810791015625 -1.7211036682128906 -0.5
vertex 69.99812316894531 -1.7138391733169556 -0.5
vertex 71.48847198486328 -3.7110025882720947 -0.5
endloop
endfacet
facet normal 0 0 1
outer loop
vertex -65.21513366699219 -45.99995040893555 -0.5
vertex -65.21513366699219 -44.99995040893555 -0.5
vertex -70.20001983642578 -44.46506118774414 -0.5
endloop
endfacet
facet normal 0 0 1
outer loop
vertex -65.21513366699219 -44.99995040893555 -0.5
vertex -65.17707061767578 -44.80860900878906 -0.5
vertex -70.20001983642578 -44.46506118774414 -0.5
endloop
endfacet
facet normal 0 0 1
outer loop
vertex -51.04973602294922 -47.199947357177734 -0.5
vertex 55.33697509765625 -46.46188735961914 -0.5
vertex 55.17476272583008 -46.3535041809082 -0.5
endloop
endfacet
facet normal 0 0 1
outer loop
vertex -65.17707061767578 -44.80860900878906 -0.5
vertex -65.06868743896484 -44.64639663696289 -0.5
vertex -70.20001983642578 -44.46506118774414 -0.5
endloop
endfacet
facet normal 0 0 1
outer loop
vertex 70.09740447998047 18.785921096801758 -0.5
vertex 70.10704803466797 20.775819778442383 -0.5
vertex 69.19998168945312 39.967716217041016 -0.5
endloop
endfacet
facet normal 0 0 1
outer loop
vertex -69.20001983642578 -1.8449348211288452 -0.5
vertex -71.70001983642578 -0.9453850388526917 -0.5
vertex -71.70001983642578 -2.20522403717041 -0.5
endloop
endfacet
facet normal 0 0 1
outer loop
vertex -70.20001983642578 -0.9453850388526917 -0.5
vertex -71.70001983642578 -0.9453850388526917 -0.5
vertex -69.20001983642578 -1.8449348211288452 -0.5
endloop
endfacet
facet normal 0 0 1
outer loop
vertex 60.628318786621094 -46.49995040893555 -0.5
vertex -51.04973602294922 -47.199947357177734 -0.5
vertex 56.528316497802734 -47.199947357177734 -0.5
endloop
endfacet
facet normal 0 0 1
outer loop
vertex -51.04973602294922 -47.199947357177734 -0.5
vertex 60.628318786621094 -46.49995040893555 -0.5
vertex 55.33697509765625 -46.46188735961914 -0.5
endloop
endfacet
facet normal 0 0 1
outer loop
vertex -65.06868743896484 -44.64639663696289 -0.5
vertex -64.9064712524414 -44.53800964355469 -0.5
vertex -70.20001983642578 -44.46506118774414 -0.5
endloop
endfacet
facet normal 0 0 1
outer loop
vertex -64.9064712524414 -44.53800964355469 -0.5
vertex -64.71513366699219 -44.49995040893555 -0.5
vertex -70.20001983642578 -44.46506118774414 -0.5
endloop
endfacet
facet normal 0 0 1
outer loop
vertex 61.42831802368164 -46.49995040893555 -0.5
vertex 62.417503356933594 -49.07841110229492 -0.5
vertex 63.76448059082031 -48.717491149902344 -0.5
endloop
endfacet
facet normal 0 0 1
outer loop
vertex 61.42831802368164 -46.49995040893555 -0.5
vertex 61.42831802368164 -49.164955139160156 -0.5
vertex 62.417503356933594 -49.07841110229492 -0.5
endloop
endfacet
facet normal 0 0 1
outer loop
vertex -58.81513214111328 -46.49995040893555 -0.5
vertex -57.82594680786133 -49.07841110229492 -0.5
vertex -56.47896957397461 -48.717491149902344 -0.5
endloop
endfacet
facet normal 0 0 1
outer loop
vertex -58.81513214111328 -46.49995040893555 -0.5
vertex -58.81513214111328 -49.164955139160156 -0.5
vertex -57.82594680786133 -49.07841110229492 -0.5
endloop
endfacet
facet normal 0 0 1
outer loop
vertex 60.628318786621094 -49.164955139160156 -0.5
vertex 60.628318786621094 -46.49995040893555 -0.5
vertex 56.528316497802734 -47.199947357177734 -0.5
endloop
endfacet
facet normal 0 0 1
outer loop
vertex 58.29215621948242 -48.717491149902344 -0.5
vertex 59.63913345336914 -49.07841110229492 -0.5
vertex 60.628318786621094 -49.164955139160156 -0.5
endloop
endfacet
facet normal 0 0 1
outer loop
vertex -70.20001983642578 19.554615020751953 -0.5
vertex -70.20001983642578 -0.9453850388526917 -0.5
vertex -69.20001983642578 -1.8449348211288452 -0.5
endloop
endfacet
facet normal 0 0 1
outer loop
vertex -71.70001983642578 19.554615020751953 -0.5
vertex -70.20001983642578 19.554615020751953 -0.5
vertex -71.70001983642578 20.814453125 -0.5
endloop
endfacet
facet normal 0 0 1
outer loop
vertex -65.17707061767578 -46.19129180908203 -0.5
vertex -65.21513366699219 -45.99995040893555 -0.5
vertex -70.20001983642578 -44.46506118774414 -0.5
endloop
endfacet
facet normal 0.9999882726536555 -0.004842990311595361 0
outer loop
vertex 69.78028869628906 -46.69315719604492 -0.5
vertex 69.78028869628906 -46.69315719604492 -1
vertex 69.87957000732422 -26.193395614624023 -1
endloop
endfacet
facet normal -0.004843710464113212 -0.9999882691656636 0
outer loop
vertex 69.87957000732422 -26.193395614624023 -1
vertex 71.87954711914062 -26.203083038330078 -1
vertex 69.87957000732422 -26.193395614624023 -0.5
endloop
endfacet
facet normal 0 0 1
outer loop
vertex 71.03389739990234 -46.69922637939453 -1
vertex 71.78389739990234 -45.952850341796875 -1
vertex 69.78028869628906 -46.69315719604492 -1
endloop
endfacet
facet normal 0.004841313087554302 0.9999882807734883 0.0000018086012248541215
outer loop
vertex 71.03389739990234 -46.69922637939453 -1
vertex 69.78028869628906 -46.69315719604492 -1
vertex 70.32850646972656 -46.6958122253418 -0.5
endloop
endfacet
facet normal 0 0 1
outer loop
vertex 69.78028869628906 -46.69315719604492 -1
vertex 71.87954711914062 -26.203083038330078 -1
vertex 69.87957000732422 -26.193395614624023 -1
endloop
endfacet
facet normal -0.004843386421608659 -0.9999882707343577 0.0000012961855779276432
outer loop
vertex 69.87957000732422 -26.193395614624023 -0.5
vertex 71.87954711914062 -26.203083038330078 -1
vertex 71.37955474853516 -26.200660705566406 -0.5
endloop
endfacet
facet normal 0.9999882726536555 -0.004842990311595361 0
outer loop
vertex 69.78028869628906 -46.69315719604492 -0.5
vertex 69.87957000732422 -26.193395614624023 -1
vertex 69.87957000732422 -26.193395614624023 -0.5
endloop
endfacet
facet normal 0 0 1
outer loop
vertex 71.78389739990234 -45.952850341796875 -1
vertex 71.87954711914062 -26.203083038330078 -1
vertex 69.78028869628906 -46.69315719604492 -1
endloop
endfacet
facet normal 0.004842962576962473 0.9999882727879754 0
outer loop
vertex 69.78028869628906 -46.69315719604492 -1
vertex 69.78028869628906 -46.69315719604492 -0.5
vertex 70.32850646972656 -46.6958122253418 -0.5
endloop
endfacet
facet normal 0.021209334930055553 -0.9958106881207558 0.08894513778892729
outer loop
vertex 71.3665771484375 41.300289154052734 -0.5
vertex 70.20632934570312 41.275577545166016 -0.5
vertex 71.91468811035156 41.267303466796875 -1
endloop
endfacet
facet normal -0.004843234042876014 -0.9999882714732238 0
outer loop
vertex 70.20632934570312 41.275577545166016 -1
vertex 71.91468811035156 41.267303466796875 -1
vertex 70.20632934570312 41.275577545166016 -0.5
endloop
endfacet
facet normal 0 0 1
outer loop
vertex 72.20267486572266 40.51590347290039 -1
vertex 71.91468811035156 41.267303466796875 -1
vertex 70.20632934570312 41.275577545166016 -1
endloop
endfacet
facet normal 0.999988272649291 -0.004842991212782038 0
outer loop
vertex 70.10704803466797 20.775819778442383 -0.5
vertex 70.10704803466797 20.775819778442383 -1
vertex 70.20632934570312 41.275577545166016 -1
endloop
endfacet
facet normal 0 0 1
outer loop
vertex 70.20632934570312 41.275577545166016 -1
vertex 70.10704803466797 20.775819778442383 -1
vertex 72.10702514648438 20.766132354736328 -1
endloop
endfacet
facet normal 0.999988272649291 -0.004842991212782038 0
outer loop
vertex 70.10704803466797 20.775819778442383 -0.5
vertex 70.20632934570312 41.275577545166016 -1
vertex 70.20632934570312 41.275577545166016 -0.5
endloop
endfacet
facet normal 0 0 1
outer loop
vertex 72.20267486572266 40.51590347290039 -1
vertex 70.20632934570312 41.275577545166016 -1
vertex 72.10702514648438 20.766132354736328 -1
endloop
endfacet
facet normal 0.0048434110561479775 0.9999882706158815 0
outer loop
vertex 70.10704803466797 20.775819778442383 -0.5
vertex 71.60702514648438 20.7685546875 -0.5
vertex 70.10704803466797 20.775819778442383 -1
endloop
endfacet
facet normal 0.0048437104641112574 0.9999882691652602 -8.982312618216754e-7
outer loop
vertex 72.10702514648438 20.766132354736328 -1
vertex 70.10704803466797 20.775819778442383 -1
vertex 71.60702514648438 20.7685546875 -0.5
endloop
endfacet
facet normal -1 0 0
outer loop
vertex -70.20001983642578 20.814453125 -1
vertex -70.20001983642578 20.814453125 -0.5
vertex -70.20001983642578 41.314453125 -0.5
endloop
endfacet
facet normal 0 -1 0
outer loop
vertex -71.88935852050781 41.314453125 -1
vertex -70.20001983642578 41.314453125 -1
vertex -71.34815979003906 41.314453125 -0.5
endloop
endfacet
facet normal 0 1 0
outer loop
vertex -70.20001983642578 20.814453125 -1
vertex -72.20001983642578 20.814453125 -1
vertex -70.20001983642578 20.814453125 -0.5
endloop
endfacet
facet normal 0 0 1
outer loop
vertex -72.20001983642578 40.564453125 -1
vertex -70.20001983642578 41.314453125 -1
vertex -71.88935852050781 41.314453125 -1
endloop
endfacet
facet normal 0 1 0
outer loop
vertex -70.20001983642578 20.814453125 -0.5
vertex -72.20001983642578 20.814453125 -1
vertex -71.70001983642578 20.814453125 -0.5
endloop
endfacet
facet normal 0 0 1
outer loop
vertex -72.20001983642578 20.814453125 -1
vertex -70.20001983642578 20.814453125 -1
vertex -72.20001983642578 40.564453125 -1
endloop
endfacet
facet normal -1 0 0
outer loop
vertex -70.20001983642578 41.314453125 -0.5
vertex -70.20001983642578 41.314453125 -1
vertex -70.20001983642578 20.814453125 -1
endloop
endfacet
facet normal 0 0 1
outer loop
vertex -70.20001983642578 41.314453125 -1
vertex -72.20001983642578 40.564453125 -1
vertex -70.20001983642578 20.814453125 -1
endloop
endfacet
facet normal 0 -1 0
outer loop
vertex -70.20001983642578 41.314453125 -1
vertex -70.20001983642578 41.314453125 -0.5
vertex -71.34815979003906 41.314453125 -0.5
endloop
endfacet
facet normal 0 1 0
outer loop
vertex -70.20001983642578 -44.46506118774414 -1
vertex -71.88935852050781 -44.46506118774414 -1
vertex -70.20001983642578 -44.46506118774414 -0.5
endloop
endfacet
facet normal 0 1 0
outer loop
vertex -71.34815979003906 -44.46506118774414 -0.5
vertex -70.20001983642578 -44.46506118774414 -0.5
vertex -71.88935852050781 -44.46506118774414 -1
endloop
endfacet
facet normal 0 0 1
outer loop
vertex -70.20001983642578 -44.46506118774414 -1
vertex -72.20001983642578 -23.965063095092773 -1
vertex -72.20001983642578 -43.71506118774414 -1
endloop
endfacet
facet normal -1 0 0
outer loop
vertex -70.20001983642578 -44.46506118774414 -1
vertex -70.20001983642578 -44.46506118774414 -0.5
vertex -70.20001983642578 -23.965063095092773 -0.5
endloop
endfacet
facet normal 0 -1 0
outer loop
vertex -72.20001983642578 -23.965063095092773 -1
vertex -70.20001983642578 -23.965063095092773 -1
vertex -71.70001983642578 -23.965063095092773 -0.5
endloop
endfacet
facet normal 0 -1 0
outer loop
vertex -70.20001983642578 -23.965063095092773 -0.5
vertex -71.70001983642578 -23.965063095092773 -0.5
vertex -70.20001983642578 -23.965063095092773 -1
endloop
endfacet
facet normal -1 0 0
outer loop
vertex -70.20001983642578 -23.965063095092773 -1
vertex -70.20001983642578 -44.46506118774414 -1
vertex -70.20001983642578 -23.965063095092773 -0.5
endloop
endfacet
facet normal 0 0 1
outer loop
vertex -72.20001983642578 -23.965063095092773 -1
vertex -70.20001983642578 -44.46506118774414 -1
vertex -70.20001983642578 -23.965063095092773 -1
endloop
endfacet
facet normal 0 0 1
outer loop
vertex -72.20001983642578 -43.71506118774414 -1
vertex -71.88935852050781 -44.46506118774414 -1
vertex -70.20001983642578 -44.46506118774414 -1
endloop
endfacet
facet normal 0 0 1
outer loop
vertex 69.88920593261719 -24.2034969329834 -1
vertex 71.8891830444336 -24.213184356689453 -1
vertex 69.98848724365234 -3.70373797416687 -1
endloop
endfacet
facet normal -0.004843068538125072 -0.9999882722747546 -2.9325459024580434e-7
outer loop
vertex 69.98848724365234 -3.70373797416687 -0.5
vertex 71.98846435546875 -3.71342396736145 -1
vertex 71.48847198486328 -3.7110025882720947 -0.5
endloop
endfacet
facet normal -0.004842995225358277 -0.999988272629858 0
outer loop
vertex 69.98848724365234 -3.70373797416687 -1
vertex 71.98846435546875 -3.71342396736145 -1
vertex 69.98848724365234 -3.70373797416687 -0.5
endloop
endfacet
facet normal 0.9999882726506549 -0.004842990931161166 0
outer loop
vertex 69.88920593261719 -24.2034969329834 -0.5
vertex 69.88920593261719 -24.2034969329834 -1
vertex 69.98848724365234 -3.70373797416687 -1
endloop
endfacet
facet normal 0.004843386421612727 0.9999882707351976 0
outer loop
vertex 69.88920593261719 -24.2034969329834 -0.5
vertex 71.38919067382812 -24.21076202392578 -0.5
vertex 69.88920593261719 -24.2034969329834 -1
endloop
endfacet
facet normal 0.004843710464110923 0.9999882691651911 -9.721404180733059e-7
outer loop
vertex 71.38919067382812 -24.21076202392578 -0.5
vertex 71.8891830444336 -24.213184356689453 -1
vertex 69.88920593261719 -24.2034969329834 -1
endloop
endfacet
facet normal 0 0 1
outer loop
vertex 71.8891830444336 -24.213184356689453 -1
vertex 71.98846435546875 -3.71342396736145 -1
vertex 69.98848724365234 -3.70373797416687 -1
endloop
endfacet
facet normal 0.9999882726506549 -0.004842990931161166 0
outer loop
vertex 69.88920593261719 -24.2034969329834 -0.5
vertex 69.98848724365234 -3.70373797416687 -1
vertex 69.98848724365234 -3.70373797416687 -0.5
endloop
endfacet
facet normal 0 0 1
outer loop
vertex 69.99812316894531 -1.7138391733169556 -1
vertex 71.99810028076172 -1.7235251665115356 -1
vertex 70.09740447998047 18.785921096801758 -1
endloop
endfacet
facet normal 0.00484298906725319 0.9999882726596819 0
outer loop
vertex 69.99812316894531 -1.7138391733169556 -0.5
vertex 71.49810791015625 -1.7211036682128906 -0.5
vertex 69.99812316894531 -1.7138391733169556 -1
endloop
endfacet
facet normal 0.9999882726521553 -0.004842990621378244 0
outer loop
vertex 69.99812316894531 -1.7138391733169556 -0.5
vertex 69.99812316894531 -1.7138391733169556 -1
vertex 70.09740447998047 18.785921096801758 -1
endloop
endfacet
facet normal 0.004842995225358276 0.9999882726298578 -1.8474560643609148e-8
outer loop
vertex 71.99810028076172 -1.7235251665115356 -1
vertex 69.99812316894531 -1.7138391733169556 -1
vertex 71.49810791015625 -1.7211036682128906 -0.5
endloop
endfacet
facet normal 0 0 1
outer loop
vertex 72.09738159179688 18.776233673095703 -1
vertex 70.09740447998047 18.785921096801758 -1
vertex 71.99810028076172 -1.7235251665115356 -1
endloop
endfacet
facet normal 0.9999882726521553 -0.004842990621378244 0
outer loop
vertex 69.99812316894531 -1.7138391733169556 -0.5
vertex 70.09740447998047 18.785921096801758 -1
vertex 70.09740447998047 18.785921096801758 -0.5
endloop
endfacet
facet normal -0.004843710464113212 -0.9999882691656636 0
outer loop
vertex 70.09740447998047 18.785921096801758 -1
vertex 72.09738159179688 18.776233673095703 -1
vertex 70.09740447998047 18.785921096801758 -0.5
endloop
endfacet
facet normal -0.004843386421608659 -0.9999882707343577 0.0000012961855779276432
outer loop
vertex 70.09740447998047 18.785921096801758 -0.5
vertex 72.09738159179688 18.776233673095703 -1
vertex 71.5973892211914 18.778656005859375 -0.5
endloop
endfacet
facet normal 0 -1 0
outer loop
vertex -71.70001983642578 19.554615020751953 -0.5
vertex -72.20001983642578 19.554615020751953 -1
vertex -70.20001983642578 19.554615020751953 -1
endloop
endfacet
facet normal 0 0 1
outer loop
vertex -72.20001983642578 19.554615020751953 -1
vertex -72.20001983642578 -0.9453850388526917 -1
vertex -70.20001983642578 -0.9453850388526917 -1
endloop
endfacet
facet normal -1 0 0
outer loop
vertex -70.20001983642578 -0.9453850388526917 -1
vertex -70.20001983642578 -0.9453850388526917 -0.5
vertex -70.20001983642578 19.554615020751953 -0.5
endloop
endfacet
facet normal 0 1 0
outer loop
vertex -70.20001983642578 -0.9453850388526917 -0.5
vertex -72.20001983642578 -0.9453850388526917 -1
vertex -71.70001983642578 -0.9453850388526917 -0.5
endloop
endfacet
facet normal 0 -1 0
outer loop
vertex -70.20001983642578 19.554615020751953 -0.5
vertex -71.70001983642578 19.554615020751953 -0.5
vertex -70.20001983642578 19.554615020751953 -1
endloop
endfacet
facet normal 0 0 1
outer loop
vertex -72.20001983642578 19.554615020751953 -1
vertex -70.20001983642578 -0.9453850388526917 -1
vertex -70.20001983642578 19.554615020751953 -1
endloop
endfacet
facet normal 0 1 0
outer loop
vertex -72.20001983642578 -0.9453850388526917 -1
vertex -70.20001983642578 -0.9453850388526917 -0.5
vertex -70.20001983642578 -0.9453850388526917 -1
endloop
endfacet
facet normal -1 0 0
outer loop
vertex -70.20001983642578 -0.9453850388526917 -1
vertex -70.20001983642578 19.554615020751953 -0.5
vertex -70.20001983642578 19.554615020751953 -1
endloop
endfacet
facet normal 0 1 0
outer loop
vertex -72.20001983642578 -22.705223083496094 -1
vertex -70.20001983642578 -22.705223083496094 -0.5
vertex -70.20001983642578 -22.705223083496094 -1
endloop
endfacet
facet normal 0 0 1
outer loop
vertex -72.20001983642578 -2.20522403717041 -1
vertex -72.20001983642578 -22.705223083496094 -1
vertex -70.20001983642578 -22.705223083496094 -1
endloop
endfacet
facet normal -1 0 0
outer loop
vertex -70.20001983642578 -22.705223083496094 -1
vertex -70.20001983642578 -22.705223083496094 -0.5
vertex -70.20001983642578 -2.20522403717041 -0.5
endloop
endfacet
facet normal 0 0 1
outer loop
vertex -72.20001983642578 -2.20522403717041 -1
vertex -70.20001983642578 -22.705223083496094 -1
vertex -70.20001983642578 -2.20522403717041 -1
endloop
endfacet
facet normal 0 -1 0
outer loop
vertex -70.20001983642578 -2.20522403717041 -0.5
vertex -71.70001983642578 -2.20522403717041 -0.5
vertex -70.20001983642578 -2.20522403717041 -1
endloop
endfacet
facet normal 0 1 0
outer loop
vertex -70.20001983642578 -22.705223083496094 -0.5
vertex -72.20001983642578 -22.705223083496094 -1
vertex -71.70001983642578 -22.705223083496094 -0.5
endloop
endfacet
facet normal 0 -1 0
outer loop
vertex -72.20001983642578 -2.20522403717041 -1
vertex -70.20001983642578 -2.20522403717041 -1
vertex -71.70001983642578 -2.20522403717041 -0.5
endloop
endfacet
facet normal -1 0 0
outer loop
vertex -70.20001983642578 -22.705223083496094 -1
vertex -70.20001983642578 -2.20522403717041 -0.5
vertex -70.20001983642578 -2.20522403717041 -1
endloop
endfacet
endsolid auto-kdk-case
